seg_id,trend,p_value,tau,sens_slope_m3s_yr,norm_slope_pct_yr,pct_change,early_mean,late_mean,river_name,updated_tier,long_term_mean,category,severity
3821,decreasing,5.4599214038830723e-11,-0.528169014084507,-0.04195549078692027,-2.0363529084928613,-69.33132466918764,2.9780739726022727,0.9133358377688171,Sengur,4,2.0752825848239436,Drying,Severe Drying
3822,decreasing,2.0484511864538035e-09,-0.48278560250391234,-0.03822061498560855,-1.8630117768992236,-62.11039327298455,2.839434556123106,1.0758505865860215,Rihand,3,2.067811981995305,Drying,Severe Drying
3975,decreasing,7.562535996985531e-06,-0.36071987480438183,-0.04527859444058642,-1.3764719314103895,-60.374838710805136,4.472039710219697,1.772052948091398,Sai,3,3.2947167283450707,Drying,Severe Drying
3533,decreasing,1.1824122125858594e-08,-0.4593114241001565,-0.051697126019705594,-1.8605211620697268,-60.27223571311615,3.8118624515132575,1.5143677296774192,Yamuna,1,2.806747745140845,Drying,Severe Drying
3824,decreasing,3.406450872489586e-07,-0.4107981220657277,-0.12391642062500004,-1.6277464750772008,-58.591263080723756,10.256523520757575,4.247096841774193,Yamuna,1,7.632671202159624,Drying,Severe Drying
3481,decreasing,3.7085956527960207e-09,-0.4749608763693271,-0.03662153114130434,-1.7152176535668855,-56.4735270775564,2.8618404481988637,1.2456582077688172,Sengur,4,2.154114635633803,Drying,Severe Drying
3367,decreasing,1.1167884617080404e-08,-0.460093896713615,-0.15887286687309857,-1.6954279782111823,-55.61882196822565,12.483752546515152,5.540436442715054,Non,4,9.44344288907277,Drying,Severe Drying
3354,decreasing,1.611351940766781e-09,-0.4859154929577465,-0.03153291513691603,-1.6692950933392885,-52.65912885105914,2.476587319185606,1.1724380116666666,Sengur,4,1.9051279037441315,Drying,Severe Drying
3825,decreasing,2.9114001653951505e-08,-0.44679186228482004,-0.2733233971212121,-1.6235069368757582,-52.41465898158102,22.01730723626894,10.477010731451614,Non,4,16.964147567957745,Drying,Severe Drying
3807,decreasing,3.8304393702892625e-05,-0.3317683881064163,-0.17729069490327382,-1.2727573710574873,-52.048343810575695,18.07575592195076,8.667624333333332,Pandu,5,13.972437437089201,Drying,Severe Drying
4120,decreasing,4.057102631627174e-08,-0.44209702660406885,-0.05592712134577922,-1.6498327147452658,-51.628798163451904,4.415777493274621,2.1359646439247313,Manmaheshwari,5,3.41749627221831,Drying,Severe Drying
3303,decreasing,1.3845329056572098e-06,-0.3888888888888889,-0.02273207625816994,-1.4390833019226354,-51.08774577923643,2.0364677307784094,0.9960822736021506,Yamuna,1,1.5826444804577466,Drying,Severe Drying
3796,decreasing,5.238843956867356e-06,-0.3669796557120501,-0.05267751394097221,-1.4057237304741566,-50.97005236337922,4.872332525128789,2.3889020857526884,Garra,4,3.7866598444600936,Drying,Severe Drying
3894,decreasing,9.959900681977274e-09,-0.4616588419405321,-0.11217587212239587,-1.9043237230660839,-50.96555422154717,7.658489902102272,3.7552980784946235,Mandal,5,5.947776428368544,Drying,Severe Drying
3497,decreasing,5.960248015135505e-07,-0.40219092331768386,-0.013462260511825575,-1.4211844038933965,-50.048274816570206,1.2227271720397728,0.6107733167204301,Yamuna,1,0.9551290849882629,Drying,Severe Drying
3305,decreasing,1.6448260775625556e-07,-0.4217527386541471,-0.0188857179248366,-1.5569546393944471,-49.8488436129812,1.5476964796022727,0.7761876818817204,Yamuna,1,1.211527486021127,Drying,Severe Drying
3482,decreasing,7.001871904499524e-08,-0.43427230046948356,-0.17323631796698324,-1.3769222504521594,-49.568400310400165,16.202278502443182,8.171068234946237,Ganga,1,12.69219699988263,Drying,Severe Drying
3976,decreasing,0.002089765003054689,-0.24804381846635368,-0.09512920688301282,-0.9809183709231716,-48.60523183013547,12.176111446174243,6.257884249865591,Ganga,1,9.606986001232395,Drying,Severe Drying
3502,decreasing,2.2024644996676557e-08,-0.4507042253521127,-0.15075777610615076,-1.657477901593655,-48.60163137878056,11.660358888011363,5.993234243817204,Karwan,4,9.181896192957746,Drying,Severe Drying
3877,decreasing,2.470510877650156e-06,-0.3794992175273865,-0.03392601768003034,-1.3064073817407824,-48.40103386546628,3.3267767355132576,1.7165824011290323,Ganga,1,2.622684063873239,Drying,Severe Drying
3826,decreasing,2.082334549236009e-08,-0.4514866979655712,-0.5418279520299145,-1.470655454227537,-48.20109821983841,46.99427824335227,24.34252002956989,Sengur,4,37.08481261725352,Drying,Severe Drying
3541,decreasing,9.166803605076268e-08,-0.4303599374021909,-0.03116106477941177,-1.6084686275476594,-47.998508341482584,2.472679423939394,1.2858301843817206,Karwan,4,1.9538128565610329,Drying,Severe Drying
3979,decreasing,9.484845781004836e-06,-0.3568075117370892,-0.6160068056891015,-1.1353236456058664,-47.95507329423002,69.12494244346591,35.97602563010752,Sai,3,54.64927627453052,Drying,Severe Drying
3823,decreasing,1.3315257252344281e-07,-0.42488262910798125,-0.10557934098743496,-1.5034720497015033,-47.717490807241916,8.945987223636363,4.677186592580646,Non,4,7.076609378215962,Drying,Severe Drying
4009,decreasing,3.51996815266542e-05,-0.3333333333333333,-0.031155505923913043,-1.0871543317194678,-47.1656363030648,3.642820059496212,1.9246607990591398,Sai,3,2.8922887907511736,Drying,Severe Drying
3503,decreasing,6.632752858060087e-08,-0.4350547730829421,-0.1873639524232456,-1.4602957538987393,-47.02659851125206,16.289507703655303,8.629106316397849,Karwan,4,12.940078862323944,Drying,Severe Drying
3484,decreasing,5.052355733781155e-08,-0.43896713615023475,-0.4917665317676768,-1.4141145658737406,-46.766543148885084,44.00670622653409,23.426290970698926,Sengur,4,35.0029101269953,Drying,Severe Drying
3983,decreasing,1.1350394938602903e-05,-0.3536776212832551,-0.7025622938596492,-1.1113124042796745,-46.74739148896858,79.9995977284091,42.60187258870968,Sai,3,63.66804083568075,Drying,Severe Drying
3974,decreasing,5.134498404757437e-05,-0.32629107981220656,-0.028713694562820517,-1.097672280504357,-46.5579099856226,3.3185276569526514,1.7734905375806451,Sai,3,2.6433009718661973,Drying,Severe Drying
3905,decreasing,4.62831504011163e-07,-0.4061032863849765,-0.06137513222381865,-1.3220724592966695,-46.13406008814962,5.873914053270833,3.164039014408602,Ganga,1,4.687925165880282,Drying,Severe Drying
3817,decreasing,0.00024232137168067602,-0.29577464788732394,-0.0203106784281517,-1.08063516287759,-46.050392927994785,2.360525473564394,1.2734942178225808,Ganga,1,1.8865029337206574,Drying,Severe Drying
3815,decreasing,0.00039433083413165093,-0.2856025039123631,-0.03920485240270351,-1.0636030041174847,-46.00073320890949,4.641296832683713,2.5062662592473117,Ganga,1,3.7096562994248825,Drying,Severe Drying
3989,decreasing,1.4818365223767671e-05,-0.3489827856025039,-0.7474416049603174,-1.063197740106419,-45.93449657796806,88.49234430198864,47.843831436827955,Sai,3,70.74459340962441,Drying,Severe Drying
4765,decreasing,0.007834920270909373,-0.21439749608763695,-0.029961243509615307,-0.7683260665399488,-45.81894561447943,4.89307498607197,2.651119619327957,Ghaghara,1,3.915603608626761,Drying,Severe Drying
3990,decreasing,1.2974267009857599e-05,-0.3513302034428795,-0.773140387254902,-1.0569918028290144,-45.5708660675026,91.86862260284092,50.00329563844086,Sai,3,73.59102065786385,Drying,Severe Drying
3896,decreasing,2.46323537123061e-08,-0.4491392801251956,-0.08091148491374268,-1.6751498272810177,-45.49257030762598,6.08314104580303,3.315763828629032,Palain,5,4.869444832558685,Drying,Severe Drying
4414,decreasing,0.0002819407928926765,-0.29264475743348983,-0.18033833903907504,-1.2040843126728242,-45.39617164042203,18.742403529109847,10.234069853494624,Rapti,2,15.033352271361501,Drying,Severe Drying
3864,decreasing,9.477964913395809e-05,-0.3145539906103286,-0.024342680836975526,-1.0005765640265292,-45.36856196520699,3.0577867790549242,1.670512889435484,Ramganga,2,2.4517594124178403,Drying,Severe Drying
3820,decreasing,8.460085512140836e-07,-0.3967136150234742,-0.41248071181318696,-1.26470647300924,-45.076111269997895,40.74844917168561,22.380632882258066,Rihand,3,32.72971658650235,Drying,Severe Drying
3538,decreasing,1.6021709046132315e-06,-0.3865414710485133,-0.2750173467132505,-1.4115866735561478,-44.3808361177565,24.369831684772727,13.554296622580646,Karwan,4,19.640725876995308,Drying,Severe Drying
3498,decreasing,4.925350085827063e-05,-0.3270735524256651,-0.02097738272120519,-1.1349866593445757,-44.36949195811992,2.30591279725,1.2827910041129031,Karwan,4,1.8590441253286385,Drying,Severe Drying
3978,decreasing,1.2974267009857599e-05,-0.3513302034428795,-0.42642893504464296,-1.142695568582835,-44.244655623071274,46.64210634674242,26.005467018279568,Sai,3,37.62860100539906,Drying,Severe Drying
4797,decreasing,8.23258075044464e-08,-0.431924882629108,-0.10043450258799157,-1.5038502492995247,-44.21821569458059,8.343467761856061,4.654135190510752,Sharda,2,6.730206272617371,Drying,Severe Drying
3539,decreasing,1.8524984579659787e-06,-0.3841940532081377,-0.2866813213967338,-1.376378504170182,-44.197419228402374,26.027665771893936,14.524109215322582,Karwan,4,20.997551384624412,Drying,Severe Drying
3806,decreasing,1.1954765215538288e-06,-0.39123630672926446,-0.06026182052014653,-1.3985286335717793,-44.0385941997439,5.38760263714394,3.0149781746774194,Ganga,1,4.350190401173709,Drying,Severe Drying
3982,decreasing,0.0007033006170711342,-0.2730829420970266,-0.09459337366071427,-0.9187823944690463,-43.98300940459394,12.812896211136366,7.177398865591397,Kadhu,5,10.353573054929576,Drying,Severe Drying
3363,decreasing,3.585818360019033e-07,-0.41001564945226915,-0.10663135158222853,-1.4793460042425923,-43.969599086759295,8.959174743759469,5.019861527446237,Pahuj,4,7.230756334577465,Drying,Severe Drying
4430,decreasing,0.0002715030076816394,-0.2934272300469484,-0.18731889471354152,-1.1039499198451708,-43.72299384565902,21.066290016420457,11.85547732903226,Gandak,2,17.04631292124413,Drying,Severe Drying
3279,decreasing,0.00015860838060177684,-0.30438184663536777,-0.022453282677469134,-1.0872831157552905,-43.61191772553246,2.5314602428598487,1.4274418844892474,Yamuna,1,2.051489032840376,Drying,Severe Drying
4428,decreasing,0.0006787751394352615,-0.27386541471048514,-0.1071918721210692,-1.1005085459528583,-43.606479862450726,12.073044733087121,6.808414912768818,Rapti,2,9.778285887734741,Drying,Severe Drying
3993,decreasing,2.1036920222039512e-05,-0.3427230046948357,-0.9221205976037852,-1.0392596698064223,-43.542352082583555,110.21605572708333,62.22539269086021,Sai,3,89.26384223122066,Drying,Severe Drying
4415,decreasing,0.0004091250147599812,-0.28482003129890454,-0.2278339750385803,-1.1441115493964586,-43.26772691947626,24.621563393655304,13.968372581182797,Rapti,2,19.97850284706573,Drying,Severe Drying
3994,decreasing,0.00050934779772005,-0.28012519561815336,-0.13724187327491177,-0.9112207323933256,-43.167198838955315,18.6684570550947,10.609807077956988,Kadhu,5,15.15072081056338,Drying,Severe Drying
3805,decreasing,6.594417740757308e-06,-0.36306729264475746,-0.03170175717699196,-1.406647462227857,-42.977536878863006,2.802527700780303,1.5980703246370969,Kali,3,2.2761005834448356,Drying,Severe Drying
3281,decreasing,0.0004091250147599812,-0.28482003129890454,-0.042730011165064107,-1.0559038451220228,-42.88608855112191,4.941058987642045,2.82203205483871,Yamuna,1,4.020057607805165,Drying,Severe Drying
3977,decreasing,2.0141744302870634e-05,-0.3435054773082942,-0.3516737729166665,-1.1377738000224558,-42.71657512810396,38.332107093200754,21.957943768548386,Sai,3,31.17908987734742,Drying,Severe Drying
3980,decreasing,0.0007548407512556476,-0.2715179968701095,-0.03827987928571429,-0.9305844981895897,-42.64818352073503,5.089464917147728,2.91890057905914,Kadhu,5,4.141441269659625,Drying,Severe Drying
4795,decreasing,1.8524984579659787e-06,-0.3841940532081377,-0.08484290508080805,-1.4365382903713488,-42.4831086713525,7.324233085672349,4.2126711845430105,Mahakali,2,5.963142402230047,Drying,Severe Drying
3802,decreasing,2.725632818467716e-05,-0.3380281690140845,-0.06774327424242424,-1.114951292942292,-42.19443767100303,7.515717481289772,4.34450275311828,Ganga,1,6.130382831068076,Drying,Severe Drying
3536,decreasing,0.00015253140868631831,-0.3051643192488263,-0.01478993464285714,-1.1763032674831522,-42.08607407490307,1.5536702707651515,0.8997914497311827,Karwan,4,1.2676088839788733,Drying,Severe Drying
4800,decreasing,6.267776151425153e-07,-0.4014084507042254,-0.1156612131115984,-1.4259975226341752,-41.95777644757577,9.975440629772727,5.789967550672042,Mohana,4,8.147256315669013,Drying,Severe Drying
4799,decreasing,5.667290556843341e-07,-0.4029733959311424,-0.08010635740064102,-1.4233970448564013,-41.89640910273816,6.9199679785227275,4.020749884462366,Mohana,4,5.653549542394367,Drying,Severe Drying
4787,decreasing,2.039823144395214e-06,-0.3826291079812207,-0.05520432277182541,-1.3920874893677782,-41.89084779197008,4.898811968935606,2.8466581034139784,Surna,5,4.001336335481221,Drying,Severe Drying
4789,decreasing,4.350827704779903e-06,-0.3701095461658842,-0.12974214422809832,-1.3624202988389538,-41.63228149771281,11.74374508639962,6.854556073655914,Surna,5,9.60581579165493,Drying,Severe Drying
3956,decreasing,3.672089660122779e-05,-0.33255086071987483,-1.0796528700396826,-1.0139755421361787,-41.39484914257795,130.72340722140152,76.61065000806451,Sai,3,107.09921269835681,Drying,Severe Drying
3884,decreasing,1.4801795722441113e-07,-0.42331768388106417,-0.19238925447807015,-1.4496707011244014,-41.11298090910553,16.306156520056817,9.60220950295699,Dhela,5,13.369526920657279,Drying,Severe Drying
3813,decreasing,4.1667895961605694e-05,-0.3302034428794992,-0.27031399624999997,-1.0951157550015236,-41.093712127418094,30.333601583617423,17.868398670967743,Sai,3,24.888880846713615,Drying,Severe Drying
4788,decreasing,5.486591412084962e-06,-0.36619718309859156,-0.05685296726449279,-1.302109187594114,-41.07545222438297,5.366092677962121,3.1619458437096775,Surna,5,4.402420087253521,Drying,Severe Drying
3981,decreasing,0.00019256444293835884,-0.3004694835680751,-0.04654774611434109,-0.986409795371145,-41.06777283529803,5.80171961899053,3.4190825853225806,Sai,3,4.759915889565728,Drying,Severe Drying
4119,decreasing,5.960248015135505e-07,-0.40219092331768386,-0.03099554767460317,-1.369758999130946,-40.883759173667165,2.7798865664337122,1.6433644373118281,Orai,5,2.2818598411502347,Drying,Severe Drying
3814,decreasing,0.001957443199985809,-0.24960876369327073,-0.022471313077237588,-0.9662263222970421,-40.85714903028096,2.8492331145265153,1.6851176947043012,Ganga,1,2.3412719621948357,Drying,Severe Drying
3381,decreasing,2.470510877650156e-06,-0.3794992175273865,-0.48357082931818185,-1.4032683350189539,-40.70128695692027,42.17114592878788,25.006946811290323,Pahuj,4,34.64177576737089,Drying,Severe Drying
4423,decreasing,0.00029275367198056124,-0.2918622848200313,-0.24065011076515158,-1.028120961818739,-40.496275169986056,28.537151667727272,16.98066820268817,Ghaghi,5,23.49635492300469,Drying,Severe Drying
4005,decreasing,0.0038225973447996164,-0.23317683881064163,-0.10285911687565305,-0.8124855343211517,-40.32216935076761,15.482933642689394,9.239878918817205,Tamasa,3,12.754661771126761,Drying,Severe Drying
4657,decreasing,9.816794590555844e-07,-0.39436619718309857,-0.17094741901041666,-1.315235961608621,-39.64414832008435,15.866612930416668,9.576429366908602,Ghaghara,1,13.114006370528168,Drying,Severe Drying
4763,decreasing,0.04467570736996129,-0.1619718309859155,-0.02198273058391725,-0.5658173990990809,-39.64060471121602,4.716348280375,2.8467593017473116,Sarju,3,3.901484470762911,Drying,Severe Drying
3537,decreasing,9.066435339821766e-06,-0.35758998435054773,-0.07359729632183908,-1.2550282067850516,-39.52798760656301,7.14001260874053,4.317709309650537,Karwan,4,5.906119957089201,Drying,Severe Drying
3548,decreasing,3.373843693799117e-05,-0.33411580594679186,-0.12890315811403513,-1.288794715247653,-39.40214498470455,12.167906216590909,7.373490167526882,Kali,3,10.07387315753521,Drying,Severe Drying
4782,decreasing,9.342814411006373e-07,-0.3951486697965571,-0.3742831405009921,-1.3011503772131563,-39.30685818264862,34.886855182727274,21.173928491666665,Mohana,4,28.897295370539908,Drying,Severe Drying
3545,decreasing,8.744356600076664e-05,-0.3161189358372457,-0.07501999281236274,-1.2058217324370766,-39.14160408275029,7.547507949575757,4.5932922698387095,Kali,3,6.258123206384976,Drying,Severe Drying
4001,decreasing,0.0038225973447996164,-0.23317683881064163,-0.18650268744071824,-0.7394542165954795,-39.03190856346925,30.542630119867425,18.62125865860215,Gomti,2,25.345852470657274,Drying,Severe Drying
4447,decreasing,0.0016595808139703294,-0.2535211267605634,-0.07630623644359277,-0.904244505249841,-38.91258469030547,10.210494154318182,6.23732696922043,Rohini,3,8.478071887265259,Drying,Severe Drying
4784,decreasing,1.2555521791135504e-06,-0.3904538341158059,-0.49039597553745573,-1.2786832200812848,-38.73104678343308,46.3840441394697,28.41901830376344,Mohana,4,38.53631532206573,Drying,Severe Drying
4004,decreasing,0.00316975698026134,-0.2378716744913928,-0.06690659971139971,-0.8208371912627037,-38.51436971456759,9.868232408255682,6.067544894247312,Tamasa,3,8.207599196302816,Drying,Severe Drying
3987,decreasing,0.0022302457568530443,-0.24647887323943662,-0.06260320548787461,-0.9271714922421955,-38.440159308182636,8.104144224753787,4.988898274193549,Sai,3,6.746883204225353,Drying,Severe Drying
3551,decreasing,0.00010269423817677037,-0.3129890453834116,-0.018867062413419913,-1.1522461328768843,-38.41696046658029,1.971731426407197,1.2142521438172045,Hindon,3,1.641614083157277,Drying,Severe Drying
4779,decreasing,1.8524984579659787e-06,-0.3841940532081377,-0.11432048843537418,-1.2311191208534051,-37.8120410150764,11.187815242045454,6.957473954032258,Mohana,4,9.338894088732394,Drying,Severe Drying
4796,decreasing,3.235759389319526e-07,-0.41158059467918623,-0.059227062172807,-1.2990194458625033,-37.507555771006935,5.505018704162879,3.4402207434946237,Sharda,2,4.601534112758216,Drying,Severe Drying
3260,decreasing,0.0001714521556526183,-0.3028169014084507,-0.011055368272569442,-0.9487890922734913,-37.336940522858576,1.3797260592064393,0.8645785611021506,Yamuna,1,1.156249513697183,Drying,Severe Drying
3375,decreasing,2.1969892461726204e-05,-0.34194053208137715,-0.29161456247807016,-1.2371905349972385,-37.3121951660979,28.349182405189396,17.77148013817204,Pahuj,4,23.708332013849766,Drying,Severe Drying
4000,decreasing,0.005344613350192207,-0.2245696400625978,-0.14514719132495588,-0.707425207133059,-37.21757685414756,24.61499976435606,15.453893309408603,Gomti,2,20.6218797834507,Drying,Severe Drying
3483,decreasing,2.2452712074017e-06,-0.3810641627543036,-0.18928971494815666,-1.1227551338736728,-37.15316750549054,20.24605095746212,12.724001731989247,Rihand,3,16.957603782629107,Drying,Severe Drying
3316,decreasing,3.608079779171547e-06,-0.3732394366197183,-0.09484250114534885,-1.3466092547930184,-36.83231552668161,8.487319888176136,5.361243447204301,Shallu,5,7.118451696514084,Drying,Severe Drying
3843,decreasing,3.233493130805343e-05,-0.3348982785602504,-0.03485989367156182,-1.0975815489048524,-36.79817945427376,3.8190212244185604,2.4136909408602154,Khaimua,5,3.203613933286385,Drying,Severe Drying
3380,decreasing,5.486591412084962e-06,-0.36619718309859156,-0.25677370778363784,-1.1326755831293234,-36.51444709782836,27.140558571136363,17.230333669623654,Sengur,4,22.80271497206573,Drying,Severe Drying
3992,decreasing,0.004882855068526926,-0.2269170579029734,-0.019811860836956526,-0.7941638882650325,-36.26048117038359,2.9649751750587123,1.8898609100000001,Sai,3,2.4967856505399064,Drying,Severe Drying
4785,decreasing,2.470510877650156e-06,-0.3794992175273865,-0.5876514052936309,-1.0906981966767646,-35.871437189544956,64.15414473204545,41.141131,Mohana,4,54.10631065457747,Drying,Severe Drying
3947,decreasing,3.8304393702892625e-05,-0.3317683881064163,-0.09200276971726191,-0.9367150273575601,-35.78225121767616,11.697033373409091,7.51157150672043,Ganga,1,9.8654828814554,Drying,Severe Drying
3867,decreasing,1.0835143919862844e-06,-0.39280125195618154,-0.07835099500345066,-1.3346036362110878,-35.70991986232704,7.020189178346591,4.513285248575269,Bahalla,5,5.920942002394367,Drying,Severe Drying
3873,decreasing,3.406450872489586e-07,-0.4107981220657277,-1.333413295865633,-1.2799567795016953,-35.59603400671392,124.37225339602273,80.10066378225807,Ramganga,2,104.9670819730047,Drying,Severe Drying
3544,decreasing,0.0009641412662289017,-0.26604068857589985,-0.061263655625000024,-0.9936187790950566,-35.42225651951014,7.332718774178031,4.735304320134409,Kali,3,6.199140678697183,Drying,Severe Drying
3882,decreasing,1.6817629808763002e-06,-0.3857589984350548,-0.7321126077884106,-1.2708546584934874,-35.38153572904796,68.78580664323864,44.448331889247314,Ramganga,2,58.11465458333334,Drying,Severe Drying
3999,decreasing,0.020405077125275284,-0.18701095461658843,-0.04985661571637426,-0.6159747318795783,-35.310656975834384,9.610274257670454,6.216823280107526,Gomti,2,8.13171816056338,Drying,Severe Drying
4424,decreasing,0.0021589580682042087,-0.24726134585289514,-0.4190557938126572,-0.8621955986967318,-35.1532938111331,57.612583437310604,37.3598627094086,Ghaghara,1,48.77833181619719,Drying,Severe Drying
3495,decreasing,9.104183740804572e-05,-0.31533646322378717,-0.051517452083333345,-1.193379474227795,-34.97276721751481,5.125798718763258,3.3331650648118276,Khari,3,4.342592517347418,Drying,Severe Drying
4429,decreasing,0.002089765003054689,-0.24804381846635368,-0.1645158618981481,-0.8679053030446865,-34.89665267300564,22.51541171119318,14.65828668844086,Bansi,5,19.076305906807512,Drying,Severe Drying
3883,decreasing,5.388239794346106e-07,-0.40375586854460094,-1.1442898734567901,-1.2669876242017313,-34.826782398301084,107.40053667168561,69.99638547043011,Ramganga,2,91.00373475645539,Drying,Severe Drying
3952,decreasing,0.008787507339092171,-0.2112676056338028,-0.2160805616927084,-0.777783234446668,-34.745492302007705,32.989838883049245,21.527356953494625,Tamasa,3,27.981650245539907,Drying,Severe Drying
4781,decreasing,1.766875336217666e-05,-0.3458528951486698,-0.10454354271255062,-1.0206828508304284,-34.63033068208656,12.104024434166666,7.912360746774193,Mohana,4,10.27495405,Drying,Severe Drying
3809,decreasing,2.0141744302870634e-05,-0.3435054773082942,-0.8428028223684212,-1.173413632312112,-34.60116399423428,85.19446478873105,55.71618831317205,Kali,3,72.31492584859156,Drying,Severe Drying
3550,decreasing,0.00015253140868631831,-0.3051643192488263,-0.31058258640023,-1.0393675299874359,-34.54235777810929,35.40394823570075,23.174589768548387,Kali,3,30.06531688309859,Drying,Severe Drying
4006,decreasing,8.39799529983587e-05,-0.31690140845070425,-0.028872599641644014,-1.085955992934965,-34.53546616029299,3.150505436717803,2.0624636977419355,Sai,3,2.6754335180516433,Drying,Severe Drying
4732,decreasing,0.0023036845355648428,-0.24569640062597808,-0.057139449126984126,-0.8197716587954287,-34.379708499840994,8.240339890700756,5.4073350568817204,Rapti,2,7.006038080938968,Drying,Severe Drying
3944,decreasing,0.00015253140868631831,-0.3051643192488263,-0.05902202348569652,-0.9825894891853846,-34.19735756292793,7.089935062992424,4.665364618521505,Tamasa,3,6.0286803031572775,Drying,Severe Drying
4217,decreasing,7.562535996985531e-06,-0.36071987480438183,-0.18675418643438368,-1.2131335044330211,-34.1408682290505,18.276220150867424,12.036559911908602,Purvi Nayar,4,15.535400159870893,Drying,Severe Drying
3986,decreasing,0.0017155887229374223,-0.25273865414710484,-0.05092999091414141,-0.8504969949872161,-33.9437155777927,7.078724376666666,4.6759423077150535,Sai,3,6.029420651842723,Drying,Severe Drying
3931,decreasing,0.0004911922251926715,-0.2809076682316119,-2.461037255208336,-0.7742588224137187,-33.91389630935407,375.27506434450754,248.0046681478495,Gomti,2,319.72867764788737,Drying,Severe Drying
3865,decreasing,0.0001714521556526183,-0.3028169014084507,-0.21373250276781447,-0.9882050459134359,-33.780776589532934,25.626732196041665,16.969823045698924,Ramganga,2,21.84064980821596,Drying,Severe Drying
3456,decreasing,0.0002614282568833559,-0.2942097026604069,-0.03547668993793966,-1.0751126107046667,-33.764333474217466,3.8935535034829547,2.5789211145698925,Pahuj,4,3.317436269377934,Drying,Severe Drying
3808,decreasing,3.373843693799117e-05,-0.33411580594679186,-0.7657938170175445,-1.13267436817723,-33.63306387504699,79.78104838380682,52.94823742069892,Kali,3,68.05764480751174,Drying,Severe Drying
3932,decreasing,0.0004911922251926715,-0.2809076682316119,-2.5187819222830257,-0.774510101328941,-33.533042383836765,383.2010451685606,254.7020762768817,Gomti,2,327.11506225352116,Drying,Severe Drying
3988,decreasing,0.0021589580682042087,-0.24726134585289514,-0.11589615604166668,-0.7670640784276302,-33.31281526881924,17.784945258977274,11.860279299193548,Sai,3,15.19771105011737,Drying,Severe Drying
4118,decreasing,0.000632091476657326,-0.27543035993740217,-0.011217345898674243,-0.9710763469988127,-33.21893879513122,1.3591514606704547,0.9076557688172043,Sengur,4,1.1615634708802818,Drying,Severe Drying
3900,decreasing,0.00013034731588645876,-0.3082942097026604,-0.41677680216049384,-1.0836821635910543,-33.15644515866607,45.2538906661553,30.249309225268817,Kali,3,38.70155349190141,Drying,Severe Drying
3943,decreasing,0.00018526952222486237,-0.30125195618153366,-0.0353661040109767,-0.9925327501392354,-33.102412948590285,4.18838234375947,2.8019267244623656,Ganga,1,3.581018623532864,Drying,Severe Drying
3310,decreasing,0.01988358815885749,-0.18779342723004694,-0.08588114229227758,-0.6700663465814304,-33.09937511857838,15.105631314071971,10.105761741397849,Pabbar,4,12.922078144014083,Drying,Severe Drying
3902,decreasing,9.477964913395809e-05,-0.3145539906103286,-0.01998856841081872,-0.9879579202198736,-33.0307247271746,2.387961728246212,1.5992006631989246,Ganga,1,2.0429019383450706,Drying,Severe Drying
3832,decreasing,0.0017733303062426042,-0.2519561815336463,-0.21625787858796294,-0.8472707626851268,-32.9979060375151,30.090117675378785,20.16100891827957,East Bahgul,5,25.74605923802817,Drying,Severe Drying
3530,decreasing,9.104183740804572e-05,-0.31533646322378717,-0.17792171050845285,-1.1172063339807163,-32.95918525912469,18.63475183337121,12.492889454032259,Khari,3,15.954312822887324,Drying,Severe Drying
3349,decreasing,0.0029758464158153863,-0.23943661971830985,-0.12158429676973356,-0.9248388317720355,-32.95484858213673,15.472361683390153,10.373468318548387,Kunwari,4,13.247409888497652,Drying,Severe Drying
3379,decreasing,2.395529740906177e-05,-0.3403755868544601,-0.20454450662581705,-1.0406326259686236,-32.95375320655556,23.100848052272728,15.488251596505377,Sengur,4,19.76918098931925,Drying,Severe Drying
3881,decreasing,6.594417740757308e-06,-0.36306729264475746,-0.20355650626456875,-1.1812296467687438,-32.87232852082174,20.26191057731061,13.601348767741936,Khoh,4,17.33937077100939,Drying,Severe Drying
3953,decreasing,0.009842267477765398,-0.2081377151799687,-0.31320116249508645,-0.7490359935999039,-32.85651027891818,49.141351025284095,32.99521797446236,Tamasa,3,42.08962235798122,Drying,Severe Drying
3960,decreasing,0.0009312636915865813,-0.2668231611893584,-0.021531499209302325,-0.8483874766114308,-32.78891774684879,2.963724070123106,1.9919510225268817,Ganga,1,2.5402057462089203,Drying,Severe Drying
3358,decreasing,0.003942583176619108,-0.2323943661971831,-0.024703114402020682,-0.8823811055791492,-32.746199732265154,3.2769735765189396,2.203889263978495,Parbati,3,2.8093668712676054,Drying,Severe Drying
3895,decreasing,1.6910775457512628e-05,-0.34663536776212833,-0.49782008563190383,-1.1968457068212162,-32.69917448171215,49.03768477248106,33.002766666935486,Ramganga,2,42.00411342758216,Drying,Severe Drying
3384,decreasing,0.00015253140868631831,-0.3051643192488263,-0.53059675,-1.1407260297685133,-32.55763410794803,54.520280828882576,36.76976728198925,Kunwari,4,46.7638566084507,Drying,Severe Drying
3371,decreasing,0.00021610207933320247,-0.2981220657276995,-0.1068827113744589,-0.9559400753261162,-32.09513953597794,13.061997771401517,8.86973136048387,Sengur,4,11.229022531807512,Drying,Severe Drying
4783,decreasing,5.745532577483559e-06,-0.365414710485133,-0.2988062028484285,-0.9060848394655114,-32.07695900307118,38.51868495924242,26.163062176344084,Suheli,4,33.126767575586854,Drying,Severe Drying
3350,decreasing,0.0002715030076816394,-0.2934272300469484,-0.016645851447679924,-1.0669902875818318,-32.01983072167117,1.8156371450227273,1.2342732046666667,Kunwari,4,1.5618187565680752,Drying,Severe Drying
4025,decreasing,0.00419287101630994,-0.23082942097026604,-0.026480874265873002,-0.7982947880329118,-31.909317946675746,3.887864215498106,2.6472732616397847,Ghaghara,1,3.346268769706573,Drying,Severe Drying
3368,decreasing,3.233493130805343e-05,-0.3348982785602504,-0.08352141987976781,-1.0701201370512063,-31.873406049538804,9.141345949564395,6.2276876366666665,Sengur,4,7.864733455798122,Drying,Severe Drying
3855,decreasing,2.501090717843546e-05,-0.3395931142410016,-0.07764052987618875,-1.1931041965017664,-31.834256759803566,7.624626473060606,5.197383304650538,Dabka,5,6.560543826842722,Drying,Severe Drying
3954,decreasing,0.008298993251090847,-0.21283255086071987,-0.36736799897278916,-0.7295006833108895,-31.757190111210814,58.828773231988635,40.146407876612905,Tamasa,3,50.670244457746485,Drying,Severe Drying
4736,decreasing,0.006202451609587989,-0.22065727699530516,-0.34901799352134144,-0.6896572439262649,-31.69291081061169,58.949456909053026,40.26665810752688,Sotwa,4,50.809221338967134,Drying,Severe Drying
3362,decreasing,0.0002614282568833559,-0.2942097026604069,-0.07597926866096862,-1.0831964741176647,-31.595864460719948,8.177830661854166,5.593974370107527,Sank,5,7.048279792805165,Drying,Severe Drying
3451,decreasing,5.134498404757437e-05,-0.32629107981220656,-0.030929602620614033,-1.138824521976919,-31.57879596859069,3.164782846804924,2.165382528763441,Sindh,3,2.727009916478873,Drying,Severe Drying
3874,decreasing,1.6021709046132315e-06,-0.3865414710485133,-1.5085047493386243,-1.16713669369699,-31.56898200119111,151.07722637746213,103.38368397446236,Ramganga,2,130.17149750528168,Drying,Severe Drying
3376,decreasing,0.000728647476739841,-0.27230046948356806,-0.20025053630279044,-0.9791880919363931,-31.563304747363212,23.88841972842803,16.348445010215055,Kunwari,4,20.596019183333333,Drying,Severe Drying
4422,decreasing,0.007611717728657208,-0.21517996870109546,-0.1685944203231292,-0.7480312533776211,-31.507845715539638,26.22877073433712,17.964650118279568,Ghaghi,5,22.62238031584507,Drying,Severe Drying
3383,decreasing,0.0002001286618467102,-0.2996870109546166,-0.4137807623090278,-1.0877649963315594,-31.39835745536307,44.36689071481061,30.436415776344088,Kunwari,4,38.28113517546949,Drying,Severe Drying
3318,decreasing,8.665695803600215e-06,-0.35837245696400627,-0.06800627150449673,-1.2649682108999787,-31.390611724738033,6.302054350700757,4.323800938790322,Sainj,5,5.434655393568075,Drying,Severe Drying
4443,decreasing,0.005032601432980233,-0.22613458528951486,-0.045089150035612535,-0.7447602289827339,-31.34572672171313,7.053994803075757,4.842868869139784,Rohini,3,6.088038133521127,Drying,Severe Drying
3356,decreasing,0.0002517048330354932,-0.2949921752738654,-0.04284538715029762,-1.0951867337408665,-31.30624048186621,4.5477844916496215,3.1240441420967744,Vaisali,4,3.9252258325938967,Drying,Severe Drying
3543,decreasing,2.0141744302870634e-05,-0.3435054773082942,-0.03905348630242311,-1.2147745690894454,-31.264445368081546,3.7626432885795453,2.5862737332258066,Kali,3,3.2473635565258214,Drying,Severe Drying
4464,decreasing,0.009842267477765398,-0.2081377151799687,-0.042005927209595985,-0.7568343170948283,-31.234579184831794,6.453946215149621,4.438083274032258,Ghaghara,1,5.575542769049296,Drying,Severe Drying
3359,decreasing,0.000781906146680722,-0.27073552425665104,-0.025161025936658244,-0.993930360167938,-31.23300442965836,2.9314147768693184,2.0158458697580643,Gambhir,4,2.5327639393427233,Drying,Severe Drying
3372,decreasing,0.0001714521556526183,-0.3028169014084507,-0.190616157907197,-1.1176579141110417,-31.19666872428691,19.86201126723485,13.665725410215053,Asan,4,17.15321900680751,Drying,Severe Drying
3357,decreasing,0.0003039540655975781,-0.29107981220657275,-0.038355789815359476,-1.1141283376945075,-31.04731923484171,4.018690296367424,2.7709946909946237,Kunwari,4,3.473478877652582,Drying,Severe Drying
3366,decreasing,0.00017823497724278603,-0.30203442879499215,-0.09010274277402402,-1.0894361018523182,-31.02365908395001,9.643527225592804,6.651752215456989,Asan,4,8.335319395516432,Drying,Severe Drying
4138,decreasing,2.039823144395214e-06,-0.3826291079812207,-0.028817884804613596,-1.282764786682954,-30.989498110134395,2.6274537701571967,1.8132190337096774,Dhasan,3,2.269470649565728,Drying,Severe Drying
4014,decreasing,0.005673990546164243,-0.22300469483568075,-0.16625124834096122,-0.6577619605002685,-30.980742369605892,29.39416968464015,20.28763770295699,Gomti,2,25.423379677699533,Drying,Severe Drying
3955,decreasing,0.010122986091542163,-0.20735524256651017,-0.44114018677849937,-0.7405800492217605,-30.93576940141563,69.24771982320075,47.82540490295699,Tamasa,3,59.89324267300469,Drying,Severe Drying
3360,decreasing,9.104183740804572e-05,-0.31533646322378717,-0.04823252631944445,-1.1252947377093354,-30.90342123642608,4.969638089808712,3.4338498969892473,Vaisali,4,4.296685468861503,Drying,Severe Drying
4720,decreasing,0.047869222228202,-0.1596244131455399,-0.08418380913525131,-0.49785232127746143,-30.88857404136795,19.648875798124998,13.57961824892473,Manorama,4,17.002670001877934,Drying,Severe Drying
3949,decreasing,0.004737150999633677,-0.22769953051643194,-0.08517862914285712,-0.8394269442869319,-30.864653713567975,11.82907485376894,8.17807186263441,Varuna,4,10.23144413157277,Drying,Severe Drying
3549,decreasing,0.00279281772281581,-0.24100156494522693,-0.1416096916985951,-0.8250679610970421,-30.843310409233705,19.926346550795454,13.780401630913978,Kali,3,17.246211063615025,Drying,Severe Drying
3364,decreasing,0.008298993251090847,-0.21283255086071987,-0.04059008289583333,-0.8099865991226757,-30.778988347663955,5.803134605467803,4.016988481451613,Parbati,3,5.025083359237089,Drying,Severe Drying
4013,decreasing,0.01744699992026555,-0.19170579029733958,-0.11642083479199376,-0.6017271924129716,-30.61380764402059,22.43962879005682,15.57000399623656,Gomti,2,19.44550776701878,Drying,Severe Drying
4759,decreasing,0.01298803290764261,-0.20031298904538342,-0.22513688486696226,-0.6310754556694183,-30.560888090461248,41.31733731465909,28.69039209596774,Sotwa,4,35.81587645492958,Drying,Severe Drying
4715,decreasing,0.007834920270909373,-0.21439749608763695,-0.4937668569940479,-0.746330280994883,-30.492512233366142,76.70973455643939,53.31900936263441,Tamasa,3,66.49549422288733,Drying,Severe Drying
3957,decreasing,0.002620125539001261,-0.24256651017214398,-1.3567549257168456,-0.696454858020783,-30.4774119653031,225.9902197659091,157.11424948655915,Gomti,2,195.94277189436622,Drying,Severe Drying
3361,decreasing,0.0002001286618467102,-0.2996870109546166,-0.04906819218599033,-1.140689097648964,-30.46248345528488,4.974202267539773,3.4589367247580642,Jhilmil,5,4.307903014694836,Drying,Severe Drying
3946,decreasing,0.003482278446820475,-0.23552425665101723,-0.06972144425770305,-0.8192889432520324,-30.368330377013308,9.884160939431819,6.882506290349462,Gomti,2,8.573238417265259,Drying,Severe Drying
4716,decreasing,0.005032601432980233,-0.22613458528951486,-0.5731154652436806,-0.7321959627276714,-30.242833714342215,90.58971632774622,63.19281905645161,Tamasa,3,78.62436739612676,Drying,Severe Drying
3958,decreasing,0.002022611363822868,-0.24882629107981222,-1.4224177725202454,-0.6842502171997001,-30.176009190134153,240.81697253125003,168.1480207688172,Gomti,2,209.11067489788732,Drying,Severe Drying
3374,decreasing,4.925350085827063e-05,-0.3270735524256651,-0.21383338618827177,-1.0991691384057578,-30.01066968173089,22.438242468238634,15.704375638709678,Vaisali,4,19.48690715798122,Drying,Severe Drying
3377,decreasing,8.39799529983587e-05,-0.31690140845070425,-0.2509717216346158,-1.1116193650735888,-29.983052491907642,26.033434735151513,18.227816333064517,Vaisali,4,22.612777107394365,Drying,Moderate Drying
4021,decreasing,0.04897547992369633,-0.15884194053208137,-0.062062556888888926,-0.49696029430240174,-29.90944363364516,14.420415080435607,10.107349160215053,Gomti,2,12.541431040140845,Drying,Moderate Drying
3370,decreasing,0.00015860838060177684,-0.30438184663536777,-0.16309898029513892,-1.090740299156923,-29.86993843769306,17.23401233695076,12.08622346155914,Vaisali,4,14.98000356302817,Drying,Moderate Drying
3907,decreasing,0.0008098700573617723,-0.2699530516431925,-0.05111123907180061,-0.8479831427806207,-29.611901973146477,6.941863454818181,4.886245653467742,Rihand,3,6.0446694640023475,Drying,Moderate Drying
4563,decreasing,0.005032601432980233,-0.22613458528951486,-0.6151972865196083,-0.735992433362071,-29.509400923660024,96.34436859384469,67.91372259811827,Tamasa,3,83.928558657277,Drying,Moderate Drying
4007,decreasing,0.0003528923704996245,-0.28794992175273865,-0.026799496857493027,-0.950661777545162,-29.42405013496634,3.2507904059924244,2.2942762071505376,Sai,3,2.8332781097535213,Drying,Moderate Drying
4564,decreasing,0.003071406452135106,-0.23865414710485133,-0.7434180718005953,-0.7557709884031112,-29.37859571967168,113.2990470217803,80.01337804301075,Ganga,1,98.75905602347417,Drying,Moderate Drying
3459,decreasing,0.0010693346642680623,-0.26369327073552423,-0.13601325534821207,-1.0334375386195118,-29.36849799883111,15.19410618251894,10.731825412365591,Pahuj,4,13.236171317723006,Drying,Moderate Drying
3889,decreasing,0.00011574432366678877,-0.310641627543036,-0.04637735661784512,-1.0785024912150873,-29.33621864108232,4.984971629068182,3.5225694527688174,Bino,5,4.343028480269953,Drying,Moderate Drying
3792,decreasing,0.0002715030076816394,-0.2934272300469484,-0.06230276992141686,-0.9504589449334342,-29.227327837560207,7.566676438267045,5.355139109247312,Garra,4,6.599826946115024,Drying,Moderate Drying
3950,decreasing,0.01744699992026555,-0.19170579029733958,-0.08465749843960862,-0.6451517514377357,-29.120739150576586,15.116998480719698,10.714816785752689,Tamasa,3,13.196175838497652,Drying,Moderate Drying
4003,decreasing,0.0032709699188853136,-0.23708920187793428,-1.0647099909867173,-0.6526323962458763,-29.08769280399085,187.94084733371213,133.27319100806452,Gomti,2,164.0958122253521,Drying,Moderate Drying
4737,decreasing,0.005186487692201203,-0.22535211267605634,-0.4204699341666665,-0.6565808491971458,-29.01466487669056,73.6068077404356,52.25003914811828,Sotwa,4,64.29965579647887,Drying,Moderate Drying
3489,decreasing,0.006202451609587989,-0.22065727699530516,-0.011088677237980772,-0.8823943579839436,-28.92824772015547,1.436851981151515,1.0211958806720431,Kakund,5,1.255990811830986,Drying,Moderate Drying
3352,decreasing,0.02319530613789267,-0.18309859154929578,-0.010509350255681829,-0.7205277248802783,-28.917547815333982,1.6715927343295456,1.1882091061021505,Parbati,3,1.4611272497769954,Drying,Moderate Drying
3369,decreasing,0.00316975698026134,-0.2378716744913928,-0.09117133500000002,-0.9212177861211235,-28.916487233480947,11.362098003996213,8.076578385215054,Parbati,3,9.930123650704225,Drying,Moderate Drying
3301,decreasing,0.015690346136617128,-0.19483568075117372,-0.05095444290123452,-0.7222823059519016,-28.90865017010369,8.087718936443181,5.749668562365591,Hindon,3,7.0702225384037565,Drying,Moderate Drying
3904,decreasing,0.0016052596612825543,-0.2543035993740219,-0.024808088003246753,-0.8415402195609706,-28.8830440590952,3.3808006207424244,2.404322487903226,Rihand,3,2.954794269507042,Drying,Moderate Drying
4011,decreasing,0.004882855068526926,-0.2269170579029734,-0.06270847261494253,-0.7676755849823194,-28.875737202367525,9.420457512689394,6.700230958064516,Gomti,2,8.232916637441315,Drying,Moderate Drying
4114,decreasing,0.010410811754354654,-0.20657276995305165,-0.019364804481837607,-0.7996708951059827,-28.83758066669656,2.7706438055227274,1.9716571631182795,Shyam,4,2.421372212723005,Drying,Moderate Drying
3859,decreasing,5.001828726980406e-06,-0.3677621283255086,-2.122066470794753,-1.0844404424818925,-28.779823854618286,225.71824353011365,160.7569306344086,Ramganga,2,197.23441072652582,Drying,Moderate Drying
3365,decreasing,0.006202451609587989,-0.22065727699530516,-0.0423215446382429,-0.7857482997750939,-28.760802346725246,6.190618565683712,4.410146995967742,Gambhir,4,5.414131986161972,Drying,Moderate Drying
4767,decreasing,0.04897547992369633,-0.15884194053208137,-0.22676371737264672,-0.5186585810621198,-28.652952226260947,50.162468834772724,35.78944060403226,Manorama,4,43.904805255046945,Drying,Moderate Drying
4016,decreasing,0.008298993251090847,-0.21283255086071987,-0.19397843738095238,-0.6368112528035577,-28.54683586455,34.9948211164394,25.004906971236558,Gomti,2,30.63962192382629,Drying,Moderate Drying
3996,decreasing,0.01744699992026555,-0.19170579029733958,-0.09373806654766978,-0.6284907182543239,-28.54368452026285,17.103262175454546,12.221360977419355,Varuna,4,14.972192221713614,Drying,Moderate Drying
3547,decreasing,0.006021568057310356,-0.2214397496087637,-0.08257413919753086,-0.7615844869977365,-28.45841945576683,12.433141797859848,8.894866153494624,Kali,3,10.891063062558684,Drying,Moderate Drying
3878,decreasing,0.0004911922251926715,-0.2809076682316119,-0.2731274430555555,-0.9091063291752468,-28.2816079635926,34.58455324587121,24.803485480913977,Ganga,1,30.304742157394365,Drying,Moderate Drying
3935,decreasing,0.02204176620701781,-0.18466353677621283,-0.022861361669637564,-0.5679659934109434,-28.205223226648673,4.605632377024621,3.3066034840860214,Ganga,1,4.0394679031338026,Drying,Moderate Drying
4743,decreasing,0.002457247707108312,-0.24413145539906103,-0.05093685833333336,-0.6950368456251368,-28.144351147289104,8.400126418030302,6.035965342123656,Jamwar,5,7.3687302109976525,Drying,Moderate Drying
3385,decreasing,0.001033144690702148,-0.2644757433489828,-0.36715913944892464,-0.9839836347897437,-28.0335741509381,42.66427691183712,30.703955207795698,Gambhir,4,37.44848891408451,Drying,Moderate Drying
3830,decreasing,0.025660442063474287,-0.17996870109546165,-0.05861610652777784,-0.6828875620300738,-27.73613050575593,9.850440738929924,7.118309640188172,East Bahgul,5,8.655079529107981,Drying,Moderate Drying
3476,decreasing,0.0015525794457502684,-0.25508607198748046,-0.029760276085622712,-0.9406797794509558,-27.54502494501177,3.617683072787879,2.6211913679569894,Non,4,3.181979663169014,Drying,Moderate Drying
4137,decreasing,2.501090717843546e-05,-0.3395931142410016,-0.05793707798611111,-1.2807894114805847,-27.453009715520597,5.192517280145833,3.767015006747312,Lakheri,5,4.564843237769953,Drying,Moderate Drying
3382,decreasing,0.002457247707108312,-0.24413145539906103,-0.2352936894994837,-0.9447262271496127,-27.370013144444023,28.377307509318182,20.610434713978496,Gambhir,4,24.990867941666668,Drying,Moderate Drying
3991,decreasing,0.0250238140282939,-0.1807511737089202,-0.027179754305555553,-0.6358380508941158,-27.27213104265413,4.855516009535984,3.53131332061828,Sai,3,4.278555853309859,Drying,Moderate Drying
3997,decreasing,0.016114261602663937,-0.19405320813771518,-0.20463257748015895,-0.6457957739581491,-27.14065121668258,36.115315748030305,26.313383865053762,Varuna,4,31.832825244600937,Drying,Moderate Drying
3355,decreasing,0.009301555366874492,-0.20970266040688576,-0.014182335077363188,-0.8298735920256354,-26.96942815402422,1.9402476327859848,1.416973941451613,Sesar,5,1.7123028148474178,Drying,Moderate Drying
3475,decreasing,0.0012685253445046119,-0.2597809076682316,-0.02044619820535715,-0.886781515669131,-26.964182748766653,2.6267380721780302,1.9184596180645161,Non,4,2.3171199135211267,Drying,Moderate Drying
3319,decreasing,0.0009980910481652838,-0.2652582159624413,-0.49865646224999993,-0.8622890029746999,-26.86886693072359,66.04733716361741,48.301166029838704,Tons,2,58.28451773004695,Drying,Moderate Drying
3836,decreasing,0.0005475506067189606,-0.27856025039123633,-0.03717442135044642,-0.9476803958633573,-26.825576135788825,4.493262815954545,3.28791917827957,Garra,4,3.9643636670187794,Drying,Moderate Drying
4213,decreasing,9.104183740804572e-05,-0.31533646322378717,-0.28575045040323255,-1.0064474074464789,-26.64568780810845,32.45430334028409,23.80663099193548,Nayar,4,28.646044054812208,Drying,Moderate Drying
3845,decreasing,0.00419287101630994,-0.23082942097026604,-0.09996862412402216,-0.7311327896607416,-26.46463419946122,15.60746430712121,11.477005970430108,Katna,5,13.798644749061033,Drying,Moderate Drying
3353,decreasing,0.0008686025351922755,-0.2683881064162754,-0.020794208984848482,-1.0358273783220886,-26.41344050999912,2.2737397156912875,1.6731668285349461,Vaisali,4,2.010706395181925,Drying,Moderate Drying
3919,decreasing,0.00013558912996058936,-0.3075117370892019,-0.04873644476255179,-1.028380208163448,-26.399558571944503,5.407373826498106,3.979851005967742,Ganga,1,4.778799204248826,Drying,Moderate Drying
3492,decreasing,0.005032601432980233,-0.22613458528951486,-0.1864925306775068,-0.9100192513384873,-26.369553578344966,23.241131173958333,17.112548636827956,Gambhir,4,20.56886204037559,Drying,Moderate Drying
3452,decreasing,0.0011850598945115642,-0.26134585289514867,-0.07944569025843108,-0.8783744262118707,-26.334822714448848,10.277985952992424,7.571296573655913,Non,4,9.094554439788732,Drying,Moderate Drying
4029,decreasing,0.02905791425850568,-0.176056338028169,-0.15363981043178526,-0.529307057126364,-26.31691820327473,32.97470283092803,24.296777259139784,Ghaghara,1,29.192939293896714,Drying,Moderate Drying
3324,decreasing,8.064627420267811e-05,-0.31768388106416273,-1.0189123117035042,-0.9584375073090673,-26.297094955372618,121.19483878494319,89.32411694865591,Yamuna,1,107.22823991126761,Drying,Moderate Drying
3945,decreasing,0.01298803290764261,-0.20031298904538342,-0.055039208123594544,-0.6976712592025665,-26.24615078501647,8.950595087462123,6.601408404650537,Tamasa,3,7.925288352030516,Drying,Moderate Drying
3320,decreasing,3.233493130805343e-05,-0.3348982785602504,-0.4861838062260537,-1.0804938795841683,-26.164543975170723,51.327278590776515,37.89773021263441,Yamuna,1,45.429160624647885,Drying,Moderate Drying
3941,decreasing,0.009568506303155644,-0.20892018779342722,-0.02261445674482057,-0.7471255597181625,-26.12372033383651,3.4211820836856064,2.527442044032258,Tamasa,3,3.0313805333802817,Drying,Moderate Drying
4002,decreasing,0.006021568057310356,-0.2214397496087637,-0.8103640396959457,-0.6204466961417904,-26.021570671070016,148.20116794886366,109.63689629569893,Gomti,2,131.3814910528169,Drying,Moderate Drying
3490,decreasing,0.0008098700573617723,-0.2699530516431925,-0.016475537253151266,-1.0021585968394202,-26.012500450207295,1.8627295550492424,1.378187021155914,Banganga,4,1.6512019290023474,Drying,Moderate Drying
3920,decreasing,0.00019256444293835884,-0.3004694835680751,-0.07065423418091171,-0.975473210857866,-25.97916635180695,8.230972955337121,6.0926347988978495,Ganga,1,7.291632018626761,Drying,Moderate Drying
4031,decreasing,0.03446043002146326,-0.1705790297339593,-0.1707708557643744,-0.5087765327084136,-25.90843158438041,38.05690296409091,28.196956296505377,Ghaghara,1,33.76024160140845,Drying,Moderate Drying
3373,decreasing,0.01527627229679851,-0.19561815336463223,-0.08780945018210956,-0.7560406696447982,-25.88814014950223,13.15969730530303,9.752896423655914,Gambhir,4,11.673410516901408,Drying,Moderate Drying
3326,decreasing,0.0003800377024256729,-0.2863849765258216,-0.13096588386437924,-0.9302630637378219,-25.816667403505406,16.039070559583333,11.898317058602151,Giri,4,14.222239022887324,Drying,Moderate Drying
3477,decreasing,0.0015525794457502684,-0.25508607198748046,-0.04917872258306101,-0.8681051889473141,-25.742441715052493,6.421101775196969,4.768153393252688,Non,4,5.698362189471831,Drying,Moderate Drying
3317,decreasing,0.023791482863633417,-0.18231611893583724,-0.2828826005819059,-0.675727619292063,-25.729095573425298,47.48099100520834,35.264561450268815,Tons,2,42.14621310340375,Drying,Moderate Drying
3888,decreasing,0.0002614282568833559,-0.2942097026604069,-0.3250300482371794,-1.0233472027188075,-25.715341655337316,36.1568580957197,26.85899850456989,Ramganga,2,32.075669613732394,Drying,Moderate Drying
4164,decreasing,0.0009312636915865813,-0.2668231611893584,-0.11631502225221471,-0.9427016927376269,-25.704026654690544,14.034017126420455,10.426709623521505,Sajnam,5,12.4503927875,Drying,Moderate Drying
3351,decreasing,0.004323344641186555,-0.2300469483568075,-0.013434610833333329,-0.8390675237418235,-25.691147356966233,1.8087047137443182,1.344027720483871,Bamni,5,1.6063562642840374,Drying,Moderate Drying
3378,decreasing,0.011008394820119616,-0.20500782472613457,-0.12482275819358181,-0.7938903273407514,-25.473717105189657,17.761611461988636,13.23706880483871,Gambhir,4,15.788565976760564,Drying,Moderate Drying
3936,decreasing,0.0035925256892277435,-0.2347417840375587,-0.11051962160027476,-0.6630632669143796,-25.44745428864386,18.874066704223488,14.071097207258065,Ganga,1,16.769727086384975,Drying,Moderate Drying
3322,decreasing,7.137987113781108e-05,-0.32003129890453835,-0.3329846706281566,-1.0385839902527376,-25.251444857674894,36.40084258861742,27.209103894623656,Yamuna,1,32.36593197159624,Drying,Moderate Drying
3899,decreasing,0.00039433083413165093,-0.2856025039123631,-0.11495124240740734,-0.8739093013114589,-25.0831663778833,14.881760338087123,11.148943632526882,Kali,3,13.249337973239436,Drying,Moderate Drying
4770,decreasing,0.0007548407512556476,-0.2715179968701095,-0.07597592529572036,-0.6624953366386631,-25.04632325012462,12.920207084810608,9.68417025376344,Man,5,11.506936119366198,Drying,Moderate Drying
3287,decreasing,0.00013034731588645876,-0.3082942097026604,-1.4021616558340724,-0.9451363093545205,-25.005531772382877,168.12751181875,126.0863334327957,Yamuna,1,149.69210931924883,Drying,Moderate Drying
3391,decreasing,2.611067123825528e-05,-0.33881064162754304,-4.775366519097222,-0.9257677185951881,-24.985292211746103,582.4138783104166,436.8960689327957,Yamuna,1,518.8073678075118,Drying,Moderate Drying
3480,decreasing,2.395529740906177e-05,-0.3403755868544601,-3.6630641695696715,-0.9106278251677313,-24.722379311667016,453.8165600441288,341.62230869086017,Yamuna,1,404.7575374483568,Drying,Moderate Drying
3515,decreasing,0.000728647476739841,-0.27230046948356806,-0.2503156722364777,-0.9872548868293841,-24.59103701154145,28.489068586685608,21.483311186290322,Khari,3,25.431598767605635,Drying,Moderate Drying
4134,decreasing,4.925350085827063e-05,-0.3270735524256651,-0.12459929840067335,-1.1647212569142884,-24.5143140973056,12.10211535839015,9.135364787016128,Lakheri,5,10.794413422969484,Drying,Moderate Drying
3295,decreasing,0.0002715030076816394,-0.2934272300469484,-0.07737476914673044,-1.0385385987172702,-24.389618858470023,8.419366104469697,6.365914801290323,Yamuna,1,7.519482629319248,Drying,Moderate Drying
3390,decreasing,0.001033144690702148,-0.2644757433489828,-2.006730343073593,-0.8546849389497094,-24.381256183871574,264.38356899621215,199.9235337311828,Sindh,3,236.15168220657276,Drying,Moderate Drying
3389,decreasing,0.0002517048330354932,-0.2949921752738654,-1.0013487307504871,-0.9447059390022275,-24.337241540643262,119.10739615814393,90.11994146236559,Yamuna,1,106.4565149084507,Drying,Moderate Drying
3872,decreasing,9.104183740804572e-05,-0.31533646322378717,-0.5623310097960373,-1.0093688844293782,-24.314931346972372,62.938426040378786,47.6349909577957,Kosi,2,56.22302187910798,Drying,Moderate Drying
3288,decreasing,9.477964913395809e-05,-0.3145539906103286,-1.5755380260802472,-0.9345307615497919,-24.04011290557827,190.14189822339014,144.43157120967743,Yamuna,1,170.09387141607982,Drying,Moderate Drying
4738,decreasing,0.009842267477765398,-0.2081377151799687,-0.09056528692193228,-0.5539796905572971,-24.010142376750647,18.358135742007576,13.950321212634408,Jamwar,5,16.43451390410798,Drying,Moderate Drying
3510,decreasing,0.011318463648904986,-0.20422535211267606,-0.012394314640505893,-0.8349935898613627,-23.92219500540695,1.660433195125,1.2632211282526882,Banganga,4,1.4874855679225352,Drying,Moderate Drying
3799,decreasing,0.0007033006170711342,-0.2730829420970266,-2.8336293590949824,-0.7908373602078517,-23.805311861415884,403.2245044181818,307.23565363978497,Ramganga,2,361.1442628192488,Drying,Moderate Drying
4457,decreasing,0.010705896503248047,-0.20579029733959311,-0.4809678453302374,-0.5215716228696364,-23.724859325116586,103.32467436590909,78.81104072446236,Rapti,2,92.63285654166665,Drying,Moderate Drying
4019,decreasing,0.011636262412253684,-0.20344287949921752,-0.6574491347517727,-0.573243460505441,-23.722935031454167,128.70543577689392,98.17272886559141,Gomti,2,115.38702075234741,Drying,Moderate Drying
4166,decreasing,0.002089765003054689,-0.24804381846635368,-0.3209217160440612,-0.9081104471466018,-23.667096522276825,39.79957185208333,30.38016876639785,Jamni,4,35.661107190492956,Drying,Moderate Drying
3509,decreasing,0.026311031842497945,-0.17918622848200313,-0.02769108504978181,-0.6958089362977503,-23.484500332598092,4.462505968399621,3.4145087394086024,Gambhir,4,4.00477261480047,Drying,Moderate Drying
3297,decreasing,0.000632091476657326,-0.27543035993740217,-0.13189527259920644,-0.9872591633036162,-23.453765860808506,15.001693895208334,11.483231733870968,Yamuna,1,13.462395763497653,Drying,Moderate Drying
3506,decreasing,6.312700303490182e-05,-0.3223787167449139,-3.278768097410759,-0.8711844849088376,-23.36157694546913,421.7432321719697,323.21736247580645,Yamuna,1,378.6610072593897,Drying,Moderate Drying
3474,decreasing,0.003071406452135106,-0.23865414710485133,-0.018438522776650493,-0.8182640352971289,-23.289401505938205,2.5242773187954546,1.9363882388978495,Non,4,2.2672028666314556,Drying,Moderate Drying
3527,decreasing,0.0014039422890037567,-0.257433489827856,-0.08268840172772408,-0.8436087476115914,-23.27669904473765,10.914632529772728,8.374066363978494,Khari,3,9.807220401525822,Drying,Moderate Drying
3494,decreasing,0.0005676376150720586,-0.2777777777777778,-0.37190216171874996,-0.9896872214111267,-23.184351872426827,41.984177540776514,32.25041808897849,Khari,3,37.73336680328639,Drying,Moderate Drying
4162,decreasing,0.00288300647311468,-0.24021909233176839,-0.03987826698056415,-0.8565257018923541,-23.16100568319502,5.234912436602273,4.0224540696505375,Jamni,4,4.701262510410798,Drying,Moderate Drying
3505,decreasing,6.852168310755857e-05,-0.3208137715179969,-3.215807793604651,-0.8686985135750818,-23.003771445135495,414.1125241583333,318.8510255752688,Yamuna,1,372.4566484131455,Drying,Moderate Drying
3289,decreasing,0.00011574432366678877,-0.310641627543036,-1.6350418759645067,-0.9032777558472619,-22.94044354844645,203.06038359886364,156.47743093010752,Yamuna,1,182.625141092723,Drying,Moderate Drying
4168,decreasing,0.0015525794457502684,-0.25508607198748046,-0.4341882499198718,-0.8904997262523902,-22.860986680136538,54.703814885946976,42.19798305134409,Jamni,4,49.20786360903756,Drying,Moderate Drying
3514,decreasing,0.0004736415939812222,-0.28169014084507044,-0.2917733983230135,-0.9560320927716517,-22.854701953509153,34.03689293020834,26.257862496774194,Khari,3,30.640002617723002,Drying,Moderate Drying
3321,decreasing,0.00029275367198056124,-0.2918622848200313,-0.0661137805400697,-0.9729527672228021,-22.842179289145058,7.630021842960227,5.887158573790322,Aglad,5,6.8623647396948355,Drying,Moderate Drying
3470,decreasing,0.014871849830208062,-0.19640062597809077,-0.02016880065918803,-0.7242498312874258,-22.793330321995338,3.1127472163125,2.403248461209677,Mahuar,4,2.801718875340376,Drying,Moderate Drying
3858,decreasing,0.00031555476495959134,-0.29029733959311427,-0.461910251686508,-0.9832859752600049,-22.788990562754776,52.680089876893945,40.67482916639785,Kosi,2,47.41147224178404,Drying,Moderate Drying
3504,decreasing,0.0005676376150720586,-0.2777777777777778,-0.32615594901556777,-0.9669948593701128,-22.782030737617433,37.60603832454545,29.038619114247314,Khari,3,33.864836388615025,Drying,Moderate Drying
3835,decreasing,0.0010693346642680623,-0.26369327073552423,-2.606058342500001,-0.7963261565844377,-22.748112763726013,366.3697790619318,283.0275685887097,Ramganga,2,329.8221793039906,Drying,Moderate Drying
4111,decreasing,0.000728647476739841,-0.27230046948356806,-0.031571344740861,-0.9868468206358925,-22.706588647996732,3.585593711969697,2.771427697204301,Parwar,5,3.2268420561737092,Drying,Moderate Drying
4165,decreasing,0.00288300647311468,-0.24021909233176839,-0.1906376015361953,-0.8940607367051,-22.662589283308186,23.89902441566288,18.482886669623657,Jamni,4,21.517949179577464,Drying,Moderate Drying
3535,decreasing,8.744356600076664e-05,-0.3161189358372457,-3.1518443078703746,-0.8602999400657882,-22.56494607346184,408.9533880278409,316.67327655376346,Yamuna,1,368.60150542136154,Drying,Moderate Drying
3388,decreasing,0.0017155887229374223,-0.25273865414710484,-1.4758846334033615,-0.7842151231402821,-22.241021752439632,209.75940127159092,163.10676720698925,Sindh,3,189.30881464436618,Drying,Moderate Drying
3264,decreasing,0.00011574432366678877,-0.310641627543036,-2.65272149550456,-0.8698880712597171,-22.23855471185186,339.9008870602273,264.31184232526886,Yamuna,1,306.8312842464789,Drying,Moderate Drying
3262,decreasing,0.0003400101562260893,-0.2887323943661972,-2.1854209072802195,-0.890041403087361,-22.005926773928138,273.93329000321967,213.65173079569894,Yamuna,1,247.5150270023474,Drying,Moderate Drying
3286,decreasing,0.0003039540655975781,-0.29107981220657275,-0.361244438047757,-0.8737080775457027,-21.964351791135478,46.21882805630682,36.067162068279565,Giri,4,41.75853889401409,Drying,Moderate Drying
3897,decreasing,0.0005676376150720586,-0.2777777777777778,-0.016444916132546394,-0.8879980112428316,-21.960845070606247,2.0672282187386366,1.6132474323655914,Kali,3,1.8684483195539905,Drying,Moderate Drying
3453,decreasing,0.008540127721574642,-0.21205007824726135,-0.14310990499999998,-0.7796743747062913,-21.949297228707714,20.450662232803033,15.961885594086022,Parbati,3,18.488643460798123,Drying,Moderate Drying
4163,decreasing,0.002379332161984049,-0.24491392801251957,-0.10784463858411708,-0.8973429947382696,-21.938333640743146,13.420747831041666,10.476459394784946,Jamni,4,12.126727285751173,Drying,Moderate Drying
4018,decreasing,0.01654821158723152,-0.19327073552425664,-0.5196632568473192,-0.5241602297903857,-21.92564864485263,110.26455278674243,86.08833436290323,Gomti,2,99.72064632159625,Drying,Moderate Drying
3261,decreasing,0.0003039540655975781,-0.29107981220657275,-2.161406077807647,-0.889361848821463,-21.84221075021571,270.9625138130682,211.77831049193549,Yamuna,1,245.0203766431925,Drying,Moderate Drying
3292,decreasing,0.00014667410956259452,-0.3059467918622848,-1.6731911443376066,-0.8657239067628911,-21.795152578939806,215.61096836553028,168.61822883333332,Yamuna,1,194.9918380140845,Drying,Moderate Drying
3866,decreasing,0.001145257675077005,-0.2621283255086072,-2.4025925662140835,-0.7914892494793706,-21.73275011441152,338.1208722475379,264.63790799731186,Ramganga,2,305.88500225,Drying,Moderate Drying
3479,decreasing,0.0011066942735853402,-0.26291079812206575,-0.612424482473545,-0.9282040107386775,-21.72690217873289,73.23250003039773,57.32134638575268,Khari,3,66.28577077112676,Drying,Moderate Drying
3856,decreasing,0.0018328536014384778,-0.2511737089201878,-0.10987764772849462,-0.9125574902079556,-21.68618687150317,13.421902224791666,10.511203426612903,Baur,4,12.142681603286386,Drying,Moderate Drying
3798,decreasing,0.004882855068526926,-0.2269170579029734,-0.5946378667800454,-0.6134971134074977,-21.645448843859647,107.99647473664773,84.62015304435484,Ganga,1,97.76072389319249,Drying,Moderate Drying
4436,decreasing,0.008298993251090847,-0.21283255086071987,-0.030821632274865562,-0.7620583821615371,-21.594572194033564,4.460873981850378,3.4975673293548386,Ghaghara,1,4.041141517241784,Drying,Moderate Drying
3834,decreasing,0.0011066942735853402,-0.26291079812206575,-2.346754112037038,-0.7804750678174003,-21.467224651282198,334.499812575947,262.69198635215054,Ramganga,2,302.9954153438967,Drying,Moderate Drying
4154,decreasing,0.004065979420274202,-0.23161189358372458,-0.029342490982481075,-0.838489528153952,-21.40050357656303,3.9016810162310605,3.0667016308064516,Dhasan,3,3.532660628591549,Drying,Moderate Drying
4136,decreasing,0.0003400101562260893,-0.2887323943661972,-0.045306606972117774,-1.0625135243471986,-21.382572233370535,4.749832737549243,3.734196321478495,Lakheri,5,4.301285174823944,Drying,Moderate Drying
3304,decreasing,0.00042443636130151674,-0.284037558685446,-2.0902923621794836,-0.8766043801832207,-21.337289643174127,265.27298995681815,208.67092374462365,Yamuna,1,240.4550102359155,Drying,Moderate Drying
4161,decreasing,0.0025374915777234275,-0.2433489827856025,-0.47200305046296276,-0.8576303917030805,-21.33501388632483,61.27934360458333,48.20538713709677,Jamni,4,55.532102210328645,Drying,Moderate Drying
3857,decreasing,0.0008686025351922755,-0.2683881064162754,-0.33919709260265696,-0.971282262966116,-21.32737957178151,38.890499790814395,30.596175283064515,Kosi,2,35.25153874495305,Drying,Moderate Drying
3793,decreasing,0.014871849830208062,-0.19640062597809077,-0.09980434480357145,-0.6014551898008119,-21.325421733580587,18.440289472575756,14.507819973655913,Khaimua,5,16.718070431338028,Drying,Moderate Drying
3263,decreasing,0.008787507339092171,-0.2112676056338028,-0.3996679356944445,-0.7312264077786598,-21.249218877612762,60.10017424816287,47.329356676344084,Yamuna,1,54.55474567359155,Drying,Moderate Drying
3863,decreasing,0.0008098700573617723,-0.2699530516431925,-2.3658081667361412,-0.8233910324560639,-21.170747178657333,319.2396931371212,251.6542648091398,Ramganga,2,289.576718399061,Drying,Moderate Drying
3298,decreasing,0.0003800377024256729,-0.2863849765258216,-1.9759544404633615,-0.8642325874607164,-21.015381591796153,254.02123702405302,200.6377047392473,Yamuna,1,230.6052507370892,Drying,Moderate Drying
3300,decreasing,0.0004911922251926715,-0.2809076682316119,-2.0477257480971893,-0.868944131564474,-20.94943043695473,261.6997986340909,206.8751813655914,Yamuna,1,237.6567388450704,Drying,Moderate Drying
4603,decreasing,0.003482278446820475,-0.23552425665101723,-0.03293780613425919,-0.704618993003831,-20.91473263900772,5.185420748429924,4.100903862688172,Banki,5,4.709963963180751,Drying,Moderate Drying
3558,decreasing,0.046784041218261185,-0.16040688575899845,-0.01706136805443548,-0.5395774626814285,-20.896879379781236,3.4935333219299247,2.763493877553764,Kali,3,3.1758127157746476,Drying,Moderate Drying
3893,decreasing,0.0010693346642680623,-0.26369327073552423,-0.07945436404914528,-0.9358832338240369,-20.84314297283788,9.43337282628409,7.46716144094086,Gagas,5,8.570340206314555,Drying,Moderate Drying
3293,decreasing,0.00032756894141861004,-0.2895148669796557,-1.813244931964574,-0.8470045498705772,-20.818379906745296,237.6427649102273,188.16939129032258,Yamuna,1,215.9370310539906,Drying,Moderate Drying
4160,decreasing,0.005032601432980233,-0.22613458528951486,-0.10627702270671835,-0.7964175368178654,-20.779450024917146,14.827623043958335,11.746524523655914,Jamni,4,13.472468126877935,Drying,Moderate Drying
4258,decreasing,0.008540127721574642,-0.21205007824726135,-0.07320555155092592,-0.7271716298082092,-20.582513082921444,11.128270885814395,8.837793074838709,Ken,2,10.118433937605635,Drying,Moderate Drying
4131,decreasing,0.0025374915777234275,-0.2433489827856025,-0.15093160827380958,-0.8032003261027485,-20.57688384526576,20.85648059412879,16.564866808064515,Dhasan,3,18.961716659741782,Drying,Moderate Drying
3496,decreasing,0.0014039422890037567,-0.257433489827856,-0.5671501406695159,-0.9334147849635321,-20.525342488079698,67.04223086496212,53.28158336827957,Khari,3,61.035332522300465,Drying,Moderate Drying
3797,decreasing,0.009301555366874492,-0.20970266040688576,-0.5302919163204627,-0.5693752649592777,-20.24117539091718,103.06776875350378,82.20564090860215,Garra,4,93.93110671889673,Drying,Moderate Drying
4149,decreasing,0.006202451609587989,-0.22065727699530516,-0.03628091461998154,-0.868839608994791,-19.915565054822224,4.624912799589015,3.7038352822580647,Dhasan,3,4.218450151760563,Drying,Moderate Drying
3534,decreasing,0.014476891115061674,-0.19718309859154928,-0.33753162282986204,-0.6064609834930367,-19.90564633556913,61.29141067068182,49.09095922849462,Hindon,3,55.97218607535211,Drying,Moderate Drying
4280,decreasing,0.02148394527669195,-0.18544600938967137,-0.02876039437731482,-0.6358043204222238,-19.500583480835644,4.996435101501894,4.022101103467742,Khudar,5,4.564308493298122,Drying,Moderate Drying
4401,decreasing,0.014091211151922245,-0.19796557120500782,-7.32016495767196,-0.4218259978278614,-19.440533054555633,1903.8947018806819,1533.7674230376344,Ganga,1,1742.5965895187792,Drying,Moderate Drying
4399,decreasing,0.014091211151922245,-0.19796557120500782,-7.3003865568009125,-0.4227977184850448,-19.43036552160764,1894.3082583882576,1526.2372396774194,Ghaghara,1,1733.9082224765257,Drying,Moderate Drying
4397,decreasing,0.016114261602663937,-0.19405320813771518,-7.259003566849824,-0.42774264985049537,-19.406811752492718,1861.6851613882577,1500.3914266935483,Ghaghara,1,1704.2366641197182,Drying,Moderate Drying
4435,decreasing,0.017912237310871548,-0.19092331768388107,-7.1844722767857165,-0.4251520796168251,-19.39024400863339,1853.6889792481059,1494.2541630107526,Ghaghara,1,1697.050153157277,Drying,Moderate Drying
4425,decreasing,0.019373772552436996,-0.18857589984350548,-7.130934482793116,-0.4244688278955763,-19.37985181315438,1842.784542496212,1485.6556289247312,Ghaghara,1,1687.1489063732392,Drying,Moderate Drying
4417,decreasing,0.03975288418927492,-0.16588419405320814,-1.807048903230674,-0.3724435326565294,-19.203195143579435,532.2522271668561,430.042793327957,Rapti,2,487.6215896115024,Drying,Moderate Drying
3795,decreasing,0.01887541611160848,-0.18935837245696402,-0.46640691133252865,-0.5441524666363683,-19.148899220604953,94.37274981742425,76.30140706317204,Garra,4,86.45592862265258,Drying,Moderate Drying
3460,decreasing,0.019373772552436996,-0.18857589984350548,-0.10783465622814681,-0.6396894795609971,-18.899145887939518,18.50253533753788,15.005714191129032,Mahuar,4,16.96638480399061,Drying,Moderate Drying
4419,decreasing,0.020405077125275284,-0.18701095461658843,-6.606439027777791,-0.40655810616014854,-18.89901310524126,1778.4972389545455,1442.378812688172,Ghaghara,1,1632.0201715492958,Drying,Moderate Drying
4437,decreasing,0.014091211151922245,-0.19796557120500782,-0.031127105103818282,-0.6745237645540968,-18.86483942643351,5.017981426087121,4.071347287607527,Tamasa,3,4.605432568462441,Drying,Moderate Drying
4421,decreasing,0.020405077125275284,-0.18701095461658843,-6.650942444566276,-0.4080030694730224,-18.86003987083391,1783.7540973768942,1447.3373634139784,Ghaghara,1,1637.1507959624412,Drying,Moderate Drying
4418,decreasing,0.011008394820119616,-0.20500782472613457,-4.481619337572152,-0.3948593942259547,-18.787485300197655,1241.1527521212122,1007.9713612634408,Ghaghara,1,1139.619913028169,Drying,Moderate Drying
4465,decreasing,0.013714627554055836,-0.19874804381846636,-4.407700927337398,-0.39083503577004447,-18.727803372385882,1232.9202519147727,1002.0213713978494,Ghaghara,1,1132.3803135680753,Drying,Moderate Drying
4762,decreasing,0.013346960537039543,-0.19953051643192488,-4.3183574500000015,-0.3868226628107422,-18.654283745310334,1220.0383387878787,992.4489252688172,Ghaghara,1,1120.9405211384976,Drying,Moderate Drying
4049,decreasing,0.014476891115061674,-0.19718309859154928,-0.01728025128968254,-0.5980070301722705,-18.643291700334068,3.154543151888258,2.5664324702688175,Gomti,2,2.8980645050000002,Drying,Moderate Drying
3922,decreasing,0.00032756894141861004,-0.2895148669796557,-0.07110432701994589,-0.7331411561133776,-18.643169229127153,10.630252782367425,8.648436766666668,Malin,5,9.759543986854458,Drying,Moderate Drying
3870,decreasing,0.005845450831379884,-0.2222222222222222,-0.14048966670746632,-0.6351930550815503,-18.425669541642435,24.19971822689394,19.74075811639785,Ganga,1,22.251207913849765,Drying,Moderate Drying
4724,decreasing,0.013346960537039543,-0.19953051643192488,-3.8854427513020866,-0.3848197206632041,-18.300408368341277,1101.5529232878787,899.9642399327957,Ghaghara,1,1013.7668071537558,Drying,Moderate Drying
4017,decreasing,0.03615343997857279,-0.16901408450704225,-0.2822507339285715,-0.45617800663146807,-18.288935524589718,67.63099074329546,55.26200245161291,Gomti,2,62.23408108521127,Drying,Moderate Drying
4463,decreasing,0.014476891115061674,-0.19718309859154928,-3.9595422326388885,-0.38696994397685464,-18.204665284760978,1115.8262805890151,912.6938410483871,Ghaghara,1,1027.3709774295774,Drying,Moderate Drying
4761,decreasing,0.016114261602663937,-0.19405320813771518,-3.9743099229166683,-0.38585444594609997,-18.189608596063376,1123.1172545284091,918.8266218548387,Ghaghara,1,1034.1606343779342,Drying,Moderate Drying
4742,decreasing,0.047869222228202,-0.1596244131455399,-0.02917333412809722,-0.3725394457587653,-18.172221870563675,8.54959582465909,6.995944302365592,Jamwar,5,7.871008048215963,Drying,Moderate Drying
4282,decreasing,0.03363963628823741,-0.17136150234741784,-0.05919619160714286,-0.6589170435481944,-18.131505643654243,9.862875323287879,8.074587527419355,Kutni,5,9.068178996314554,Drying,Moderate Drying
3471,decreasing,0.03283562132819329,-0.17214397496087636,-0.015815786752705625,-0.5829061623930425,-18.03989928168851,2.9642740229602276,2.4295219747849464,Bilrai,5,2.7293924247417842,Drying,Moderate Drying
3466,decreasing,0.03363963628823741,-0.17136150234741784,-0.018912224097222215,-0.6259481491396223,-18.00569009485434,3.3018552761780304,2.7073334477688173,Sindh,3,3.0417218778403754,Drying,Moderate Drying
4723,decreasing,0.022612143982560395,-0.1838810641627543,-3.434621906318083,-0.3526600746714079,-17.721387169366142,1059.6547524375,871.8692310994624,Ghaghara,1,977.8802880269953,Drying,Moderate Drying
3794,decreasing,0.038825645914868145,-0.16666666666666666,-0.38313750482954545,-0.4923345077509934,-17.710475096585974,85.07653209244317,70.00907406317205,Deoha,4,78.47645806760563,Drying,Moderate Drying
3473,decreasing,0.0305215757337165,-0.17449139280125195,-0.08502840672051526,-0.632035239000262,-17.675025665269246,14.682500850643939,12.087365056989247,Mahuar,4,13.541532497769952,Drying,Moderate Drying
4722,decreasing,0.022612143982560395,-0.1838810641627543,-3.373442041954022,-0.3478827317854284,-17.606262181856792,1054.5111424431818,868.8511459677419,Ghaghara,1,973.6624490610328,Drying,Moderate Drying
3387,decreasing,0.009301555366874492,-0.20970266040688576,-0.985070115027455,-0.6409320753486943,-17.58264178685933,167.52882103541668,138.07282854301073,Sindh,3,154.6217852652582,Drying,Moderate Drying
4186,decreasing,0.006021568057310356,-0.2214397496087637,-0.0311955810859375,-0.8035460173732026,-17.45181739616844,4.242349933157197,3.501982769516129,Sanr,5,3.9169138279694833,Drying,Moderate Drying
3984,decreasing,0.002620125539001261,-0.24256651017214398,-6.574598321180554,-0.5628031256398405,-17.44764617121636,1272.8213496117426,1050.743984139785,Ganga,1,1175.6519141431925,Drying,Moderate Drying
4768,decreasing,0.01988358815885749,-0.18779342723004694,-3.3799555349157213,-0.3644290055875349,-17.437987768172064,1007.7909281799242,832.0524693951613,Ghaghara,1,931.2563820598591,Drying,Moderate Drying
4042,decreasing,0.0025374915777234275,-0.2433489827856025,-6.680020600749565,-0.567076467051043,-17.43181424318068,1283.2349940397728,1059.543853575269,Ganga,1,1185.3689886150235,Drying,Moderate Drying
4043,decreasing,0.002379332161984049,-0.24491392801251957,-6.650493151999912,-0.5623988711276551,-17.424583397876173,1288.0843208636363,1063.640994139785,Ganga,1,1189.8935582629108,Drying,Moderate Drying
4146,decreasing,0.007182337359747715,-0.2167449139280125,-0.04872713648645548,-0.8219415789551963,-17.397953140800464,6.47958464719697,5.35226954655914,Dhasan,3,5.982872092664319,Drying,Moderate Drying
4261,decreasing,0.02834901810524748,-0.17683881064162754,-0.027969777847346444,-0.5899964472715725,-17.30816048679566,5.157215316767045,4.264596213091398,Shyam,4,4.764708959154929,Drying,Moderate Drying
4034,decreasing,0.020938456318516208,-0.18622848200312989,-3.391155252039627,-0.36904539990839597,-17.27079948117181,997.6986733390152,825.3881360403225,Ghaghara,1,922.657431076291,Drying,Moderate Drying
3472,decreasing,0.03283562132819329,-0.17214397496087636,-0.05974166263931103,-0.6041343079548767,-17.227101784886276,10.771546090219697,8.915920881451612,Mahuar,4,9.955185225539905,Drying,Moderate Drying
3850,decreasing,0.003705938696041855,-0.23395931142410015,-0.19683792441748904,-0.777770621878604,-17.226209226858636,27.649726605113635,22.886726849462363,Baur,4,25.550173559389673,Drying,Moderate Drying
3827,decreasing,0.00288300647311468,-0.24021909233176839,-6.199964595200123,-0.5407807976135827,-17.113624475207317,1247.7716194488635,1034.232670188172,Ganga,1,1154.28955064554,Drying,Moderate Drying
3285,decreasing,0.0017155887229374223,-0.25273865414710484,-0.16101583171502765,-0.8116263411296747,-16.996183864394254,21.616297678162876,17.942351980107528,Tons,2,20.001716998239438,Drying,Moderate Drying
4033,decreasing,0.02148394527669195,-0.18544600938967137,-3.181591253156565,-0.3533622190532128,-16.966921446529366,976.1710388768939,810.5448655268817,Ghaghara,1,904.0418467441315,Drying,Moderate Drying
3891,decreasing,0.0038225973447996164,-0.23317683881064163,-0.13016484388111896,-0.8461109557952404,-16.945238804331517,16.78796834403409,13.943207017741935,Ramganga,2,15.535655628755869,Drying,Moderate Drying
3478,decreasing,0.018388307314498142,-0.19014084507042253,-0.0364548765597148,-0.6573525649806418,-16.8880067312403,6.030932608607954,5.012428303709677,Betwa,2,5.582449805199531,Drying,Moderate Drying
3552,decreasing,0.03529827347774339,-0.1697965571205008,-0.24680345652777785,-0.5004243652544126,-16.83403435181276,53.527153765624995,44.516374313172044,Hindon,3,49.60023149647887,Drying,Moderate Drying
3457,decreasing,0.01298803290764261,-0.20031298904538342,-0.028854161613014635,-0.8483363700725176,-16.803928782754976,3.7000684774886365,3.0783116056182798,Betwa,2,3.425656869589202,Drying,Moderate Drying
4139,decreasing,0.003482278446820475,-0.23552425665101723,-1.177266891981792,-0.8188111504485505,-16.797064928567327,156.75269415284092,130.42284233870967,Dhasan,3,145.10352577816903,Drying,Moderate Drying
4032,decreasing,0.03127685595086138,-0.17370892018779344,-3.0188895249999987,-0.34956376271203526,-16.59818472158226,934.6513049988637,779.5161548924731,Ghaghara,1,867.0911922112675,Drying,Moderate Drying
3846,decreasing,0.04166382008353642,-0.1643192488262911,-0.27342829928160894,-0.4532941338499801,-16.593583319618222,65.61135496895834,54.724080115053766,Deoha,4,60.84225650457746,Drying,Moderate Drying
4135,decreasing,0.003375118730837512,-0.23630672926447574,-1.146619458085317,-0.8109617750347875,-16.52733595031022,153.95259155,128.5083295403226,Dhasan,3,142.6925970516432,Drying,Moderate Drying
3819,decreasing,0.00316975698026134,-0.2378716744913928,-5.992650777777778,-0.532738334584954,-16.48298677285591,1220.99180175,1019.7358845698924,Ganga,1,1132.8444325704224,Drying,Moderate Drying
3841,decreasing,0.003705938696041855,-0.23395931142410015,-0.10218531026190483,-0.7670437388366906,-16.408369693529004,14.504448365295454,12.124504855510752,Ladhiya,5,13.45960332266432,Drying,Moderate Drying
3921,decreasing,0.013714627554055836,-0.19874804381846636,-0.038140461732456124,-0.5613825568898814,-16.29006435477319,7.364982678214015,6.165222260215054,Banganga,4,6.839033371913146,Drying,Moderate Drying
4777,decreasing,0.03975288418927492,-0.16588419405320814,-2.773277817708329,-0.3618163939747395,-16.253653999370364,828.0340133751894,693.448229844086,Sharda,2,769.4595283838029,Drying,Moderate Drying
3818,decreasing,0.003705938696041855,-0.23395931142410015,-5.986021223672141,-0.5360157129903366,-16.198188351526632,1210.6341283787879,1014.5333320161291,Ganga,1,1124.7318741079812,Drying,Moderate Drying
4216,decreasing,0.00419287101630994,-0.23082942097026604,-0.08160151867069557,-0.806310820569708,-16.165617893187413,10.99625320402462,9.218640928494622,Pashchimi Nayar,4,10.208162341021128,Drying,Moderate Drying
3816,decreasing,0.003942583176619108,-0.2323943661971831,-5.993749957482992,-0.5385376531656232,-16.08042057113214,1205.8628404166666,1011.9550241666666,Ganga,1,1120.9171554812206,Drying,Moderate Drying
3812,decreasing,0.0035925256892277435,-0.2347417840375587,-5.93407882034632,-0.5343580003886153,-16.017834664843438,1202.8498378655304,1010.1793395698924,Ganga,1,1118.443657089202,Drying,Moderate Drying
4132,decreasing,0.010705896503248047,-0.20579029733959311,-0.8733094255514708,-0.7493505224757608,-15.88973288778694,126.53636629100379,106.43007568145161,Dhasan,3,117.63358697183098,Drying,Moderate Drying
3804,decreasing,0.0038225973447996164,-0.23317683881064163,-5.892193796863188,-0.5337403764203472,-15.839274559198923,1194.733468875,1005.4963544892473,Ganga,1,1111.826754870892,Drying,Moderate Drying
3915,decreasing,0.00739423222624036,-0.215962441314554,-0.06843111363767615,-0.6627536659066599,-15.804871730399537,11.200175920151516,9.430002482392473,Song,4,10.421104558579813,Drying,Moderate Drying
4133,decreasing,0.007834920270909373,-0.21439749608763695,-0.9731651699446391,-0.7502951126302668,-15.784068829177345,140.73758202821972,118.5234652123656,Dhasan,3,130.9011785387324,Drying,Moderate Drying
4295,decreasing,0.008787507339092171,-0.2112676056338028,-0.03339997088584011,-0.767989141871528,-15.74135067136896,4.722280452549242,3.978929726827957,Sonar,3,4.392832890434272,Drying,Moderate Drying
3325,decreasing,0.014476891115061674,-0.19718309859154928,-0.02169256043676899,-0.6220320584992315,-15.446290063564112,3.772464066598485,3.189758324327957,Ashmi,5,3.515667688039906,Drying,Moderate Drying
4151,decreasing,0.01744699992026555,-0.19170579029733958,-0.06591299210471421,-0.7344611773015822,-15.34164125597767,9.727564867208333,8.23519676233871,Kathan,5,9.065405722241783,Drying,Moderate Drying
3803,decreasing,0.004882855068526926,-0.2269170579029734,-5.714949241666663,-0.5246852424215693,-15.319689673945943,1175.9146657083334,995.7681880913979,Ganga,1,1096.9798248356808,Drying,Moderate Drying
3517,decreasing,0.025660442063474287,-0.17996870109546165,-0.009777544444444446,-0.7414955734804053,-15.292245250755737,1.4215231875378787,1.2041403754032258,Sanwan,4,1.326711966701878,Drying,Moderate Drying
4141,decreasing,0.014871849830208062,-0.19640062597809077,-0.696747860484545,-0.7185342048581443,-15.013345591152701,104.8599522964962,89.11696527150536,Dhasan,3,97.88409075176057,Drying,Moderate Drying
4304,decreasing,0.007834920270909373,-0.21439749608763695,-0.04186404041373988,-0.7630076014059018,-15.002637552272748,5.9307042995208334,5.040942229166666,Bewas,5,5.537632675305165,Drying,Moderate Drying
4153,decreasing,0.0122956999231143,-0.20187793427230047,-0.4009232269084022,-0.7302724015729298,-14.976579677772223,59.35244035422348,50.46347483387097,Dhasan,3,55.424476233685446,Drying,Moderate Drying
4264,decreasing,0.029782014738143348,-0.1752738654147105,-0.11197572980850166,-0.5580637713297198,-14.890150218812328,21.579045992575757,18.365893628494625,Shyam,4,20.16393994225352,Drying,Moderate Drying
3386,decreasing,0.0379168470815372,-0.1674491392801252,-0.6751220534722221,-0.5240815107961201,-14.713906688518941,138.65134015719698,118.25031134408603,Sindh,3,129.7121050504695,Drying,Moderate Drying
4152,decreasing,0.02834901810524748,-0.17683881064162754,-0.14249021850473487,-0.7075269203795709,-14.712147628496567,21.76573844378788,18.563530871505375,Kathan,5,20.342510784859154,Drying,Moderate Drying
3801,decreasing,0.005673990546164243,-0.22300469483568075,-5.220796493055554,-0.5284421680753264,-14.51828031132672,1062.475374035985,908.2222209946236,Ganga,1,994.8738986267606,Drying,Moderate Drying
4405,decreasing,0.007834920270909373,-0.21439749608763695,-30.56311793924465,-0.4378164232706637,-14.46925473338585,7483.300244772727,6400.522469892474,Ghaghara,1,7010.836854342723,Drying,Moderate Drying
4407,decreasing,0.007834920270909373,-0.21439749608763695,-30.536857224025997,-0.43673310703104357,-14.457873639456626,7494.969739147727,6411.356484946236,Ganga,1,7022.147011502348,Drying,Moderate Drying
4269,decreasing,0.04467570736996129,-0.1619718309859155,-0.10393892823275862,-0.5694764061167493,-14.372426558515164,19.685948022405306,16.856599600537635,Shyamri,5,18.42749681056338,Drying,Moderate Drying
3914,decreasing,0.017912237310871548,-0.19092331768388107,-0.042971833578431345,-0.5825885886468671,-14.180480363721115,7.9315441919791665,6.806813125295698,Saswa,5,7.437593150293427,Drying,Moderate Drying
3880,decreasing,0.008540127721574642,-0.21205007824726135,-0.0773941053252688,-0.6328299303877658,-14.16693761718348,13.106058402026516,11.249331284139785,Gangan,4,12.29170209084507,Drying,Moderate Drying
4130,decreasing,0.008540127721574642,-0.21205007824726135,-0.06979069603587963,-0.7152782528552234,-13.95721444038893,10.482211528617423,9.019186787473119,Kurai,4,9.833552521995305,Drying,Moderate Drying
4140,decreasing,0.047869222228202,-0.1596244131455399,-0.08056560924873736,-0.5840167316068704,-13.86439287559513,14.836078411344698,12.779146213064516,Urmal,5,13.916920331760563,Drying,Moderate Drying
3916,decreasing,0.01654821158723152,-0.19327073552425664,-0.13784324644097218,-0.5860983261691732,-13.765240280640374,25.24788713534091,21.772454805376345,Song,4,23.71971186584507,Drying,Moderate Drying
4128,decreasing,0.008540127721574642,-0.21205007824726135,-0.0303297775337382,-0.7032320173786303,-13.737536988553966,4.628481682153409,3.9926422990591397,Kurai,4,4.346647330657277,Drying,Moderate Drying
4148,decreasing,0.01298803290764261,-0.20031298904538342,-0.2726675202950043,-0.7208664435815706,-13.44734646071657,40.583857811685604,35.126405844623655,Dhasan,3,38.17391395774648,Drying,Moderate Drying
4150,decreasing,0.03615343997857279,-0.16901408450704225,-0.0381659361378205,-0.6781289592086432,-13.324567233257628,6.044827655339015,5.239380530268817,Kathan,5,5.6860131036267605,Drying,Moderate Drying
4267,decreasing,0.04467570736996129,-0.1619718309859155,-0.06082615296717171,-0.6379529724883833,-13.12169070661614,10.227036068422349,8.885076027069893,Shyamri,5,9.62944993173709,Drying,Moderate Drying
3901,decreasing,0.009301555366874492,-0.20970266040688576,-0.031092742033730157,-0.5682520401616254,-13.109870652183474,5.843852819195076,5.077731273494624,Bagad,5,5.508258199049296,Drying,Moderate Drying
3929,decreasing,0.0122956999231143,-0.20187793427230047,-0.03326231762748756,-0.576043512110942,-12.826895175079164,6.1505844182405305,5.361655402258065,Ganga,1,5.804889239143192,Drying,Moderate Drying
4569,decreasing,0.011636262412253684,-0.20344287949921752,-23.202239778645847,-0.44481704627042185,-12.800324714792152,5549.092298094697,4838.790465215054,Ganga,1,5238.941987910797,Drying,Moderate Drying
4402,decreasing,0.011008394820119616,-0.20500782472613457,-23.233572658617465,-0.4443974226438313,-12.79035512977996,5561.558300255681,4850.215242903226,Ganga,1,5250.953184284038,Drying,Moderate Drying
4570,decreasing,0.011008394820119616,-0.20500782472613457,-23.304372632575735,-0.4454496153082837,-12.784981031032508,5565.191834431818,4853.68311405914,Ganga,1,5254.514432077464,Drying,Moderate Drying
4404,decreasing,0.010705896503248047,-0.20579029733959311,-23.083243609775664,-0.4402156031603695,-12.768197243504712,5577.446875808711,4865.307457553764,Ganga,1,5266.497728262911,Drying,Moderate Drying
4573,decreasing,0.01988358815885749,-0.18779342723004694,-29.337240625000618,-0.36178936084185725,-12.512036261158451,8604.795328655304,7528.160216935484,Gandak,2,8135.356976525822,Drying,Moderate Drying
3961,decreasing,0.014476891115061674,-0.19718309859154928,-21.401824621126927,-0.4276039955260911,-12.509391378723764,5318.202910471591,4652.928094086022,Ganga,1,5027.640909847418,Drying,Moderate Drying
3959,decreasing,0.014476891115061674,-0.19718309859154928,-21.505118609742762,-0.4299139455926111,-12.49787685714975,5314.891092087121,4650.642548306451,Ganga,1,5024.77615350939,Drying,Moderate Drying
4567,decreasing,0.014091211151922245,-0.19796557120500782,-21.317889117647038,-0.41800548516442915,-12.487225142259604,5417.7762845,4741.246362150538,Ganga,1,5122.37294387324,Drying,Moderate Drying
4568,decreasing,0.013714627554055836,-0.19874804381846636,-21.449705261243402,-0.4193309438037641,-12.454743561353773,5433.191406869319,4756.501349946236,Ganga,1,5137.718314612675,Drying,Moderate Drying
4305,decreasing,0.011008394820119616,-0.20500782472613457,-0.20217655187346445,-0.6893894010565136,-12.445121445170928,31.32589366373106,27.427348153494624,Bewas,5,29.60037547511737,Drying,Moderate Drying
3938,decreasing,0.015690346136617128,-0.19483568075117372,-21.24104916666662,-0.4255266254378943,-12.44398645842421,5302.479678994318,4642.63982577957,Ganga,1,5014.291158779342,Drying,Moderate Drying
3869,decreasing,0.01298803290764261,-0.20031298904538342,-0.14520021669721672,-0.599723300444186,-12.429205432933813,25.73751767776515,22.538548732258064,Gangan,4,24.334819227816904,Drying,Moderate Drying
3937,decreasing,0.01654821158723152,-0.19327073552425664,-20.935158248491675,-0.42097982259510713,-12.385379252162739,5281.119334982955,4627.032676586021,Ganga,1,4995.449173122066,Drying,Moderate Drying
3934,decreasing,0.01699239162916233,-0.19248826291079812,-20.79962810882506,-0.4186722997380027,-12.366813224308087,5275.446695708333,4623.042056102151,Ganga,1,4990.507281115024,Drying,Moderate Drying
3913,decreasing,0.022612143982560395,-0.1838810641627543,-0.059636133552631566,-0.5266342386712817,-12.047877857085586,12.025972346534092,10.577097887096775,Ganga,1,11.392242774413145,Drying,Moderate Drying
4045,decreasing,0.011008394820119616,-0.20500782472613457,-19.69881128472222,-0.45671115062973827,-12.027053725301865,4578.590183395833,4027.920682177419,Ganga,1,4337.680865551643,Drying,Moderate Drying
4370,decreasing,0.04467570736996129,-0.1619718309859155,-0.26671563076727656,-0.48234050947752694,-11.91294794282484,58.37218452092803,51.418336565860216,Katni,4,55.31285341431925,Drying,Moderate Drying
3886,decreasing,0.010122986091542163,-0.20735524256651017,-0.06538695984613657,-0.8892537192743484,-11.815677729988847,7.83265882898106,6.90717710405914,Kali Rau,5,7.425802423321596,Drying,Moderate Drying
4855,decreasing,0.016114261602663937,-0.19405320813771518,-0.047529715571581234,-0.25572259359941935,-11.758678133393534,19.76456606839015,17.44051435994624,Kankai,4,18.7342214971831,Drying,Moderate Drying
4266,decreasing,0.02148394527669195,-0.18544600938967137,-0.034404349615384605,-0.6762831831254238,-11.729711918372697,5.41593531335606,4.780661703413979,Shyam,4,5.132708040950704,Drying,Moderate Drying
4117,decreasing,0.013714627554055836,-0.19874804381846636,-13.112936576797372,-0.5098097666063357,-11.713610518231881,2730.314869248106,2410.4964195430107,Yamuna,1,2590.39183915493,Drying,Moderate Drying
3526,decreasing,0.008298993251090847,-0.21283255086071987,-0.010340801574432956,-0.7302909491642037,-11.67752519495759,1.489529137433712,1.3155889971236558,Khari,3,1.414163373286385,Drying,Moderate Drying
4147,decreasing,0.010410811754354654,-0.20657276995305165,-0.159493987480346,-0.6995310011976192,-11.654137066519825,24.265217319810606,21.43731563387097,Bewas,5,23.012787804460096,Drying,Moderate Drying
3532,decreasing,0.03615343997857279,-0.16901408450704225,-0.03138499726973684,-0.6203793600975981,-11.502699226643212,5.3600432154602276,4.743493565967742,Barah,4,5.090688062523474,Drying,Moderate Drying
4167,decreasing,0.01744699992026555,-0.19170579029733958,-0.13601375338541666,-0.653174844457508,-11.485345281334707,22.13283703189394,19.590804278225807,Narain,5,21.01359794812207,Drying,Moderate Drying
4263,decreasing,0.0379168470815372,-0.1674491392801252,-0.08591231192129621,-0.5317612788601822,-11.464986482709717,17.12627903130682,15.162753455376343,Shyam,4,16.25692218192488,Drying,Moderate Drying
3520,decreasing,0.03446043002146326,-0.1705790297339593,-0.019240189824915828,-0.638933473683997,-11.369183461145017,3.1893039397234846,2.8267061236827957,Barah,4,3.030924009096244,Drying,Moderate Drying
4123,decreasing,0.011636262412253684,-0.20344287949921752,-15.373668019841269,-0.5144342665326088,-11.31750557921483,3166.532315901515,2808.1598443817206,Yamuna,1,3009.4409684741786,Drying,Moderate Drying
4116,decreasing,0.0122956999231143,-0.20187793427230047,-12.853804403594781,-0.5063995378083526,-11.203140078740969,2688.282986151515,2387.1108775000002,Yamuna,1,2556.4941109507045,Drying,Moderate Drying
4145,decreasing,0.01298803290764261,-0.20031298904538342,-0.1592304169557824,-0.6056508354585167,-11.125716034924888,27.902527177727272,24.798171237365594,Dhasan,3,26.52985610246479,Drying,Moderate Drying
4094,decreasing,0.013714627554055836,-0.19874804381846636,-15.09501269230767,-0.501957048043614,-11.078935056534183,3182.1088315776515,2829.5650606989248,Yamuna,1,3027.617977535211,Drying,Moderate Drying
5098,decreasing,0.03975288418927492,-0.16588419405320814,-28.300194373865708,-0.30482950875526077,-11.069365905118472,9787.411283465908,8704.006915860215,Ganga,1,9314.934237558686,Drying,Moderate Drying
5096,decreasing,0.04365195831600177,-0.162754303599374,-27.523789365452437,-0.30533524489559094,-11.053753776230812,9502.818452462121,8452.400298924731,Ganga,1,9044.675292957747,Drying,Moderate Drying
5133,decreasing,0.047869222228202,-0.1596244131455399,-27.773096436781497,-0.31235892604539867,-11.035619586157969,9372.891082594697,8338.534478494623,Ganga,1,8921.714961619718,Drying,Moderate Drying
5095,decreasing,0.04467570736996129,-0.1619718309859155,-27.69550175326189,-0.31105797272692437,-11.03277867615836,9385.53097119318,8350.04611155914,Ganga,1,8933.874664788733,Drying,Moderate Drying
5097,decreasing,0.04365195831600177,-0.162754303599374,-27.736839033264054,-0.3065351156581124,-11.019911868730595,9537.27185528409,8486.272902150537,Ganga,1,9078.888254812207,Drying,Moderate Drying
3217,decreasing,0.01699239162916233,-0.19248826291079812,-0.07353507274492231,-0.4249611127297645,-11.016476844562757,18.31996137030303,16.301747068010755,Koel,3,17.428241620539907,Drying,Moderate Drying
4115,decreasing,0.014091211151922245,-0.19796557120500782,-12.65723560185185,-0.5004030392053755,-11.014870359944368,2676.6455289318183,2381.8164939247313,Yamuna,1,2547.6244885798124,Drying,Moderate Drying
3829,decreasing,0.022612143982560395,-0.1838810641627543,-9.8011039351852,-0.5034353384416315,-11.010636895321896,2058.827958376894,1832.1378875806452,Yamuna,1,1959.8750790023475,Drying,Moderate Drying
4095,decreasing,0.013346960537039543,-0.19953051643192488,-14.908388667832181,-0.4946411865080294,-11.006731805662206,3187.8890191723485,2837.0066245698927,Yamuna,1,3034.1443494483565,Drying,Moderate Drying
4113,decreasing,0.010705896503248047,-0.20579029733959311,-3.2540112066666707,-0.5595107776753102,-10.986589828403503,616.7093730123106,548.9540437661291,Betwa,2,586.805453463615,Drying,Moderate Drying
4142,decreasing,0.01988358815885749,-0.18779342723004694,-0.03025326152462122,-0.5998861126101263,-10.961236059735446,5.347256451418561,4.76113104905914,Dhasan,3,5.088048887100939,Drying,Moderate Drying
3911,decreasing,0.03204811659075668,-0.1729264475743349,-0.028484558665717002,-0.5031672982101932,-10.847533794231282,5.97467761342803,5.326572440215053,Ganga,1,5.691639754647888,Drying,Moderate Drying
4112,decreasing,0.0122956999231143,-0.20187793427230047,-3.1571884603758154,-0.5688901578955903,-10.804665330558057,588.0541999195076,524.516911655914,Betwa,2,560.018260580986,Drying,Moderate Drying
3933,decreasing,0.03204811659075668,-0.1729264475743349,-18.195153530687485,-0.3923158340834485,-10.68684234778274,4886.624631670455,4364.398761155914,Ganga,1,4658.502503016432,Drying,Moderate Drying
4121,decreasing,0.01263767005200167,-0.20109546165884193,-3.1724988549504762,-0.5762512389004135,-10.646001287281608,582.9462278242424,520.885764905914,Betwa,2,555.5588514049296,Drying,Moderate Drying
4037,decreasing,0.03127685595086138,-0.17370892018779344,-18.518212209935903,-0.4052706691607665,-10.629399059669542,4813.71755064394,4302.048302580645,Ganga,1,4590.164227887324,Drying,Moderate Drying
4038,decreasing,0.03127685595086138,-0.17370892018779344,-18.265430633699616,-0.3978414636268709,-10.563652950497856,4834.8675263409095,4324.128900241935,Ganga,1,4611.746859941314,Drying,Moderate Drying
3972,decreasing,0.03283562132819329,-0.17214397496087636,-18.084384672619038,-0.3929255986266606,-10.549280489114558,4846.367734352273,4335.1108085215055,Ganga,1,4623.0334967723,Drying,Moderate Drying
4096,decreasing,0.014476891115061674,-0.19718309859154928,-14.86829496969697,-0.48702734865119823,-10.483685068722014,3220.048176287879,2882.468466424731,Yamuna,1,3072.174189342723,Drying,Moderate Drying
4251,decreasing,0.01527627229679851,-0.19561815336463223,-14.790243485497697,-0.4824243906307982,-10.458281541870154,3232.770311835227,2894.678091021505,Yamuna,1,3084.7140665727698,Drying,Moderate Drying
4254,decreasing,0.01699239162916233,-0.19248826291079812,-14.682339009740254,-0.47562865332212373,-10.219771531845687,3250.708184367424,2918.4932347580643,Yamuna,1,3105.2621680633806,Drying,Moderate Drying
3887,decreasing,0.011636262412253684,-0.20344287949921752,-0.07066646107738074,-0.911914339235698,-10.17610308557511,8.192120845642046,7.358482183494624,Kosi,2,7.825473060105634,Drying,Moderate Drying
4275,decreasing,0.026311031842497945,-0.17918622848200313,-0.6657394812424969,-0.6296921756903117,-10.124081184030235,111.75914674876894,100.44456000134409,Sonar,3,106.72786683568076,Drying,Moderate Drying
4262,decreasing,0.03529827347774339,-0.1697965571205008,-0.05858460989684078,-0.5733690501297146,-10.082822544411659,10.781152370227272,9.694107908494624,Shyam,4,10.296930526713615,Drying,Moderate Drying
4232,decreasing,0.018388307314498142,-0.19014084507042253,-14.497306697822822,-0.46718558494961643,-10.077880895232111,3265.00861942803,2935.964939543011,Yamuna,1,3120.9877603873238,Drying,Moderate Drying
3828,decreasing,0.029782014738143348,-0.1752738654147105,-9.308740891176472,-0.48801737566345266,-10.053921340045804,2008.3915878333332,1806.469477392473,Yamuna,1,1920.2707666431925,Drying,Moderate Drying
4297,decreasing,0.013714627554055836,-0.19874804381846636,-0.44145944309210494,-0.6570322885716812,-9.971862153649875,70.96157283602273,63.885382610752686,Sonar,3,67.81995214366198,Drying,Mild Drying
4044,decreasing,0.019373772552436996,-0.18857589984350548,-14.445832745840754,-0.4622700457847434,-9.92477166106321,3284.8494266439398,2958.8356216397847,Yamuna,1,3142.212830492958,Drying,Mild Drying
3284,decreasing,0.018388307314498142,-0.19014084507042253,-0.04376652384622165,-0.675571910866575,-9.865032882826249,6.838020969098485,6.1634479519623655,Bata,5,6.539674414953052,Drying,Mild Drying
4811,decreasing,0.02148394527669195,-0.18544600938967137,-0.07818642590780334,-0.8150915362847109,-9.773714950394135,10.130575255185606,9.140441706908602,Panar,5,9.694576757558684,Drying,Mild Drying
4298,decreasing,0.022612143982560395,-0.1838810641627543,-0.5392596877631584,-0.6342297849145062,-9.711326715244162,89.69776816647727,80.9869248435484,Sonar,3,85.82632888943662,Drying,Mild Drying
4184,decreasing,0.02834901810524748,-0.17683881064162754,-0.0887417878737542,-0.5697240407209987,-9.553125441524722,16.410876037935605,14.843124463978494,Narain,5,15.719823625234742,Drying,Mild Drying
1525,decreasing,0.0250238140282939,-0.1807511737089202,-30.124371466920095,-0.2057730746349624,-9.403836414466682,15380.35927155303,13934.015445698924,Padma,1,14739.192419953051,Drying,Mild Drying
3393,decreasing,0.03702620518791244,-0.16823161189358374,-8.917951802777779,-0.4728899617703621,-9.401339115470945,1979.7193783409093,1793.5992460483872,Yamuna,1,1898.5144007159624,Drying,Mild Drying
4624,decreasing,0.005344613350192207,-0.2245696400625978,-0.049114476907442146,-0.5907830535793531,-9.323472205448052,8.734891197905302,7.920496044892473,Kanhar,3,8.373316915305164,Drying,Mild Drying
4110,decreasing,0.014871849830208062,-0.19640062597809077,-0.1465419740132593,-0.6509476962011782,-9.217064561596198,23.672916633958334,21.49096862419355,Betwa,2,22.694863278521126,Drying,Mild Drying
4778,decreasing,0.010705896503248047,-0.20579029733959311,-1.6861368439886668,-0.4892472569800988,-9.092529095770706,361.6099934185606,328.7304995537634,Sharda,2,347.2942484730047,Drying,Mild Drying
1527,decreasing,0.03204811659075668,-0.1729264475743349,-48.66480808558576,-0.18023626217620373,-8.801253914811547,28241.927314280307,25756.28358091398,Padma,1,27146.66145011737,Drying,Mild Drying
1445,decreasing,0.03204811659075668,-0.1729264475743349,-48.78308393464057,-0.18034478189562736,-8.798185538801851,28292.052967670454,25802.86565483871,Padma,1,27195.311758215965,Drying,Mild Drying
1429,decreasing,0.03204811659075668,-0.1729264475743349,-49.75678315750211,-0.18330807843066418,-8.7962928754183,28389.549558806822,25892.32163360215,Padma,1,27289.293416901408,Drying,Mild Drying
1497,decreasing,0.03204811659075668,-0.1729264475743349,-49.27084367753627,-0.1817322255206226,-8.795145749669572,28356.399783901514,25862.413093548388,Padma,1,27257.541894131453,Drying,Mild Drying
4182,decreasing,0.04467570736996129,-0.1619718309859155,-0.01992690887345678,-0.5533885565119575,-8.764495566247659,3.7796159909772724,3.448351715026882,Betwa,2,3.6338018607277,Drying,Mild Drying
4265,decreasing,0.04264809361089461,-0.16353677621283255,-0.01764786112593157,-0.5677021905972296,-8.75433874499993,3.259804520852273,2.974430190672043,Shyam,4,3.1324689520305165,Drying,Mild Drying
4955,decreasing,0.02905791425850568,-0.176056338028169,-0.02489064728448758,-0.21272499134459966,-8.753726978004881,12.282569505208333,11.20738690483871,Iwa,5,11.803079563497652,Drying,Mild Drying
4277,decreasing,0.047869222228202,-0.1596244131455399,-1.7818507635561107,-0.5398920036796063,-8.748487401429344,346.29145338977276,315.9961892177419,Ken,2,332.7611062464789,Drying,Mild Drying
3528,decreasing,0.025660442063474287,-0.17996870109546165,-0.058345617344597436,-0.6345143875881851,-8.747434630370279,9.610568772897727,8.76989055188172,Barah,4,9.243617279694837,Drying,Mild Drying
4296,decreasing,0.022612143982560395,-0.1838810641627543,-0.10478202293709149,-0.5884877183066193,-8.71149432831258,18.703025557727273,17.07371254704301,Kopra,5,17.97555022887324,Drying,Mild Drying
4616,decreasing,0.046784041218261185,-0.16040688575899845,-0.10016356269636215,-0.35748475471480234,-8.566733899358065,29.313646383484848,26.802424301612902,Koel,3,28.201313401995304,Drying,Mild Drying
4050,decreasing,0.010410811754354654,-0.20657276995305165,-1.609129328022876,-0.48971660235152337,-8.553216143052616,344.01013992973486,314.5862091075269,Sharda,2,331.19407525704224,Drying,Mild Drying
4143,decreasing,0.03975288418927492,-0.16588419405320814,-0.06765796598659003,-0.4935954999069326,-8.355055708154437,14.366415431666667,13.166093419086021,Dhasan,3,13.833526857629108,Drying,Mild Drying
4617,decreasing,0.024400906999848537,-0.18153364632237873,-0.06565339146825398,-0.47531471915766516,-8.269497436832998,14.420716353939394,13.228195584677419,Burha,5,13.891104552699531,Drying,Mild Drying
4271,decreasing,0.029782014738143348,-0.1752738654147105,-1.2026153346674877,-0.5935655049685052,-8.142848773737693,212.29351717272726,195.00677711290322,Sonar,3,204.55850189788734,Drying,Mild Drying
4274,decreasing,0.04264809361089461,-0.16353677621283255,-1.660144463716109,-0.5386584204487801,-8.118664358105924,322.43619007045453,296.25867802956986,Ken,2,310.7332513568075,Drying,Mild Drying
3464,decreasing,0.03127685595086138,-0.17370892018779344,-1.917422094753086,-0.4767944318524438,-8.056119439667125,420.74269119318177,386.84715745698924,Betwa,2,405.8094919119718,Drying,Mild Drying
4343,decreasing,0.01699239162916233,-0.19248826291079812,-0.18124714587053556,-0.44972467494519214,-7.847714963465201,42.01664243147727,38.71929609623656,Kanhar,3,40.555748752699536,Drying,Mild Drying
4273,decreasing,0.04467570736996129,-0.1619718309859155,-1.5597863616793308,-0.5406598778908066,-7.662923202926359,301.16632855928026,278.08818408870974,Ken,2,290.8415646725352,Drying,Mild Drying
3879,decreasing,0.03446043002146326,-0.1705790297339593,-0.043579676691972685,-0.49129034043204145,-7.41637606959973,9.216276257399622,8.532762550537635,Gangan,4,8.915503199495305,Drying,Mild Drying
4602,decreasing,0.04069884661683587,-0.1651017214397496,-0.2477379251937985,-0.3996332656834328,-7.383686092504925,64.4442403967803,59.685879981182794,Kanhar,3,62.34241124061033,Drying,Mild Drying
4272,decreasing,0.046784041218261185,-0.16040688575899845,-1.4503046542623157,-0.5436976019430569,-7.383106058950655,278.1934432839015,257.6541263172043,Ken,2,268.9957825809859,Drying,Mild Drying
4306,decreasing,0.011008394820119616,-0.20500782472613457,-0.21649855151895225,-0.6325627818143307,-7.304811553430322,35.709207821079545,33.10071748252688,Sonar,3,34.5456753100939,Drying,Mild Drying
4108,decreasing,0.026311031842497945,-0.17918622848200313,-0.0696239732905983,-0.6208461812419683,-7.184650729300294,11.688630864941288,10.848843562258065,Betwa,2,11.308174509448358,Drying,Mild Drying
4287,decreasing,0.0457196359547174,-0.16118935837245696,-0.22594096711601303,-0.5372740691885811,-7.000301297870277,43.84214905657197,40.77306652715054,Bearma,3,42.46830070093897,Drying,Mild Drying
4307,decreasing,0.017912237310871548,-0.19092331768388107,-0.086750328185544,-0.5595784451285285,-6.991778087225212,16.164007832083335,15.033856274462366,Bearma,3,15.659296978521127,Drying,Mild Drying
3890,decreasing,0.038825645914868145,-0.16666666666666666,-0.05661597926587297,-0.6100884006378068,-6.859670623310567,9.66627976923485,9.003204815537634,Ramganga,2,9.371308812488262,Drying,Mild Drying
3847,decreasing,0.014871849830208062,-0.19640062597809077,-1.4942154052247036,-0.5139045983858115,-6.736325261372292,302.0647744373106,281.7167087311828,Sharda,2,293.203038471831,Drying,Mild Drying
3463,decreasing,0.04897547992369633,-0.15884194053208137,-1.7099619223698455,-0.4433019606633713,-6.5210866070376845,400.78448339905304,374.6489801290322,Betwa,2,389.2585315680751,Drying,Mild Drying
3462,decreasing,0.0457196359547174,-0.16118935837245696,-1.6179091005329433,-0.4300661805679928,-6.43069662605593,390.7574421655303,365.62901651612907,Betwa,2,379.6752462840376,Drying,Mild Drying
4109,decreasing,0.026311031842497945,-0.17918622848200313,-0.10809045471517711,-0.5961332325271479,-6.129937073773559,18.81442981632576,17.6611171077957,Betwa,2,18.289033552934274,Drying,Mild Drying
4798,decreasing,0.020405077125275284,-0.18701095461658843,-1.3965694087301586,-0.4943907318130004,-5.78670323105705,292.2157495744318,275.3060913521506,Mahakali,2,284.8581986725352,Drying,Mild Drying
4303,decreasing,0.01654821158723152,-0.19327073552425664,-0.026468619861111126,-0.5957931509808445,-4.542075842354578,4.57706220740341,4.369168570591398,Sonar,3,4.483229234800469,Drying,Mild Drying
4126,decreasing,0.01654821158723152,-0.19327073552425664,-0.09926808919457758,-0.5632810383062103,-3.8101825085494636,18.102348790700756,17.41261626344086,Sonar,3,17.78995183673709,Drying,Mild Drying
4793,decreasing,0.03127685595086138,-0.17370892018779344,-1.2366026088339592,-0.4578977502635046,-3.638209995715475,276.6860766827652,266.61965618413984,Mahakali,2,272.32169711913144,Drying,Mild Drying
4124,decreasing,0.026975826713707685,-0.1784037558685446,-0.04299314933779763,-0.555534429490769,-3.588269125002764,7.9394645063125,7.654575152741935,Dehar,5,7.810166503462441,Drying,Mild Drying
4125,decreasing,0.020938456318516208,-0.18622848200312989,-0.04697188742108594,-0.5283891360332215,-3.5314449835552777,9.122489337515152,8.800333645430108,Sonar,3,8.976231531314554,Drying,Mild Drying
3885,decreasing,0.022612143982560395,-0.1838810641627543,-0.057410147232804236,-0.8456050668384045,-3.213728446718369,6.962762814905302,6.738998525645162,Gomti,2,6.862777992781691,Drying,Mild Drying
4791,decreasing,0.04467570736996129,-0.1619718309859155,-1.1514899427083338,-0.4492701169596641,-2.845597054659733,261.63592582556817,254.19082162634407,Sharda,2,258.42192138732395,Drying,Mild Drying
3290,decreasing,0.04166382008353642,-0.1643192488262911,-0.06300874386837119,-0.5281950560281259,-2.7406436867189843,12.185368290189393,11.85141076344086,Yamuna,1,12.03465976584507,Drying,Mild Drying
4812,decreasing,0.013346960537039543,-0.19953051643192488,-0.4076398001507173,-0.7162278100267988,-0.9491387751579027,57.784729351155306,57.23627207876344,Sarju,3,57.534761477112674,Drying,Mild Drying
4810,decreasing,0.014871849830208062,-0.19640062597809077,-0.3145349454680978,-0.667052307047268,0.9550674177048891,47.478025533314394,47.93147268575269,Sarju,3,47.66917016009389,Drying,Mild Drying
4794,decreasing,0.03702620518791244,-0.16823161189358374,-0.5348396285714285,-0.5215469404677079,1.627390069920369,102.94404417441288,104.61934532688171,Sarju,3,103.66671742887324,Drying,Mild Drying
4719,no trend,0.052423749532427566,-0.1564945226917058,-0.01884890243971913,-0.551077788277105,-40.978638605997645,4.183372317426136,2.469083293924731,Ghaghara,1,3.4358236440258216,Stable,Stable
4721,no trend,0.06830828959532842,-0.14710485133020346,-0.13044465995370375,-0.5012047435443078,-35.14167184895244,30.846980274507576,20.006835691129034,Ghaghara,1,26.124770981220657,Stable,Stable
4757,no trend,0.10137158261412194,-0.1322378716744914,-0.06616188905608755,-0.4318268458615827,-29.779822089193512,17.678178016875002,12.413648054838708,Sarju,3,15.385857008685445,Stable,Stable
4813,no trend,0.5961979541459173,-0.04303599374021909,-0.00161686878125,-0.21138925511264722,-29.293455445005772,0.8527377169676136,0.6029413737849463,Mahakali,2,0.7454358924964788,Stable,Stable
7669,no trend,0.31428178970687237,-0.081377151799687,-0.007575330973958329,-0.3058516756978167,-29.114620333115752,2.850832379554924,2.0208233559139783,Mendha,3,2.4886309056924887,Stable,Stable
4023,no trend,0.09163167164945318,-0.13615023474178403,-0.029554160476190496,-0.46077998625309124,-28.31495892353261,7.346387809829546,5.266261119112903,Gomti,2,6.440173275481221,Stable,Stable
4461,no trend,0.06979401695432808,-0.14632237871674492,-0.30439606188200397,-0.48165881935658195,-28.21454387527605,72.38219793816288,51.959890943010755,Manorama,4,63.488129091901406,Stable,Stable
3423,no trend,0.07600441755067244,-0.1431924882629108,-0.006691002527006173,-0.525119238771507,-27.72436671830042,1.4565644446723485,1.0527411765430106,Mashi,4,1.2807020915539906,Stable,Stable
7668,no trend,0.26145954726989884,-0.09076682316118936,-0.006147229979219949,-0.33714103121029787,-27.716949746413867,2.085290240350379,1.5073113923655914,Mendha,3,1.8329966292370894,Stable,Stable
3831,no trend,0.052423749532427566,-0.1564945226917058,-0.05498158590686279,-0.5766830780038436,-25.48621518366867,10.814398562992425,8.058217674408603,Afsarha,5,9.608972902793427,Stable,Stable
3418,no trend,0.2573526206385808,-0.09154929577464789,-0.0029907548318713457,-0.3020923218829385,-25.454219242319294,1.1112263734450758,0.8283723760698924,Mashi,4,0.9883327814765258,Stable,Stable
3995,no trend,0.05607271202075026,-0.1541471048513302,-0.02217315124387255,-0.7015872763883461,-24.95988868150625,3.5234057289545455,2.6439675812096772,Ganga,1,3.141702558908451,Stable,Stable
4658,no trend,0.1034151436492392,-0.13145539906103287,-0.6328816929475505,-0.3387122440960421,-24.454507948001808,208.88450582689393,157.80282774731185,Ghaghara,1,186.67901133333334,Stable,Stable
5159,no trend,0.2914753538276562,-0.08528951486697965,-0.012433737507921198,-0.25142104466567244,-24.400201109258184,5.54732752248106,4.193768450806452,Panchane,4,4.957933060328638,Stable,Stable
5151,no trend,0.1381593548578981,-0.11971830985915492,-0.01732503469551281,-0.38402316485634136,-24.315757145129453,5.045009420170454,3.818277181612903,Harohar,3,4.5119621890375585,Stable,Stable
7681,no trend,0.3050221061741585,-0.08294209702660407,-0.0033509150414781294,-0.2988615392719756,-24.213100792545074,1.259463024496212,0.9545079729301075,Mendha,3,1.1264363730985916,Stable,Stable
4041,no trend,0.06684866277056156,-0.14788732394366197,-0.02594710398148148,-0.4997146505767448,-23.941846916934008,5.8125179929223485,4.420893833037635,Varuna,4,5.205285282417841,Stable,Stable
4462,no trend,0.11637258786708138,-0.1267605633802817,-0.3580115339506172,-0.4173411195485111,-23.90258751301915,96.21187063929924,73.21474406182796,Ghaghara,1,86.2018727834507,Stable,Stable
4453,no trend,0.05993076455193247,-0.15179968701095461,-0.035777177281745995,-0.5650248538936359,-23.280133017043962,7.083262643498105,5.434269678145162,Aami,5,6.365694897816901,Stable,Stable
5153,no trend,0.1034151436492392,-0.13145539906103287,-0.052802794652981426,-0.36577583553564563,-23.232042027175762,16.08087961683712,12.34496290591398,Phalgu,3,14.455470212323943,Stable,Stable
5145,no trend,0.36332204192852346,-0.07355242566510173,-0.012876809503680697,-0.22344557452003366,-23.108161856353206,6.418944133806818,4.935644133897849,Tilayia,5,5.772961419377934,Stable,Stable
5144,no trend,0.22610606469567318,-0.09780907668231612,-0.009903058534297689,-0.297127410410572,-23.050198682284297,3.709693303035985,2.8546016261827956,Paimar,5,3.337388905246479,Stable,Stable
3449,no trend,0.17500757215046248,-0.10954616588419405,-0.004904661176879085,-0.42585600034487514,-22.921029214763173,1.2799663732878788,0.9865849069274194,Mendha,3,1.152357328717136,Stable,Stable
3312,no trend,0.0935170157483709,-0.13536776212832552,-0.1654885477150538,-0.48578288028483735,-22.9067530781164,38.06994002662879,29.349352867741935,Tons,2,34.265965703521125,Stable,Stable
5150,no trend,0.40035031770802365,-0.06807511737089202,-0.04037397064393938,-0.2146268492380731,-22.90422990641015,20.940251567689394,16.14404820564516,Panchane,4,18.851728874178402,Stable,Stable
5148,no trend,0.35314920453786036,-0.07511737089201878,-0.025961284424603145,-0.20267545846799861,-22.774272026187845,14.253043696382576,11.00701675295699,Panchane,4,12.839570320422535,Stable,Stable
3508,no trend,0.061264714794432074,-0.15101721439749607,-0.010184582755769233,-0.5985091300028071,-22.338728076499198,1.8989058539280304,1.4747144387903226,Gambhir,4,1.7135712369835683,Stable,Stable
3443,no trend,0.1976657456561186,-0.10406885758998435,-0.0023046230032894733,-0.36392441350208826,-22.240485593310794,0.7065024168623106,0.5493728486236559,Mashi,4,0.6377937743791079,Stable,Stable
3421,no trend,0.30046084574552445,-0.0837245696400626,-0.017367391902680614,-0.29710689609069746,-21.841266854807216,6.478678250797349,5.063652845376343,Mashi,4,5.862383619706573,Stable,Stable
4776,no trend,0.05733507915924174,-0.15336463223787167,-1.502292600789473,-0.35613492400671903,-21.80643753608159,466.4103819962121,364.7028933844086,Ghaghara,1,422.1509498873239,Stable,Stable
5154,no trend,0.1381593548578981,-0.11971830985915492,-0.07211651562499993,-0.3408812334750862,-21.763757021057682,23.386638820625002,18.296827572311827,Phalgu,3,21.174564573122066,Stable,Stable
4012,no trend,0.08265843858017319,-0.14006259780907668,-0.08567335273148147,-0.4548401465594128,-21.745198923534353,20.926342725018937,16.37586787204301,Gomti,2,18.94160175774648,Stable,Stable
5146,no trend,0.38954613981986475,-0.06964006259780908,-0.015201585356793716,-0.1942123401492098,-21.727708973147237,8.665365859564394,6.782580384139784,Panchane,4,7.845456275352113,Stable,Stable
4400,no trend,0.08795266108767041,-0.13771517996870108,-0.031454385330258836,-0.3948889177156468,-21.689013057985587,8.825776650454547,6.911552800268817,Ganga,1,7.989350714906104,Stable,Stable
5156,no trend,0.38954613981986475,-0.06964006259780908,-0.09123522180134691,-0.23871898492003304,-21.40454904648975,42.19875416848485,33.16630113548387,Panchane,4,38.26923809272301,Stable,Stable
3422,no trend,0.2783390390292886,-0.08763693270735524,-0.02368935923241789,-0.3054787657053458,-21.287729847005817,8.577284787202652,6.751375573494624,Mashi,4,7.782115687288732,Stable,Stable
4756,no trend,0.10137158261412194,-0.1322378716744914,-0.04765439087938204,-0.32432453158807795,-21.26861874424378,16.255553012462123,12.798221417473119,Sotwa,4,14.74886881185446,Stable,Stable
4786,no trend,0.09738101127481946,-0.13380281690140844,-1.1105813534722224,-0.29984261172924703,-21.25485186611575,408.2690071056818,321.49203443010754,Suheli,4,370.513973516432,Stable,Stable
7677,no trend,0.16005089535061545,-0.1134585289514867,-0.0026012888699550657,-0.45269853717230063,-21.12954487815387,0.6326591391727272,0.49898114243548386,Mendha,3,0.5745130036126761,Stable,Stable
5157,no trend,0.35314920453786036,-0.07511737089201878,-0.11006688064236154,-0.24040316058651237,-21.076566843283945,50.46963267215909,39.83236680645161,Harohar,3,45.84277183685446,Stable,Stable
3425,no trend,0.32372443651094795,-0.07981220657276995,-0.05620528955026459,-0.27543682367524036,-21.035187456671355,22.560367811723484,17.814752151612904,Mashi,4,20.493719531338026,Stable,Stable
4766,no trend,0.2151167171899746,-0.10015649452269171,-0.01597435123476473,-0.37248597963319435,-20.93492880341769,4.746513866193181,3.7528345676612904,Manorama,4,4.3134021761384975,Stable,Stable
4398,no trend,0.12096452710401095,-0.12519561815336464,-0.0969572400902407,-0.37851252478310643,-20.629044459177745,28.208434031458335,22.38930363387097,Ghaghara,1,25.672212652112673,Stable,Stable
4450,no trend,0.06979401695432808,-0.14632237871674492,-0.12558679433008588,-0.4776759852390158,-20.624122045695334,29.028617683598487,23.041720144354837,Aami,5,26.42534324882629,Stable,Stable
5149,no trend,0.3285143688068808,-0.07902973395931143,-0.028599072353778524,-0.21442839426143567,-20.619013741720945,14.664792153049243,11.641056643817205,Paimar,5,13.349435894483568,Stable,Stable
3424,no trend,0.35821290560466945,-0.07433489827856025,-0.05196789167325426,-0.2718010463772698,-20.568537019491025,21.090355031022728,16.75237754892473,Mashi,4,19.201223539201877,Stable,Stable
4448,no trend,0.06400641968236065,-0.14945226917057902,-0.23694701019607795,-0.3629120951903801,-20.511193816846983,72.09938189242425,57.31093793172043,Rohini,3,65.63783862276996,Stable,Stable
4578,no trend,0.45701514595618686,-0.06025039123630673,-0.0070044309493450365,-0.2034826599747061,-20.490302598439047,3.7826119946988634,3.007543350860215,Ganga,1,3.4454900960446007,Stable,Stable
3409,no trend,0.08439370968045279,-0.13928012519561817,-0.017235228943303735,-0.5429274679871662,-20.48696423152143,3.513665084441288,2.793821775376344,Kareli,4,3.1992131403638497,Stable,Stable
4396,no trend,0.14340298483681213,-0.11815336463223787,-0.06849663288552901,-0.3639161072029794,-20.22569578755508,20.690178450492425,16.50544589919355,Ghaghara,1,18.86617752124413,Stable,Stable
4432,no trend,0.11412855467659666,-0.12754303599374023,-0.025596837357954573,-0.3883530489275441,-20.167316841173697,7.242387506109848,5.781792270887097,Ghaghara,1,6.607043070692488,Stable,Stable
3410,no trend,0.1233130559725113,-0.12441314553990611,-0.010398462276408586,-0.5001342889439021,-20.0459376926829,2.297924876157197,1.8372842872580646,Morel,4,2.0968169946596245,Stable,Stable
4040,no trend,0.16591325516784172,-0.11189358372456965,-0.017926043011363663,-0.4478670413084764,-19.83218095504383,4.37314532075,3.505855227311828,Ganga,1,3.9965299301877937,Stable,Stable
4773,no trend,0.053617359017357646,-0.15571205007824726,-0.35113210984848464,-0.3860847264164609,-19.72774676797654,100.07915044535984,80.33578907795699,Babai,4,91.44090167194835,Stable,Stable
5152,no trend,0.3333500217009937,-0.0782472613458529,-0.015255913425925938,-0.24752638940121696,-19.71954308808272,6.742265484943182,5.412721537526882,Mohana,4,6.16559054455399,Stable,Stable
4548,no trend,0.3481310090480654,-0.07589984350547731,-0.01830998896356041,-0.1956297386444497,-19.563508889620557,10.231437975776515,8.229809697849463,Dardha,4,9.362189785798122,Stable,Stable
5165,no trend,0.3949258884499005,-0.06885758998435054,-0.010161002320198093,-0.20689775401835667,-19.516776799987817,5.37460996461553,4.325659333951613,Harohar,3,4.918846533450704,Stable,Stable
5147,no trend,0.43382633879160837,-0.06338028169014084,-0.016074812672480628,-0.18677847979818749,-19.37766222802059,9.404022552727273,7.581742826612903,Paimar,5,8.61158471960094,Stable,Stable
3445,no trend,0.36332204192852346,-0.07355242566510173,-0.0037991461440058474,-0.28190906354943257,-19.162409601537046,1.4748948132670454,1.1922694279569892,Mashi,4,1.351788822875587,Stable,Stable
4725,no trend,0.14608140660322566,-0.11737089201877934,-0.026737201779279275,-0.3882936935360468,-19.145951452044137,7.547457951060606,6.102425315887097,Ghaghara,1,6.91826083064554,Stable,Stable
4572,no trend,0.18446884014242082,-0.10719874804381847,-0.05945140903455301,-0.31628694240832617,-19.109724536414646,20.539538906647728,16.614489600537635,Gandak,2,18.82619123122066,Stable,Stable
3399,no trend,0.468865731616952,-0.05868544600938967,-0.019231768434343446,-0.20447886312522415,-19.078564813795218,10.299736946950757,8.334694957876344,Mashi,4,9.44429714346244,Stable,Stable
4774,no trend,0.3333500217009937,-0.0782472613458529,-0.009242681278205128,-0.28132259680720845,-19.05760216365596,3.6069289725416667,2.9195347986290323,Ghaghara,1,3.3072571217957747,Stable,Stable
4644,no trend,0.05993076455193247,-0.15179968701095461,-0.26037492575571897,-0.39598572954397027,-19.049296141704826,72.18436895651516,58.43375474596774,Bhada,5,66.15819846525822,Stable,Stable
4772,no trend,0.06979401695432808,-0.14632237871674492,-0.27202035865687735,-0.36852042247008876,-18.981188692343967,80.9787007625,65.60798077016129,Babai,4,74.24779664612676,Stable,Stable
3433,no trend,0.3050221061741585,-0.08294209702660407,-0.0792806426164216,-0.311092697200759,-18.92743538217112,27.912139770113633,22.62908755134409,Mashi,4,25.610210358920188,Stable,Stable
3420,no trend,0.26145954726989884,-0.09076682316118936,-0.0107167946762356,-0.31097370911459504,-18.655100002807824,3.7701716675795454,3.0668423727150538,Mashi,4,3.4632936971478876,Stable,Stable
4659,no trend,0.3684765339307223,-0.07276995305164319,-0.5020006926587295,-0.16028565736304093,-18.645340253906443,340.68612532026515,277.1640380564516,Ghaghara,1,313.08238200469486,Stable,Stable
5167,no trend,0.3949258884499005,-0.06885758998435054,-0.01697387220760225,-0.19323115966791427,-18.514941744102938,9.56812300592803,7.796590605376344,Harohar,3,8.798556423239436,Stable,Stable
4459,no trend,0.06262316015799874,-0.15023474178403756,-0.9087667637566132,-0.3299075295178752,-18.43671946876071,301.1223237090909,245.60524562903228,Rapti,2,276.8662540140845,Stable,Stable
4416,no trend,0.05010311706572379,-0.15805946791862285,-1.5395138155878656,-0.3316005298147936,-18.026185603763263,506.519430525947,415.21329786021505,Rapti,2,466.6401345129108,Stable,Stable
3403,no trend,0.11191872757207388,-0.12832550860719874,-0.008177205361111108,-0.47312805730474505,-17.931912997962485,1.8904741642670455,1.5514759818817205,Kareli,4,1.742330093532864,Stable,Stable
4538,no trend,0.22239929289705085,-0.09859154929577464,-0.009433498333333342,-0.27574603350032495,-17.84755555272259,3.711094478274621,3.0487548296505373,Punpun,3,3.4233508895774647,Stable,Stable
3338,no trend,0.11865114122914533,-0.12597809076682315,-0.022646318392857148,-0.5436317261436823,-17.78763476359367,4.554129063806818,3.7440572192741937,Karisil,5,4.2007352377934275,Stable,Stable
4451,no trend,0.06541481350121581,-0.1486697965571205,-1.5132644422161183,-0.348568645381501,-17.70471469694625,472.9594142147727,389.22329929569895,Rapti,2,436.37230006103283,Stable,Stable
3444,no trend,0.2914753538276562,-0.08528951486697965,-0.006260457532407409,-0.32291988646018643,-17.603959461849172,2.114757748348485,1.7424766516129033,Mashi,4,1.9520249036150235,Stable,Stable
3407,no trend,0.12811677460841087,-0.12284820031298904,-0.038918889295976755,-0.501311338018702,-17.540933045354546,8.477178282306818,6.990202115672043,Kareli,4,7.827602944495306,Stable,Stable
4729,no trend,0.1407623970401941,-0.1189358372456964,-0.019338100159191584,-0.3862118497428942,-17.456968856355047,5.4300221517916665,4.482104875860215,Karmanasa,3,5.017293100093897,Stable,Stable
4030,no trend,0.6652683394768646,-0.035211267605633804,-0.032882044221230144,-0.0910103107734248,-17.426733563561672,39.246652763143935,32.407243153494626,Ghaghara,1,36.276223938380284,Stable,Stable
4540,no trend,0.468865731616952,-0.05868544600938967,-0.008389455437158473,-0.1826261396442163,-17.352763288798144,4.975896547892045,4.11244099844086,Punpun,3,4.601427743884977,Stable,Stable
4445,no trend,0.18446884014242082,-0.10719874804381847,-0.16507742296296324,-0.2953529088655683,-17.14351246930409,60.75312579445076,50.337906098387094,Rohini,3,56.19800101326291,Stable,Stable
4449,no trend,0.058620991554720225,-0.15258215962441316,-1.2048504553921564,-0.32871984271727245,-17.070057781988545,398.1131736606061,330.1550248790322,Rapti,2,368.4176045575117,Stable,Stable
4015,no trend,0.07284506909758859,-0.14475743348982786,-0.13047883005952388,-0.4417772820743057,-16.99705587540525,32.08989460153409,26.63555728575269,Gomti,2,29.707297943309857,Stable,Stable
4775,no trend,0.6652683394768646,-0.035211267605633804,-0.0038847062940268766,-0.09966120798132266,-16.70830524237303,4.2183587097367425,3.513542460295699,Babai,4,3.9121351531807513,Stable,Stable
4571,no trend,0.3333500217009937,-0.0782472613458529,-0.01886871212153367,-0.24994598000317378,-16.45605844563122,8.147404165625,6.806662574327957,Gandak,2,7.561803321772301,Stable,Stable
4727,no trend,0.16005089535061545,-0.1134585289514867,-0.11011912194499354,-0.3003411281663418,-16.19514526789087,39.55370740571969,33.14792703252688,Karmanasa,3,36.7706245185446,Stable,Stable
3308,no trend,0.7594077836691946,0.025039123630672927,0.0034680633564815023,0.09971777207304552,-16.173766010705286,3.750720368511364,3.144087632392473,Rupin,4,3.487688051279343,Stable,Stable
3967,no trend,0.10760042724468888,-0.1298904538341158,-0.04259400977517104,-0.33736092010966606,-16.09489688761282,13.628772517310605,11.435235633602149,Karmanasa,3,12.674562082746478,Stable,Stable
4279,no trend,0.05125243818570069,-0.1572769953051643,-0.03151421258187646,-0.5908401800380833,-16.03140798002498,5.795572066140151,4.86646026344086,Banne,5,5.382722472089203,Stable,Stable
3406,no trend,0.36332204192852346,-0.07355242566510173,-0.01295872782407408,-0.2887383908399045,-15.995993474041247,4.867972382339015,4.089291837741936,Dhil,5,4.528355328333333,Stable,Stable
4751,no trend,0.14340298483681213,-0.11815336463223787,-0.023406112559523816,-0.29502671122985497,-15.97953483664443,8.553966970549244,7.187082838575269,Rapti,2,7.9558248135563385,Stable,Stable
4276,no trend,0.052423749532427566,-0.1564945226917058,-0.06901088615827201,-0.6039052351668657,-15.827452576451275,12.405219215454546,10.441789027123656,Banne,5,11.531976915598591,Stable,Stable
3790,no trend,0.10974279083839389,-0.12910798122065728,-0.034542042095295024,-0.4648271698486384,-15.81823267109635,8.049502190587122,6.776213205215053,Ajnal,5,7.4948949306807515,Stable,Stable
4726,no trend,0.18770526433739065,-0.10641627543035993,-0.0892474879629631,-0.3129298355777195,-15.711493241286215,30.69697602181818,25.874022708870967,Karmanasa,3,28.603350043075118,Stable,Stable
4591,no trend,0.19430349570679217,-0.10485133020344288,-0.011212640128205121,-0.30348348329076014,-15.529880202434232,3.9797827902632577,3.3617272906182794,Jinjoi,5,3.709376833978873,Stable,Stable
3969,no trend,0.14608140660322566,-0.11737089201877934,-0.07150474026915106,-0.3202126621584752,-15.517668095988046,24.026143489848486,20.29784628682796,Karmanasa,3,22.40668391619718,Stable,Stable
3417,no trend,0.5563907438061542,-0.04773082942097027,-0.005990207754880891,-0.15079979895875148,-15.456353779076057,4.2738696687462125,3.613285252688172,Mashi,4,3.986384493403756,Stable,Stable
4740,no trend,0.16296219556576563,-0.11267605633802817,-0.11462921532738081,-0.28081231151121994,-15.328153990344934,43.97590611176137,37.23521150430108,Danau,4,41.02991298908451,Stable,Stable
4458,no trend,0.16591325516784172,-0.11189358372456965,-0.5010803269969282,-0.2787911291260156,-15.286515142082752,193.66061288939392,164.05665397580646,Rapti,2,180.7059877746479,Stable,Stable
4155,no trend,0.053617359017357646,-0.15571205007824726,-0.03256662136904762,-0.5561633700978466,-15.173194797887374,6.338454611477273,5.376708546102151,Shyamri,5,5.910786968051643,Stable,Stable
5155,no trend,0.295945273327078,-0.08450704225352113,-0.06696929229721546,-0.22280306052548782,-15.148977169751749,32.26306241835228,27.375538458333335,Sakri,5,30.136144343192488,Stable,Stable
5161,no trend,0.4395589046351571,-0.06259780907668232,-0.2921660949410947,-0.17788264933638734,-15.095729318222425,176.11408865492425,149.5283825403226,Harohar,3,164.54987813028168,Stable,Stable
5160,no trend,0.3789212200049066,-0.07120500782472614,-0.2251119435322229,-0.16811226096261098,-15.061786894665197,143.53383194905302,121.91507205913979,Harohar,3,134.13102529460096,Stable,Stable
3441,no trend,0.16005089535061545,-0.1134585289514867,-0.013878585853174601,-0.45055006133894826,-15.040843909418754,3.3172123883333335,2.818275650860215,Bajyan,5,3.100237337758216,Stable,Stable
3405,no trend,0.1812739066944027,-0.107981220657277,-0.015411253261904699,-0.4177484723293112,-15.007157273629657,3.982195094070076,3.3845808133602153,Kareli,4,3.7210597140962443,Stable,Stable
4278,no trend,0.05010311706572379,-0.15805946791862285,-0.020134670203954805,-0.471745202669518,-14.992677353778165,4.616021644068182,3.923956412392473,Banne,5,4.3074026898239435,Stable,Stable
5140,no trend,0.4629192952859549,-0.0594679186228482,-0.3053851493055559,-0.16541590721213661,-14.980549008329932,197.86997726666667,168.22796834946237,Harohar,3,184.97823055046948,Stable,Stable
3581,no trend,0.09543335382021478,-0.13458528951486698,-0.019980159894674773,-0.4908356395664239,-14.939605052353397,4.393505122535985,3.737132809274194,Newaj,4,4.107728759037558,Stable,Stable
4780,no trend,0.9032703219315255,0.010172143974960876,0.0015016839223057415,0.017600838590438372,-14.909088179983247,9.148919275814395,7.784898833467742,Sharda,2,8.557980945950705,Stable,Stable
3844,no trend,0.09936031287120262,-0.13302034428794993,-0.03581781231060606,-0.3716869323464193,-14.908869379749737,10.387967337784092,8.839238856182796,Khaimua,5,9.709602242370892,Stable,Stable
4889,no trend,0.41133262486980504,-0.06651017214397496,-0.014061855050505022,-0.18952370783325326,-14.828806374249995,7.956620091306819,6.776748304032258,Kosi,2,7.443370287910798,Stable,Stable
3556,no trend,0.13306473930212648,-0.12128325508607199,-0.08222436096774197,-0.4515228665194805,-14.806199532743408,19.591524923257573,16.690764651612902,Kali,3,18.32727963579812,Stable,Stable
3493,no trend,0.05993076455193247,-0.15179968701095461,-0.12947285977011572,-0.5950018671788592,-14.687796313795824,23.364547446041666,19.932810307526882,Banganga,4,21.868636437206572,Stable,Stable
5168,no trend,0.4453347120023703,-0.061815336463223784,-0.031703527965686235,-0.17397999695495028,-14.650016952707878,19.524417543162876,16.664087063172044,Harohar,3,18.281092328755868,Stable,Stable
3930,no trend,0.07130616862351746,-0.14553990610328638,-0.030137377330246906,-0.4338155422387392,-14.616762987059365,7.465606301799243,6.3743763231182795,Gomti,2,6.985695233215962,Stable,Stable
7678,no trend,0.3285143688068808,-0.07902973395931143,-0.009036780569566279,-0.2694553941693302,-14.411438484232802,3.584639506751894,3.0680413893548386,Mendha,3,3.3599517678286386,Stable,Stable
3586,no trend,0.16890433439895003,-0.1111111111111111,-0.14309463213848037,-0.4121921354551105,-14.35973114145086,37.350852873125,31.987370821505376,Parbati,3,35.015956896244134,Stable,Stable
4539,no trend,0.3333500217009937,-0.0782472613458529,-0.007956673994836183,-0.22799422185972043,-14.228545345453213,3.723259482350379,3.1934938185752686,Madad,5,3.4929422771361502,Stable,Stable
4456,no trend,0.20451758189679325,-0.10250391236306729,-0.4355300639249211,-0.255151454811034,-14.182822075716858,182.98824470965909,157.03534754301077,Rapti,2,171.62406891197182,Stable,Stable
3465,no trend,0.08795266108767041,-0.13771517996870108,-0.014486197745750176,-0.49429706897621006,-13.931679484931966,3.1438199355530303,2.7058330185483874,Sindh,3,2.951592356197183,Stable,Stable
4559,no trend,0.2914753538276562,-0.08528951486697965,-0.09320279369883047,-0.22990211822026882,-13.849690994373834,43.25958611407197,37.26826711182795,Dardha,4,40.64851645762911,Stable,Stable
3576,no trend,0.14879794762292553,-0.11658841940532082,-0.023204971240662932,-0.40485124056807936,-13.80327319274732,6.149137753551136,5.300355470430107,Baleti,5,5.779907826737089,Stable,Stable
3516,no trend,0.053617359017357646,-0.15571205007824726,-0.007721209856436966,-0.6170334269214297,-13.653206733241483,1.3379456663541667,1.155273178548387,Sanwan,4,1.2583591843075117,Stable,Stable
4760,no trend,0.41133262486980504,-0.06651017214397496,-0.009864233108164982,-0.22002336120630675,-13.439271992953067,4.787730418873106,4.144294305591398,Ghaghara,1,4.507878285833334,Stable,Stable
4752,no trend,0.4930689350662878,-0.05555555555555555,-0.04705066412393165,-0.16595809881639026,-13.318222119663073,30.327883574753788,26.288748676075265,Bhada,5,28.551775814436617,Stable,Stable
3426,no trend,0.4453347120023703,-0.061815336463223784,-0.002739622620300223,-0.2416527623473399,-13.145329991061066,1.2096986028090908,1.0506797295725807,Sohadra,5,1.14055148460446,Stable,Stable
3559,no trend,0.052423749532427566,-0.1564945226917058,-0.19895255128378392,-0.4959502810624011,-13.12561010807859,42.82678171037879,37.20550532123656,Hindon,3,40.37562031842723,Stable,Stable
3455,no trend,0.058620991554720225,-0.15258215962441316,-0.5832185099439777,-0.4831009512518423,-13.11805318003091,129.01655738579547,112.09209677688172,Sindh,3,121.60237837793429,Stable,Stable
5103,no trend,0.4224917781104891,-0.0649452269170579,-0.37263479782196884,-0.16050401012152915,-13.108047117061142,246.87859265587122,214.51763040860217,Garkhe,5,232.80058244131456,Stable,Stable
3442,no trend,0.3333500217009937,-0.0782472613458529,-0.0013548445943452382,-0.23693337689382166,-13.083438921756873,0.6120061818861743,0.5319347268817204,Mashi,4,0.5769486129213616,Stable,Stable
5094,no trend,0.3285143688068808,-0.07902973395931143,-0.22179387509920628,-0.20804994154167336,-12.919394932978499,113.16059035,98.54092677419355,Ganga,1,106.80564330633804,Stable,Stable
5170,no trend,0.3333500217009937,-0.0782472613458529,-0.1273044062937675,-0.20662703540841584,-12.887931547152156,65.36356204280303,56.93955090994624,Punpun,3,61.70586950293427,Stable,Stable
5083,no trend,0.06979401695432808,-0.14632237871674492,-0.021389098645833347,-0.26545832629806543,-12.82803345521172,8.574268280435607,7.474358276881721,Hooghly,1,8.087874045539907,Stable,Stable
4597,no trend,0.10137158261412194,-0.1322378716744914,-0.04301126096616067,-0.3424498626008111,-12.797746765763463,13.38080758191288,11.668365712365592,Tahle,5,12.62971646044601,Stable,Stable
3419,no trend,0.4869560812360789,-0.056338028169014086,-0.0022872375892957356,-0.200415481782594,-12.671928447439255,1.2154925233541667,1.0614661805107528,Mashi,4,1.148460927910798,Stable,Stable
4048,no trend,0.21154056044294678,-0.10093896713615023,-0.06218366114260521,-0.31593788700637176,-12.63349599882891,20.969247850549245,18.32009876236559,Gomti,2,19.810354246478873,Stable,Stable
4595,no trend,0.20107037164659647,-0.10328638497652583,-0.10667291242588933,-0.2950289948040636,-12.609111063615408,38.433663250378785,33.587519965322585,Amanat,4,36.30744751830986,Stable,Stable
4929,no trend,0.5498843783585525,-0.048513302034428794,-0.007964700390243919,-0.1239674883233898,-12.602680913719405,6.8272731932007575,5.966853737553764,Jamuni,5,6.449381644330986,Stable,Stable
4593,no trend,0.17500757215046248,-0.10954616588419405,-0.07487646788194449,-0.28207503628831637,-12.52838539335662,28.20603635977273,24.672275420430108,Amanat,4,26.654744180751173,Stable,Stable
4562,no trend,0.30046084574552445,-0.0837245696400626,-0.11671755833333335,-0.20487413592270382,-12.515854246010294,60.33810999905303,52.78628009677419,Punpun,3,57.05860237558685,Stable,Stable
3579,no trend,0.21154056044294678,-0.10093896713615023,-0.05711563622093024,-0.3873252414772277,-12.426884259493512,15.714368551401515,13.761562159408602,Parbati,3,14.86541238039906,Stable,Stable
4931,no trend,0.6723474310081521,-0.03442879499217527,-0.008145905769740312,-0.10613017091722955,-12.33187695498361,8.135493074223486,7.132234078629033,Kamala,3,7.696582658157277,Stable,Stable
4169,no trend,0.052423749532427566,-0.1564945226917058,-0.02320138801449887,-0.5966296704966485,-12.326338881419128,4.143980944049242,3.633179809704301,Jamni,4,3.9184999497535213,Stable,Stable
4594,no trend,0.19430349570679217,-0.10485133020344288,-0.09728520404213109,-0.2999611646354856,-12.263732937811117,34.421498965454546,30.200138259139784,Amanat,4,32.56861189201878,Stable,Stable
3404,no trend,0.24927359025181262,-0.09311424100156494,-0.006856612933006528,-0.3553334895146053,-12.245928403639208,2.057478838829545,1.8055214533064516,Kareli,4,1.9473897937558684,Stable,Stable
4587,no trend,0.23365141163238423,-0.09624413145539906,-0.021448025892857152,-0.2798842412389758,-12.232695860574228,8.143216713079545,7.147081779301074,Sukri,5,7.704470144084507,Stable,Stable
4433,no trend,0.30046084574552445,-0.0837245696400626,-0.060429852806122286,-0.3053694442162204,-12.201583529771916,21.042592900681818,18.47506335107527,Gandak,2,19.91161341443662,Stable,Stable
3491,no trend,0.12811677460841087,-0.12284820031298904,-0.08854988278619533,-0.4876123658912158,-12.063496826847878,19.262953014659093,16.939167288978496,Banganga,4,18.250977324413146,Stable,Stable
4460,no trend,0.35314920453786036,-0.07511737089201878,-0.152618585260617,-0.1894296053073854,-11.954044360704327,85.48238473418562,75.26378254247312,Rapti,2,81.00803538884978,Stable,Stable
4932,no trend,0.6865925646666557,-0.03286384976525822,-0.014823675357422671,-0.09534209224500287,-11.938309233077348,16.46623651910985,14.500446284408604,Jamuni,5,15.603176911150236,Stable,Stable
5158,no trend,0.41689018199117855,-0.06572769953051644,-0.12154804656478584,-0.14101736129527132,-11.860871581545087,91.05509743304924,80.25516925806451,Phalgu,3,86.35776925176056,Stable,Stable
4537,no trend,0.41689018199117855,-0.06572769953051644,-0.0068613662162698465,-0.20543318116129491,-11.795544597245586,3.5297084904015152,3.1133601512634406,Dharmauti,5,3.348402212347418,Stable,Stable
4554,no trend,0.47485419172648413,-0.057902973395931145,-0.02606515853026537,-0.17743367797881648,-11.72029166463118,15.489448384034091,13.674039856182794,Madad,5,14.701202728286386,Stable,Stable
3833,no trend,0.15717909032089183,-0.11424100156494522,-0.14871388603371163,-0.35066571734973856,-11.709531157840809,45.083908417575756,39.80479411424731,Deoha,4,42.771029728403754,Stable,Stable
4439,no trend,0.468865731616952,-0.05868544600938967,-0.024514983897707218,-0.16811682638082967,-11.660894111912,15.465929816837122,13.66246411747312,Rohini,3,14.673715180516432,Stable,Stable
3585,no trend,0.338231370166147,-0.07746478873239436,-0.01594700890497968,-0.23973674063522063,-11.56429600031436,7.072178809448863,6.254331118252688,Paru,5,6.715981351361502,Stable,Stable
4558,no trend,0.17812023020364975,-0.10876369327073553,-0.0750693401010102,-0.27453950050239856,-11.557749271995977,28.91485975643939,25.57295276344086,Morhar,4,27.452861477699532,Stable,Stable
3296,no trend,0.11637258786708138,-0.1267605633802817,-0.02954397701295046,-0.5007642805161537,-11.540124525344348,6.238821628255682,5.51885384344086,Yamuna,1,5.926490043368545,Stable,Stable
3522,no trend,0.09738101127481946,-0.13380281690140844,-0.032637512363607166,-0.5424578705318374,-11.485459721186633,6.36304245051894,5.63221777282258,Sanwan,4,6.04506612761737,Stable,Stable
4604,no trend,0.16591325516784172,-0.11189358372456965,-0.02055418812358274,-0.2945942400336377,-11.456775753081889,7.365972672916667,6.522069701747312,Barhki,5,6.997839303110329,Stable,Stable
4926,no trend,0.6165763246166498,-0.0406885758998435,-0.01397811908950617,-0.10737432092221906,-11.374699060006241,13.761271632500002,12.195968397473118,Rato,5,13.072679229765258,Stable,Stable
5162,no trend,0.4629192952859549,-0.0594679186228482,-0.00877260300925925,-0.16687748300219973,-11.345352463541776,5.542154712649621,4.913377726424731,Chalki,5,5.268839072793427,Stable,Stable
4750,no trend,0.5242399029172564,-0.051643192488262914,-0.20551520928030084,-0.15844043933335197,-11.342213737699486,137.34657783020833,121.76843541129033,Rapti,2,130.49836768368544,Stable,Stable
5092,no trend,0.6303292623489334,-0.03912363067292645,-0.004930092302350806,-0.1011690885045277,-11.342173674693159,5.122963604107954,4.54190817483871,Phalgu,3,4.872802019988263,Stable,Stable
3454,no trend,0.07927466956132867,-0.14162754303599373,-0.4266027938866117,-0.39255254258097816,-11.338364992256816,115.2145963844697,102.151144922043,Sindh,3,109.48894129107981,Stable,Stable
4728,no trend,0.729982701029817,-0.028169014084507043,-0.07025158137254914,-0.09185902056372754,-11.32662389532623,80.24762315151516,71.1582766922043,Karmanasa,3,76.34757843133802,Stable,Stable
4820,no trend,0.05993076455193247,-0.15179968701095461,-0.04974612075531916,-0.2119735437034464,-11.310967213918179,24.91200718126894,22.09421821666667,Bakra,5,23.663452589788733,Stable,Stable
3518,no trend,0.26145954726989884,-0.09076682316118936,-0.0060468338937451445,-0.31696080472287347,-11.30923609491137,2.0191784320530304,1.7908247759946236,Banganga,4,1.919768163697183,Stable,Stable
4556,no trend,0.2532906725868418,-0.09233176838810642,-0.047478940870135156,-0.21839079200365896,-11.307563364194518,22.952515392670456,20.357145170967744,Lilajan,4,21.816349767018778,Stable,Stable
4599,no trend,0.08795266108767041,-0.13771517996870108,-0.028622182698412706,-0.35311234117711354,-11.245251670235271,8.568846935075758,7.605258531989247,Danru,5,8.145623950704225,Stable,Stable
4933,no trend,0.6442115023036941,-0.03755868544600939,-0.035611315634602035,-0.08071015803890794,-11.204882386143726,46.58160401375,41.36219007043011,Kamala,3,44.29067507488263,Stable,Stable
3962,no trend,0.6582189629917612,-0.03599374021909233,-0.09761258154003791,-0.10406127548648551,-11.179298453725709,98.4445239532197,87.43911680913978,Karmanasa,3,93.7106961032864,Stable,Stable
4226,no trend,0.3842112081012248,-0.07042253521126761,-0.015078154261363608,-0.2594711283821401,-11.142502009854564,6.1144796581268945,5.433173639327957,Mana,5,5.819124316302816,Stable,Stable
3580,no trend,0.2453012535825112,-0.09389671361502347,-0.056927300020703925,-0.3526442968027707,-11.130999901767971,17.10517819375,15.20120082580645,Newaj,4,16.277654526056338,Stable,Stable
4897,no trend,0.2573526206385808,-0.09154929577464789,-0.012916351951754418,-0.2580976777678259,-11.102279730574432,5.2768535028238635,4.691002465967743,Bagmati,2,5.022558594424883,Stable,Stable
4893,no trend,0.6234363808595347,-0.03990610328638498,-0.02932353598090284,-0.12141786521494496,-11.015654186445257,25.49167625439394,22.683601351881723,Kosi,2,24.270359836150234,Stable,Stable
3458,no trend,0.07284506909758859,-0.14475743348982786,-0.02657877369632767,-0.51682200597878,-10.98267492355307,5.435409063566288,4.838455755349463,Ghurari,5,5.172470806596245,Stable,Stable
4935,no trend,0.6029566352766689,-0.04225352112676056,-0.09393771101125642,-0.11403809327531615,-10.97488375533888,86.82435656448862,77.29548436021506,Kamala,3,82.6513684149061,Stable,Stable
4371,no trend,0.07278866636800574,-0.14475743348982786,-0.023238683859953715,-0.35310741775776666,-10.969848214698489,6.904805759147727,6.147359047849462,Ghodchhatra,5,6.571642279812206,Stable,Stable
4934,no trend,0.6794556908944689,-0.033646322378716745,-0.05920688288288295,-0.0849605766876629,-10.798720307919716,73.42220806818182,65.493549175,Kamala,3,69.94567256232394,Stable,Stable
4543,no trend,0.12811677460841087,-0.12284820031298904,-0.021423097523148166,-0.36480019746786096,-10.793677927408558,6.1888742509412875,5.520867096962366,Batane,5,5.89676744640845,Stable,Stable
7670,no trend,0.5498843783585525,-0.048513302034428794,-0.01319618077196185,-0.16012029207214373,-10.777201038232253,8.659768092348484,7.726487475591398,Mendha,3,8.254905293920187,Stable,Stable
5099,no trend,0.05125243818570069,-0.1572769953051643,-27.982972805788975,-0.2933723470850185,-10.768511389572948,10041.970567708333,8960.599823387098,Ganga,1,9570.365378403756,Stable,Stable
5101,no trend,0.052423749532427566,-0.1564945226917058,-27.73994411764697,-0.29011786233953607,-10.745307372655008,10065.314210416665,8983.765260483871,Ganga,1,9593.637620187794,Stable,Stable
4892,no trend,0.7009498978605979,-0.03129890453834116,-0.018486268528222112,-0.10536938130657542,-10.736481252706076,18.505978924829545,16.519087966935484,Kosi,2,17.641931084624414,Stable,Stable
5107,no trend,0.053617359017357646,-0.15571205007824726,-27.42392857744104,-0.2862178712163897,-10.720910716342095,10085.087115416667,9003.873930107526,Ganga,1,9613.561154812207,Stable,Stable
4749,no trend,0.7520168837093886,-0.025821596244131457,-0.032208400612745235,-0.07123613116502082,-10.701661739973858,47.808877034431816,42.69253273252688,Rapti,2,45.55339403251174,Stable,Stable
5108,no trend,0.053617359017357646,-0.15571205007824726,-27.248936863425982,-0.28400043949184317,-10.686139581331092,10097.371739469698,9018.352501344087,Ganga,1,9626.806766901407,Stable,Stable
4731,no trend,0.31428178970687237,-0.081377151799687,-0.014620138880681829,-0.22288376453355477,-10.637546326728852,6.910138235445077,6.175069079408603,Surai,5,6.588389262664319,Stable,Stable
4930,no trend,0.8496314926030792,-0.01564945226917058,-0.0042511633062435284,-0.05710848588225881,-10.627939761070717,7.835847980833333,7.00305877766129,Jamuni,5,7.470053865363849,Stable,Stable
4268,no trend,0.1381593548578981,-0.11971830985915492,-0.07087401051384537,-0.4096887039158671,-10.601910235711411,18.211895838238636,16.281086989247314,Mirhasan,5,17.355327789906102,Stable,Stable
4565,no trend,0.08795266108767041,-0.13771517996870108,-0.5419517404214562,-0.32926958768608566,-10.592342802691146,173.53201858768938,155.1509123064516,Koel,3,165.44569190962443,Stable,Stable
4560,no trend,0.3789212200049066,-0.07120500782472614,-0.07728131405141832,-0.1899262382444035,-10.57847007774879,42.717653570795456,38.19877936989247,Punpun,3,40.75464166830986,Stable,Stable
4553,no trend,0.22239929289705085,-0.09859154929577464,-0.04400246012696872,-0.31086283701498135,-10.558497876610307,14.881660536780302,13.310380725,Punpun,3,14.197062076525821,Stable,Stable
4233,no trend,0.28267229215716716,-0.08685446009389672,-0.04189881022727284,-0.26784061741266263,-10.556041154908366,16.47014677748106,14.731551305376344,Dhauli Ganga,4,15.714875376760563,Stable,Stable
4547,no trend,0.2783390390292886,-0.08763693270735524,-0.020746811425848884,-0.26709971682090045,-10.549557287062603,8.15952390067235,7.298730252419355,Punpun,3,7.785399777523474,Stable,Stable
3577,no trend,0.2783390390292886,-0.08763693270735524,-0.02857047891088301,-0.33510137514194216,-10.52901438844204,9.00807935684659,8.059617385241935,Newaj,4,8.59603570769953,Stable,Stable
4856,no trend,0.052423749532427566,-0.1564945226917058,-0.10679333121597095,-0.21231638719405366,-10.494264159819359,53.17702453270833,47.59648710591397,Kankai,4,50.70071109953052,Stable,Stable
4864,no trend,0.05993076455193247,-0.15179968701095461,-27.57616643917623,-0.2845059777117473,-10.492302762515154,10191.757164185607,9122.407145698924,Ganga,1,9725.419900938967,Stable,Stable
4730,no trend,0.3096290813784828,-0.08215962441314555,-0.0377691579782197,-0.2389460177180825,-10.419632989720833,16.596594412007576,14.86729018548387,Karmanasa,3,15.843887973474178,Stable,Stable
4369,no trend,0.12323919377751236,-0.12441314553990611,-0.051991210939510916,-0.3325625642977914,-10.412879302560551,16.358467593219697,14.655080106989248,Katni,4,15.609735801760563,Stable,Stable
4605,no trend,0.09936031287120262,-0.13302034428794993,-0.5041163224681005,-0.32516524398464697,-10.405949568085362,163.32459922613637,146.3291237983871,Koel,3,155.84434914788733,Stable,Stable
4191,no trend,0.16890433439895003,-0.1111111111111111,-0.04385770324147677,-0.34618326201667404,-10.358997658940474,13.407240774640153,12.018385016666667,Ajmar,5,12.799901353403754,Stable,Stable
4444,no trend,0.6097495826361756,-0.041471048513302036,-0.04469959562499999,-0.11862884606631463,-10.329371633041488,39.69790446617424,35.59736038333333,Rohini,3,37.897797367723,Stable,Stable
3923,no trend,0.06541481350121581,-0.1486697965571205,-0.15818865137776505,-0.44239505250559796,-10.263220803717276,37.741115010303034,33.86766104301075,Banganga,4,36.04026033568075,Stable,Stable
3524,no trend,0.21873623484799687,-0.09937402190923318,-0.06451692771923451,-0.4015563850736056,-10.222095222594497,16.90330380806818,15.17543199704301,Banganga,4,16.1511086221831,Stable,Stable
4549,no trend,0.45701514595618686,-0.06025039123630673,-0.014754913333333253,-0.15556069455123425,-10.216028859218865,9.934317974583333,8.919425183333333,Madad,5,9.493770108802817,Stable,Stable
4876,no trend,0.6165763246166498,-0.0406885758998435,-0.11087295833333341,-0.1230798880078684,-10.20501526183904,94.58582346174242,84.93332574193548,Kosi,2,90.36306185093898,Stable,Stable
4592,no trend,0.3050221061741585,-0.08294209702660407,-0.011049216984953696,-0.2128456881129952,-10.093327595887995,5.457513508897728,4.906668791854838,Maila,5,5.215582969542253,Stable,Stable
4601,no trend,0.10974279083839389,-0.12910798122065728,-0.46902068222630955,-0.31219370004126273,-10.05283357601906,158.00075037670453,142.11719789247311,Koel,3,151.00797975821595,Stable,Stable
4600,no trend,0.12569703633802876,-0.12363067292644757,-0.41168910227272704,-0.2971060303022632,-9.736805364488864,145.51372952575758,131.3453409032258,Koel,3,139.27399572887325,Stable,Stable
4771,no trend,0.8496314926030792,0.01564945226917058,0.0049966160119047694,0.04044040895181036,-9.696841821991912,12.950279290511364,11.6945111922043,Ghaghara,1,12.407280108333334,Stable,Stable
4824,no trend,0.16005089535061545,-0.1134585289514867,-0.03971964285087715,-0.16325964134765525,-9.607120836905453,25.61638113066288,23.15538444139785,Ratua,5,24.524309958685446,Stable,Stable
4927,no trend,0.7817101679285825,-0.02269170579029734,-0.010670985642519372,-0.07270392604520885,-9.596142966175499,15.385060801742423,13.908688371774193,Mahara,5,14.737848330633803,Stable,Stable
4550,no trend,0.17500757215046248,-0.10954616588419405,-0.03690332524698739,-0.32922134207397197,-9.56583363424199,11.762810754829546,10.637599847311828,Morhar,4,11.267836582042255,Stable,Stable
3431,no trend,0.27405121710465385,-0.08841940532081377,-0.014260081716888931,-0.2893842854584518,-9.550287408547186,5.18092116969697,4.686128307580645,Sohadra,5,4.964248849788732,Stable,Stable
3412,no trend,0.3949258884499005,-0.06885758998435054,-0.09365139573511161,-0.27778894804124415,-9.518216271649155,35.452281453124996,32.0778566311828,Morel,4,33.98059839706573,Stable,Stable
3461,no trend,0.13559356698718927,-0.12050078247261346,-0.34830503641456584,-0.3864590821155178,-9.464188312491263,94.75294008295455,85.78534340188172,Sindh,3,90.82553662382628,Stable,Stable
4557,no trend,0.31428178970687237,-0.081377151799687,-0.04818188941017318,-0.24056432929721056,-9.418034004153357,20.932763525852273,18.961308738978495,Punpun,3,20.075132511737092,Stable,Stable
4598,no trend,0.11637258786708138,-0.1267605633802817,-0.3411295605545249,-0.27269302277447155,-9.34611023519892,131.13025087064392,118.87467307258065,Koel,3,125.72937177112676,Stable,Stable
4844,no trend,0.0776255173837277,-0.14241001564945227,-0.04594138118648339,-0.18437395429875394,-9.305991627709401,26.212808472007577,23.77344671021505,Mechi,4,25.126396564788735,Stable,Stable
3523,no trend,0.3736762927138684,-0.07198748043818466,-0.027520437187279763,-0.2763812612061747,-9.2722707928501,10.43418249344697,9.466696837634409,Banganga,4,10.012877088615022,Stable,Stable
4938,no trend,0.9573544707267698,-0.004694835680751174,-0.00024251833333333614,-0.004793198352503874,-9.262974077960171,5.2924148004450755,4.802179789381721,Kamala,3,5.077046082511737,Stable,Stable
5171,no trend,0.35314920453786036,-0.07511737089201878,-0.007021938519005825,-0.17950115288119858,-9.262047887051605,4.093791308306818,3.714622396935484,Jam,5,3.927423647511737,Stable,Stable
4103,no trend,0.08615834146201906,-0.13849765258215962,-0.39098676423076906,-0.42909757750460825,-9.260667430850953,94.99701707897728,86.19965925806451,Katni,4,91.12667587206572,Stable,Stable
4735,no trend,0.4453347120023703,-0.061815336463223784,-0.05446836583110519,-0.20389802910623978,-9.176295411196495,27.99200996814394,25.423380441935482,Banganga,4,26.863708005164316,Stable,Stable
4283,no trend,0.052423749532427566,-0.1564945226917058,-1.7817103411458426,-0.5180025350559412,-9.167072180342318,361.6049411215909,328.45635516129033,Ken,2,346.807755971831,Stable,Stable
4747,no trend,0.8878887714688604,-0.011737089201877934,-0.0018496858563899856,-0.03641832849626841,-9.153827256022026,5.3363944909261365,4.847910157526882,Rapti,2,5.120449398122066,Stable,Stable
4104,no trend,0.0776255173837277,-0.14241001564945227,-0.40548354678030285,-0.39581647701849654,-9.115710952218127,106.71001407007574,96.98263763037635,Son,2,102.43278396185447,Stable,Stable
4915,no trend,0.7891853811696212,-0.02190923317683881,-0.010858777499999868,-0.051353853501870717,-9.093039630040172,22.110173064924243,20.099686265860214,Jhim,5,21.229111796126762,Stable,Stable
4895,no trend,0.6234363808595347,-0.03990610328638498,-0.03472906877189667,-0.08863026761639944,-9.088970479270644,41.009102286079546,37.28179708548387,Kosi,2,39.38707007664319,Stable,Stable
3302,no trend,0.07600441755067244,-0.1431924882629108,-0.09466252116402117,-0.46401941479451964,-9.034954840048647,21.386404090757576,19.454152139247313,Hindon,3,20.54279970786385,Stable,Stable
4250,no trend,0.06541481350121581,-0.1486697965571205,-1.8986636770833334,-0.5127203367406727,-9.015125898520983,388.8616062331439,353.80524286021506,Ken,2,373.2114139471831,Stable,Stable
4102,no trend,0.1975774496515974,-0.10406885758998435,-0.018173293429418078,-0.2472138822611341,-8.982575890180078,7.640452771511365,6.9541433029569895,Bhandar,5,7.33984875713615,Stable,Stable
3789,no trend,0.35821290560466945,-0.07433489827856025,-0.017999934020467845,-0.2999335724377881,-8.975932280573614,6.297499205655303,5.7322399415860215,Parbati,3,6.052130992593897,Stable,Stable
4122,no trend,0.06400641968236065,-0.14945226917057902,-2.1146762403846155,-0.5114345479283587,-8.967859668994464,433.62006579848486,394.7336268010753,Ken,2,416.2960502535211,Stable,Stable
5137,no trend,0.7081692106038104,-0.03051643192488263,-0.00590448497124018,-0.07125971014357244,-8.947623518644747,8.668895444242425,7.893235316666667,Nakti,5,8.33049367112676,Stable,Stable
4259,no trend,0.06979401695432808,-0.14632237871674492,-1.9419497886904766,-0.5193782628110982,-8.913323112333783,392.37973607462123,357.4056623709677,Ken,2,376.76696834741784,Stable,Stable
4281,no trend,0.05010311706572379,-0.15805946791862285,-1.777222414148109,-0.5311331138643864,-8.902834479832208,351.34006486060605,320.06084042473117,Ken,2,337.3733527370892,Stable,Stable
3788,no trend,0.38954613981986475,-0.06964006259780908,-0.008736286243315508,-0.26211404574950686,-8.892687157792727,3.489987412168561,3.1796337497580645,Papras,5,3.3554691604694837,Stable,Stable
4046,no trend,0.43382633879160837,-0.06338028169014084,-0.00890966295910494,-0.19673686083593872,-8.884003452998712,4.748726518583333,4.326849490698924,Gomti,2,4.5637067642723,Stable,Stable
4877,no trend,0.7009498978605979,-0.03129890453834116,-0.08497532138480329,-0.08411636798535267,-8.87943692356454,105.39903008238636,96.04018968817205,Kosi,2,101.31214572065727,Stable,Stable
3592,no trend,0.27405121710465385,-0.08841940532081377,-0.020076913716517868,-0.3581349788650825,-8.851817290632342,5.876668915556818,5.356476920376344,Londri,5,5.650096240985915,Stable,Stable
4187,no trend,0.08095220093758604,-0.14084507042253522,-0.021456738142857132,-0.49252551645266013,-8.83132723501408,4.572854906412879,4.169011125645161,Betwa,2,4.394448433215962,Stable,Stable
3800,no trend,0.05607271202075026,-0.1541471048513302,-2.0310607381221724,-0.3226385065241049,-8.825956167135287,659.0801421308712,600.9100176801076,Ganga,1,633.5994124976526,Stable,Stable
4739,no trend,0.5695150128741793,-0.04616588419405321,-0.024361867632575838,-0.1006836239491138,-8.763307161666033,25.289780292310606,23.073559164784946,Danau,4,24.318232646009392,Stable,Stable
4879,no trend,0.8117251184237138,-0.019561815336463225,-0.05537090138889032,-0.05003395917159452,-8.762620426134431,115.37069004109848,105.26119438978495,Kosi,2,110.96261339553992,Stable,Stable
4260,no trend,0.07927466956132867,-0.14162754303599373,-1.9441570926840086,-0.4959407348598803,-8.67417366963014,410.6393713151515,375.0197990913979,Ken,2,394.7518327558686,Stable,Stable
4863,no trend,0.07927466956132867,-0.14162754303599373,-26.72057936885753,-0.23754381940034613,-8.62604055970489,11729.629850151516,10717.827221774194,Ganga,1,11288.112461971832,Stable,Stable
4834,no trend,0.08265843858017319,-0.14006259780907668,-26.756780459770088,-0.23751425246833005,-8.599853430393022,11745.553839223485,10735.453424462365,Ganga,1,11304.784295774649,Stable,Stable
5093,no trend,0.4453347120023703,-0.061815336463223784,-0.07943587554985321,-0.13091936765359807,-8.567932814094851,63.16893016089015,57.75665866532258,Phalgu,3,60.812385570422535,Stable,Stable
4835,no trend,0.08439370968045279,-0.13928012519561817,-26.78508864795925,-0.23674941605527872,-8.549185495575099,11793.351623068182,10785.116116666666,Ganga,1,11353.386415023475,Stable,Stable
3347,no trend,0.2374903017794887,-0.09546165884194054,-0.015573811645473622,-0.35701341493531247,-8.535380785770567,4.565872246371212,4.176157663951613,Manki,5,4.394838872476526,Stable,Stable
4836,no trend,0.08439370968045279,-0.13928012519561817,-26.608911660289095,-0.23479961939313793,-8.504048074645787,11810.363669867424,10806.004665591397,Ganga,1,11372.114455633804,Stable,Stable
3435,no trend,0.28267229215716716,-0.08685446009389672,-0.017933686882411017,-0.3111025927083214,-8.473298425664513,6.038142930839015,5.52651306094086,Galwa,5,5.815351964671361,Stable,Stable
1549,no trend,0.15434651244363784,-0.11502347417840375,-0.16058685676129486,-0.1929866784927206,-8.423253827721263,87.08914056950758,79.75340120295698,Punarbhaba,4,83.82393540669014,Stable,Stable
4826,no trend,0.09163167164945318,-0.13615023474178403,-0.23891568423864157,-0.17638916994339865,-8.417096167760429,141.9224875497159,129.9767352889785,Kankai,4,136.59406079460092,Stable,Stable
4851,no trend,0.22985671735809987,-0.09702660406885759,-0.09144185564228023,-0.14125342071212943,-8.40266235076121,67.80288765776515,62.1056399438172,Nagar,5,65.26366815739436,Stable,Stable
5172,no trend,0.35314920453786036,-0.07511737089201878,-0.013133932247725386,-0.20502214184835282,-8.39035580827454,6.6795240398560605,6.119088206612903,Lilajan,4,6.432846996478874,Stable,Stable
3587,no trend,0.35314920453786036,-0.07511737089201878,-0.18282240293880836,-0.2784514339619897,-8.359802591964476,68.73618314460228,62.98997392446237,Parbati,3,66.23892779741784,Stable,Stable
4561,no trend,0.48088440255926135,-0.05712050078247261,-0.07578472408999004,-0.13710355109772399,-8.324494187769432,57.50239868443182,52.715614848118285,Phalgu,3,55.41487341115024,Stable,Stable
3411,no trend,0.41133262486980504,-0.06651017214397496,-0.06748227689542483,-0.22944857255723008,-8.287392197981564,30.753590629867425,28.204919959408603,Morel,4,29.642119815258216,Stable,Stable
4838,no trend,0.08265843858017319,-0.14006259780907668,-26.730004715255987,-0.22543846429404113,-8.28252660572188,12347.342849924242,11324.670893279568,Ganga,1,11900.703923356807,Stable,Stable
2959,no trend,0.08795266108767041,-0.13771517996870108,-26.4347697185062,-0.22267936011658007,-8.251494214560324,12360.476447916666,11340.552448924731,Ganga,1,11915.043745187793,Stable,Stable
7679,no trend,0.6937574902034176,-0.032081377151799685,-0.0072733206648284265,-0.10383874467678302,-8.242370210811366,7.277509355227274,6.6776700920430105,Mendha,3,7.017628425516431,Stable,Stable
3673,no trend,0.8117251184237138,-0.019561815336463225,-0.00451089218749998,-0.0609011750928347,-8.236608141297122,7.734048855770834,7.097025558064517,Padma,1,7.455330853485916,Stable,Stable
2973,no trend,0.08615834146201906,-0.13849765258215962,-26.385611065227824,-0.22123600290593187,-8.187964617187875,12414.208037121212,11397.737075537634,Padma,1,11970.29781173709,Stable,Stable
2960,no trend,0.09163167164945318,-0.13615023474178403,-26.22916774193549,-0.22016637497542685,-8.181800362486413,12400.252140435605,11385.688265860215,Ganga,1,11957.178962558684,Stable,Stable
3791,no trend,0.30046084574552445,-0.0837245696400626,-0.038214025335249036,-0.29741909600792643,-8.177735866702553,13.39534885153409,12.299912604032258,Mej,4,12.921749874061033,Stable,Stable
4608,no trend,0.13306473930212648,-0.12128325508607199,-0.03893174484737485,-0.32239525188695417,-8.163625922310667,12.598409734848484,11.569922691935483,Kanhar,3,12.146521133802816,Stable,Stable
4741,no trend,0.637254471508776,-0.03834115805946792,-0.012289887897215416,-0.10972528906439659,-8.150523163662127,11.676077947708333,10.72441650997312,Danau,4,11.258473935457745,Stable,Stable
4607,no trend,0.14879794762292553,-0.11658841940532082,-0.027256069210317473,-0.354596224987963,-8.10780653519921,8.01049976503788,7.361023941586021,Kanhar,3,7.7258285901056345,Stable,Stable
1551,no trend,0.06541481350121581,-0.1486697965571205,-28.21889278846156,-0.22941050303484986,-8.093116178530936,12799.646398352274,11763.756144892473,Padma,1,12347.029978286386,Stable,Stable
1553,no trend,0.06541481350121581,-0.1486697965571205,-28.04489497835499,-0.2278518724967065,-8.093031747183172,12807.739893295455,11771.20543763441,Padma,1,12354.839418309859,Stable,Stable
1523,no trend,0.06400641968236065,-0.14945226917057902,-27.91210390394092,-0.22581014282646214,-8.080689762590291,12861.499447386364,11822.201578225808,Padma,1,12407.399988380283,Stable,Stable
4852,no trend,0.14340298483681213,-0.11815336463223787,-0.04761158311664174,-0.22479576583596333,-8.037767708962951,22.149042726420454,20.368754122311824,Sudhani,5,21.35351345293427,Stable,Stable
3582,no trend,0.295945273327078,-0.08450704225352113,-0.12340120706835685,-0.3108569881459622,-8.02546302502308,41.48052081284091,38.15151695241936,Newaj,4,40.03601303204225,Stable,Stable
4888,no trend,0.5563907438061542,-0.04773082942097027,-0.016535262127976187,-0.14952566126873323,-7.9431213844164725,11.522655593920454,10.607397073387098,Kosi,2,11.123728404342724,Stable,Stable
3396,no trend,0.7226862070785358,-0.028951486697965573,-0.002132080119301993,-0.11626887383418086,-7.847053643113814,1.9113865735435607,1.7613990437903224,Dhund,5,1.8461679467018781,Stable,Stable
3598,no trend,0.45701514595618686,-0.06025039123630673,-0.008990034833116889,-0.21582737781922873,-7.828341666252428,4.345995009339015,4.005775671209678,Chhoti Kali Sindh,4,4.197951649061033,Stable,Stable
3488,no trend,0.2698087511110099,-0.0892018779342723,-0.01472672167892156,-0.29655605874871455,-7.823173007603831,5.1879905071306816,4.782125034139785,Aerma,5,5.007438008978873,Stable,Stable
4804,no trend,0.16005089535061545,-0.1134585289514867,-0.047868569596797056,-0.30448683647177366,-7.802626304248886,16.284310739867426,15.013706826612903,Sharda,2,15.741169440023475,Stable,Stable
4940,no trend,0.9186882634841276,0.008607198748043818,0.0021045542214711806,0.029566791766348795,-7.77120036127073,7.394214756155303,6.819595512311828,Kamala,3,7.141783414295775,Stable,Stable
4845,no trend,0.05993076455193247,-0.15179968701095461,-0.06400161017628195,-0.18785978752430182,-7.732648053057216,35.60514529282197,32.85192471854838,Dahuk,5,34.37232915011737,Stable,Stable
4590,no trend,0.07284506909758859,-0.14475743348982786,-0.214097923745237,-0.3708978317954677,-7.724611963799714,60.11128152083334,55.46791827688172,Koel,3,58.055102097417844,Stable,Stable
4077,no trend,0.5433363227635004,-0.04929577464788732,-0.013807643814814814,-0.13902796010230326,-7.71197665931093,10.256656842935607,9.465665861182796,Tons,2,9.91157061685446,Stable,Stable
4822,no trend,0.41133262486980504,-0.06651017214397496,-0.05371013762973131,-0.09279922210771097,-7.688524127897674,60.386669350871216,55.74382570779569,Parman,5,58.31825588086855,Stable,Stable
3678,no trend,0.3096290813784828,-0.08215962441314555,-0.050017795399515376,-0.1391170878641957,-7.671633201793483,37.49200448564394,34.615755421505376,Padma,1,36.21592758720657,Stable,Stable
4846,no trend,0.08615834146201906,-0.13849765258215962,-0.11649414990179588,-0.16288370613342812,-7.6491804499217375,74.69328353715909,68.9798594954301,Mechi,4,72.13677660915492,Stable,Stable
5084,no trend,0.38954613981986475,-0.06964006259780908,-0.008155020696289286,-0.13236363185127545,-7.616124189752403,6.4214332830625,5.932368949462365,Padma,1,6.204239634471831,Stable,Stable
3683,no trend,0.3949258884499005,-0.06885758998435054,-0.013881761323529425,-0.14937557608109375,-7.508207495939027,9.684729427329547,8.957579846505377,Padma,1,9.362489949413145,Stable,Stable
4596,no trend,0.1305725749769009,-0.12206572769953052,-0.253393634722222,-0.2981744890566134,-7.472206481287193,88.3688126997159,81.76571254973119,Koel,3,85.44667409859156,Stable,Stable
1495,no trend,0.08977699556483376,-0.13693270735524257,-0.040542718079922026,-0.23742810474083947,-7.46517675237002,17.775532533598486,16.448557611290322,Padma,1,17.1842883149061,Stable,Stable
3677,no trend,0.3842112081012248,-0.07042253521126761,-0.024797683677637766,-0.12705438424594986,-7.450418093169399,20.325878327821968,18.811515411290323,Padma,1,19.654104644248825,Stable,Stable
3927,no trend,0.11637258786708138,-0.1267605633802817,-0.0942567636172839,-0.38377567907302773,-7.336394176019913,25.60216362731061,23.723887986021506,Solani,4,24.775044011150236,Stable,Stable
4872,no trend,0.796680051274133,-0.02112676056338028,-0.004736316237922714,-0.060365303136806436,-7.277724951009251,8.103687835189394,7.513923723655914,Bagmati,2,7.850698356338028,Stable,Stable
3862,no trend,0.9883642704729187,0.001564945226917058,0.00023888067628206823,0.005658719008232736,-7.270981895101658,4.370981163092803,4.053167914086021,Ramganga,2,4.233813783802817,Stable,Stable
3408,no trend,0.4869560812360789,-0.056338028169014086,-0.05114043799019598,-0.18839876655291002,-7.264459631213681,28.251898493939393,26.1995507327957,Morel,4,27.3571037814554,Stable,Stable
4850,no trend,0.20451758189679325,-0.10250391236306729,-0.10182120243055573,-0.12611996869238362,-7.225036720465659,84.16934137320075,78.0880755516129,Kankai,4,81.44488112640845,Stable,Stable
3659,no trend,0.47485419172648413,-0.057902973395931145,-0.011006407678398632,-0.23033187111172532,-7.20503418379272,4.9716787404166665,4.61346758766129,Chhoti Kali Sindh,4,4.815786290387324,Stable,Stable
1560,no trend,0.5242399029172564,-0.051643192488262914,-0.010232255606060534,-0.0804878670845715,-7.2006656781023235,13.233757986458333,12.280839317204302,Tangan,4,12.80849325786385,Stable,Stable
1496,no trend,0.3481310090480654,-0.07589984350547731,-0.09789484296433618,-0.1701408868555551,-7.191632950680135,59.81659937984848,55.51480910887097,Padma,1,57.91545506115023,Stable,Stable
4228,no trend,0.9573544707267698,0.004694835680751174,0.002329857539682505,0.01576241967487328,-7.171829050734764,15.297978160549244,14.200833318655913,Bhagirathi,3,14.82628099758216,Stable,Stable
3654,no trend,0.40581928169739556,-0.06729264475743349,-0.03224133785529708,-0.24205102366269773,-7.146724539504171,13.853221901628789,12.863170292473118,Ashamati,5,13.421297388732395,Stable,Stable
4942,no trend,0.8344219897000891,0.017214397496087636,0.002530507333112296,0.04691237884263604,-7.13115235871748,5.587559958333333,5.189102544569892,Kamala,3,5.412461678028169,Stable,Stable
4541,no trend,0.2080075791290077,-0.10172143974960876,-0.01696501997674419,-0.3070639350780481,-7.130925030171532,5.738375904477272,5.32917662077957,Sorhur,5,5.557928078720657,Stable,Stable
3926,no trend,0.10760042724468888,-0.1298904538341158,-0.026490535561594183,-0.37027672970293174,-7.126511230028759,7.451358432208333,6.920336536747311,Solani,4,7.217183010892018,Stable,Stable
3521,no trend,0.2573526206385808,-0.09154929577464789,-0.012110803810876626,-0.3315152661950892,-7.077716279620487,3.7874128689204545,3.51935053172043,Sanwan,4,3.6710523127934276,Stable,Stable
3839,no trend,0.22985671735809987,-0.09702660406885759,-0.040561803507870475,-0.37342991404466563,-7.0559454438042275,11.312973849708333,10.514736586801074,Deoha,4,10.961827737030518,Stable,Stable
4308,no trend,0.052423749532427566,-0.1564945226917058,-0.06719392838438736,-0.5082514217711136,-7.0220954937063125,13.779955258939395,12.812313641666666,Bearma,3,13.348480674647888,Stable,Stable
3625,no trend,0.3333500217009937,-0.0782472613458529,-0.05337209820402303,-0.3073985672385816,-6.972605675006991,18.006787222897728,16.751244955107527,Mej,4,17.464630498356808,Stable,Stable
5085,no trend,0.45701514595618686,-0.06025039123630673,-0.0931574368125297,-0.10210147647750686,-6.970344698349332,94.91952596429924,88.30330781854839,Nagar,5,91.9617335269953,Stable,Stable
4551,no trend,0.4869560812360789,-0.056338028169014086,-0.01987297679924239,-0.1855880091632746,-6.87989068895998,11.067045630303031,10.30564498844086,Dharmauti,5,10.735725271596243,Stable,Stable
4047,no trend,0.5563907438061542,-0.04773082942097027,-0.00979338176476302,-0.13838186608995398,-6.861509654604432,7.354278084706439,6.849663583897849,Gomti,2,7.132793411220657,Stable,Stable
3661,no trend,0.5434157270143498,-0.04929577464788732,-0.06970731696969693,-0.10269695569038254,-6.809444964929688,70.49545395719697,65.6951048172043,Padma,1,68.36499730633803,Stable,Stable
3392,no trend,0.0776255173837277,-0.14241001564945227,-6.834830876436814,-0.4160876097841252,-6.774592675133056,1704.2260665000001,1588.771692231183,Yamuna,1,1653.9609911737089,Stable,Stable
4229,no trend,0.7154148441443793,-0.0297339593114241,-0.013141205067073142,-0.12290957759165859,-6.77129823339428,10.980106796602273,10.236611019059138,Jadh Ganga,4,10.663585850528168,Stable,Stable
1548,no trend,0.38954613981986475,-0.06964006259780908,-0.06359962029311092,-0.1151798723019373,-6.718061374696455,57.37974613195075,53.52493957016129,Punarbhaba,4,55.655701695774646,Stable,Stable
3840,no trend,0.22610606469567318,-0.09780907668231612,-0.0474716260607448,-0.28487353112111796,-6.707647602882602,17.31472645439394,16.153315620430106,Deoha,4,16.805140498122068,Stable,Stable
4440,no trend,0.8117251184237138,-0.019561815336463225,-0.007434675468975463,-0.03809788620766171,-6.703704011045638,20.22206160348485,18.866434448655916,Rohini,3,19.624927112441313,Stable,Stable
4589,no trend,0.3842112081012248,-0.07042253521126761,-0.046949656328085995,-0.19340759709037061,-6.684458469052995,25.144931187689394,23.464128705376343,Auranga,4,24.4007448528169,Stable,Stable
1552,no trend,0.5827852327137752,-0.04460093896713615,-0.004414099503384247,-0.08486466484245722,-6.632793039726352,5.397827665344697,5.0398009276612905,Padma,1,5.238577650774649,Stable,Stable
3311,no trend,0.864897167788448,-0.014084507042253521,-0.009656712112403081,-0.057111111529364086,-6.538394964944805,17.449764812727274,16.308830268817204,Tons,2,16.959023804342724,Stable,Stable
5091,no trend,0.5961979541459173,-0.04303599374021909,-0.01099198057413598,-0.15000136181520743,-6.5057289149101045,7.550735140075757,7.05950478077957,Balan,5,7.337429706279342,Stable,Stable
4891,no trend,0.8041935186327291,0.02034428794992175,0.00650483652777775,0.04260755933531267,-6.496328100083621,15.787181077310606,14.761593996774193,Balan,5,15.335545285563379,Stable,Stable
4289,no trend,0.06684866277056156,-0.14788732394366197,-0.3055151293979416,-0.4965787466125465,-6.49517853453774,64.00574462327651,59.84845723763441,Bearma,3,62.13568717946009,Stable,Stable
4842,no trend,0.17812023020364975,-0.10876369327073553,-0.05967536318773503,-0.13091771202279417,-6.487320493018775,47.36400912225379,44.29135405215054,Mechi,4,45.982861709037564,Stable,Stable
4238,no trend,0.7668207233743265,-0.024256651017214397,-0.02504969285999532,-0.10187798592021298,-6.33872358147393,25.309189008579544,23.704909476612904,Alaknanda,3,24.62153532875587,Stable,Stable
4406,no trend,0.8802134306063019,-0.012519561815336464,-0.002770963523391792,-0.024896890511572647,-6.335013834471878,11.482134993560607,10.754740153225805,Ganga,1,11.16774049483568,Stable,Stable
4290,no trend,0.07441104350988703,-0.14397496087636932,-0.35640486398809534,-0.4878422605250294,-6.314387372666684,75.9396948830303,71.14456837849463,Bearma,3,73.77709135469483,Stable,Stable
4293,no trend,0.08977699556483376,-0.13693270735524257,-0.022456632476689987,-0.5288719486375271,-6.247077955975108,4.411610291439394,4.136013557419354,Bearma,3,4.286337623638498,Stable,Stable
3291,no trend,0.05607271202075026,-0.1541471048513302,-0.06525516252616431,-0.5505698515983906,-6.1646414072700475,12.278750542954544,11.521809602688172,Yamuna,1,11.943506646244131,Stable,Stable
3776,no trend,0.3736762927138684,-0.07198748043818466,-0.2156428842054266,-0.26689164449402303,-6.146601673757436,83.73822996761365,78.59117452284946,Parbati,3,81.50647842723005,Stable,Stable
4378,no trend,0.30046084574552445,-0.0837245696400626,-0.02567348097222214,-0.18103520303955106,-6.123891908838135,14.622859891534091,13.727371757795698,Tipan,5,14.229674593075117,Stable,Stable
4099,no trend,0.4280462475857827,-0.06416275430359937,-0.01899495323609996,-0.165658721234308,-6.071325731040373,11.749742364547348,11.036377233037634,Gudne,5,11.436247201056338,Stable,Stable
3553,no trend,0.24927359025181262,-0.09311424100156494,-0.012428880289855072,-0.29539041032194013,-6.061020607592062,4.36099689988447,4.096675979086021,Kali,3,4.2445890664788735,Stable,Stable
3939,no trend,0.9418708081099778,0.006259780907668232,0.010920506186868637,0.02799842523156091,-6.059499558659725,39.765356202973486,37.35577461935484,Karmanasa,3,38.767669865140846,Stable,Stable
3653,no trend,0.42813722853210345,-0.06416275430359937,-0.017207190546085795,-0.17746359338208845,-6.056474355583711,10.040079636931818,9.43200478844086,Kanh,5,9.773649297769953,Stable,Stable
4733,no trend,0.6865925646666557,-0.03286384976525822,-0.01169335996041334,-0.1082635658385564,-6.042348801347374,11.153982431837122,10.480019908064515,Banganga,4,10.856698848356807,Stable,Stable
4292,no trend,0.07441104350988703,-0.14397496087636932,-0.4057705456452546,-0.4985916890242649,-6.024262718370981,84.48448868818181,79.39492113333333,Bearma,3,82.1827527443662,Stable,Stable
4091,no trend,0.08089239650896274,-0.14084507042253522,-0.0720994983217593,-0.630167573938798,-6.012812186833963,11.344018400227274,10.661923879381721,Yamuna,1,11.083304707312205,Stable,Stable
5077,no trend,0.9264090835829735,-0.00782472613458529,-0.005498168631897369,-0.015642408297106995,-6.011928440223255,36.39337825498106,34.205434397311826,Tangon,5,35.41306835023474,Stable,Stable
3469,no trend,0.2532906725868418,-0.09233176838810642,-0.1998499482920421,-0.2788528679677583,-5.9845783360745735,74.18155248068182,69.74209936155914,Sindh,3,72.23334192840376,Stable,Stable
4294,no trend,0.07130616862351746,-0.14553990610328638,-0.4880821275545636,-0.5136430815640308,-5.876945011037835,98.57614635564394,92.78288044032257,Bearma,3,95.95238725774648,Stable,Stable
1562,no trend,0.9806083394501892,-0.002347417840375587,-0.0014002541246499241,-0.0074342893372736085,-5.870253982369123,19.497075750643937,18.352547884946237,Punarbhaba,4,18.983422844248828,Stable,Stable
3555,no trend,0.10974279083839389,-0.12910798122065728,-0.052672674829931945,-0.40938830023203343,-5.858199129075792,13.33304703564394,12.551970590322581,Solani,4,12.987122060093897,Stable,Stable
5130,no trend,0.9186882634841276,0.008607198748043818,0.0035016313060995544,0.027703802696048344,-5.8013962363253375,13.027007987632576,12.271259636532259,Jamni,4,12.69517304681925,Stable,Stable
4190,no trend,0.2698087511110099,-0.0892018779342723,-0.030797383833333344,-0.27402644232416873,-5.684548270574695,11.631176785700758,10.96999692688172,Betwa,2,11.342599511150235,Stable,Stable
5139,no trend,0.7226862070785358,-0.028951486697965573,-0.02498784581840804,-0.06501750810765204,-5.584118186361926,39.63954515909091,37.426026108870964,Kiul,3,38.67125150762911,Stable,Stable
3554,no trend,0.21154056044294678,-0.10093896713615023,-0.01789118946452255,-0.3439149703029981,-5.521513373803465,5.366384109494318,5.070078493198925,Kali,3,5.237602326291079,Stable,Stable
4914,no trend,0.9341368400799535,-0.007042253521126761,-0.0015329509543969288,-0.012317027513926196,-5.471002875958606,12.805478983693183,12.104890860215054,Lakhandei,5,12.4980376592723,Stable,Stable
4285,no trend,0.17193568941362392,-0.11032863849765258,-0.03597204127777777,-0.39434385013181683,-5.408712852833409,9.449216351755682,8.938135372446236,Bearma,3,9.217000836643193,Stable,Stable
4302,no trend,0.2573526206385808,-0.09154929577464789,-0.10537748182773103,-0.29963645436468783,-5.406398897623078,36.04784797630682,34.098957520698924,Ken,2,35.18679567969484,Stable,Stable
4734,no trend,0.7226862070785358,-0.028951486697965573,-0.008606724040570161,-0.07280216926026005,-5.356230861959306,12.18934217965909,11.536452871962366,Banganga,4,11.899440377664318,Stable,Stable
4194,no trend,0.26561155804343417,-0.08998435054773082,-0.14018693326781964,-0.2961709552070119,-5.3552870170782345,48.94986741753788,46.328461522849466,Betwa,2,47.80127288204225,Stable,Stable
3730,no trend,0.9109751026871793,-0.009389671361502348,-0.0027150181818181756,-0.029935513274736515,-5.34980326436486,9.331645145511363,8.832420488897851,Berach,4,9.117711590575118,Stable,Stable
4873,no trend,0.9264090835829735,-0.00782472613458529,-0.007764443334089542,-0.026519899422396423,-5.347120676703398,29.996116189583336,28.39218765860215,Balan,5,29.30829176701878,Stable,Stable
5134,no trend,0.5242399029172564,-0.051643192488262914,-0.011333129118297371,-0.12265166192322832,-5.336781443343134,9.52586842435606,9.017493645967743,Kiul,3,9.302518414788732,Stable,Stable
4288,no trend,0.11865114122914533,-0.12597809076682315,-0.024632075983950015,-0.5114233521819647,-5.333811763195005,4.983777301660985,4.717952001693549,Bearma,3,4.86203389084507,Stable,Stable
3727,no trend,0.34315838025944156,-0.07668231611893583,-0.022246562166045376,-0.2653802160161222,-5.321091843464022,8.62546638277841,8.166497394623656,Mej,4,8.42840008564554,Stable,Stable
4171,no trend,0.2151167171899746,-0.10015649452269171,-0.028714697646547528,-0.29535178605518564,-5.30464024504731,10.05378584821212,9.52046867795699,Bina,4,9.81640852084507,Stable,Stable
4101,no trend,0.5694389703953568,-0.04616588419405321,-0.026553518065476137,-0.11677386895565924,-5.247517037515777,23.22697592770833,22.008136408602148,Satna,4,22.693799749178403,Stable,Stable
3348,no trend,0.38954613981986475,-0.06964006259780908,-0.023367341157407413,-0.2664982823359326,-5.240953104729042,9.044432112089016,8.570417666505376,Kuno,4,8.836064239753522,Stable,Stable
4924,no trend,0.7594077836691946,-0.025039123630672927,-0.023812612402534246,-0.08004239744667381,-5.240701895790632,30.52370495125,28.924048567204302,Bagmati,2,29.830709923474178,Stable,Stable
4286,no trend,0.15155288998208172,-0.11580594679186229,-0.06543495541666665,-0.41309837336797933,-5.1955310196981195,16.39032836910985,15.538763774462366,Bearma,3,16.001703474647886,Stable,Stable
5100,no trend,0.5827852327137752,-0.04460093896713615,-0.019786678523024577,-0.13948298228127495,-5.172972552043293,14.580490056931819,13.826245308333334,Ganga,1,14.2517313407277,Stable,Stable
5078,no trend,0.6582189629917612,-0.03599374021909233,-0.05377055843406061,-0.07295457563299962,-5.092696573149098,75.99182348229166,72.12179049193549,Tangan,4,74.25595527758216,Stable,Stable
3778,no trend,0.3333500217009937,-0.0782472613458529,-0.25887809168609177,-0.2721103689523488,-5.091465197701819,98.12555370738636,93.12952529032258,Parbati,3,95.96276251995306,Stable,Stable
1526,no trend,0.4511535370128277,-0.06103286384976526,-0.01656911943511199,-0.10494565487200812,-5.076335973449964,16.244498937632578,15.419873594354838,Padma,1,15.880005840375587,Stable,Stable
2481,no trend,0.32372443651094795,-0.07981220657276995,-0.016116750513794954,-0.11277616971692701,-5.05205838917515,14.631629942272728,13.892431454301075,Son,2,14.308983899882628,Stable,Stable
3781,no trend,0.3949258884499005,-0.06885758998435054,-0.004034287301693406,-0.2268606550797819,-5.045401988885401,1.8297871403750001,1.7374670236021506,Ghora Pachhar,4,1.7900594872535212,Stable,Stable
5136,no trend,0.972854241056627,0.003129890453834116,0.0004001666756465322,0.007615360340357762,-5.02950333837222,5.408354930772727,5.1363415389784945,Ulai,5,5.2893203682863845,Stable,Stable
4420,no trend,0.41133262486980504,-0.06651017214397496,-0.008145856408730136,-0.23139962348536336,-5.002909736868917,3.5887116172840905,3.4091716143548387,Ghaghara,1,3.512447381338028,Stable,Stable
4536,no trend,0.6165763246166498,-0.0406885758998435,-0.0038352988448327316,-0.11704083078474463,-4.985151484837312,3.3516913645416664,3.1846044727150535,Adari,5,3.2796381153286385,Stable,Stable
3780,no trend,0.295945273327078,-0.08450704225352113,-0.3097674268048126,-0.2948128893960631,-4.9528304921569895,108.30611740501895,102.94189899731182,Parbati,3,105.983769564554,Stable,Stable
4827,no trend,0.22985671735809987,-0.09702660406885759,-0.4739895833333314,-0.12576235631733906,-4.951617697974878,388.9551526912879,369.69558051344086,Mahananda,2,380.21837844248824,Stable,Stable
5163,no trend,0.38954613981986475,-0.06964006259780908,-0.011917466810897427,-0.16545489352409687,-4.951378842028534,7.392579696799243,7.026545069811828,Kunda,5,7.232728709002347,Stable,Stable
4270,no trend,0.14608140660322566,-0.11737089201877934,-0.25794760636867975,-0.4027548331822352,-4.928983591853109,65.80108772587121,62.55776290860215,Ken,2,64.34256820610328,Stable,Stable
2971,no trend,0.4224917781104891,-0.0649452269170579,-0.4460326052083332,-0.12281218695942085,-4.890178882581242,374.0540550859848,355.7621426747312,Padma,1,365.8362425058686,Stable,Stable
3578,no trend,0.36332204192852346,-0.07355242566510173,-0.13744918993104266,-0.31249021879769967,-4.872695279657643,45.27242270013257,43.06643549623656,Kali Sindh,3,44.31961001596244,Stable,Stable
3594,no trend,0.5761320910860721,-0.04538341158059468,-0.02699074036314682,-0.20857340446552552,-4.865589015922831,13.32003319348485,12.671935121505376,Lakundar,4,13.040260820070424,Stable,Stable
2912,no trend,0.965102707616436,-0.003912363067292645,-0.0025108585309830244,-0.013325601422921841,-4.860338895191385,19.344053311155303,18.403866764166665,Padma,1,18.93275565559859,Stable,Stable
4615,no trend,0.24927359025181262,-0.09311424100156494,-0.010999985150925448,-0.2230522764399641,-4.782271030533001,5.065613479948864,4.823362113978495,Chaupat,5,4.957696393579813,Stable,Stable
3811,no trend,0.20451758189679325,-0.10250391236306729,-1.351166789021164,-0.24314608635124568,-4.773298990471383,571.2686914140152,544.0003287338709,Ganga,1,559.2883454812206,Stable,Stable
4941,no trend,0.6097495826361756,0.041471048513302036,0.05051581849238348,0.08942266351619887,-4.765620813523775,58.04456558210228,55.278381683602156,Kamala,3,56.81025150093897,Stable,Stable
3656,no trend,0.5498843783585525,-0.048513302034428794,-0.055088186320662744,-0.17435086080621554,-4.734727274973852,32.506578569090905,30.967480727419353,Shipra,4,31.83572480410798,Stable,Stable
4144,no trend,0.30046084574552445,-0.0837245696400626,-0.07332868997493733,-0.2811977276241807,-4.723386794869035,26.897824777575757,25.627336473924732,Bina,4,26.330321835328636,Stable,Stable
4156,no trend,0.19098340821060988,-0.1056338028169014,-0.08684886940314723,-0.37320143708337306,-4.71069672514408,23.969210421666666,22.84009361129032,Urvashi,5,23.46898471866197,Stable,Stable
4913,no trend,0.9418708081099778,-0.006259780907668232,-0.001538464927849904,-0.019092424069515782,-4.680981993182874,8.268028360606062,7.881003441854839,Bagmati,2,8.096962487992958,Stable,Stable
4231,no trend,0.9264090835829735,-0.00782472613458529,-0.003775963465386184,-0.025845731101823977,-4.609202196702834,14.867915027897729,14.182622761827956,Jadh Ganga,4,14.579977696948356,Stable,Stable
3760,no trend,0.295945273327078,-0.08450704225352113,-0.35224487937062904,-0.307295303382238,-4.575072733950284,117.96484655596592,112.56786902553763,Parbati,3,115.62843569366197,Stable,Stable
2931,no trend,0.8878887714688604,-0.011737089201877934,-0.003551539281842858,-0.020791865860675093,-4.492443606038267,17.539975856950758,16.752002333064517,Bhairab,5,17.188659837206572,Stable,Stable
4446,no trend,0.972854241056627,-0.003129890453834116,-0.0010431518889183376,-0.009239063051658555,-4.452928310776291,11.573407183011364,11.058051658037634,Danau,4,11.346115455035212,Stable,Stable
4875,no trend,0.6442115023036941,0.03755868544600939,0.0533985771655702,0.07582591387710738,-4.445473107049444,72.20398735823863,68.99417851801076,Kamala,3,70.77895424084507,Stable,Stable
4939,no trend,0.5629344246630752,0.046948356807511735,0.05324885411862985,0.10836845638599898,-4.37363791611995,50.420136292045456,48.2149420938172,Kamala,3,49.4321225076291,Stable,Stable
4825,no trend,0.864897167788448,0.014084507042253521,0.032847697842151,0.02890504381799111,-4.364147463189303,116.7161386317235,111.62247422849462,Panar,5,114.42632022828639,Stable,Stable
4828,no trend,0.3949258884499005,-0.06885758998435054,-0.4417637203703701,-0.08782125546730214,-4.346548835556467,517.4234051022727,494.9333441129032,Mahananda,2,507.2085651725352,Stable,Stable
3810,no trend,0.2453012535825112,-0.09389671361502347,-1.2540973868055547,-0.22769261370363214,-4.339906603791074,565.1124704395834,540.587117016129,Ganga,1,554.3308548251174,Stable,Stable
4817,no trend,0.6937574902034176,0.032081377151799685,0.013329484551366844,0.0540840540104812,-4.3016973918511185,25.30491538344697,24.2163744983871,Parman,5,24.815279339319247,Stable,Stable
4441,no trend,0.9341368400799535,-0.007042253521126761,-0.004909459235013258,-0.015011220738338852,-4.276841047358863,33.54122161977273,32.10671688575268,Dande,5,32.90361223931925,Stable,Stable
4612,no trend,0.9186882634841276,-0.008607198748043818,-0.0033413995522769985,-0.03953576725561775,-4.136719676146967,8.526759699450757,8.174031553225808,Panda,5,8.3838633221831,Stable,Stable
1528,no trend,0.9109751026871793,-0.009389671361502348,-0.007658495180491696,-0.017970483188422,-4.133162081346923,43.70418428772727,41.89781951478495,Padma,1,42.90477337429577,Stable,Stable
4300,no trend,0.22985671735809987,-0.09702660406885759,-0.07730790060778726,-0.3105308034667983,-4.0927932284788975,25.362651037897727,24.324610173655916,Katni,4,24.90328208732394,Stable,Stable
3761,no trend,0.35314920453786036,-0.07511737089201878,-0.3644017757867133,-0.2920053270483617,-4.0675355435047935,128.15360261486742,122.9409092782258,Parbati,3,125.8974313169014,Stable,Stable
4409,no trend,0.972854241056627,-0.003129890453834116,-0.001017155691056917,-0.013950290863881554,-4.060370316172035,7.448089058825758,7.14566906155914,Ganga,1,7.317647200234743,Stable,Stable
5138,no trend,0.7594077836691946,-0.025039123630672927,-0.01766507510932022,-0.06877257224098758,-4.009202927157057,26.32496023939394,25.269539162903225,Kiul,3,25.861138388497654,Stable,Stable
3853,no trend,0.36332204192852346,-0.07355242566510173,-0.22921110164141834,-0.29520557168136563,-3.971367291975387,79.67913156912878,76.51478059946237,Gaula,4,78.26306117957746,Stable,Stable
3584,no trend,0.38954613981986475,-0.06964006259780908,-0.1423157029352226,-0.23107968907974522,-3.925694860750759,63.18937712719698,60.70875499677419,Newaj,4,62.119945697652575,Stable,Stable
4174,no trend,0.27405121710465385,-0.08841940532081377,-0.1295505128728413,-0.256320987652675,-3.9082697853553157,51.93619992212122,49.906393112903224,Bina,4,51.03015318075117,Stable,Stable
5086,no trend,0.47485419172648413,-0.057902973395931145,-0.15494068253968296,-0.10166153057696152,-3.896539969200371,156.36005409507578,150.26742209139783,Nagri,5,153.5969928673709,Stable,Stable
3687,no trend,0.864897167788448,-0.014084507042253521,-0.004343999401960792,-0.04920642291629166,-3.8521467818955117,9.046245764564393,8.697771099462367,Padma,1,8.891644415375588,Stable,Stable
4805,no trend,0.10549131815691903,-0.13067292644757433,-0.17479275895061724,-0.3571921550860824,-3.829412158653881,49.97617223340909,48.062378617473115,Sharda,2,49.16598636913146,Stable,Stable
4936,no trend,0.5179259057262735,0.05242566510172144,0.055992657063692546,0.12884824535963363,-3.7722188948392894,44.490016617462125,42.81175580430108,Kamala,3,43.73328893532864,Stable,Stable
4900,no trend,0.9341368400799535,-0.007042253521126761,-0.006893713392857239,-0.022702029324473967,-3.7655034463841184,31.052812508541667,29.883517783333332,Kosi,2,30.544672680399064,Stable,Stable
4535,no trend,0.3333500217009937,-0.0782472613458529,-0.006780794715724487,-0.21238293121112797,-3.7473755230104473,3.265090509157197,3.142735306612903,Ganga,1,3.2114200679694838,Stable,Stable
3657,no trend,0.826840031012408,-0.017996870109546165,-0.005196407331363277,-0.05798665118878198,-3.720321927243443,9.189456269659091,8.847578913064517,Chambal,2,9.035817877417841,Stable,Stable
5135,no trend,0.7009498978605979,-0.03129890453834116,-0.014962636974747473,-0.07367533947258496,-3.719258915161415,20.78885989964015,20.01566837446237,Kiul,3,20.44852296326291,Stable,Stable
3468,no trend,0.4224917781104891,-0.0649452269170579,-0.13150033974898542,-0.21315349744587087,-3.7156564608871534,63.218930665094696,60.869932383333335,Sindh,3,62.1867328149061,Stable,Stable
3762,no trend,0.38954613981986475,-0.06964006259780908,-0.36454920039682537,-0.27864138973404656,-3.705882845073019,134.14762237660983,129.1762686518817,Parbati,3,131.99678624413147,Stable,Stable
4917,no trend,0.9961213012810441,-0.000782472613458529,-0.00011594081699349378,-0.001208045456558618,-3.6998279252828206,9.800602815625,9.437997375806452,Burhi Gandak,2,9.641221449882629,Stable,Stable
3838,no trend,0.47485419172648413,-0.057902973395931145,-0.022850831359649076,-0.22298513399128342,-3.670138780557588,10.507682447446971,10.122035919005377,Nandhaur,5,10.3371790325,Stable,Stable
4159,no trend,0.1305725749769009,-0.12206572769953052,-0.9551288203854266,-0.2994122142748561,-3.6634404491247876,327.27324492291666,315.2837844892473,Betwa,2,321.9673516619718,Stable,Stable
2930,no trend,0.8802134306063019,-0.012519561815336464,-0.0033445967447917058,-0.025441568281480132,-3.618827383835016,13.451688451117425,12.964895065860215,Mathabanga,5,13.235049484859154,Stable,Stable
4301,no trend,0.05125243818570069,-0.1572769953051643,-0.1421348649186538,-0.6010827296590322,-3.5998446311870094,24.283249555397727,23.4090903,Patne,5,23.87486254107981,Stable,Stable
3679,no trend,0.9573544707267698,-0.004694835680751174,-0.018336816781363702,-0.019003605751479535,-3.5974531456674517,98.71508646723484,95.16385748387096,Padma,1,97.14218842018781,Stable,Stable
4555,no trend,0.7009498978605979,-0.03129890453834116,-0.01805511180976434,-0.07605747809656863,-3.546737783797836,24.183605896136363,23.325876808333334,Mohana,4,23.807381749765256,Stable,Stable
5080,no trend,0.9806083394501892,0.002347417840375587,0.0005921618446593172,0.0022588254595966284,-3.5329473224915016,26.841165697803028,25.89288145295699,Kuliki,5,26.409610686502344,Stable,Stable
4195,no trend,0.30046084574552445,-0.0837245696400626,-0.20762222820917525,-0.2811636919418794,-3.5182377602054524,75.73871146856061,73.07404352258065,Betwa,2,74.56820151220657,Stable,Stable
3519,no trend,0.5054169484685467,-0.0539906103286385,-0.00472593337301587,-0.19680020369519038,-3.5098286838520294,2.449370409229167,2.363401704032258,Sanwan,4,2.4123374480985915,Stable,Stable
4830,no trend,0.41689018199117855,-0.06572769953051644,-0.05262983940145507,-0.14331762537236326,-3.4593997111341688,37.594754374223484,36.29420155,Sui,5,37.000525485915496,Stable,Stable
4831,no trend,0.5179259057262735,-0.05242566510172144,-0.4188451299412397,-0.07989706509796848,-3.413387031989538,536.9255266725379,518.598180373656,Kalindri,5,528.5294184330986,Stable,Stable
4189,no trend,0.24927359025181262,-0.09311424100156494,-0.012850127286750815,-0.3615130842430536,-3.4013171553768076,3.6396269116060607,3.5158316570698926,Urvashi,5,3.584500516267606,Stable,Stable
4158,no trend,0.14879794762292553,-0.11658841940532082,-0.9094235677380947,-0.29403093666742197,-3.317556974987182,316.85240088011363,306.3406419543011,Betwa,2,312.19730407629106,Stable,Stable
3593,no trend,0.4395589046351571,-0.06259780907668232,-0.02732969669871796,-0.2289883122559867,-3.2566371428498235,12.198639277026516,11.801373859408603,Kali Sindh,3,12.02733139859155,Stable,Stable
4588,no trend,0.5054169484685467,-0.0539906103286385,-0.016861867291958876,-0.1544519827178308,-3.2537604581189914,11.137754374924242,10.775358527150539,Auranga,4,10.974887140375587,Stable,Stable
5082,no trend,0.729982701029817,-0.028169014084507043,-0.18779625286774668,-0.07115564218014535,-3.209513028653409,269.87050772973487,261.2089786236559,Punarbhaba,4,265.92811353051644,Stable,Stable
3786,no trend,0.4395589046351571,-0.06259780907668232,-0.008373140385734765,-0.3012065519225937,-3.2011521308282513,2.837807664721591,2.746965124193548,Machhli,5,2.798879198673709,Stable,Stable
4853,no trend,0.295945273327078,-0.08450704225352113,-0.19094490507419176,-0.08257291961179523,-3.1954339177356585,236.8699077022727,229.30088633064514,Mahananda,2,233.35645905164318,Stable,Stable
4544,no trend,0.6511998403435748,-0.036776212832550864,-0.006792419042150218,-0.110631231342818,-3.133126082131852,6.243303408333333,6.047692840860215,Dharmauti,5,6.158141905046948,Stable,Stable
4299,no trend,0.295945273327078,-0.08450704225352113,-0.050790521346452226,-0.269507245265521,-3.129122141290317,19.12549033246212,18.52703037983871,Ken,2,18.860960563849765,Stable,Stable
4291,no trend,0.08265843858017319,-0.14006259780907668,-0.027340718747680886,-0.6000758978413577,-3.097112378049319,4.669224687308712,4.524613551559139,Bearma,3,4.600119774776995,Stable,Stable
4918,no trend,0.9418708081099778,0.006259780907668232,0.0037130984965986847,0.01376403371677593,-3.0872901673508277,27.51738576104167,26.667844216129033,Bakalya,5,27.137877312676057,Stable,Stable
2913,no trend,0.7520168837093886,0.025821596244131457,0.01527795414472242,0.07463566050220855,-3.07407370892239,20.82325188492424,20.183129773387098,Ichamati,4,20.5486154814554,Stable,Stable
3686,no trend,0.9109751026871793,-0.009389671361502348,-0.002119707135076248,-0.02525265619228237,-3.0526698575922375,8.567691221496212,8.30614789408602,Padma,1,8.45149572382629,Stable,Stable
4611,no trend,0.8192741807890083,-0.018779342723004695,-0.04715569073275759,-0.05153915161440558,-3.0451667605411816,92.61518817414773,89.79490124865592,Kanhar,3,91.40969545539906,Stable,Stable
3672,no trend,1.0,0.0,-0.00021451104269291753,-0.0001575026990980914,-3.037174568946709,138.96058848219698,134.740112827957,Padma,1,137.0897731983568,Stable,Stable
3626,no trend,0.5054169484685467,-0.0539906103286385,-0.07006729650411281,-0.19720051108613482,-3.024693030665974,36.21011919053031,35.114874238978494,Mej,4,35.74419432206573,Stable,Stable
3779,no trend,0.38954613981986475,-0.06964006259780908,-0.017590322229938286,-0.29611857642763945,-3.0208049598565183,6.069338948852272,5.8859960568548395,Chopani,5,5.9902008688262915,Stable,Stable
1530,no trend,0.9186882634841276,0.008607198748043818,0.009304806051587414,0.01889096837891522,-2.9904808790227597,50.25851544804924,48.755544153494625,Padma,1,49.59162863356807,Stable,Stable
4937,no trend,0.9883642704729187,0.001564945226917058,0.0002045310049019573,0.0039080214692737555,-2.977742960209043,5.311612350280303,5.153446187446237,Kosi,2,5.244361334401408,Stable,Stable
3428,no trend,0.4453347120023703,-0.061815336463223784,-0.005585222920524697,-0.19449583747471466,-2.9734280269133726,2.933271620496212,2.8460529000268817,Sohadra,5,2.894142913028169,Stable,Stable
3467,no trend,0.4992226615640707,-0.054773082942097026,-0.09739595042945909,-0.1683698739786237,-2.9598098372444324,59.081316230738636,57.33262162096774,Sindh,3,58.31250865410799,Stable,Stable
5089,no trend,0.5695150128741793,-0.04616588419405321,-0.14622815149724236,-0.09115197479506049,-2.9573227400078066,163.8895590753788,159.0428158763441,Nagri,5,161.67007764201878,Stable,Stable
4374,no trend,0.6865341058523953,-0.03286384976525822,-0.004306713299518536,-0.08690177121243632,-2.920372326465628,5.015125218092803,4.868664889086022,Son,2,4.951199801971831,Stable,Stable
3323,no trend,0.6303292623489334,-0.03912363067292645,-0.08663967419763521,-0.11674956180249381,-2.8681055683161394,75.47107114782196,73.30648115376344,Bhagirathi,3,74.53743137523475,Stable,Stable
4188,no trend,0.3050221061741585,-0.08294209702660407,-0.034623374075071836,-0.2800408096044869,-2.834933287804766,12.625731380000001,12.26780031827957,Urvashi,5,12.467908549295775,Stable,Stable
3402,no trend,0.6865925646666557,-0.03286384976525822,-0.023880260087286036,-0.12359573380684147,-2.8094156422938137,19.7091747767803,19.15546213763441,Morel,4,19.46903495375587,Stable,Stable
3675,no trend,0.9961213012810441,0.000782472613458529,0.002727094444447194,0.0015246307503188053,-2.8078035742924428,182.30427459128788,177.1855286532258,Padma,1,180.0356022664319,Stable,Stable
4157,no trend,0.2532906725868418,-0.09233176838810642,-0.6869685119843916,-0.2484231849419814,-2.6840720642114495,282.5149130160985,274.9320091586021,Betwa,2,279.15287859859154,Stable,Stable
3596,no trend,0.5305931142576203,-0.05086071987480438,-0.15434976048611118,-0.21556544405019504,-2.6792549654833575,72.98690779617424,71.03140244489248,Kali Sindh,3,72.15071639765259,Stable,Stable
3861,no trend,0.4629192952859549,-0.0594679186228482,-0.19185356770833345,-0.2103454864602167,-2.654543269277353,93.02316045880681,90.55382041397849,Gaula,4,91.91112908802816,Stable,Stable
3340,no trend,0.4511535370128277,-0.06103286384976526,-0.012169022487373749,-0.2517867361778512,-2.639310444318196,4.931994050899621,4.801823416801075,Parbati,3,4.875596491936619,Stable,Stable
5087,no trend,0.7081692106038104,-0.03051643192488263,-0.005192963782051283,-0.05865538470250322,-2.5649087161765434,9.022375190075758,8.790959502419355,Sudhani,5,8.914880424061032,Stable,Stable
3729,no trend,0.9573544707267698,-0.004694835680751174,-0.0008056888136898101,-0.020133466904818913,-2.531283944727648,4.063135713583334,3.9602862116129036,Berach,4,4.020283365387324,Stable,Stable
2919,no trend,0.8192741807890083,0.018779342723004695,0.016708087601626002,0.03436711161676944,-2.482421614610195,49.46630910922349,48.23834675994623,Mathabanga,5,48.91613237723005,Stable,Stable
3674,no trend,0.9109751026871793,0.009389671361502348,0.029790069281044256,0.017636976708460563,-2.462828209828999,171.89387945416667,167.6604285,Padma,1,170.0115383943662,Stable,Stable
3910,no trend,0.3736762927138684,-0.07198748043818466,-0.8558035538194442,-0.16556080414292607,-2.4286359300226414,525.8014388003787,513.0316361370967,Ganga,1,520.1626059507042,Stable,Stable
3605,no trend,0.8725493270758475,-0.013302034428794992,-0.017884111167313352,-0.07378674061980806,-2.402194087640491,24.676806670700756,24.08402187983871,Chhoti Kali Sindh,4,24.422707048943664,Stable,Stable
4357,no trend,0.8878668327270147,0.011737089201877934,0.0009773243051994424,0.024890937605508708,-2.3909272240489208,3.9610217102102268,3.8663165637903223,Son,2,3.9198720270422536,Stable,Stable
4197,no trend,0.3050221061741585,-0.08294209702660407,-0.26455285421506003,-0.26876879561957623,-2.3425449036619344,100.43590832310606,98.08315207123657,Betwa,2,99.39557381514085,Stable,Stable
4172,no trend,0.468865731616952,-0.05868544600938967,-0.020748935111968278,-0.18401459066834056,-2.3308920908474966,11.509356875681819,11.241086186559139,Bina,4,11.387389015845072,Stable,Stable
3764,no trend,0.43382633879160837,-0.06338028169014084,-0.3844783355978259,-0.25626281821725255,-2.326324719531273,152.9362317376894,149.3784383736559,Parbati,3,151.4009501338028,Stable,Stable
5081,no trend,0.5961979541459173,-0.04303599374021909,-0.16987590594561647,-0.0905657715768256,-2.3062758041169524,191.05237461363635,186.64617992473117,Mahananda,2,189.01590457394366,Stable,Stable
4953,no trend,0.9186882634841276,0.008607198748043818,0.004388064089826835,0.012670550788574186,-2.24699332303747,35.285012367632575,34.492160495698926,Iwa,5,34.9129448370892,Stable,Stable
2978,no trend,0.8344219897000891,-0.017214397496087636,-0.004963082926925483,-0.0457366162445457,-2.2314351215378245,11.036607054810606,10.79033232876344,Barnar,5,10.927676649413145,Stable,Stable
4354,no trend,0.7667761206136001,-0.024256651017214397,-0.005575363826804889,-0.06177703404887802,-2.2256562518231644,9.102432331484849,8.899843477231183,Banas,3,9.013912445504696,Stable,Stable
3782,no trend,0.5179259057262735,-0.05242566510172144,-0.003647483086007132,-0.18402424223173589,-2.1775440214386603,2.010917110119318,1.9671285048118279,Manoli,5,1.9926133828638497,Stable,Stable
4185,no trend,0.31428178970687237,-0.081377151799687,-0.5983570265974969,-0.2257699391231857,-2.1710322373837894,270.1518412159091,264.28675765322583,Betwa,2,267.547174778169,Stable,Stable
3450,no trend,0.9496102610505923,-0.005477308294209703,-0.0006097146262219666,-0.016742211366266715,-2.1330921527215745,3.681937465982955,3.603398346827957,Mendha,3,3.6487851707863848,Stable,Stable
2910,no trend,0.7594077836691946,0.025039123630672927,0.005707760099067584,0.07585098246196512,-2.111613526195468,7.632378872518939,7.471212527876344,Padma,1,7.561889157359155,Stable,Stable
4360,no trend,0.5369049834288016,-0.050078247261345854,-0.0035294320050837315,-0.08193757392629496,-2.055716411796604,4.339355320621212,4.250150481129032,Son,2,4.29963399649061,Stable,Stable
2914,no trend,0.796680051274133,0.02112676056338028,0.026738806561996835,0.06459958650854772,-2.0249956252596792,41.9970846382197,41.14664551155914,Kalindi,5,41.62069646079812,Stable,Stable
4203,no trend,0.637254471508776,-0.03834115805946792,-0.10195655676691795,-0.12697858825320205,-1.9772825568687498,81.36762150880682,79.7587537217742,Bhagirathi,3,80.67234610328639,Stable,Stable
5169,no trend,0.8192741807890083,-0.018779342723004695,-0.0022437465333781364,-0.04859576594930825,-1.8802670073514465,4.673135232293561,4.5852678123118285,Garhi,5,4.6339626638380285,Stable,Stable
3777,no trend,0.41689018199117855,-0.06572769953051644,-0.009060762758620701,-0.2625537501801981,-1.876787146593362,3.5070964402632576,3.4412757050537635,Parbati,3,3.479168408673709,Stable,Stable
3784,no trend,0.5498843783585525,-0.048513302034428794,-0.008504727267616198,-0.16921782376405078,-1.874501655972556,5.0975416874034085,5.00198818405914,Thalera,5,5.057574696784037,Stable,Stable
3487,no trend,0.5827852327137752,-0.04460093896713615,-0.07908215181536113,-0.15592838976298476,-1.860596880574316,51.545628163390155,50.58657181370968,Sindh,3,51.12599699812207,Stable,Stable
4718,no trend,0.15155288998208172,-0.11580594679186229,-0.044103642887931005,-0.35007765646468314,-1.8013659079103614,12.759665692670454,12.529817424919354,Kuthi Yankti,4,12.66629963975352,Stable,Stable
3909,no trend,0.43382633879160837,-0.06338028169014084,-0.8018452901785754,-0.15713915451351873,-1.7556708793809168,517.4916326202651,508.40618272311826,Ganga,1,513.4649279436619,Stable,Stable
5196,no trend,0.5761320910860721,0.04538341158059468,0.00924982330059522,0.07754138790969754,-1.7225208454976275,12.146241432282197,11.937019891666667,Kosi,2,12.045958842946009,Stable,Stable
3785,no trend,0.5369851790476614,-0.050078247261345854,-0.010121688118686724,-0.15793744086737566,-1.6824941764154029,6.490866739022726,6.381658284139784,Manoli,5,6.445601853215962,Stable,Stable
4223,no trend,0.8802134306063019,0.012519561815336464,0.0011924033588235428,0.06500406016478182,-1.632653618128637,1.8393424295265153,1.8093123388010754,Jadh Ganga,4,1.8276515580798123,Stable,Stable
3765,no trend,0.45701514595618686,-0.06025039123630673,-0.3533129513888874,-0.22217568106787117,-1.619765216755288,161.58860454015152,158.9712485295699,Parbati,3,160.46578368779342,Stable,Stable
4823,no trend,0.27405121710465385,0.08841940532081377,0.06747146056547623,0.14520443328545843,-1.6091360163723785,47.10633992282197,46.34833484112904,Keshaliya,5,46.75620223755868,Stable,Stable
4841,no trend,0.9032703219315255,0.010172143974960876,0.002290253368882289,0.011878893541426249,-1.5303368314985388,19.598163618844698,19.29824570268817,Mahananda,2,19.45147545962441,Stable,Stable
4848,no trend,0.8192741807890083,-0.018779342723004695,-0.0368084269871799,-0.02056437630031818,-1.5240870837467846,182.0222050839015,179.24802816666667,Mahananda,2,180.64934644953053,Stable,Stable
4200,no trend,0.31428178970687237,-0.081377151799687,-0.296394908149895,-0.25034513414655424,-1.5193762643353947,120.35354795871213,118.52492471774194,Betwa,2,119.54221187558684,Stable,Stable
3624,no trend,0.6234363808595347,-0.03990610328638498,-0.02074405,-0.14284500500496064,-1.5096979773278976,14.697892475738636,14.47599869032258,Kural,5,14.606431346713615,Stable,Stable
3346,no trend,0.6442115023036941,-0.03755868544600939,-0.004399882347386914,-0.1375873386871837,-1.4491951456011465,3.2444137974166667,3.1973959101612905,Kendar,5,3.2234827864553988,Stable,Stable
3849,no trend,0.4224917781104891,-0.0649452269170579,-0.041372530963480925,-0.20270163068004313,-1.4472356768630545,20.70206315157197,20.4024555077957,Bhakra,5,20.562102073239437,Stable,Stable
3595,no trend,0.7742550657745815,-0.023474178403755867,-0.0275433646739131,-0.11058687420543789,-1.3777078381981114,25.245269773617427,24.89746371317204,Lakundar,4,25.09977030915493,Stable,Stable
4816,no trend,0.2783390390292886,0.08763693270735524,0.024532610656639746,0.1887459051788578,-1.3437497285524465,13.156085541439392,12.979300677688173,Singhyahi,5,13.073214387558684,Stable,Stable
4882,no trend,0.9883642704729187,-0.001564945226917058,-0.003562554053030983,-0.0018264835095051757,-1.3254253790872705,197.14671803541665,194.53368540053762,Bagmati,2,195.9770276314554,Stable,Stable
4861,no trend,0.9418708081099778,0.006259780907668232,0.004122017121448461,0.014964765237305812,-1.3176123157454263,27.871246321666668,27.504011347580644,Kosi,2,27.71531556126761,Stable,Stable
4183,no trend,0.3736762927138684,-0.07198748043818466,-0.49855329166666695,-0.20512043186681808,-1.2942553064617468,246.80016380511364,243.60593958870967,Betwa,2,245.37144111619716,Stable,Stable
3671,no trend,0.737303720794612,0.027386541471048513,0.02086198294346986,0.054333690167465046,-1.2882641767712661,38.85893907981061,38.35833328817204,Padma,1,38.6340918798122,Stable,Stable
4177,no trend,0.468865731616952,-0.05868544600938967,-0.3847662566666671,-0.17598202236775623,-1.2733303395078448,222.01016238617422,219.18323963172043,Betwa,2,220.74220289906103,Stable,Stable
4575,no trend,0.9264090835829735,0.00782472613458529,0.004948048318936369,0.020915189970192483,-1.2349052597194947,23.808115586401517,23.514107914784947,Baya,5,23.685557791666668,Stable,Stable
3688,no trend,0.637254471508776,0.03834115805946792,0.013039689880364904,0.07748264234861449,-1.1889364314906365,17.02576590373106,16.82334037016129,Padma,1,16.934944789553988,Stable,Stable
4179,no trend,0.3949258884499005,-0.06885758998435054,-0.4674824375000043,-0.19555206874284536,-1.164633055027215,242.60548099867424,239.7800173736559,Betwa,2,241.33904607159624,Stable,Stable
4968,no trend,0.28267229215716716,0.08685446009389672,0.029311597904577713,0.16559051848644973,-1.1472672091962033,17.952871895511365,17.746904483145162,Kamala,3,17.84911770672535,Stable,Stable
4352,no trend,0.8801900120830837,-0.012519561815336464,-0.00040035663615805694,-0.008792939160214253,-1.1402908075664684,4.5735387958295455,4.521387153360215,Banas,3,4.550386894330986,Stable,Stable
3344,no trend,0.5116514737677185,-0.053208137715179966,-0.05060785852226306,-0.17340519515479075,-1.1279009522785635,29.56338465810606,29.229938961021507,Sindh,3,29.422875371126757,Stable,Stable
5123,no trend,0.9961213012810441,-0.000782472613458529,-0.0004385444551281545,-0.001820316822966698,-1.1161113992715697,24.352173840625,24.080376452419355,Burhi Gandak,2,24.225594369835683,Stable,Stable
3485,no trend,0.5498843783585525,-0.048513302034428794,-0.015159478016304333,-0.2084046401690649,-1.105037778964046,7.370446443159091,7.289000225483871,Sindh,3,7.333899998075117,Stable,Stable
3970,no trend,0.6794556908944689,0.033646322378716745,0.008659323047785557,0.10997227607549552,-1.097147732646317,7.8396704879734855,7.753657720967742,Karmanasa,3,7.814021209859155,Stable,Stable
4227,no trend,0.972854241056627,0.003129890453834116,0.0006176469078224547,0.018294578866764413,-1.0827872482141976,3.348111981880682,3.3118590522849463,Jadh Ganga,4,3.337238610539906,Stable,Stable
4919,no trend,0.9186882634841276,0.008607198748043818,0.0015108125436124418,0.017354837166988872,-1.0809078891721349,8.76882670876894,8.674043769086023,Bagmati,2,8.730070508920187,Stable,Stable
3908,no trend,0.47485419172648413,-0.057902973395931145,-0.6553506473544977,-0.13063969881154797,-1.0218364491088692,507.0712496231061,501.8898107715054,Ganga,1,504.75194299882634,Stable,Stable
3345,no trend,0.5827852327137752,-0.04460093896713615,-0.056715626193693636,-0.14551808607348732,-1.0012033883034717,39.461258457007574,39.066171000268824,Sindh,3,39.29239282323943,Stable,Stable
4790,no trend,0.16296219556576563,-0.11267605633802817,-0.4229137228331704,-0.31634408213160525,-0.9945247421775876,135.03267145397726,133.68973812634408,Sharda,2,134.49879584741782,Stable,Stable
4192,no trend,0.4395589046351571,-0.06259780907668232,-0.041284926918117346,-0.1946946604726433,-0.9189011309269506,21.499301855037878,21.301744527150536,Halali,5,21.410996184037558,Stable,Stable
3574,no trend,0.7154148441443793,-0.0297339593114241,-0.10185563083616328,-0.12800898844167868,-0.8867588967998309,80.47128786770834,79.75770156317203,Kali Sindh,3,80.17959448122066,Stable,Stable
2933,no trend,0.6582189629917612,0.03599374021909233,0.012519797994987458,0.09071779186093447,-0.8001664696186199,13.93596749909091,13.824456559946237,Padma,1,13.885134783568075,Stable,Stable
3664,no trend,0.8802134306063019,0.012519561815336464,0.0015416925765931195,0.03925895644331801,-0.7964109596442189,3.9779757758844694,3.9462947408333333,Baveri,5,3.9621147144953053,Stable,Stable
3531,no trend,0.06979401695432808,-0.14632237871674492,-0.012574032883986943,-0.4916532072471609,-0.7789809258241346,2.576875146789773,2.556801780913978,Barah,4,2.568377068133803,Stable,Stable
3337,no trend,0.6097495826361756,-0.041471048513302036,-0.07210462586144181,-0.16413593775453444,-0.7769442826784413,44.44594091564394,44.100620718817204,Kuno,4,44.29453997582159,Stable,Stable
4181,no trend,0.338231370166147,-0.07746478873239436,-0.3003092962768441,-0.2166921159575992,-0.7689540348056991,140.4079073466856,139.328235077957,Betwa,2,139.92541767312207,Stable,Stable
3620,no trend,0.6442115023036941,-0.03755868544600939,-0.0032495460450191536,-0.12808443261052882,-0.756481440833698,2.560743753202652,2.5413722019623655,Thalera,5,2.553177236173709,Stable,Stable
3876,no trend,0.4930689350662878,-0.05555555555555555,-0.6255209142156875,-0.12553143948920734,-0.7543382921433128,503.08642450227273,499.29145095967743,Ganga,1,501.37332534507044,Stable,Stable
4880,no trend,0.9496102610505923,0.005477308294209703,0.026031311101029308,0.015144016208119558,-0.7381779099779441,173.39558193920453,172.11561405645162,Bagmati,2,172.79375081455402,Stable,Stable
3486,no trend,0.5827852327137752,-0.04460093896713615,-0.0062875471944444355,-0.17474964805737686,-0.7267913157117265,3.640726613403409,3.6142661285483872,Indar,5,3.6277019907981223,Stable,Stable
4175,no trend,0.2914753538276562,-0.08528951486697965,-0.34766230390211683,-0.22552738832209307,-0.6782640160610847,156.12124671098485,155.0623324731183,Betwa,2,155.6441389870892,Stable,Stable
5119,no trend,0.9496102610505923,0.005477308294209703,0.0020721403769840153,0.014272281452875358,-0.6695746443426952,14.650945923901514,14.55284690483871,Burhi Gandak,2,14.602943202582159,Stable,Stable
3631,no trend,0.796680051274133,-0.02112676056338028,-0.05290862585573019,-0.08998750073570941,-0.6571635020336817,59.395507360738634,59.00518176451613,Shipra,4,59.22706986983568,Stable,Stable
4327,no trend,0.6865925646666557,-0.03286384976525822,-0.12382311550369887,-0.06289375789745666,-0.6061806828668422,197.3898756401515,196.19333634408602,Rihand,3,196.89291781807512,Stable,Stable
5126,no trend,0.9418708081099778,0.006259780907668232,0.008844770461309714,0.018214709093379307,-0.6046707299872963,48.97704006926136,48.68089024354839,Burhi Gandak,2,48.831252831690136,Stable,Stable
4373,no trend,0.8878887714688604,-0.011737089201877934,-0.022417490709074298,-0.04519541489752267,-0.5399455783151623,49.425396675094696,49.15852643118279,Johilla,5,49.32539939659625,Stable,Stable
4818,no trend,0.14340298483681213,0.11815336463223787,0.047560384398148164,0.22503973066708496,-0.4931922264177043,21.317687574204548,21.21255039623656,Keshaliya,5,21.26590260211268,Stable,Stable
4176,no trend,0.3285143688068808,-0.07902973395931143,-0.32211446779537295,-0.1968745480211736,-0.45560518204251393,165.5307151748106,164.77654865860214,Betwa,2,165.18781407042252,Stable,Stable
3413,no trend,0.48088440255926135,-0.05712050078247261,-0.008942585355206478,-0.23785095240471166,-0.3820304178105722,3.800936405704545,3.786415672473118,Gambhir,4,3.794957410492958,Stable,Stable
5141,no trend,0.965102707616436,-0.003912363067292645,-0.0010293567129629826,-0.007201964094875307,-0.3753979238042736,14.399673953939393,14.34561787688172,Burhi Gandak,2,14.370886571361503,Stable,Stable
4792,no trend,0.06830828959532842,-0.14710485133020346,-1.0136148421934863,-0.41632990373954415,-0.3369378962702896,245.79012191818182,244.96196185215052,Sharda,2,245.46974137089202,Stable,Stable
4224,no trend,0.9961213012810441,-0.000782472613458529,-0.00022832634770115112,-0.015527706139450339,-0.2903317392619704,1.436897184867803,1.43272541627957,Jadhang,5,1.4385270602147886,Stable,Stable
3632,no trend,0.7891853811696212,-0.02190923317683881,-0.04020622887446873,-0.0645600182704411,-0.28546002886488586,62.8080982675947,62.62880625215054,Shipra,4,62.73289476725352,Stable,Stable
4854,no trend,0.3096290813784828,0.08215962441314555,0.013857524389862319,0.1345010205858832,-0.28429802817854644,10.419495515484849,10.389873095188173,Kankai,4,10.39897703048122,Stable,Stable
4372,no trend,0.8420193729632897,-0.01643192488262911,-0.0060241104890047465,-0.01950671863330869,-0.2825520628236791,30.737909784185604,30.651059186021506,Johilla,5,30.71416662640845,Stable,Stable
3669,no trend,0.6582189629917612,0.03599374021909233,0.021189916666666593,0.0877357978486509,-0.26255485411651586,24.334762515814393,24.270870415591396,Padma,1,24.302892499295776,Stable,Stable
4356,no trend,0.9264090835829735,0.00782472613458529,0.06759051990160957,0.020077975824583653,-0.2617632101379683,335.7692889371212,334.89036846774195,Son,2,335.44129308215963,Stable,Stable
3630,no trend,0.9573544707267698,-0.004694835680751174,-0.008744176522578861,-0.024407951055230692,-0.2247784572513704,36.13280810221591,36.05158933360215,Chhoti Kali Sindh,4,36.10436032992958,Stable,Stable
4375,no trend,0.8955746395901789,0.010954616588419406,0.07136306287929005,0.021675502506808553,-0.19336336272274185,328.2637323721591,327.6289905806451,Son,2,328.04232996009387,Stable,Stable
3774,no trend,0.5242399029172564,-0.051643192488262914,-0.385125715632992,-0.21939606994875724,-0.16498158248365682,177.2286246594697,176.93623006989247,Parbati,3,177.12330720774648,Stable,Stable
4921,no trend,0.6511998403435748,0.036776212832550864,0.11055121419753079,0.08870523246829125,-0.14738792567973988,125.55766306496211,125.37260622983871,Bagmati,2,125.42222723767605,Stable,Stable
4078,no trend,0.826840031012408,0.017996870109546165,0.17403897662601694,0.04293528273635088,-0.137547882512108,404.27901041988633,403.7229332016129,Son,2,404.0840277265258,Stable,Stable
5125,no trend,0.8725493270758475,0.013302034428794992,0.00926692336655591,0.02689376552888495,-0.13585011610266443,34.68235539157197,34.63523937150538,Burhi Gandak,2,34.648594546009384,Stable,Stable
3842,no trend,0.5305931142576203,-0.05086071987480438,-0.03072672570779916,-0.14534442700212233,-0.08288456654833595,21.323234776363638,21.305561105645165,Gaula,4,21.310120376173707,Stable,Stable
5179,no trend,0.4629192952859549,0.0594679186228482,0.013633992255608915,0.14122288273619193,0.011101879738106257,9.735488371310606,9.736569193521506,Gandak,2,9.7308103925,Stable,Stable
4858,no trend,0.5961979541459173,0.04303599374021909,0.03358168709077379,0.09053854185794356,0.022762744245366864,37.31467671632576,37.323170560752686,Kosi,2,37.318572760328635,Stable,Stable
3670,no trend,0.6029566352766689,0.04225352112676056,0.03035962922979804,0.09338745052758325,0.04000350210410607,32.71882826693182,32.731916944086024,Padma,1,32.718587849178405,Stable,Stable
4814,no trend,0.15434651244363784,0.11502347417840375,0.02005053773871526,0.25947352076153524,0.07161889845435125,7.768949569810606,7.774513605913978,Jaulaha,5,7.771127694366197,Stable,Stable
3744,no trend,0.5434157270143498,-0.04929577464788732,-0.35886498171296227,-0.1987900129028658,0.07917429953633526,182.06346958238638,182.20761705913978,Parbati,3,182.14976469014084,Stable,Stable
2921,no trend,0.5179259057262735,0.05242566510172144,0.11614649010416693,0.12653063978418852,0.08610557404568332,92.34719571808712,92.42671180107527,Padma,1,92.3614619665493,Stable,Stable
4545,no trend,0.2698087511110099,-0.0892018779342723,-0.016751525490196095,-0.24434236770451206,0.14419939830863682,6.876090119715909,6.886005400295699,Ganga,1,6.879646385575117,Stable,Stable
4173,no trend,0.468865731616952,-0.05868544600938967,-0.02654635445932537,-0.17259217694518955,0.1512769655353484,15.524912404848484,15.54839802123656,Kevtan,5,15.531417672065727,Stable,Stable
4442,no trend,0.4930689350662878,0.05555555555555555,0.016696523131613687,0.15412796253714406,0.1804429629081403,10.911848732537878,10.931538395698924,Gandak,2,10.915087246009389,Stable,Stable
2918,no trend,0.7154148441443793,0.0297339593114241,0.01154204066358024,0.0963579281652201,0.2028946786474682,12.025613290719697,12.05001262016129,Ichamati,4,12.03756822652582,Stable,Stable
4057,no trend,0.7009498978605979,0.03129890453834116,0.2591259803921596,0.06075787265243887,0.22040124650540066,424.6420531753788,425.57796955376347,Son,2,425.1079083521127,Stable,Stable
3875,no trend,0.5434157270143498,-0.04929577464788732,-0.4391520187991015,-0.09242876839062569,0.22356033386053673,477.64608263749994,478.7139098145161,Ganga,1,478.0579761349765,Stable,Stable
4925,no trend,0.729982701029817,0.028169014084507043,0.0550867900094691,0.03947376699387027,0.2537130732351056,140.27231704621212,140.62820625268816,Bagmati,2,140.3773129600939,Stable,Stable
4946,no trend,0.4395589046351571,0.06259780907668232,0.015324072023809508,0.09339354959269786,0.266817374544344,16.529984876458336,16.57408974811828,Iwa,5,16.537555520187794,Stable,Stable
4916,no trend,0.5054169484685467,0.0539906103286385,0.10910999202898522,0.11866267282149362,0.368376152271281,92.47371451789772,92.81436562930108,Bagmati,2,92.57366429061034,Stable,Stable
4347,no trend,0.5760569374913183,-0.04538341158059468,-0.007648726967186155,-0.08718923823129265,0.41217691245710303,8.755414414189394,8.791502210994624,Banas,3,8.76951364120892,Stable,Stable
3745,no trend,0.47485419172648413,-0.057902973395931145,-0.3778154486093354,-0.2026746076682899,0.4596702348663979,187.68689295757576,188.5496337392473,Parbati,3,188.08813557159624,Stable,Stable
4857,no trend,0.6582189629917612,-0.03599374021909233,-0.005664434945987664,-0.0951809192176511,0.5572126883466505,5.972527382325757,6.005807062715054,Kosi,2,5.987479016561032,Stable,Stable
3746,no trend,0.48088440255926135,-0.05712050078247261,-0.3901298026175195,-0.20498990608152934,0.580389031516042,191.5108680753788,192.62237614784945,Parbati,3,192.02135879225352,Stable,Stable
3756,no trend,0.7817101679285825,-0.02269170579029734,-0.006486295523809546,-0.11505603868284404,0.5876562613079911,5.680471025005682,5.713852668655914,Upreni,5,5.694859891361502,Stable,Stable
2929,no trend,0.48088440255926135,0.05712050078247261,0.14870500473138015,0.13502243216960197,0.6112221398140996,110.54293784526514,111.21860075537634,Padma,1,110.81585504577464,Stable,Stable
4090,no trend,0.1381593548578981,-0.11971830985915492,-0.043370950424731186,-0.5177092545329356,0.6166591226909599,8.081983015435606,8.131821300994623,Sasur Khaderi,5,8.128388620739438,Stable,Stable
3684,no trend,0.3949258884499005,0.06885758998435054,0.010334528988599241,0.1959222083714233,0.6180177627057897,5.292091629223485,5.324797695510752,Padma,1,5.306341019284038,Stable,Stable
4205,no trend,0.6442115023036941,-0.03755868544600939,-0.09066992887995759,-0.08392571298677319,0.6181746150104775,108.35779971912879,109.02764013037634,Bhagirathi,3,108.6427711379108,Stable,Stable
3685,no trend,0.47485419172648413,0.057902973395931145,0.1534551188500468,0.14770050857281602,0.6191916330038113,104.28427159905303,104.92999108333333,Padma,1,104.5436903673709,Stable,Stable
4350,no trend,0.7519696384274834,-0.025821596244131457,-0.001929493818880998,-0.04627231709293603,0.6439679023643125,4.155486251412879,4.18224624905914,Banas,3,4.16652360008216,Stable,Stable
4815,no trend,0.14608140660322566,0.11737089201877934,0.02885985010398099,0.2722145941875841,0.6465596595267106,10.648467240871211,10.717315934408601,Keshaliya,5,10.674332563732394,Stable,Stable
4552,no trend,0.5563907438061542,-0.04773082942097027,-0.022291611458333457,-0.1688419033360974,0.6596957293144727,13.216127743352274,13.303313973655914,Ganga,1,13.253154115492956,Stable,Stable
3401,no trend,0.7668207233743265,-0.024256651017214397,-0.006374623591830684,-0.10947214266866369,0.689768909063254,5.849287270810605,5.8896338358064515,Morel,4,5.8673620120892025,Stable,Stable
4196,no trend,0.43382633879160837,-0.06338028169014084,-0.04343868393665166,-0.21053768253514782,0.6912727069266761,20.7769346,20.920559878225806,Betwa,2,20.834376456455402,Stable,Stable
4618,no trend,0.6029566352766689,0.04225352112676056,0.007242518817640634,0.12568751688086388,0.7382940709601947,5.716419534767046,5.758623521263441,Rihand,3,5.738593931431925,Stable,Stable
3400,no trend,0.9418708081099778,-0.006259780907668232,-0.002467540571428577,-0.029980329195516867,0.7459735375482186,8.259100846151515,8.320711552903227,Dhund,5,8.286974962629108,Stable,Stable
5127,no trend,0.796680051274133,0.02112676056338028,0.03246764097222246,0.0680945158727137,0.7490448568820828,47.81000119310606,48.168119548118284,Burhi Gandak,2,47.94836214084508,Stable,Stable
3658,no trend,0.9961213012810441,-0.000782472613458529,-0.0004809728151075808,-0.002308021612280215,0.8058370091758076,20.936396561666665,21.105109793548387,Chambal,2,21.003569672300472,Stable,Stable
4901,no trend,0.8572576562971361,0.01486697965571205,0.11226034780701717,0.044588999508548686,0.8144262636666946,251.91250155757575,253.96414313172042,Burhi Gandak,2,252.78879749530515,Stable,Stable
3398,no trend,0.9264090835829735,-0.00782472613458529,-0.0011030989390571335,-0.020306018066876184,0.8276596183616839,5.442336771755682,5.487380795510752,Banganga,4,5.462733866197183,Stable,Stable
4178,no trend,0.36332204192852346,-0.07355242566510173,-0.042708415385008205,-0.24452681562422163,0.8704202594064512,17.549927636704545,17.702685762365594,Kethan,5,17.618117094131456,Stable,Stable
3591,no trend,0.5961979541459173,-0.04303599374021909,-0.16379246563098154,-0.18773605550572245,0.8711832614599195,87.67033214431818,88.4341014032258,Parvan,4,88.02061501056339,Stable,Stable
4257,no trend,0.8725493270758475,-0.013302034428794992,-0.0024309322174873717,-0.07122828802620154,0.9402045783301151,3.371340641475379,3.4030381405376344,Ken,2,3.3862478325586856,Stable,Stable
5132,no trend,0.6723474310081521,0.03442879499217527,0.1237937791005279,0.07610109887964543,0.9498660726393598,162.908993875,164.45641113709675,Burhi Gandak,2,163.5347011138498,Stable,Stable
2920,no trend,0.4930689350662878,0.05555555555555555,0.009411610813492073,0.12286148764911656,0.9758456905649628,7.672715292234848,7.747589153763441,Padma,1,7.704616425352113,Stable,Stable
4410,no trend,0.6723474310081521,-0.03442879499217527,-0.009606176210317452,-0.11933489809603688,0.9783055362963298,8.062498334579546,8.141374202150537,Ganga,1,8.096250242699531,Stable,Stable
3668,no trend,0.5894740020112736,0.04381846635367762,0.00946846403769841,0.11323568977497918,0.9992691557796816,8.385927599704546,8.469725587634409,Padma,1,8.420497608849766,Stable,Stable
4911,no trend,0.4511535370128277,0.06103286384976526,0.11019161820794154,0.1348756571212835,1.0315112416259102,81.9572567060606,82.80265502231182,Bagmati,2,82.27911772453052,Stable,Stable
3563,no trend,0.7081692106038104,-0.03051643192488263,-0.09164280793226345,-0.10106635393301662,1.0390556064972658,90.95233126458334,91.89737656182795,Kali Sindh,3,91.38667205751173,Stable,Stable
4411,no trend,0.6723474310081521,0.03442879499217527,0.9356179320987612,0.08536515759178834,1.0417391887783507,1087.1405744962121,1098.4657438978493,Son,2,1092.4193470539906,Stable,Stable
3246,no trend,0.6442115023036941,-0.03755868544600939,-0.007492431144067802,-0.11518292256484378,1.0871296136328217,6.503260099626894,6.573958966021506,Sota,4,6.535281149870892,Stable,Stable
2915,no trend,0.4224917781104891,0.0649452269170579,0.1180993625,0.16630392482026576,1.117953657391929,70.98950768579546,71.78313748333333,Ichamati,4,71.34025063356808,Stable,Stable
3597,no trend,0.9264090835829735,-0.00782472613458529,-0.0007886170864479561,-0.02163463844302531,1.1243553892172742,3.655460992863637,3.6965613655376344,Tila,5,3.674291362746479,Stable,Stable
5131,no trend,0.6794556908944689,0.033646322378716745,0.13650910947100592,0.08971700156755907,1.1853060107729105,152.23232331761363,154.03674219623656,Burhi Gandak,2,152.97137724647888,Stable,Stable
4355,no trend,0.9032513608823463,-0.010172143974960876,-0.013269981756410247,-0.02228622940276232,1.2154327861711003,59.18315865649621,59.902490170698925,Banas,3,59.488679753286384,Stable,Stable
5106,no trend,0.8192741807890083,0.018779342723004695,0.007747579964539031,0.042643824309675865,1.3320417246486238,18.17160842731061,18.413661833602152,Ganga,1,18.27629295246479,Stable,Stable
4574,no trend,0.7520168837093886,0.025821596244131457,0.0032683864704545493,0.06844076853482936,1.3403608562507818,4.763498550657197,4.82734662061828,Gandak,2,4.790986071877934,Stable,Stable
4801,no trend,0.11412855467659666,-0.12754303599374023,-0.04118128255025587,-0.37852512620763934,1.358028880341772,10.897339959255682,11.045328983091398,Darma Yankti,4,10.966248303098592,Stable,Stable
4866,no trend,0.8344219897000891,0.017214397496087636,0.0037749145721583683,0.03434936053429616,1.3598555377141184,10.993913030700757,11.143414365860215,Kosi,2,11.056603900586854,Stable,Stable
4230,no trend,0.6165763246166498,0.0406885758998435,0.0041001344956636526,0.14121102404587707,1.3924848335359765,2.882098910376894,2.922231700591398,Jadh Ganga,4,2.901942178838028,Stable,Stable
4209,no trend,0.31428178970687237,0.081377151799687,0.027702923826500307,0.20877556042822962,1.4285310798497406,13.288137316325756,13.47796248782258,Bhillangana,4,13.368048548673709,Stable,Stable
3971,no trend,0.5695150128741793,0.04616588419405321,0.022333129538690467,0.15571944736517634,1.4515710109847357,14.078944418787879,14.283310294623657,Karmanasa,3,14.19378905516432,Stable,Stable
4349,no trend,0.7299315899264964,-0.028169014084507043,-0.004725776684210559,-0.05188266444871136,1.4880845268675325,9.04672149450947,9.181344357258064,Son,2,9.10381207430751,Stable,Stable
5129,no trend,0.7594077836691946,0.025039123630672927,0.10858817529323536,0.07904320787734041,1.6841230980472255,137.16789938068183,139.47797565725807,Burhi Gandak,2,138.12991473415494,Stable,Stable
3583,no trend,0.6865925646666557,-0.03286384976525822,-0.014430735391891901,-0.11790819404186546,1.7008027508745336,12.255611893996212,12.464055678225806,Dudhi,5,12.349148350821597,Stable,Stable
4576,no trend,0.729982701029817,0.028169014084507043,0.12769856332236815,0.07063107271719575,1.7014508549492373,180.42520540757576,183.49505160752688,Burhi Gandak,2,181.7139431326291,Stable,Stable
2807,no trend,0.8496314926030792,-0.01564945226917058,-0.0042774946255060686,-0.03666835719552573,1.7284371472614037,11.615904817329545,11.816678431182796,Mohana,4,11.702358607629108,Stable,Stable
4353,no trend,0.864870809885431,-0.014084507042253521,-0.014613737134615558,-0.02893783204044483,1.848537144340341,50.06124140159091,50.986642043817206,Banas,3,50.45682059589202,Stable,Stable
3928,no trend,0.7668207233743265,-0.024256651017214397,-0.27729912931950973,-0.06225606757493219,1.859409559076507,444.6323756738637,452.8999125698925,Ganga,1,448.1906722488263,Stable,Stable
5142,no trend,0.7009498978605979,0.03129890453834116,0.01805829511363636,0.11143362280895007,1.9627427671610003,16.16998133719697,16.487356476344086,Burhi Gandak,2,16.30202876314554,Stable,Stable
4881,no trend,0.6794556908944689,0.033646322378716745,0.14141194897958995,0.07013363808013928,1.9912216215998102,200.85785790208334,204.85738299731184,Burhi Gandak,2,202.56267287323945,Stable,Stable
5090,no trend,0.7154148441443793,0.0297339593114241,0.17346697330598915,0.08366406263685902,1.9934359851797392,206.51468632594697,210.63142439784946,Burhi Gandak,2,208.27438383098593,Stable,Stable
4072,no trend,0.6233679748593701,0.03990610328638498,0.03629318965298131,0.1382207589602055,2.0317714305890258,25.816142653863636,26.340667664784945,Tons,2,26.059372876056337,Stable,Stable
3332,no trend,0.796680051274133,-0.02112676056338028,-0.15628495010504187,-0.07241507410193054,2.118537283711821,215.02744935814394,219.58288604301077,Banas,3,217.0680951302817,Stable,Stable
3247,no trend,0.6097495826361756,-0.041471048513302036,-0.003942430168650804,-0.17179085409835165,2.139006966016098,2.2869228738352274,2.3358403134139785,Chalak,5,2.3081979403051642,Stable,Stable
3655,no trend,0.9186882634841276,-0.008607198748043818,-0.004222399460025807,-0.0245303395488161,2.4618386486965025,17.158124641401514,17.580529985215055,Gambhir,4,17.339935716549295,Stable,Stable
4198,no trend,0.6511998403435748,-0.036776212832550864,-0.020515347868217057,-0.1109240237831702,2.5199102722381723,18.46183267918561,18.92705429731183,Baen,5,18.665049263615025,Stable,Stable
3925,no trend,0.8572576562971361,-0.01486697965571205,-0.14593575483630897,-0.0338461093008364,2.5253865670140216,429.18347062897726,440.022012344086,Ganga,1,433.8691923744131,Stable,Stable
5174,no trend,0.5054169484685467,0.0539906103286385,0.10260358126615013,0.09481755330029713,2.5500485882515935,107.99753256562501,110.75152212016128,Gandak,2,109.13718527957747,Stable,Stable
3339,no trend,0.6937574902034176,-0.032081377151799685,-1.1739764043209844,-0.10420974994137717,2.697687700958066,1121.4680526079546,1151.7217583333334,Chambal,2,1134.892424870892,Stable,Stable
3634,no trend,0.9418708081099778,0.006259780907668232,0.01951656677350436,0.010960900783220637,2.869288918408933,177.1250079943182,182.2072362204301,Chambal,2,179.36027722769953,Stable,Stable
4847,no trend,0.43382633879160837,0.06338028169014084,0.0754512690104165,0.0709969748891839,2.932846703934231,106.04723471505682,109.15743754301076,Mahananda,2,107.3064254149061,Stable,Stable
2922,no trend,0.2698087511110099,0.0892018779342723,0.06776245587121199,0.22785669950168033,2.9341202225631107,29.502949228655304,30.368601228225806,Ichamati,4,29.881333957042255,Stable,Stable
5128,no trend,0.5369851790476614,0.050078247261345854,0.1106390998883927,0.12477708896036883,2.9358365517293024,88.04967954337121,90.63467421908602,Burhi Gandak,2,89.1482067564554,Stable,Stable
4622,no trend,0.8878887714688604,0.011737089201877934,0.06929332407183228,0.03265489890664685,2.95846083486736,208.86082162405302,215.0398872311828,Rihand,3,211.6395930680751,Stable,Stable
5277,no trend,0.8955746395901789,-0.010954616588419406,-0.0013691400473484889,-0.0304100505669357,2.989320283731699,4.472459595704545,4.606155737580646,Chilkara,5,4.530341681455399,Stable,Stable
4218,no trend,0.18770526433739065,-0.10641627543035993,-0.011736122215854662,-0.29256079253178835,3.004742810788345,3.9940516739829546,4.114062654516129,Hiyuni,5,4.043757950715962,Stable,Stable
4910,no trend,0.35314920453786036,0.07511737089201878,0.07587348958333293,0.13455219229260776,3.024269650649985,56.09759242308712,57.79413488548387,Bagmati,2,56.80561226960094,Stable,Stable
4351,no trend,0.7966408781072201,-0.02112676056338028,-0.013393175180227809,-0.034110678850605175,3.0268926281889605,38.72665232268939,39.89886650698924,Banas,3,39.230419955046955,Stable,Stable
4199,no trend,0.5305931142576203,-0.05086071987480438,-0.025406081984127027,-0.2005568028503732,3.137058079341987,12.608337813238636,13.00386869327957,Sagar,5,12.783119051877934,Stable,Stable
3633,no trend,0.8802134306063019,0.012519561815336464,0.042936790522875884,0.031648986240299264,3.1770505747966657,134.75086377613636,139.03196686827957,Chambal,2,136.62855053755868,Stable,Stable
5173,no trend,0.5695150128741793,0.04616588419405321,0.07830975443165189,0.08856201355998544,3.187323566561415,88.0274141780303,90.83313269516128,Gandak,2,89.19965830352113,Stable,Stable
3567,no trend,0.7594077836691946,-0.025039123630672927,-0.1616159616263444,-0.1376309732788986,3.211672426405526,116.82613667225378,120.57820949059139,Parvan,4,118.48502397887324,Stable,Stable
3852,no trend,0.8041935186327291,-0.02034428794992175,-0.02566454342769815,-0.04951214449103056,3.226328703416869,51.498621157234844,53.160135953494624,Baur,4,52.20931247758216,Stable,Stable
3571,no trend,0.9032703219315255,-0.010172143974960876,-0.0052885448739035164,-0.05613266201784488,3.2438519096210796,9.365818077672348,9.669631346236558,Ghar Ganga,4,9.500829534518779,Stable,Stable
3397,no trend,0.9961213012810441,-0.000782472613458529,-0.0001505000137578588,-0.0030201881844344257,3.319248586840673,4.94487708817803,5.109009851048388,Dhund,5,5.017083405011737,Stable,Stable
5117,no trend,0.5054169484685467,0.0539906103286385,0.014709600972222263,0.12631502791501978,3.3619487092123985,11.554297593352272,11.942747152150538,Burhi Gandak,2,11.719163021361501,Stable,Stable
3666,no trend,0.8420193729632897,0.01643192488262911,0.026434715120719456,0.07148167430272115,3.362129236215204,36.72771613912879,37.96254942123657,Chambal,2,37.25965158673709,Stable,Stable
4348,no trend,0.7966408781072201,-0.02112676056338028,-0.01843462298433051,-0.05427913473554355,3.4594636755428314,33.435816187594696,34.592516103225805,Banas,3,33.933560140258216,Stable,Stable
4833,no trend,0.7742550657745815,0.023474178403755867,0.031164431281565406,0.06582012597275515,3.489364108352269,46.93331859776515,48.57099297177419,Kosi,2,47.635310298943665,Stable,Stable
4542,no trend,0.7891853811696212,-0.02190923317683881,-0.003216081648351643,-0.0628692510485738,3.4987031241052886,5.060349207804924,5.237395803629032,Ganga,1,5.13697661016432,Stable,Stable
3342,no trend,0.9806083394501892,0.002347417840375587,0.0013439832839262406,0.013163422658426353,3.5127670936634137,10.142260137632576,10.498534114301075,Kuno,4,10.298120720915493,Stable,Stable
4344,no trend,0.8268225771319824,-0.017996870109546165,-0.0015105000275423626,-0.028336947947172116,3.5566999499649103,5.2455816713882575,5.432151272069892,Mawai,5,5.325870214342723,Stable,Stable
5177,no trend,0.48088440255926135,0.05712050078247261,0.014155345282567003,0.1039491079942541,3.6381832954899975,13.539250083125001,14.03183281798387,Gandak,2,13.74557575902582,Stable,Stable
3734,no trend,0.826840031012408,0.017996870109546165,0.022510085208333308,0.0837279136264583,3.676501785617756,26.55239487221591,27.528594143817205,Berach,4,26.993055916197186,Stable,Stable
4862,no trend,0.24927359025181262,0.09311424100156494,2.6850891557734213,0.172714685015181,3.7379554098639147,1536.5799230170455,1594.016595376344,Kosi,2,1561.3463109037557,Stable,Stable
4566,no trend,0.6165763246166498,0.0406885758998435,1.018264478511537,0.1128530765126917,3.7551138143906835,882.8882420340909,916.0417003763441,Son,2,897.7547210446008,Stable,Stable
4180,no trend,0.4629192952859549,-0.0594679186228482,-0.008982503873326296,-0.17863826317984938,3.7747579725532847,4.991085085765151,5.179486467956989,Naren,5,5.07400180629108,Stable,Stable
3924,no trend,0.9496102610505923,0.005477308294209703,0.05760720458553831,0.014608277987124586,3.804254470844304,390.3085253998106,405.1568549274194,Ganga,1,396.7544121467136,Stable,Stable
4860,no trend,0.24927359025181262,0.09311424100156494,2.575584529900329,0.1687510831934406,3.822020597366677,1507.9627350890153,1565.5973814247313,Kosi,2,1532.8096342488263,Stable,Stable
3336,no trend,0.7891853811696212,-0.02190923317683881,-0.8604837360646616,-0.08118202288740554,3.841544618288121,1050.0710113598484,1090.4099577849463,Chambal,2,1067.8948604178404,Stable,Stable
4859,no trend,0.28267229215716716,0.08685446009389672,2.5404697562358263,0.17151861841960425,3.8633481816593216,1463.0785729223485,1519.6023923655912,Kosi,2,1487.4387671713616,Stable,Stable
3728,no trend,0.796680051274133,0.02112676056338028,0.0014718844510109865,0.052485986836825246,3.9157503748371356,2.7699522427367422,2.878416658064516,Jashma,5,2.8185792321478873,Stable,Stable
4614,no trend,0.637254471508776,0.03834115805946792,1.0941741787133614,0.12289373934005461,3.924145964107875,870.554937221591,904.7167836559139,Son,2,885.8512197183098,Stable,Stable
2977,no trend,0.9186882634841276,-0.008607198748043818,-0.0020608196043025787,-0.017997334434865155,3.9276994556159885,11.328503807670455,11.773453390053763,Chandan,4,11.521441636032863,Stable,Stable
2916,no trend,0.16890433439895003,0.1111111111111111,0.02239713253676468,0.24237881227511918,3.934791170735077,9.13633091534091,9.495826457526883,Ichamati,4,9.292011441314553,Stable,Stable
3335,no trend,0.7520168837093886,-0.025821596244131457,-0.7582684564345434,-0.07224908607036512,3.954381002902755,1039.2422681628789,1080.3378669892475,Chambal,2,1057.3942189084507,Stable,Stable
5113,no trend,0.3736762927138684,-0.07198748043818466,-0.023228346619152067,-0.2514180659622728,3.9729681152130776,9.154080958617424,9.517769676344086,Harna,5,9.313799423122067,Stable,Stable
4902,no trend,0.2783390390292886,0.08763693270735524,2.589539544270835,0.17936628489556458,4.004088967204202,1425.1917158257577,1482.257660080645,Kosi,2,1449.7855183685447,Stable,Stable
3757,no trend,0.864897167788448,-0.014084507042253521,-0.0031558123658594313,-0.05235575016748125,4.037046551230781,5.983471997371212,6.225027547284946,Garni,5,6.0888898849999995,Stable,Stable
4898,no trend,0.24927359025181262,0.09311424100156494,2.5002753536184246,0.1746566634819876,4.04282939008235,1413.002182380682,1470.1274498924731,Kosi,2,1437.6142407159625,Stable,Stable
3564,no trend,0.8344219897000891,-0.017214397496087636,-0.09311240424876813,-0.06739168980689475,4.096585353938897,136.81007311950756,142.4146145376344,Kali Sindh,3,139.28696561032862,Stable,Stable
3333,no trend,0.7742550657745815,-0.023474178403755867,-0.865949776388888,-0.106034351625299,4.129535852174566,808.417581107197,841.801474954301,Chambal,2,823.1478288838028,Stable,Stable
3568,no trend,0.864897167788448,-0.014084507042253521,-0.11860293560606061,-0.08259367335876118,4.200842209525408,142.1240132337121,148.09441877150536,Kali Sindh,3,144.76183748708922,Stable,Stable
3575,no trend,0.8192741807890083,-0.018779342723004695,-0.19971790034965023,-0.07189437504337859,4.217132648252581,275.057879942803,286.65743559946236,Kali Sindh,3,280.1755469870892,Stable,Stable
4610,no trend,0.5827852327137752,0.04460093896713615,0.017543404095441584,0.1439301213163246,4.283676856180641,11.844075729109848,12.351437659946235,Kanhar,3,12.078909326291079,Stable,Stable
4340,no trend,0.7594077836691946,0.025039123630672927,0.1707432059884558,0.07508758162221389,4.288911020298403,222.09904064867425,231.62467087903227,Rihand,3,226.3860824061033,Stable,Stable
3627,no trend,0.8192741807890083,-0.018779342723004695,-0.2123553622685187,-0.07474780378913318,4.307188398121117,281.1904556431818,293.3018583252688,Kali Sindh,3,286.5324958450704,Stable,Stable
4058,no trend,0.4869560812360789,0.056338028169014086,0.5998622408730158,0.1112589354820934,4.327866717848646,526.2848910448863,549.061799685484,Son,2,536.385633129108,Stable,Stable
5105,no trend,0.6652683394768646,0.035211267605633804,0.006608055928515277,0.09821020134374778,4.34584633845445,6.641472061066288,6.930100231451613,Ganga,1,6.767206585598592,Stable,Stable
3334,no trend,0.826840031012408,-0.017996870109546165,-0.819254871031748,-0.09856505912444692,4.409887010312255,821.8092387645833,858.0500976344086,Chambal,2,837.7891443392018,Stable,Stable
4896,no trend,0.22610606469567318,0.09780907668231612,2.534408823028672,0.18212756533310095,4.437526770673024,1371.1977851306817,1432.0450539247313,Kosi,2,1397.4293823122066,Stable,Stable
3248,no trend,0.8725493270758475,-0.013302034428794992,-0.004984425253267974,-0.04780654902075315,4.473044014412992,10.265638170416667,10.724824684139785,Sota,4,10.468388803521128,Stable,Stable
4803,no trend,0.15717909032089183,-0.11424100156494522,-0.08864474355585414,-0.3041933592326166,4.536065786124662,28.753846881098486,30.058140291666668,Darma Yankti,4,29.33640620516432,Stable,Stable
3636,no trend,0.8041935186327291,0.02034428794992175,0.10425670355380795,0.051430514621350294,4.564545575537024,200.18589717064395,209.32347368279568,Chambal,2,204.19953475469484,Stable,Stable
3650,no trend,0.7520168837093886,0.025821596244131457,0.04095916361153442,0.0883668980245376,4.575792650147717,45.77565247515152,47.87025141666666,Chambal,2,46.68643043169014,Stable,Stable
4886,no trend,0.22610606469567318,0.09780907668231612,2.5110547191134565,0.18217498511870234,4.581297651371846,1357.399627554924,1419.586144811828,Kosi,2,1384.2124797065726,Stable,Stable
4346,no trend,0.864870809885431,-0.014084507042253521,-0.004357510959757801,-0.017510989918759486,4.598021233482026,24.37485435910985,25.49561533817204,Banas,3,24.858620041431923,Stable,Stable
3415,no trend,0.9264090835829735,-0.00782472613458529,-0.028979657548701653,-0.01623631740720295,4.613395377070186,175.85220097727273,183.9649582876344,Banas,3,179.44346046948357,Stable,Stable
4105,no trend,0.41133262486980504,0.06651017214397496,0.3715716396963822,0.17333808349770063,4.6235895133225515,208.89434435530302,218.5527613548387,Son,2,213.1966733556338,Stable,Stable
3736,no trend,0.796680051274133,0.02112676056338028,0.023747617037563208,0.07687342691783218,4.6286693917761985,30.381949409734847,31.788229402688174,Berach,4,31.012749072065727,Stable,Stable
3918,no trend,0.8420193729632897,0.01643192488262911,0.14018140808823687,0.03665567055665481,4.681374568518739,377.09162732916667,394.74469887096774,Ganga,1,384.76812945422535,Stable,Stable
4342,no trend,0.5369851790476614,0.050078247261345854,1.144639922470552,0.14596615686890246,4.747804487910764,763.8523490776515,800.118565188172,Son,2,780.0093979812207,Stable,Stable
4907,no trend,0.338231370166147,0.07746478873239436,0.06433209455555557,0.1621749565003212,4.751247259053423,39.156953974185605,41.01739767661291,Bagmati,2,39.94799886889671,Stable,Stable
3414,no trend,0.9418708081099778,-0.006259780907668232,-0.015502248015872834,-0.008899255645837618,4.7638448750485365,171.499754536553,179.6697368037634,Banas,3,175.11546557511736,Stable,Stable
2928,no trend,0.1976657456561186,0.10406885758998435,0.03085080141129034,0.25585037728430204,4.78252968333534,11.892116142651515,12.460860127150537,Padma,1,12.138271968309859,Stable,Stable
4807,no trend,0.22985671735809987,-0.09702660406885759,-0.34469502159722215,-0.2945709498498732,4.7895171190315615,115.32028964924243,120.84357466370967,Mahakali,2,117.78024950340375,Stable,Stable
4613,no trend,0.5054169484685467,0.0539906103286385,1.136176844287471,0.14352562896580126,4.799180002512977,770.8122493522727,807.8049166801075,Son,2,787.3054448298122,Stable,Stable
3775,no trend,0.8117251184237138,0.019561815336463225,0.004116963797905523,0.06814286893052857,4.814508157702757,5.965556494136363,6.252768698198925,Parbati,3,6.092525477488263,Stable,Stable
4840,no trend,0.09936031287120262,0.13302034428794993,0.033447031681585714,0.1621494413882168,4.8574557893887,20.420603902386365,21.412525708870966,Balasan,4,20.834749440023476,Stable,Stable
5115,no trend,0.2870510439241154,-0.08607198748043818,-0.0682011318015019,-0.24650524428546755,4.865786922484854,27.297344430227277,28.625575045698923,Sunder,5,27.878317730985913,Stable,Stable
3569,no trend,0.8878887714688604,-0.011737089201877934,-0.09229889705882356,-0.05836049602141423,4.912920679356221,156.0804758943182,163.74858587096776,Kali Sindh,3,159.46042651291077,Stable,Stable
4341,no trend,0.3949258884499005,0.06885758998435054,0.6895770194713466,0.12399946288692493,4.926853231069418,541.126117295644,567.7866068897849,Son,2,552.9596155140845,Stable,Stable
3754,no trend,0.7742550657745815,-0.023474178403755867,-0.00632557364930148,-0.13057320504335837,4.945438024354071,4.793329353410985,5.030380485887097,Retili,5,4.896193471338028,Stable,Stable
4345,no trend,0.8572298396075151,-0.01486697965571205,-0.004149885197649543,-0.022016482337511335,5.08382801672833,18.423634476268937,19.360260367473117,Banas,3,18.82830742523474,Stable,Stable
3787,no trend,0.9418708081099778,-0.006259780907668232,-0.16604130392156807,-0.027037421702090957,5.163818960023356,605.0223526592803,636.2646116182796,Chambal,2,618.7901758955398,Stable,Stable
3343,no trend,0.9341368400799535,0.007042253521126761,0.007955151349580827,0.042128597216828795,5.193710340212292,18.62267025064394,19.58987780107527,Kuno,4,19.044579765845068,Stable,Stable
3758,no trend,0.7226862070785358,-0.028951486697965573,-0.013637026971726125,-0.13355686650723253,5.209073614428562,10.089184213308712,10.614737246075268,Andheri,4,10.317613294377933,Stable,Stable
3747,no trend,0.9341368400799535,-0.007042253521126761,-0.1843318435623146,-0.02958555923937542,5.23278248532939,613.651226430303,645.7622603279569,Chambal,2,627.7995466713614,Stable,Stable
5114,no trend,0.3096290813784828,-0.08215962441314555,-0.034358963717417805,-0.21875137942435025,5.300196278511701,15.466372289450756,16.28612037795699,Tribani,5,15.824084249061034,Stable,Stable
4577,no trend,0.1812739066944027,0.107981220657277,1.7150173716216233,0.21918114024155386,5.505573279755514,768.0831172079545,810.3704960752689,Gandak,2,786.349094399061,Stable,Stable
4073,no trend,0.3735821695493442,0.07198748043818466,0.13235333297258278,0.2215353772237929,5.515441241694276,57.772270811496206,60.95866646209677,Satna,4,59.1907794455399,Stable,Stable
5276,no trend,0.7594077836691946,-0.025039123630672927,-0.0027811503648046895,-0.06273483361635195,5.577410085791723,4.3585516534943185,4.6016459530107525,Gahra,5,4.464959040575117,Stable,Stable
3436,no trend,0.9186882634841276,0.008607198748043818,0.05203431148989723,0.03167195482394515,5.578272800607054,161.15074116401516,170.1401691263441,Banas,3,165.123107935446,Stable,Stable
3753,no trend,0.6937574902034176,-0.032081377151799685,-0.006809336019557832,-0.14667789153889832,5.5831441122914915,4.578510465422348,4.834135302903226,Andheri,4,4.689827226866197,Stable,Stable
4885,no trend,0.13306473930212648,0.12128325508607199,2.377426190536725,0.20091525210969574,5.585398210407057,1160.2286924810605,1225.0320851075269,Kosi,2,1188.2125036619718,Stable,Stable
3607,no trend,0.7668207233743265,0.024256651017214397,0.19665351209677373,0.08498413118128359,5.672868967689616,227.41682738030303,240.3178860080645,Chambal,2,233.08368164671361,Stable,Stable
3628,no trend,0.8955746395901789,-0.010954616588419406,-0.19050775231480088,-0.032967912548863214,5.690028010241256,568.0923363566287,600.4169494193549,Chambal,2,582.3198031326291,Stable,Stable
4362,no trend,0.38954613981986475,0.06964006259780908,0.28263281961697706,0.15443146838601754,5.723032786178873,177.3580885965909,187.50835015591397,Son,2,181.87888123708922,Stable,Stable
3783,no trend,0.8344219897000891,-0.017214397496087636,-0.0021530814338575374,-0.07791971509790217,5.756604749198218,2.709327001443182,2.86529224827957,Manoli,5,2.7785190594483566,Stable,Stable
5124,no trend,0.34315838025944156,0.07668231611893583,0.05318134665178596,0.16257798854659083,5.759209561568642,32.09478482524621,33.94319074166667,Burhi Gandak,2,32.891573821948356,Stable,Stable
3603,no trend,0.5563907438061542,0.04773082942097027,0.00544611092782331,0.18128904719395658,5.76059088844934,2.9524177603522728,3.122494468844086,Dudhaliya,5,3.027365615633803,Stable,Stable
3245,no trend,0.8802134306063019,0.012519561815336464,0.0016784133401863996,0.050232847704655484,5.785062704550193,3.2743640283238635,3.4637880405376347,Sota,4,3.3575849691666666,Stable,Stable
3608,no trend,0.826840031012408,0.017996870109546165,0.1616883597449898,0.06705864486715717,5.8265936543653964,236.8143878282197,250.61259992204302,Chambal,2,242.87527049530516,Stable,Stable
4438,no trend,0.16005089535061545,0.1134585289514867,1.7272138220828341,0.2285486048214963,5.913669994077473,740.6829548986742,784.4845005537635,Gandak,2,759.6068507523473,Stable,Stable
4361,no trend,0.35314920453786036,0.07511737089201878,0.29051525094962033,0.16259779184283568,5.920417505991673,172.98153937064393,183.2227687096774,Son,2,177.54283751525824,Stable,Stable
5275,no trend,0.30046084574552445,-0.0837245696400626,-0.07607916583508412,-0.21341353779302874,5.971299663939692,35.0074197855303,37.09781772553763,Sunder,5,35.92210976232394,Stable,Stable
4381,no trend,0.2870510439241154,0.08607198748043818,0.16380407030577163,0.2134335527473127,5.98116731207341,74.40195969431818,78.85206538709677,Son,2,76.37956601760564,Stable,Stable
4802,no trend,0.15434651244363784,-0.11502347417840375,-0.04810547412473545,-0.35039435778599015,6.071322695495067,13.475112015882576,14.293229549946238,Lassar Yankti,4,13.837478715798124,Stable,Stable
3341,no trend,0.7226862070785358,0.028951486697965573,0.004889952617715614,0.08647362567708482,6.123009293535153,5.554153747979166,5.8942350981451614,Karai,5,5.701916409131455,Stable,Stable
3652,no trend,0.6165763246166498,0.0406885758998435,0.08308060903679651,0.11533939072228086,6.15221132417814,70.62607935482956,74.97114500672042,Chambal,2,72.52827869483568,Stable,Stable
4843,no trend,0.17812023020364975,0.10876369327073553,0.10782035973639462,0.14204968440369609,6.17561623900509,74.71881421727272,79.33316144166666,Mahananda,2,76.66235415845071,Stable,Stable
4525,no trend,0.4992226615640707,0.054773082942097026,0.011196248224206335,0.12820649351819424,6.2157480188612215,8.58427259584091,9.117849349650538,Gandak,2,8.811803617323944,Stable,Stable
3665,no trend,0.6442115023036941,0.03755868544600939,0.020195240465583502,0.13862804018190347,6.219190268735975,14.286117696098483,15.174598537634408,Chamla,5,14.672747782276994,Stable,Stable
3434,no trend,0.8572576562971361,0.01486697965571205,0.08592078748196258,0.053873148651493466,6.284329356999978,155.9503677820076,165.75080252688173,Banas,3,160.276376778169,Stable,Stable
3619,no trend,0.826840031012408,-0.017996870109546165,-0.0011811632061688297,-0.060238317098066825,6.300756529035545,1.920465622570076,2.0414694856720432,Chandloi,5,1.973886601431925,Stable,Stable
4326,no trend,0.5961979541459173,0.04303599374021909,0.045460341763565865,0.15137125887779895,6.3188763055103845,28.99262005755682,30.82462785672043,Rihand,3,29.820620192488263,Stable,Stable
3615,no trend,0.8878887714688604,0.011737089201877934,0.14112615519781135,0.0539715647827759,6.433310308846625,256.10193220909093,272.5777642150538,Chambal,2,263.34133208685444,Stable,Stable
5121,no trend,0.7817101679285825,0.02269170579029734,0.006638716176470499,0.0443424589826932,6.445280673929011,14.614430356458334,15.556371411827957,Dhanauti,5,15.022793170187795,Stable,Stable
3851,no trend,0.9496102610505923,0.005477308294209703,0.005602713788377199,0.01830175415339987,6.488110041763277,29.9891995636553,31.93493183198925,Baur,4,30.832856528521127,Stable,Stable
4966,no trend,0.14340298483681213,0.11815336463223787,0.7646012188559332,0.20191704832683086,6.529713138895303,370.4050677528409,394.5914561290322,Kosi,2,380.78760551173707,Stable,Stable
4808,no trend,0.24927359025181262,-0.09311424100156494,-0.12047888780958016,-0.29853909214715074,6.534559196208294,39.66128214221591,42.2529721017742,Ramganga,2,40.79585508011738,Stable,Stable
3860,no trend,0.7668207233743265,0.024256651017214397,0.01191219791666646,0.0904680146002172,6.535197661550499,12.882374203030304,13.724262820698925,Gaula,4,13.250360062676055,Stable,Stable
4382,no trend,0.2374903017794887,0.09546165884194054,0.18586591603195948,0.222308600711608,6.715946103764277,80.75789048238637,86.18154688172042,Son,2,83.16695238028169,Stable,Stable
4097,no trend,0.38411755321746144,0.07042253521126761,0.014272913469827628,0.24481821009001994,6.810344278541234,5.608283955732954,5.9902274012365595,Satna,4,5.7769352687323945,Stable,Stable
3917,no trend,0.6165763246166498,0.0406885758998435,0.331969379173344,0.09518276208381508,6.8584359327449125,340.6600240931818,364.02397359408604,Ganga,1,350.8452396232395,Stable,Stable
4379,no trend,0.23365141163238423,0.09624413145539906,0.07995883092833117,0.20341182464689572,6.9105155784323395,37.962420981439394,40.58581999731183,Son,2,39.122067234741785,Stable,Stable
3618,no trend,0.8572576562971361,0.01486697965571205,0.14790395741758325,0.05265287315897639,6.917514031864782,274.49253057613635,293.4805898951613,Chambal,2,282.8396060551643,Stable,Stable
3565,no trend,0.6937574902034176,-0.032081377151799685,-0.008253542430555604,-0.1520719702156283,6.929923343699384,5.308637705952652,5.676522229569892,Kali Sindh,3,5.4704292775,Stable,Stable
3616,no trend,0.826840031012408,0.017996870109546165,0.16729165467033008,0.06082824891315699,6.941787036898593,268.727858283144,287.3823739139785,Chambal,2,276.92687148004694,Stable,Stable
4206,no trend,0.4992226615640707,0.054773082942097026,0.005772185302439108,0.14757911941168242,6.996442097213536,3.826907609051136,4.094654984032258,Lastar,5,3.9418688947652583,Stable,Stable
3623,no trend,0.8572576562971361,0.01486697965571205,0.21324894373219375,0.07278746259372722,7.052953127244662,286.12536958560605,306.3056577876344,Chambal,2,294.9961044448357,Stable,Stable
5110,no trend,0.3333500217009937,-0.0782472613458529,-0.08800570466116273,-0.20079502703708083,7.0804089815832985,42.832496755132574,45.865212702419356,Gahra,5,44.159399127230046,Stable,Stable
3629,no trend,0.965102707616436,-0.003912363067292645,-0.00038211218055554414,-0.015097986932033599,7.090482887972567,2.4705910832973483,2.645767921290323,Shipra,4,2.547919239612676,Stable,Stable
5111,no trend,0.637254471508776,-0.03834115805946792,-0.07955078337104075,-0.10030459051571469,7.11773537444161,77.46828821609849,82.98227597043011,Ganga,1,79.87625157511738,Stable,Stable
5109,no trend,0.965102707616436,0.003912363067292645,0.003380414856362813,0.009556799205591217,7.132741630816771,34.534555043863634,36.99781562849463,Chandan,4,35.60770511079812,Stable,Stable
4884,no trend,0.10549131815691903,0.13067292644757433,2.3428000583333324,0.21845651817135,7.174264623699303,1044.6459053958333,1119.59156702957,Kosi,2,1077.051937423709,Stable,Stable
3759,no trend,0.7154148441443793,-0.0297339593114241,-0.020472055892857135,-0.12215068793831799,7.175496251802476,16.425438788958335,17.60404553360215,Andheri,4,16.938210325938968,Stable,Stable
4383,no trend,0.21873623484799687,0.09937402190923318,0.20393590960930408,0.2168231948780192,7.243826131352053,90.58066846458334,97.1421745967742,Son,2,93.4972412887324,Stable,Stable
3742,no trend,0.5894740020112736,-0.04381846635367762,-0.00415055285238095,-0.18892610087622524,7.315123651697496,2.146571152683712,2.303595486774194,Sukni,5,2.2154130844014084,Stable,Stable
3719,no trend,0.6723474310081521,0.03442879499217527,0.07458732944376198,0.16282905156775698,7.4690721824971735,44.485536238390154,47.80819305080645,Berach,4,45.96265318028169,Stable,Stable
4434,no trend,0.08439370968045279,0.13928012519561817,2.0510001683333337,0.28273374167476334,7.493380306987088,706.2364247691288,759.1574059435484,Gandak,2,729.1502404248826,Stable,Stable
5120,no trend,0.28267229215716716,0.08685446009389672,0.041174368890351004,0.20901896955808114,7.508024637159967,19.186319248333334,20.626832824462365,Burhi Gandak,2,19.808960159859154,Stable,Stable
3600,no trend,0.5434157270143498,0.04929577464788732,0.01731290385944696,0.16028820153132647,7.524326146871878,10.543261568598485,11.336570955537635,Ahu,4,10.891695215798123,Stable,Stable
3622,no trend,0.8572576562971361,-0.01486697965571205,-0.003459809675838073,-0.05758575267053366,7.557088959682423,5.85284791786553,6.2951528416935485,Chandloi,5,6.0478292542723,Stable,Stable
4219,no trend,0.5179259057262735,0.05242566510172144,0.3393995106534088,0.10009432189992959,7.707190819798957,329.981637705303,355.41395219354837,Ganga,1,341.07852669483566,Stable,Stable
4215,no trend,0.5498843783585525,0.048513302034428794,0.35091241519841326,0.1047616529745119,7.770318723182658,325.87742009905304,351.19913428763437,Ganga,1,336.9287536948356,Stable,Stable
4204,no trend,0.40035031770802365,0.06807511737089202,0.03866761966016065,0.16917681115875416,7.770533065597323,22.296142138276515,24.02867123548387,Bhillangana,4,23.04278783673709,Stable,Stable
3743,no trend,0.6511998403435748,-0.036776212832550864,-0.008405482302631669,-0.17968743407375834,7.876492285989549,4.562039935882575,4.921368659516129,Khari,3,4.719541152159625,Stable,Stable
3649,no trend,0.7446486544907949,0.026604068857589983,0.003641561208333326,0.09967493424192257,8.048561259205638,3.5496243547651516,3.8353180454301077,Pingla,5,3.6757916681455396,Stable,Stable
4865,no trend,0.5961979541459173,0.04303599374021909,0.012803022093253976,0.1325837859459638,8.083620222161027,9.37907658467803,10.137245516129033,Ganga,1,9.709751566314553,Stable,Stable
4386,no trend,0.22985671735809987,0.09702660406885759,0.2636309469627597,0.23301011098038607,8.165742476570607,108.50052046174241,117.3603935483871,Son,2,112.43165248239437,Stable,Stable
4380,no trend,0.17812023020364975,0.10876369327073553,0.11363213676660221,0.23648781564787805,8.24458850518644,46.098578914204545,49.89921705241935,Son,2,47.780266703051645,Stable,Stable
4388,no trend,0.21154056044294678,0.10093896713615023,0.312425614412568,0.24245980397268593,8.525158170583431,123.34031584375,133.85527285752687,Son,2,128.00468383098593,Stable,Stable
2954,no trend,0.5761320910860721,-0.04538341158059468,-0.01797317551224388,-0.143971105632106,8.531364149790747,12.134168334848486,13.16937842204301,Gumani,4,12.587300281103285,Stable,Stable
3733,no trend,0.7668207233743265,0.024256651017214397,0.019703672818538655,0.11169315273756729,8.534287042499153,17.05531537604167,18.51086494623656,Berach,4,17.70108264448357,Stable,Stable
4039,no trend,0.5695150128741793,0.04616588419405321,0.01005731139520202,0.183277776749624,8.563559102475649,5.215534039382576,5.662169379354839,Ganga,1,5.420130295492958,Stable,Stable
4431,no trend,0.053617359017357646,0.15571205007824726,2.20622328592995,0.317980007819268,8.56865536859641,672.407319005303,730.023584844086,Gandak,2,697.3861592488263,Stable,Stable
3606,no trend,0.737303720794612,0.027386541471048513,0.006034376087962933,0.10781754754005117,8.590180903704344,5.439370388522727,5.906622144919355,Ansar,5,5.644511616596244,Stable,Stable
3617,no trend,0.9961213012810441,0.000782472613458529,0.0002013450039845081,0.007543139559789944,8.598554785241996,2.585056976723485,2.8073345170967743,Chambal,2,2.683272749859155,Stable,Stable
4075,no trend,0.2655174106364968,0.08998435054773082,0.3586212507716039,0.3250219401733449,8.6494223765122,105.10416904573863,114.19507256182796,Tons,2,109.14335069424882,Stable,Stable
4883,no trend,0.1305725749769009,0.12206572769953052,2.0759395368579847,0.21678989943709776,8.817725343993358,926.3192775301137,1007.9995672311827,Kosi,2,961.6897440598592,Stable,Stable
3437,no trend,0.7154148441443793,-0.0297339593114241,-0.003971551708221027,-0.07764678550664703,8.903485538618197,4.968087834852272,5.410420816774194,Chakan,5,5.161760491279343,Stable,Stable
3621,no trend,0.9264090835829735,-0.00782472613458529,-0.0010611275894644643,-0.0354456755132108,8.95267248882861,2.898931759909091,3.158463626048387,Alnia,5,3.013210219131455,Stable,Stable
3604,no trend,0.5827852327137752,0.04460093896713615,0.0069342995833332885,0.15783614853756178,8.95736314409538,4.2672540847064395,4.649487529354839,Ahu,4,4.43464394370892,Stable,Stable
3735,no trend,0.8496314926030792,0.01564945226917058,0.0014535426609848473,0.05722008217078506,9.086898869837038,2.4531581662954545,2.676074167983871,Berach,4,2.551774620692488,Stable,Stable
3739,no trend,0.4629192952859549,0.0594679186228482,0.008413458942901231,0.18849980294264893,9.088652683654217,4.299117647089015,4.689849518494623,Kadmali,5,4.472715411983568,Stable,Stable
4384,no trend,0.7081143589272578,0.03051643192488263,0.004427366904761896,0.06353628656945888,9.104124251528452,6.619106918418561,7.221718636612903,Son,2,6.889531686584506,Stable,Stable
4965,no trend,0.21873623484799687,0.09937402190923318,1.4928306030618699,0.20024693631120455,9.110312196159693,719.6986600253788,785.2654548252688,Kosi,2,748.1433077276995,Stable,Stable
5274,no trend,0.4629192952859549,-0.0594679186228482,-0.012019757387916885,-0.17083671008873808,9.118410034785787,6.818308467935606,7.440029791478495,Sunder,5,7.0906486962793425,Stable,Stable
3769,no trend,0.6865925646666557,-0.03286384976525822,-0.004447370216931215,-0.11067371128461229,9.122877602031387,3.89644310861553,4.251910844247312,Banganga,4,4.052384351525822,Stable,Stable
3651,no trend,0.5498843783585525,0.048513302034428794,0.03263263240291571,0.16256688554822257,9.14672457477619,19.41311960320076,21.188784184677417,Chambal,2,20.195506212441316,Stable,Stable
3720,no trend,0.6029566352766689,0.04225352112676056,0.09944203795340852,0.1913561031625155,9.235444096675202,50.09321043693181,54.71954088306452,Berach,4,52.143380840375585,Stable,Stable
4202,no trend,0.40581928169739556,-0.06729264475743349,-0.007150568276084006,-0.1778230872254969,9.285155646765864,3.903891867356061,4.266374303521506,Jalkur,4,4.05893125185446,Stable,Stable
4904,no trend,0.11637258786708138,0.1267605633802817,1.9235916745799737,0.20992749777427405,9.399587443596285,884.1936409340909,967.3041953844086,Kosi,2,920.1982099002348,Stable,Stable
3648,no trend,0.4224917781104891,0.0649452269170579,0.03648210772095957,0.2222120746078497,9.412691587929254,15.860239275492424,17.35311468360215,Maleni,5,16.517707634859153,Stable,Stable
3602,no trend,0.4511535370128277,0.06103286384976526,0.04428239708333333,0.17927826093852084,9.459789987159354,23.925937222329544,26.189280636021508,Ahu,4,24.9181663342723,Stable,Stable
4809,no trend,0.08615834146201906,-0.13849765258215962,-0.09146024095695976,-0.4439109313945311,9.57251924828246,19.98756415622159,21.90087758233871,Sarju,3,20.822864221737092,Stable,Stable
4080,no trend,0.26136560460148184,0.09076682316118936,0.45867793398437506,0.37570734370853826,9.85369891419128,115.59828334251895,126.9889901330645,Tons,2,120.6575960504695,Stable,Stable
3573,no trend,0.6652683394768646,0.035211267605633804,0.01818025166666635,0.10432416851068878,9.906173111353201,16.845699872518942,18.514464063709674,Chhapi,4,17.578382018075118,Stable,Stable
5112,no trend,0.7154148441443793,-0.0297339593114241,-0.07223464960410408,-0.07630428433003807,10.09653658548237,91.29629757784092,100.51406166397848,Ganga,1,95.32435429929576,Stable,Stable
3647,no trend,0.36332204192852346,0.07355242566510173,0.013200404989247315,0.2383634071215139,10.111339790691025,5.334130722231061,5.8734828044354845,Maleni,5,5.571505399448357,Stable,Stable
3721,no trend,0.6442115023036941,0.03755868544600939,0.09545487359109384,0.1736847158403632,10.168441928281649,52.764885529280306,58.13025227284946,Berach,4,55.14020750422535,Stable,Stable
3561,no trend,0.5116514737677185,0.053208137715179966,0.06045442281707318,0.18115031707070287,10.190232658019955,32.22761132212121,35.511679895967745,Ahu,4,33.66686419647887,Stable,Stable
4331,no trend,0.5694389703953568,0.04616588419405321,0.004772121155035084,0.09643912259022525,10.227823059180617,4.719613242827651,5.20232693438172,Gopat,4,4.930286938122066,Stable,Stable
3562,no trend,0.5498843783585525,0.048513302034428794,0.07666269375000004,0.17995054800063254,10.50160798834384,41.077146325719696,45.39090720564516,Ahu,4,42.9681347879108,Stable,Stable
3964,no trend,0.48687027670184957,0.056338028169014086,0.010047318879251699,0.17022548378690758,10.635575144830455,5.519706540454545,6.10675907733871,Son,2,5.7914185120539905,Stable,Stable
3329,no trend,0.8725493270758475,0.013302034428794992,0.0016863531229982783,0.04992562428356653,10.640488684469208,3.254378981755682,3.6006608090591397,Chambal,2,3.4061091812558684,Stable,Stable
4074,no trend,0.25725889815163994,0.09154929577464789,0.323592975154084,0.39052540692192844,10.82442997508345,78.13796153428031,86.59595046451612,Tons,2,81.88518053849765,Stable,Stable
3611,no trend,0.9806083394501892,-0.002347417840375587,-0.0005207160326867804,-0.011792882238920468,11.4606887858881,4.222336862435606,4.706245749731183,Gunjali,4,4.435701682758216,Stable,Stable
3709,no trend,0.4453347120023703,0.061815336463223784,0.004906380455586086,0.20713962706298128,11.509105547299388,2.271735072532197,2.533191459784946,Chandrabhaga,5,2.386459856913145,Stable,Stable
4092,no trend,0.3684765339307223,-0.07276995305164319,-0.04935653193277313,-0.2983978110496787,11.572947852832005,15.24948876691288,17.01430414973118,Sasur Khaderi,5,16.065838614201876,Stable,Stable
3755,no trend,0.972854241056627,0.003129890453834116,0.00031651324945887373,0.006669909827283901,11.580003273433416,4.567732782539773,5.09667638827957,Andheri,4,4.797977040997653,Stable,Stable
4084,no trend,0.2260146313068201,0.09780907668231612,0.5646813412037038,0.39468363610303075,11.615170005488592,134.35946688219695,149.96554737903227,Tons,2,141.29261293075118,Stable,Stable
3560,no trend,0.965102707616436,0.003912363067292645,0.0008501472901002424,0.009966107509232892,11.733380379005487,8.174446729903408,9.13358565860215,Amjar,5,8.595326137312206,Stable,Stable
3763,no trend,0.9341368400799535,0.007042253521126761,0.0007884705902777771,0.020210244246364674,11.735132486031603,3.74359964661553,4.1829160248924735,Bilas,5,3.9359082421713616,Stable,Stable
4214,no trend,0.2870510439241154,0.08607198748043818,0.6498850469663741,0.21456999322763898,11.77624190395846,289.6384015352273,323.7469203467742,Ganga,1,304.56187565962443,Stable,Stable
4385,no trend,0.16287935423029332,0.11267605633802817,0.04843359249530328,0.3184733782876815,11.83503523717933,14.352066222026517,16.050638316666667,Kunu,5,15.101299152112675,Stable,Stable
3601,no trend,0.5761320910860721,0.04538341158059468,0.006906602285974502,0.162135342151602,11.900157674116379,4.0834321757670455,4.569367043198925,Ahu,4,4.296374192382629,Stable,Stable
4086,no trend,0.25319718549378667,0.09233176838810642,0.585667919328704,0.38248027744766455,12.080852593434702,143.4211606284091,160.7476596317204,Tons,2,151.12596536384976,Stable,Stable
3732,no trend,0.637254471508776,0.03834115805946792,0.02082515565760654,0.15635608801290293,12.145100900578292,12.67944388751894,14.219375141290321,Berach,4,13.359789457230047,Stable,Stable
3766,no trend,0.8572576562971361,0.01486697965571205,0.002195651618639982,0.07591184581538646,12.259005047765346,2.768901631342803,3.108341422096774,Khul,4,2.9175817054225353,Stable,Stable
3737,no trend,0.6442115023036941,0.03755868544600939,0.018740685245098067,0.1618589473588196,12.303428609690574,11.005932582954546,12.360039641129033,Gambhiri,4,11.604647253051642,Stable,Stable
3646,no trend,0.3096290813784828,0.08215962441314555,0.0163611357961703,0.3083795783716456,12.492074447696316,5.061140755314394,5.693382226370968,Maleni,5,5.33882069778169,Stable,Stable
3722,no trend,0.5629344246630752,0.046948356807511735,0.12630872468932747,0.1689215304279598,12.52140053699897,71.15993688910984,80.07015760887097,Banas,3,75.0891224988263,Stable,Stable
3566,no trend,0.8117251184237138,0.019561815336463225,0.011485799404761935,0.08371490660457838,12.542161625121942,13.13786377248106,14.785635880913977,Ujar,5,13.857946674647888,Stable,Stable
3726,no trend,0.32372443651094795,0.07981220657276995,0.00441088718341503,0.26866594325819254,12.545233582639014,1.5672787475416665,1.7638975273118278,Bahmnai,5,1.6536532928521128,Stable,Stable
4066,no trend,0.25725889815163994,0.09154929577464789,0.5684969177419343,0.3612981871354442,12.54560016522138,147.04200637992423,165.48930857526884,Tons,2,155.24700690023474,Stable,Stable
3770,no trend,0.8192741807890083,0.018779342723004695,0.004907197591269841,0.08396525577191209,12.629876572733453,5.587996370753788,6.293753415268816,Khul,4,5.896733264683099,Stable,Stable
3702,no trend,0.5761320910860721,0.04538341158059468,0.18313971262626264,0.18784442706697366,12.92485586838045,92.6546126999053,104.63008784677419,Banas,3,97.93244689143194,Stable,Stable
3667,no trend,0.468865731616952,0.05868544600938967,0.00430816094285714,0.16066181988604447,12.932362616528103,2.553121863081439,2.883300840456989,Chambal,2,2.698086343380282,Stable,Stable
3447,no trend,0.32372443651094795,0.07981220657276995,0.0026705540689964165,0.2593130318208734,13.063625980321827,0.9763413885643939,1.103886975857527,Mendha,3,1.0323191292476526,Stable,Stable
3432,no trend,0.7009498978605979,0.03129890453834116,0.14236063433453805,0.1100943781895164,13.235613162384738,122.79298647310607,139.0453911532258,Banas,3,129.93083479929578,Stable,Stable
3724,no trend,0.5054169484685467,0.0539906103286385,0.12900657885849365,0.16531659463670814,13.280153859569433,74.01939108664773,83.84928010887097,Banas,3,78.35306833685445,Stable,Stable
3244,no trend,0.45701514595618686,0.06025039123630673,0.0041940575304259715,0.18277158686164796,13.386397228708743,2.175606765484848,2.4668421292473117,Sota,4,2.3032243041431926,Stable,Stable
3725,no trend,0.5434157270143498,0.04929577464788732,0.14829915250445086,0.18453262253087,13.522627596777056,76.1487460499053,86.44605739784947,Banas,3,80.688094125,Stable,Stable
3704,no trend,0.5369851790476614,0.050078247261345854,0.16035975833333313,0.1771672483565318,13.555982508761497,85.78694116657196,97.41620390591397,Banas,3,90.91093870715962,Stable,Stable
3637,no trend,0.5894740020112736,0.04381846635367762,0.00625633573809524,0.1735191340878893,13.567314647212624,3.4245987737462125,3.8892248647849463,Somli,5,3.62882921294601,Stable,Stable
3590,no trend,0.972854241056627,0.003129890453834116,0.004076344493140324,0.018055951299181812,13.672939989424718,21.501171436969695,24.44101370456989,Ghora Pachhar,4,22.787690326408452,Stable,Stable
4240,no trend,0.30046084574552445,0.0837245696400626,0.24060171173076933,0.2491151158269162,13.77182050177016,91.41566930785984,104.0052711954301,Alaknanda,3,96.95571983122066,Stable,Stable
3644,no trend,0.9961213012810441,-0.000782472613458529,-0.0004968427846211239,-0.01082254500865309,13.788407440994888,4.356673767861742,4.957389697849463,Idar,5,4.620624834483568,Stable,Stable
3718,no trend,0.5695150128741793,0.04616588419405321,0.01136621587357953,0.1258588526193564,13.876858141907933,8.57791828089015,9.768263832258064,Kothari,4,9.10018291842723,Stable,Stable
3588,no trend,0.9032703219315255,0.010172143974960876,0.004213375057118799,0.054083950520993386,14.018347095940154,7.407338608880681,8.44572504564516,Ghora Pachhar,4,7.862034784237089,Stable,Stable
4054,no trend,0.10334719640274859,0.13145539906103287,0.04718792083333331,0.42558916824148957,14.050944562037628,10.386972693920455,11.846440468817205,Belan,3,11.030430270539906,Stable,Stable
3748,no trend,0.9186882634841276,0.008607198748043818,0.0019573260119048236,0.039678137036594535,14.198637260095756,4.6822845653446965,5.347105166263441,Aheli,5,4.973562202664319,Stable,Stable
4806,no trend,0.468865731616952,-0.05868544600938967,-0.13408154599999994,-0.20768540407072786,14.339739546834432,61.20984277166667,69.98717480215053,Goriganga,3,65.06552255058685,Stable,Stable
2480,no trend,0.1380817350932224,0.11971830985915492,0.06708122889587721,0.2926136765179793,14.580991710367933,21.367267045606063,24.482826482258062,Kevai,5,22.73966485938967,Stable,Stable
3772,no trend,0.7817101679285825,0.02269170579029734,0.013063507699450905,0.10204686893795947,14.644457225871935,12.136428089848485,13.913742110215052,Khul,4,12.914155919953052,Stable,Stable
3440,no trend,0.5179259057262735,0.05242566510172144,0.21953992606209033,0.1888505976801271,14.759745875208965,109.6698355842803,125.85682461827957,Banas,3,116.78604259037559,Stable,Stable
3448,no trend,0.4992226615640707,0.054773082942097026,0.0020825634031531527,0.19963209171432006,14.80086788985781,0.9806847120075757,1.1258345606478495,Mendha,3,1.0444443911161971,Stable,Stable
4053,no trend,0.1355165602740569,0.12050078247261346,0.016064307162698403,0.3631245786411458,14.97557155156535,4.12968386269697,4.748127624408602,Belan,3,4.401862761995305,Stable,Stable
3773,no trend,0.8192741807890083,0.018779342723004695,0.014400241335271357,0.08947500870718264,14.997988454243904,15.235616893087121,17.52065295564516,Khul,4,16.235426600704226,Stable,Stable
4207,no trend,0.2914753538276562,0.08528951486697965,0.01615395216141002,0.22733460802575267,15.006526882630927,6.732181225378788,7.742447810752688,Bal Ganga,4,7.169321464014084,Stable,Stable
3713,no trend,0.8496314926030792,0.01564945226917058,0.0007234153386372895,0.050112135803084094,15.067033923417942,1.3663457375227273,1.5722135133064516,Banas,3,1.4564909621948356,Stable,Stable
4387,no trend,0.36322752908558575,0.07355242566510173,0.020674177105186473,0.21018624078449327,15.128140605619606,9.102946173276516,10.480052669623657,Son,2,9.714317089906103,Stable,Stable
4377,no trend,0.11184811908250736,0.12832550860719874,0.02356922238273062,0.3623596614703962,15.350027813995743,6.0327592042500005,6.958789420053764,Gohirari,5,6.442891360093896,Stable,Stable
3771,no trend,0.7817101679285825,0.02269170579029734,0.011850270529513984,0.12412292118354491,15.476261371390743,9.021516797897728,10.417710317204302,Khul,4,9.63224544847418,Stable,Stable
3731,no trend,0.637254471508776,0.03834115805946792,0.019597560956790137,0.20953403024778056,15.481505621664898,8.775738439943181,10.134354879865592,Berach,4,9.374983425715962,Stable,Stable
4235,no trend,0.5695150128741793,0.04616588419405321,0.0613130984848486,0.1437945729451917,15.483895446317032,40.10067532895833,46.30982197016129,Dhauli Ganga,4,42.82970759049296,Stable,Stable
4241,no trend,0.20107037164659647,0.10328638497652583,0.3266579626436783,0.3129687201377788,15.604691503839978,98.05821474232955,113.35989664704302,Alaknanda,3,104.7853403100939,Stable,Stable
4060,no trend,0.07125044344666853,0.14553990610328638,0.019126557184343453,0.4651240460039188,15.66950274573384,3.827247416729166,4.42695805577957,Belan,3,4.09249946859155,Stable,Stable
3640,no trend,0.7594077836691946,0.025039123630672927,0.023842163272270067,0.10657600857726926,15.674080948489275,21.073896877253787,24.3770365327957,Idar,5,22.52403660739437,Stable,Stable
4376,no trend,0.10130430682882419,0.1322378716744914,0.01833584903079705,0.3492381674385019,15.767458779607082,4.855869504664772,5.621516727204301,Son,2,5.195009676349765,Stable,Stable
4333,no trend,0.09159844766429082,0.13615023474178403,0.0206906188302139,0.5005168767420507,15.832919234963555,3.8225427472045452,4.427762853091398,Gopat,4,4.089701788802817,Stable,Stable
5104,no trend,0.3285143688068808,0.07902973395931143,0.014505824367559568,0.20548845842008842,15.85002575837546,6.647819456931818,7.701500553225807,Champa,5,7.107520897652582,Stable,Stable
3589,no trend,0.8878887714688604,0.011737089201877934,0.005842527240338349,0.07423452176364978,15.875034042037592,7.427148940721591,8.606211363413978,Ghora Pachhar,4,7.943160009272301,Stable,Stable
4100,no trend,0.27395670745488276,0.08841940532081377,0.0966165910401002,0.4048097131197569,15.90575572232405,21.97584774164773,25.471272401344084,Satna,4,23.520929675586853,Stable,Stable
3703,no trend,0.737303720794612,0.027386541471048513,0.002549115450680271,0.11057991312913944,15.93699224935892,2.169349302280303,2.5150783324462367,Banas,3,2.3211312381338027,Stable,Stable
3698,no trend,0.8572576562971361,0.01486697965571205,0.00152357636868533,0.05213986215957019,16.00924247171786,2.7465936996193183,3.186302544704301,Khari,3,2.9396903804812204,Stable,Stable
3430,no trend,0.8041935186327291,-0.02034428794992175,-0.005422792863984671,-0.07713230594245497,16.116374502936434,6.612830046412879,7.678578501935483,Dai,4,7.070684045164319,Stable,Stable
3599,no trend,0.4511535370128277,0.06103286384976526,0.012333033310528803,0.19019814789672404,16.198039977791804,6.101451465185606,7.089767012741935,Kanthali,5,6.534800150258216,Stable,Stable
3639,no trend,0.7226862070785358,0.028951486697965573,0.024170572803171503,0.13612661320207636,16.23056337287254,16.690179397045455,19.399089541129033,Retam,4,17.8791785064554,Stable,Stable
4067,no trend,0.1658298713607893,0.11189358372456965,0.9240724314779669,0.39650435070183776,16.277706587935484,214.39841136041667,249.29755569086024,Tons,2,229.90752634624414,Stable,Stable
3645,no trend,0.6865925646666557,0.03286384976525822,0.01920840075306638,0.132687433305342,16.31374989286241,13.601696494848486,15.820643242204302,Retam,4,14.575702028990612,Stable,Stable
5088,no trend,0.4629192952859549,0.0594679186228482,0.014198604557780558,0.17743140304906524,16.492974484302835,7.5208578402462125,8.76127100483871,Nagri,5,8.06198499213615,Stable,Stable
3394,no trend,0.24927359025181262,0.09311424100156494,0.010328185431379467,0.4366324813458615,16.51713379288396,2.2041278217064395,2.568186562983871,Supin,4,2.3651299806103285,Stable,Stable
3767,no trend,0.8041935186327291,0.02034428794992175,0.002974311623563231,0.09317704770643158,16.531042295816672,3.0029583442405303,3.4993786582526885,Bamnidai,5,3.2200688427230046,Stable,Stable
4098,no trend,0.3683822061570945,0.07276995305164319,0.03012273535353535,0.34953152124411024,16.86840749178322,7.887044234909091,9.217462995510752,Satna,4,8.475937649237089,Stable,Stable
3642,no trend,0.6652683394768646,0.035211267605633804,0.013919614232568052,0.16810308857683642,17.01617905708779,7.7620434296875,9.082846638172043,Retam,4,8.34144498620892,Stable,Stable
3641,no trend,0.6234363808595347,0.03990610328638498,0.0048794808809523894,0.1506097650221455,17.19197148087624,3.0286909787992427,3.54938266811828,Retam,4,3.257452886561033,Stable,Stable
4068,no trend,0.2080075791290077,0.10172143974960876,0.8892911418650817,0.3609966321853965,17.283610976721224,225.5403399253788,264.5218548736559,Tons,2,242.86847492605634,Stable,Stable
3613,no trend,0.8420193729632897,0.01643192488262911,0.010615722180134686,0.07492574339240994,17.34154224715955,13.21510250964015,15.506805094354839,Gunjali,4,14.223345541549296,Stable,Stable
4220,no trend,0.11865114122914533,0.12597809076682315,0.3912781706539077,0.33842160386272424,17.66415608475015,107.74256901363636,126.77438457392473,Alaknanda,3,116.10040710739436,Stable,Stable
3690,no trend,0.2698087511110099,0.0892018779342723,0.007581840540366067,0.34646887532488385,17.742470953723473,2.0443769557253786,2.40709994327957,Kothari,4,2.203472501431925,Stable,Stable
3751,no trend,0.5563907438061542,0.04773082942097027,0.014547889799603171,0.24603766593619536,17.982081614074293,5.488711075763257,6.4756955809677414,Berach,4,5.923720584330986,Stable,Stable
3635,no trend,0.42813722853210345,0.06416275430359937,0.060850481822771,0.25671595740976305,18.007002250270656,22.132413157897727,26.11779729327957,Sau,5,23.879800686032866,Stable,Stable
4922,no trend,0.5498843783585525,0.048513302034428794,0.00784461859330483,0.14424057397660475,18.01226130686576,5.0500004424299245,5.9596197181182795,Burhi Gandak,2,5.448057763697183,Stable,Stable
3738,no trend,0.5695150128741793,0.04616588419405321,0.005867966187533212,0.1407404829292076,18.065785861465468,3.8733830967537877,4.573140192607527,Gambhiri,4,4.181414568380282,Stable,Stable
3643,no trend,0.8572576562971361,0.01486697965571205,0.0015089417346813752,0.05621556877193629,18.322611786713157,2.502723009060606,2.961287230107527,Retam,4,2.7038175522652583,Stable,Stable
4211,no trend,0.06400641968236065,0.14945226917057902,0.12565843182659941,0.5430475955763305,18.349422729373902,21.532074585776513,25.48308597392473,Mandakini,3,23.26083234366197,Stable,Stable
3638,no trend,0.28267229215716716,0.08685446009389672,0.038037180555555,0.29867109484696075,18.35335093918117,11.874073969829546,14.053364436290323,Sau,5,12.829675442840376,Stable,Stable
3570,no trend,0.35821290560466945,0.07433489827856025,0.011724514709876545,0.3081780452988997,18.386887304544093,3.5500058977992426,4.202741481532258,Chauli,5,3.8359172670187793,Stable,Stable
3750,no trend,0.4992226615640707,0.054773082942097026,0.008591098761518687,0.25048198106426844,18.548437338629192,3.1747755637310604,3.763646819811828,Ahar,5,3.4343954939788732,Stable,Stable
4036,no trend,0.14336199595641097,0.11815336463223787,0.2437640483302696,0.5436128577637341,18.55538206856724,40.846070537746215,48.4252149860215,Belan,3,44.224511029460096,Stable,Stable
4212,no trend,0.14608140660322566,0.11737089201877934,0.6038530200396823,0.3139596864059042,18.584528036245523,178.83755693484846,212.07367284274193,Alaknanda,3,193.39105609565726,Stable,Stable
4222,no trend,0.12811677460841087,0.12284820031298904,0.026122402604995605,0.4941774991805896,18.64260900221543,4.900479242246212,5.814056426612903,Madhmaheshwar Ganga,4,5.302552397723005,Stable,Stable
4085,no trend,0.5305510165372758,0.05086071987480438,0.01903202434108527,0.19032881675069485,18.9684423277696,9.015413621761365,10.725497155215054,Sokar,5,9.782467548403757,Stable,Stable
4832,no trend,0.6723474310081521,0.03442879499217527,0.008368932172072886,0.1144376948642433,19.024888234950215,6.788827066969697,8.08039382892473,Ganga,1,7.353452847605634,Stable,Stable
3614,no trend,0.5827852327137752,0.04460093896713615,0.018601082150383152,0.15493559409587285,19.083204516261834,11.107437055189394,13.227091984946236,Chambal,2,12.04077278814554,Stable,Stable
3609,no trend,0.8802134306063019,0.012519561815336464,0.002204405320010443,0.07527415815696027,19.12822816249122,2.7144417290246214,3.2336663362903226,Khoki,5,2.942470318333333,Stable,Stable
4061,no trend,0.08433254145488611,0.13928012519561817,0.29883698875477355,0.568917835238755,19.188908407173898,47.76925893585228,56.935658279838705,Belan,3,51.84987333380281,Stable,Stable
4083,no trend,0.17807579044732424,0.10876369327073553,0.028435396130952403,0.39447534128637557,19.23673825648385,6.539814186647727,7.797861124193549,Mahana,5,7.098890403638498,Stable,Stable
3714,no trend,0.42813722853210345,0.06416275430359937,0.0508348144180779,0.2565838606605649,19.271343211588547,18.39279899977273,21.937338421236557,Banas,3,19.94649554471831,Stable,Stable
4334,no trend,0.18438238969907905,0.10719874804381847,0.26395576562499945,0.34846688034582035,19.437254441741164,69.05015862935606,82.4716136545699,Gopat,4,74.95774635387323,Stable,Stable
3700,no trend,0.8420193729632897,0.01643192488262911,0.003026051842320269,0.0523492716048097,19.52187697883549,5.356136785128788,6.401755219139784,Khari,3,5.814262668309859,Stable,Stable
4221,no trend,0.295945273327078,0.08450704225352113,0.3899980818798444,0.2448902797494312,19.529432268072004,147.47931679280302,176.28119007526882,Alaknanda,3,160.10426275,Stable,Stable
3752,no trend,0.4395589046351571,0.06259780907668232,0.00423707512205387,0.2420088728174691,19.623505465899754,1.615908773282197,1.9330067197311827,Berach,4,1.7553999285093895,Stable,Stable
3689,no trend,0.24137353545342521,0.09467918622848201,0.002440749630482456,0.40137780031242354,19.759000867030522,0.5614825462441287,0.6724258874247312,Nekhadi,5,0.6102820342030516,Stable,Stable
2957,no trend,0.6652683394768646,0.035211267605633804,0.03452124090130411,0.10219958203005286,20.009370592951907,31.281054402007577,37.54019650268817,Gumani,4,34.01820360680751,Stable,Stable
3438,no trend,0.5629344246630752,0.046948356807511735,0.0006734804179292924,0.16452479413067025,20.099532854091372,0.37707488390776517,0.4528651740833333,Dai,4,0.4100538245680751,Stable,Stable
4332,no trend,0.19421564497569177,0.10485133020344288,0.2449157198183758,0.3887469199044659,20.189473491785137,57.27679985530303,68.84068417903227,Gopat,4,62.36220111103286,Stable,Stable
4829,no trend,0.34315838025944156,0.07668231611893583,0.02095340628501404,0.2732843901695221,20.69043473246645,7.071294964723485,8.534376634139784,Mahananda,2,7.7095109579107985,Stable,Stable
3612,no trend,0.6582189629917612,0.03599374021909233,0.012265531660231692,0.13140441590866503,20.783944878497447,8.583796646685606,10.367848210215055,Gunjali,4,9.368042484741785,Stable,Stable
4035,no trend,0.3095337840955701,0.08215962441314555,0.016294249255952378,0.2902014886823493,20.88255148358447,5.020803281070076,6.069275111129032,Ganga,1,5.492465128978873,Stable,Stable
3330,no trend,0.4992226615640707,0.054773082942097026,0.020970972916666705,0.18780251854459423,20.8880768870532,10.322515594848486,12.478690588978495,Kadwal,5,11.265656251877934,Stable,Stable
3712,no trend,0.32372443651094795,0.07981220657276995,0.03883823784722222,0.2808157846750916,20.97405639464044,12.750344029602271,15.424608376881721,Banas,3,13.9221176907277,Stable,Stable
4055,no trend,0.3049268473261775,0.08294209702660407,0.11945786387626273,0.3988150159598025,20.981942267668742,26.90268468564394,32.54739045483871,Belan,3,29.42581235422535,Stable,Stable
4056,no trend,0.10334719640274859,0.13145539906103287,0.33977373874080863,0.3395493639571551,21.06836476592245,90.48794470312501,109.55227496236559,Gopat,4,98.89067794307512,Stable,Stable
3572,no trend,0.28267229215716716,0.08685446009389672,0.017976772476851866,0.33449314733624225,21.17941760001754,4.961364158143939,6.012152191854839,Chhapi,4,5.421575409929578,Stable,Stable
4210,no trend,0.05607271202075026,0.1541471048513302,0.11425933950772851,0.6116213785715847,21.25982668213386,17.168125558560607,20.818039296881718,Mandakini,3,18.76775171237089,Stable,Stable
3331,no trend,0.47485419172648413,0.057902973395931145,0.03130586927609423,0.21573220783323793,21.33862380991351,13.390347311666668,16.247663151344085,Chambal,2,14.640147598591549,Stable,Stable
4081,no trend,0.15996860473489805,0.1134585289514867,0.08162309226190476,0.43305060096068715,21.46363050239863,16.923991297992423,20.556494256451614,Mahana,5,18.53899802488263,Stable,Stable
3693,no trend,0.2453012535825112,0.09389671361502347,0.010676113555880443,0.3830472730805496,21.700608485981924,2.553620012011364,3.1077710930376345,Khari,3,2.797131117922535,Stable,Stable
3749,no trend,0.4930689350662878,0.05555555555555555,0.004632293914628912,0.28078257008640073,21.984254900137383,1.5088964089715908,1.8406160416989248,Gadela,5,1.654685452185446,Stable,Stable
4358,no trend,0.35811822711342356,0.07433489827856025,0.013189917218468454,0.22372547716712435,21.98688912702912,5.311596378933713,6.4794511856451615,Gopat,4,5.82589229991784,Stable,Stable
4237,no trend,0.43382633879160837,0.06338028169014084,0.1242801274981962,0.19209353406102975,22.04791894197566,59.277933886496214,72.34748470026882,Dhauli Ganga,4,65.01142443157278,Stable,Stable
3973,no trend,0.36322752908558575,0.07355242566510173,0.06251922591765872,0.3391726337087234,22.08727527544889,16.46432443100379,20.10084509032258,Belan,3,18.089761138615025,Stable,Stable
4359,no trend,0.2655174106364968,0.08998435054773082,0.026328573387244175,0.2793786984806601,22.22552898295399,8.49031130280303,10.377327902150537,Goini,4,9.319970258568075,Stable,Stable
3691,no trend,0.20107037164659647,0.10328638497652583,0.006922836770299138,0.4014704846828507,22.33529488981817,1.5752265219469697,1.9270580108064517,Khari,3,1.729845536830986,Stable,Stable
4248,no trend,0.2080075791290077,0.10172143974960876,0.0363491738020834,0.3783302173612801,22.47641966885442,8.618052637064395,10.555082315053763,Baghain,4,9.472017535446009,Stable,Stable
4256,no trend,0.7966408781072201,0.02112676056338028,0.0026342155437352305,0.04950999854295131,22.636407282371348,4.712110652698863,5.7787632116397845,Yamuna,1,5.188992223215962,Stable,Stable
3848,no trend,0.20451758189679325,0.10250391236306729,0.04298391137152775,0.4587242290221387,22.78762142658475,8.569266039443182,10.521997943548387,Baur,4,9.42125760488263,Stable,Stable
3610,no trend,0.5242399029172564,0.051643192488262914,0.011011264422077931,0.1862778741044418,22.85297865967381,5.3884300070833335,6.619846766693548,Gunjali,4,5.929750931819249,Stable,Stable
3309,no trend,0.11412855467659666,0.12754303599374023,0.03917944764660494,0.4936504549507685,23.278222255709654,7.19189712553788,8.866042922822581,Tons,2,7.930373077969483,Stable,Stable
3328,no trend,0.4869560812360789,0.056338028169014086,0.007623482703914143,0.23704665323963725,23.365112610751975,2.943961224710227,3.6318210800806447,Sarai,5,3.2447795998591547,Stable,Stable
3699,no trend,0.7446486544907949,0.026604068857589983,0.0025853257642124905,0.09181816882491915,23.48234738904835,2.568092879316288,3.1711413705107527,Sameliya,5,2.8318527261267605,Stable,Stable
3723,no trend,0.34315838025944156,0.07668231611893583,0.005505240992063495,0.2802489248303243,23.648211029245733,1.7837597488787877,2.2055870185483872,Unli,5,1.969323468321596,Stable,Stable
4329,no trend,0.2655174106364968,0.08998435054773082,0.06103840860169498,0.28074025741431397,23.716187074582955,19.45374718592803,24.06743426155914,Gopat,4,21.483571059741784,Stable,Stable
3696,no trend,0.2573526206385808,0.09154929577464789,0.014386345000000016,0.385787875126494,23.940248886067028,3.388088875225379,4.199205784435484,Khari,3,3.7441669694248825,Stable,Stable
3717,no trend,0.5827852327137752,0.04460093896713615,0.006551027748338824,0.17983681031598656,24.249413277942185,3.3023582523465906,4.103160752876344,Berach,4,3.654309340035211,Stable,Stable
4079,no trend,0.2782443723190171,0.08763693270735524,0.030335073011363633,0.30417824586584985,24.3541626739651,8.819900536666667,10.967913461048388,Tons,2,9.771956915504695,Stable,Stable
3692,no trend,0.2783390390292886,0.08763693270735524,0.0017951399631410256,0.3074455964799899,24.443918625586956,0.5301647485340909,0.6597577882473118,Khari,3,0.5869895858896714,Stable,Stable
3695,no trend,0.5629344246630752,0.046948356807511735,0.007025476845238078,0.16641377703796167,25.322573524595697,3.8225981672992426,4.790578398763441,Mansi,5,4.2455723120070425,Stable,Stable
4082,no trend,0.09156777890527534,0.13615023474178403,0.022267654494535515,0.5391811527470247,25.397015474772523,3.6537746357916667,4.58172434545699,Mahana,5,4.065503977171362,Stable,Stable
3711,no trend,0.2698087511110099,0.0892018779342723,0.02817451487400533,0.30846501866898396,25.45468201101992,8.265741304924243,10.369759469946237,Banas,3,9.18749241129108,Stable,Stable
3892,no trend,0.9573544707267698,-0.004694835680751174,-0.005476835781250067,-0.014164869861172909,25.472197494595783,35.089589601458336,44.02767916478495,Pindar,3,38.9951818519953,Stable,Stable
3707,no trend,0.4992226615640707,0.054773082942097026,0.036828031055964064,0.20434602910219896,25.76154909263754,16.287893343920455,20.483906983870966,Khari,3,18.11915208415493,Stable,Stable
4051,no trend,0.26136560460148184,0.09076682316118936,0.028022825701871652,0.37847866466449237,25.801188664331338,6.501644769632575,8.179146402930106,Belan,3,7.250984888908451,Stable,Stable
3705,no trend,0.38954613981986475,0.06964006259780908,0.03897371858333329,0.2373541586633083,25.837088386002666,14.830977552234847,18.66287033091398,Khari,3,16.505935836619717,Stable,Stable
3708,no trend,0.27405121710465385,0.08841940532081377,0.00582336154587029,0.31702015932261374,25.94462707771327,1.6580390612973486,2.0882111125537635,Gomti,2,1.8465273802230047,Stable,Stable
3706,no trend,0.9573544707267698,-0.004694835680751174,-0.00030661845601852094,-0.019968338875732513,26.029607931116967,1.3904975888901514,1.7524386595698924,Khari,3,1.5458495189201877,Stable,Stable
4330,no trend,0.18438238969907905,0.10719874804381847,0.1670388139467593,0.35000497296245947,26.05370935688272,42.27576232867425,53.29016657419355,Gopat,4,47.12244912910798,Stable,Stable
4339,no trend,0.4808394724171594,0.05712050078247261,0.046915271797740785,0.27873949308440543,26.277999956037068,14.72678350971591,18.59668767392473,Son,2,16.45336201068075,Stable,Stable
4867,no trend,0.40035031770802365,0.06807511737089202,0.02541569807098764,0.1689650116850576,26.940896134235988,13.53613108998106,17.182886107526883,Lohra,5,15.131230472065727,Stable,Stable
4837,no trend,0.26561155804343417,0.08998435054773082,0.01762323746717176,0.23460526295015138,27.244036112154042,6.758068965162879,8.599239714516129,Ganga,1,7.562528728826291,Stable,Stable
4328,no trend,0.09539942404868995,0.13458528951486698,0.05186325020461315,0.41283615290098996,27.286954470855175,11.080203705132575,14.10365384543011,Neur,5,12.4096261064554,Stable,Stable
4335,no trend,0.07921554673436026,0.14162754303599373,0.0951720047348483,0.4874672490943173,27.46570164658802,17.124622768655303,21.82802056639785,Gopat,4,19.204178137676056,Stable,Stable
3715,no trend,0.41133262486980504,0.06651017214397496,0.005101105430245535,0.26616943348130256,27.712376029948505,1.7118911986041667,2.186296924784946,Berach,4,1.9205415675821595,Stable,Stable
4069,no trend,0.1256225355142,0.12363067292644757,0.021664771056547613,0.5243051058635645,27.741832298104583,3.611981773617424,4.614011699892473,Asrawal,5,4.05433310362676,Stable,Stable
4255,no trend,0.9418648650720487,0.006259780907668232,0.0004520468046170834,0.006371156365388897,28.168594507556826,6.1393404653125,7.868706386424731,Paisuni,4,6.909338333098592,Stable,Stable
4234,no trend,0.5369851790476614,0.050078247261345854,0.019691452925531965,0.11957666123678752,28.556027490856508,14.724261499734848,18.92892566142473,Girthi Ganga,4,16.566640083626762,Stable,Stable
4071,no trend,0.10130430682882419,0.1322378716744914,0.08570556859374978,0.5033515110693598,28.69758164743969,14.830396987405303,19.086362271505376,Tons,2,16.709264000469485,Stable,Stable
4070,no trend,0.10753114399867703,0.1298904538341158,0.06506027817199253,0.5090711416024372,29.224826712070858,11.108785463939395,14.3553087655914,Satna,4,12.542016350352114,Stable,Stable
3395,no trend,0.08095220093758604,0.14084507042253522,0.031060332120689656,0.5996169185800597,29.51994253558481,4.577640838217803,5.928957783145162,Tons,2,5.172895636995305,Stable,Stable
3701,no trend,0.3684765339307223,0.07276995305164319,0.029636974801587192,0.28827154480570794,29.646041028711295,9.145974152234848,11.85739340188172,Khari,3,10.330665144014084,Stable,Stable
4244,no trend,0.9883642704729187,-0.001564945226917058,-0.0010730624591503586,-0.005163499664476229,30.055416012970486,18.518426641666668,24.084216807876345,Pindar,3,20.954699003908452,Stable,Stable
4087,no trend,0.4510643807588315,0.06103286384976526,0.007020704788647346,0.23988195138277468,30.866497774097635,2.506328828318182,3.279944760322581,Tons,2,2.852047417910798,Stable,Stable
3710,no trend,0.2374903017794887,0.09546165884194054,0.016735526071428565,0.30850610045720583,31.150721326423053,4.802613379272727,6.298662089435483,Banas,3,5.457597120105634,Stable,Stable
3741,no trend,0.30046084574552445,0.0837245696400626,0.012044813576306813,0.3236226763481229,31.245882687108928,3.2931524316496215,4.322126977150537,Banas,3,3.743662926455399,Stable,Stable
4243,no trend,0.9496102610505923,0.005477308294209703,0.00193131056216929,0.02760753579680527,31.763782617437215,6.195342494537878,8.163217616908602,Kail Ganga,4,7.05570950890845,Stable,Stable
3740,no trend,0.23365141163238423,0.09624413145539906,0.0047557094916666695,0.32310670778531636,32.18519069363852,1.2995610748314395,1.7178272849462366,Khan,5,1.4825737864671362,Stable,Stable
3697,no trend,0.22610606469567318,0.09780907668231612,0.02192061029139434,0.3811966870206132,32.837802936432766,5.049634562395833,6.707823609005376,Khari,3,5.7747080678403755,Stable,Stable
3716,no trend,0.13306473930212648,0.12128325508607199,0.013297995520254628,0.45101878142777446,33.44238659872029,2.571267963863636,3.431161336827957,Menali,5,2.949417287359155,Stable,Stable
4089,no trend,0.9650958376124996,0.003912363067292645,0.00011982753623189694,0.0025751201231106143,33.55183788945274,3.91984140305303,5.235020236129032,Yamuna,1,4.50775580758216,Stable,Stable
4338,no trend,0.4002575143911704,0.06807511737089202,0.023222856299019587,0.29248457064084127,33.68862303284399,6.7232789209659085,8.988259012096774,Son,2,7.732637091314554,Stable,Stable
4236,no trend,0.22610606469567318,0.09780907668231612,0.0491471882086999,0.259725928437236,34.95013644427611,16.517225626988637,22.290018520430106,Rishi Ganga,4,19.044445018192487,Stable,Stable
4253,no trend,0.5694389703953568,0.04616588419405321,0.02546198352272716,0.13368970379395828,35.23353502273855,16.05437120757576,21.710893709677418,Paisuni,4,18.56116306044601,Stable,Stable
4839,no trend,0.18446884014242082,0.10719874804381847,0.03791213616319443,0.35496887835329133,35.25479439872035,9.313506315056818,12.596963817741935,Marai,5,10.748698521713616,Stable,Stable
4064,no trend,0.14871793704455505,0.11658841940532082,0.029083941992753798,0.4832062974380203,38.1004072325819,5.024819979179925,6.939296853951613,Lapri,5,5.877012640774648,Stable,Stable
3429,no trend,0.41133262486980504,0.06651017214397496,0.005676585769575405,0.2542464508613835,38.17331632457547,1.9218387135094699,2.6554682848655915,Dai,4,2.240137310539906,Stable,Stable
4245,no trend,0.5961255811424351,0.04303599374021909,0.005847701330266965,0.11227110591110684,39.107097209198,4.30197420454356,5.984351438629033,Usra,5,5.051710995610328,Stable,Stable
4619,no trend,0.9961205372252344,0.000782472613458529,0.0,0.0,40.862804810174275,4.557814716539772,6.420265647768817,Rihand,3,5.392354669835681,Stable,Stable
4247,no trend,0.2614107010975748,0.09076682316118936,0.035595219027583,0.3217065222825536,41.825853357365204,9.108345342405304,12.91798850860215,Paisuni,4,10.79170336561033,Stable,Stable
4093,no trend,0.22239929289705085,0.09859154929577464,0.1682798093412163,0.44291398542909116,42.12272590749702,31.34446091820076,44.54760227795699,Baghain,4,37.168999691901405,Stable,Stable
4249,no trend,0.09929371055499847,0.13302034428794993,0.06882512871260685,0.6020005832812351,43.58130935198048,9.400141078655304,13.496845641666667,Baghain,4,11.204774101643192,Stable,Stable
4252,no trend,0.5433363227635004,0.04929577464788732,0.0255864040679825,0.17337223009056227,44.331157421951666,11.962429639564395,17.26551315456989,Yamuna,1,14.31853313169014,Stable,Stable
4246,no trend,0.4280899237449818,0.06416275430359937,0.021698825083870117,0.22877052597424632,47.40371589426486,7.605087135833334,11.210181035215053,Garara,5,9.20449491056338,Stable,Stable
4336,no trend,0.23360352829634667,0.09624413145539906,0.025113690532051293,0.3195283212757212,47.879173912077995,6.314807425903409,9.338285055564517,Mayar,5,7.653131365539906,Stable,Stable
4621,no trend,0.2186455113511485,0.09937402190923318,0.033720196626651114,0.3041676234711789,50.99671563930323,8.78085693342803,13.258805574462365,Rihand,3,10.765129124295774,Stable,Stable
4620,no trend,0.32367488239396014,0.07981220657276995,0.008420487894639322,0.2677631793882296,57.3206663009977,2.4204013651496212,3.8077915548118284,Mayar,5,3.036515853685446,Stable,Stable
3439,no trend,0.10760042724468888,0.1298904538341158,0.0036406918358876106,0.4469887934417859,58.49743441199272,0.65189938051875,1.0332437930698926,Dai,4,0.8183828912922535,Stable,Stable
5180,increasing,0.04069884661683587,0.1651017214397496,2.201170528492651,0.3354090364162301,9.562369145229233,633.3184128236742,693.8786573225807,Gandak,2,659.5975800974179,Wetting,Mild Wetting
5178,increasing,0.03975288418927492,0.16588419405320814,2.1988501321839093,0.3404672808922642,9.723927064849553,622.7999657971591,683.3605802311828,Gandak,2,649.0847378931925,Wetting,Mild Wetting
4508,increasing,0.038825645914868145,0.16666666666666666,0.6893643642307696,0.3921330911547187,10.958596428446356,168.16719618049243,186.59596053494624,Gandak,2,176.20826531455398,Wetting,Mild Wetting
4491,increasing,0.02319530613789267,0.18309859154929578,1.9795400228435662,0.37730880023577673,11.532149786780979,501.6807086926136,559.5352794704302,Gandak,2,526.8548858039906,Wetting,Mild Wetting
4507,increasing,0.04365195831600177,0.162754303599374,0.3585580159313727,0.3509660862569225,12.236122310217414,97.26448061808712,109.16588143091397,Gandak,2,102.45096536713616,Wetting,Mild Wetting
4490,increasing,0.029782014738143348,0.1752738654147105,1.2133036367736265,0.369252760970799,12.240085915092967,313.0602568532197,351.3791012580645,Gandak,2,329.7532961584507,Wetting,Mild Wetting
4493,increasing,0.01887541611160848,0.18935837245696402,1.0620668187974465,0.41664652573984085,13.570418296866729,241.33110781060606,274.0807486209677,Gandak,2,255.6173238955399,Wetting,Mild Wetting
4868,increasing,0.007834920270909373,0.21439749608763695,0.08880955888157897,0.31333780573904596,13.96090706331077,27.016553443825757,30.788309361827956,Balasan,4,28.636360787793425,Wetting,Mild Wetting
4208,increasing,0.04897547992369633,0.15884194053208137,0.04530801633986928,0.6498221024113066,20.882630807244496,6.410135013982955,7.748739843198925,Mandakini,3,6.998250814119718,Wetting,Significant Wetting
4065,increasing,0.0446336712918145,0.1619718309859155,0.4674334611378206,0.6221273427962806,24.321244662272978,66.88257262320076,83.14924674731182,Belan,3,74.10418444776995,Wetting,Significant Wetting
4059,increasing,0.011619826938723987,0.20344287949921752,0.03800555406249999,0.6734034063060285,27.3618570096861,4.987570591117424,6.35226252451613,Gorma,5,5.590268234530517,Wetting,Significant Wetting
4063,increasing,0.005664516945075304,0.22300469483568075,0.1441500140851012,0.7126191363277533,35.047031910196274,17.253076035132576,23.299767098655916,Naina,4,19.927757807042255,Wetting,Significant Wetting
4062,increasing,0.009827778459849501,0.2081377151799687,0.10421107668821836,0.7161565135178133,38.07351271203275,12.242905108371213,16.904209141129034,Naina,4,14.305799058920188,Wetting,Significant Wetting
4242,increasing,0.005186487692201203,0.22535211267605634,0.054030626749533135,0.6672986331394152,41.79162844278992,6.887066681412878,9.76528399951613,Nandakini,3,8.1458907382277,Wetting,Significant Wetting
3694,increasing,0.047869222228202,0.1596244131455399,0.005927835428520625,0.5603324910263255,55.19383204353835,0.8559081808598485,1.3283167046505377,Khari,3,1.0626267950704225,Wetting,Significant Wetting
4239,increasing,8.744356600076664e-05,0.3161189358372457,0.04315151924848486,1.0319246701463414,56.11183447061918,3.3715809465303033,5.263436866290323,Birahi Ganga,4,4.199617777617371,Wetting,Significant Wetting
