{
"type": "FeatureCollection",
"name": "basin",
"features": [
{"type":"Feature","properties":{"OBJECTID":110,"MRBID":2306,"CONTINENT":"Asia","SEA":"Bay of Bengal","OCEAN":"Indian Ocean","SUM_SUB_AREA":1006558.6,"Shape_Length":122.34998254138216,"Shape_Area":90.946879544365117,"RIVERBASIN":"GANGES"},"geometry":{"type":"MultiPolygon","coordinates":[[[[728439.375829461961985,-470706.282658354437444],[727979.209096310776658,-470121.931098017899785],[727792.570562149165198,-469522.95475941488985],[727187.701804459211417,-469393.242596426629461],[726983.955876111984253,-470000.550348157063127],[727448.497791748261079,-470590.55277784896316],[727640.280490508186631,-471206.041128187789582],[728267.041674248757772,-471251.994757028878666],[728439.375829461961985,-470706.282658354437444]]],[[[745745.121114499866962,-470688.391411127639003],[745295.205367949558422,-470102.038123686448671],[745125.812351820175536,-469356.514924099727068],[745522.569697155151516,-468701.157859745027963],[745620.244509209995158,-468144.98077103990363],[744888.940639609820209,-467964.758216443413403],[744315.19957302196417,-467565.382688241428696],[744045.725492766825482,-466165.985915423370898],[742936.567314789048396,-466376.003319246286992],[742897.716705076512881,-468194.943036333948839],[743363.93705564935226,-468802.828243939147796],[743568.871267757145688,-470197.010228962521069],[744513.526878166361712,-471216.097479168442078],[745582.031910551362671,-471234.666910094616469],[745745.121114499866962,-470688.391411127639003]]],[[[817991.07939662411809,-468051.33856831776211],[819472.401383632095531,-467809.077990341756959],[819597.121566374553367,-467175.317577196867205],[819882.813849379890598,-466704.992563639185391],[819542.433669087011367,-466272.605662985588424],[819388.016071514342912,-465799.169713219278492],[818595.772105398005806,-464941.126815914991312],[818402.805249668541364,-464349.318414624664001],[817830.261047711363062,-464215.890200165333226],[817397.624521347344853,-463913.574537299398798],[816825.110520111978985,-463780.104697586852126],[816588.17045018565841,-463053.116442412196193],[815589.835273594479077,-462962.42425077711232],[815157.289520711055957,-462660.041948669182602],[813405.312598477117717,-462631.077204953297041],[812379.124221828184091,-461781.873612975527067],[811497.254148169187829,-461976.010294571809936],[811512.35072265623603,-464442.114744931284804],[811232.724361851462163,-464901.94536412099842],[811125.432718954398297,-465209.829722555994522],[811594.184237229754217,-465806.090636935608927],[811776.03884987544734,-466740.870247490878683],[813191.997472318587825,-468191.878867369203363],[815490.902833246160299,-468195.013052110734861],[815923.618720714584924,-468497.404851328465156],[817734.976229400490411,-468455.280481876106933],[817991.07939662411809,-468051.33856831776211]]],[[[791233.709301409777254,-458236.503702000016347],[791306.554954112856649,-457289.517074746836443],[791583.885945510002784,-456827.515710645064246],[791628.664194390061311,-455402.01709873060463],[791069.116654707700945,-455160.636471663659904],[790377.68232036952395,-455769.286781914997846],[790290.40643438429106,-456903.194511985697318],[790013.031238783150911,-457365.169338268460706],[789940.856020786333829,-458325.174345827603247],[790762.65790252503939,-458949.781873151252512],[791233.709301409777254,-458236.503702000016347]]],[[[798395.876911876839586,-453872.79158332030056],[798047.284035787452012,-453798.85914545628475],[797864.4490882800892,-453195.811630759795662],[797525.221707195509225,-452781.260531911451835],[797297.338374232524075,-450915.194465292675886],[797034.232869766652584,-450650.423720657243393],[796895.226499854703434,-451429.974584194249474],[796607.125194233725779,-451881.527192471607123],[796572.976242751581594,-453300.241942538588773],[796284.818164535798132,-453751.796267882571556],[796213.894046634435654,-454547.273453258560039],[796680.055726124555804,-455116.98467649408849],[796826.293042871868238,-455599.445128191553522],[797751.351986424997449,-456585.681620057672262],[798476.864179285708815,-456739.539902474498376],[798659.757144322618842,-457342.602807647839654],[798999.119286379776895,-457757.147095500316937],[799145.458424041280523,-458239.597189026477281],[799484.85542896296829,-458654.133646543952636],[799648.913288206909783,-459435.783697625622153],[799252.849188533960842,-460056.41980209882604],[799164.341263408423401,-460552.76262571226107],[798876.085927393869497,-461004.407011322153267],[798896.538177644950338,-463345.795601303107105],[798608.205011617159471,-463797.447479553578887],[798537.299299133941531,-464593.024406270065811],[799003.861068056779914,-465162.721618821902666],[799150.25120861758478,-465645.211462002189364],[799597.675262522534467,-466191.46843217703281],[800227.086530058411881,-466324.783827370090876],[800652.079804567387328,-466636.486050659441389],[802260.159872333402745,-466667.264274212124292],[802789.507071698899381,-466172.963544153550174],[805828.535477236611769,-465866.225661037955433],[806213.643107009469531,-465506.423954751400743],[807526.780253621633165,-465302.049040676909499],[808463.04000804387033,-464278.877679644851014],[808524.845305070048198,-463125.922387597966008],[807677.832027988741174,-462947.024416094995104],[807494.484290919383056,-462344.042531515588053],[805778.328748254221864,-460623.126557821407914],[805558.946610726765357,-458919.069985611014999],[805954.69517207541503,-458298.254191418469418],[806052.595192936831154,-457963.913854708138388],[805585.937700953916647,-457394.504102758946829],[805399.009168637217954,-456779.285747240879573],[804541.86156765522901,-456685.249979964864906],[804012.980777968186885,-457179.571750008733943],[802192.725981718860567,-457413.74040084076114],[802035.911249511991628,-456897.175481863785535],[801687.217387285665609,-456823.333629302098416],[801577.400694602518342,-456461.521611243893858],[801228.720900915563107,-456387.668406401644461],[801118.9188600393245,-456025.854528198135085],[800770.253177568665706,-455951.989997000433505],[800660.465813307324424,-455590.1742339413031],[800311.814218711922877,-455516.298321970971301],[800202.041477239341475,-455154.480653977545444],[799428.577144522801973,-455126.799949306296185],[799312.554106262978166,-454744.274125452153385],[798963.933050173334777,-454670.36441791348625],[798854.201150349108502,-454308.539498430793174],[798505.594162964844145,-454234.618412746523973],[798395.876911876839586,-453872.79158332030056]]],[[[863565.893598328228109,-449018.12071411771467],[864627.602107019978575,-448782.520865064696409],[864680.977032889728434,-447397.308527141576633],[863692.226367439609021,-446325.748078309290577],[863173.327718023676425,-446118.136928953113966],[862487.742806811700575,-446785.182487004145514],[862479.138057704432867,-448798.906488503387664],[863303.982493779738434,-449419.077936603920534],[863565.893598328228109,-449018.12071411771467]]],[[[994348.380592475645244,-434625.145358605252113],[994434.801161592709832,-434056.687846871674992],[993636.058725910959765,-433905.538871777709574],[993464.373180156224407,-434810.31710447819205],[992764.858302823617123,-435081.988077680929564],[992815.476977698504925,-435346.378641670395155],[993888.5192965233,-435345.32839251862606],[994348.380592475645244,-434625.145358605252113]]],[[[902663.626396198407747,-440449.697681712743361],[902513.260482531040907,-439859.083021194906905],[901724.650942812557332,-440081.732279607909732],[901907.061183435493149,-440798.441500230284873],[902544.49385881528724,-440835.053513862076215],[902663.626396198407747,-440449.697681712743361]]],[[[992955.32016313681379,-433337.994110251893289],[993046.495402985485271,-432833.595166349550709],[992483.773828215431422,-432600.628996888524853],[991818.48322982492391,-433204.492237483558711],[991706.563098180806264,-434010.971767143171746],[992495.441483424860053,-434058.119476461142767],[992955.32016313681379,-433337.994110251893289]]],[[[745722.241252519888803,-448792.584011330211069],[745797.16545405657962,-447828.66336025489727],[745238.840148449642584,-447585.435485308233183],[744573.542921503074467,-448167.486743576417211],[744430.246428590733558,-448876.863303082296625],[745249.274116999004036,-449504.165804005635437],[745722.241252519888803,-448792.584011330211069]]],[[[990748.033722862950526,-431870.377719987533055],[990531.332148193963803,-431956.36598488438176],[990137.818518544896506,-432308.310855596850161],[989696.528859888552688,-432480.841563243942801],[989388.636630263179541,-431926.05409263074398],[989839.586615745443851,-431135.955398675694596],[989050.267396544455551,-430998.419234771630727],[988999.751279201474972,-432523.558576170995366],[989695.10328301275149,-433332.865810430550482],[990168.580808869563043,-432909.435395102133043],[990731.993747567525133,-432685.928827000607271],[990748.033722862950526,-431870.377719987533055]]],[[[980808.597335750586353,-432842.227753798360936],[980884.296714421710931,-432262.85594704299001],[980036.251321749296039,-432094.838243494043127],[979805.729938825825229,-431369.562443646194879],[979148.50947420403827,-431264.421061255503446],[979020.153779990971088,-432045.714166587742511],[978666.907342317863367,-432616.514177717384882],[978816.019054657430388,-433137.382813136500772],[980739.451799793518148,-433064.716720137861557],[980808.597335750586353,-432842.227753798360936]]],[[[990748.033722862950526,-431870.377719987533055],[990971.741651726653799,-431790.882980970025528],[991351.20087561418768,-431425.921980495157186],[992228.936314101098105,-431235.269939724530559],[992704.659560054540634,-430777.616858407098334],[992849.796235574525781,-430231.714632705610711],[992221.298723817337304,-429536.682505331060383],[991560.320384058519267,-429431.552756527788006],[991409.780639896634966,-430353.363862811529543],[990330.69072016957216,-430587.659346638072748],[990197.511090881074779,-431067.359568177955225],[990671.494254676508717,-431630.250457077054307],[990748.033722862950526,-431870.377719987533055]]],[[[743819.439010120229796,-445657.334479385172017],[743931.277158385026269,-445314.717056798515841],[743049.695975563838147,-444465.930236807034817],[742978.261587574728765,-446076.158959340769798],[743347.876540163066238,-446370.162656218977645],[743819.439010120229796,-445657.334479385172017]]],[[[964220.304252527304925,-430777.819707207207102],[963491.102450012462214,-430070.225725259748287],[963364.529151465976611,-430969.057054094679188],[964153.014297433081083,-431017.855550778564066],[964220.304252527304925,-430777.819707207207102]]],[[[971561.222196309361607,-430722.352306700602639],[971630.457528550876305,-429794.061248411540873],[971084.757025633589365,-429521.564581851009279],[970422.975623692269437,-430095.056985743460245],[970270.239667285000905,-430815.25189937959658],[969924.286588117480278,-431439.202755165111739],[971104.580442712525837,-431445.636115773639176],[971561.222196309361607,-430722.352306700602639]]],[[[1006378.523054570425302,-427848.320947200292721],[1006426.874263425939716,-426674.497403811197728],[1005594.743706525652669,-426534.157096586306579],[1005532.476603030459955,-427892.036125200451352],[1006321.110376694123261,-427938.369880843674764],[1006378.523054570425302,-427848.320947200292721]]],[[[788696.906944225076586,-443335.465058758214582],[788472.043657511472702,-443277.21235782635631],[788033.398902289802209,-442982.826393947179895],[786478.988196716411039,-442930.677181239996571],[785898.361687439726666,-443427.228799738339148],[785356.934872859739698,-443637.189700732124038],[785194.700751580065116,-444376.432308191142511],[784226.558536576107144,-444592.675811212102417],[783782.025082488660701,-444972.680477263813373],[783124.280581654515117,-444954.344894675421529],[783906.120087971678004,-443851.514205641578883],[784023.223175886203535,-443571.861927606863901],[783554.746966503560543,-442946.414122282469179],[783394.447311213240027,-442481.486644150281791],[783000.936070302152075,-441956.049850551935378],[782334.916152321151458,-441783.167855392792262],[781439.100577230798081,-441052.333763078262564],[780315.632582445861772,-440974.548344559501857],[779734.887511086300947,-441470.823784985754173],[779301.740106294746511,-441638.585992116306443],[777279.251147053670138,-443930.673263789678458],[776828.906710033654235,-443627.912071798346005],[776407.49758594261948,-443987.783358436543494],[776167.555804165778682,-444559.82533249061089],[776635.724832968204282,-445185.537413339538034],[776784.267755979555659,-445449.844891304557677],[776390.859656533692032,-446125.0940165182692],[776273.575685925665312,-446404.686138081131503],[776741.804264909820631,-447030.407183952105697],[776981.483611889998429,-448879.115831487171818],[777305.325749441515654,-449311.759442885813769],[777465.468311493285,-449776.79147239739541],[777789.344842258375138,-450209.427930230624042],[777949.511600972153246,-450674.458877286931966],[778273.422523013781756,-451107.088145564426668],[778513.324234877945855,-452955.851901428366546],[778837.300443951156922,-453388.478783519472927],[779024.115012224647216,-454314.766415934776887],[779348.135915036778897,-454747.387758756405674],[779508.393873841385357,-455212.423656172060873],[779832.449173986911774,-455645.037893235159572],[780060.995667665149085,-457293.131625847774558],[779667.339029501192272,-457968.559861662914045],[779561.566972873755731,-458448.952505561523139],[779289.31702662690077,-458915.967892692948226],[779183.520865699509159,-459396.362349193950649],[778907.775363269494846,-459869.317752858507447],[779240.146519068046473,-460312.981505784671754],[778960.920147568220273,-460791.885751071851701],[779289.191839074832387,-461230.046512320113834],[779437.929944532806985,-461494.372053292987403],[779044.099520653253421,-462169.811626465525478],[778938.257158090127632,-462650.220847072079778],[778261.07132916408591,-463603.372644146729726],[778197.974575991742313,-465279.405356555129401],[777160.519131438108161,-464433.591939483827446],[776752.534730256884359,-464781.513291474373545],[776210.101567923440598,-464991.147261811536737],[776077.623666441533715,-465591.639695770514663],[775805.088987527182326,-466058.619089029729366],[775751.993066157214344,-467461.668451866309624],[775479.40335773024708,-467928.650456487259362],[775441.178887816960923,-469592.298705692053773],[775979.732117834384553,-470311.247319341578986],[776647.012618863838725,-470484.506812103907578],[777544.322861969587393,-471215.904203351878095],[777994.835561598767526,-471332.811778280418366],[778434.092821471276693,-471627.619603283994365],[780441.095543226809241,-471654.829112728708424],[781140.949157672584988,-470996.854011044430081],[781168.902562526287511,-468989.917405352927744],[781441.32880358863622,-468522.813882619666401],[781414.303665106417611,-466898.633823472133372],[780916.313081998494454,-466792.428385510691442],[781263.362473001354374,-466398.810889085347299],[781414.303665106417611,-466898.633823472133372],[781779.126832585316151,-466984.681682941911276],[782021.286818179883994,-468622.818960277829319],[782875.372965418850072,-468732.819396396167576],[783430.717127629206516,-468237.810852323949803],[784736.016533477464691,-468027.728278334427159],[785130.03012241225224,-467676.44131973804906],[785572.260523404576816,-467516.333313106384594],[786515.396291868994012,-466506.220346610818524],[786533.3800055666361,-464509.198166471847799],[786820.088547451188788,-464039.596854367700871],[786480.88302460196428,-463606.401496675040107],[786327.622482677455992,-463132.616217115777545],[785079.638293969794177,-461836.448657089844346],[785003.03840237564873,-461599.552858510578517],[784505.201673428644426,-461493.487060877552722],[784852.000986872240901,-461099.798324359464459],[785003.03840237564873,-461599.552858510578517],[785666.814955562003888,-461624.019892513053492],[786549.462034150725231,-462372.360550419660285],[787725.572162045282312,-462429.938764250138775],[788349.885234832996503,-461848.000290491851047],[788507.401336881332099,-461312.73299590696115],[788041.414402462891303,-460742.703092480835039],[787895.458797066006809,-460260.123053281917237],[787556.397260503959842,-459845.291487088019494],[787383.603052512276918,-458901.447420215758029],[787044.58721026731655,-458486.609569253399968],[786867.05991858500056,-457460.717139877087902],[787686.738659408758394,-457183.51308321277611],[787797.845831312588416,-456563.205935287754983],[788086.344798452104442,-456111.821803745115176],[788130.865269876783714,-454855.135935406957287],[787557.422520211548544,-454153.373353267670609],[786928.719622070901096,-454019.492496436578222],[786333.770248518092558,-453547.724611455807462],[786118.674676602706313,-452032.935015115479473],[785779.847744804224931,-451618.097882616217248],[785706.941099843592383,-451376.81999382172944],[785209.462777715176344,-451270.794924004352652],[785555.950298071256839,-450877.129096329328604],[785706.941099843592383,-451376.81999382172944],[786568.909067916451022,-451326.673593873856589],[786664.070010398514569,-450795.337885904009454],[787034.860869947704487,-451169.044560314621776],[786568.909067916451022,-451326.673593873856589],[786621.078026700648479,-451592.919627369614318],[787228.512417434249073,-452174.41546409210423],[788526.272556906682439,-452177.430549910699483],[789133.638138150330633,-451450.022446105838753],[789175.6662407113472,-450905.400491654349025],[789915.001233313698322,-450012.391882550844457],[789929.740355263464153,-449010.178368458698969],[790265.008142336504534,-448603.561500160838477],[790257.336194687522948,-447218.923837374313734],[789799.328696998651139,-446779.675403439672664],[789667.920460679102689,-445786.039968158584088],[789287.639623616822064,-445421.270434375561308],[789156.271443620556965,-444427.644651265174616],[788776.039180532796308,-444062.866360940213781],[788696.906944225076586,-443335.465058758214582]],[[784409.264767194050364,-450374.66376577533083],[784157.369553132914007,-447977.687884031969588],[783811.359399050124921,-447571.644428552535828],[783672.980498079094104,-447080.2658062010305],[783209.11720639502164,-446535.835002151259687],[783366.485814427607693,-445900.661034343764186],[784077.057241025264375,-446594.055994552618358],[784215.447838532389142,-447085.427944996219594],[785136.123838851810433,-448050.260602632828522],[785074.843844878138043,-448886.589692415494937],[784778.121523936046287,-449329.959309845347889],[784724.296547862468287,-450295.285167793568689],[784647.740763911162503,-450512.799089792417362],[784409.264767194050364,-450374.66376577533083]],[[783623.543585759587586,-461034.41130087536294],[783930.3095442840131,-460707.796084556495771],[784063.62949714739807,-460960.031007210898679],[783969.901966296485625,-461196.653985133743845],[783623.543585759587586,-461034.41130087536294]],[[779608.617889411048964,-465614.274732110265177],[778827.720404867897741,-465583.360261119552888],[778758.53120498615317,-465300.912991972465534],[779453.4593029365642,-465111.74896980432095],[779608.617889411048964,-465614.274732110265177],[780389.521406040992588,-465645.144291404867545],[780458.745916304411367,-465927.584595137450378],[779763.786056535318494,-466116.801688134786673],[779608.617889411048964,-465614.274732110265177]]],[[[976649.200409101555124,-428352.047518306935672],[976495.640277999336831,-427762.347489315201528],[975708.661002762150019,-427989.285466984612867],[975894.968215208733454,-428704.929329838894773],[976532.269204113516025,-428738.041440856293775],[976649.200409101555124,-428352.047518306935672]]],[[[978296.483105898252688,-427220.713014049106278],[978259.842179683153518,-427473.271882878500037],[977969.72173276450485,-427920.838337544817477],[977923.142827939940616,-428794.617823862354271],[978779.166752415243536,-429560.432929987204261],[979252.682300035376102,-429363.348207989474759],[979270.305288998759352,-427963.272721945832018],[978635.084512062603608,-427280.469459765707143],[978296.483105898252688,-427220.713014049106278]]],[[[916525.125483308220282,-433476.433683848183136],[916263.764002372743562,-431657.323277808958665],[914127.964276382583193,-431649.808040448115207],[913368.705732986098155,-432379.461849057057407],[913764.61587054899428,-432897.664025183476042],[913960.633687321445905,-433821.879973926988896],[914446.358881292515434,-434399.59448102361057],[915949.394632461597212,-434375.858029983646702],[916525.125483308220282,-433476.433683848183136]]],[[[978296.483105898252688,-427220.713014049106278],[978134.134501080610789,-426720.662012320302892],[977443.402088488335721,-426919.957449454814196],[977516.669452694943175,-427201.297489162534475],[978296.483105898252688,-427220.713014049106278]]],[[[743746.767495287931524,-442110.586955323640723],[743188.909940941492096,-441402.767850548494607],[742516.472219574847259,-441260.885158254706766],[742319.483782951370813,-441881.687628989049699],[742941.411964206839912,-442610.492576719785575],[743575.515097268973477,-442656.334337890148163],[743746.767495287931524,-442110.586955323640723]]],[[[979037.152808739454485,-425922.785650486592203],[978526.984872909728438,-425745.868211234163027],[978158.299565186956897,-426199.285305609810166],[978946.624998626066372,-426247.215107788331807],[979037.152808739454485,-425922.785650486592203]]],[[[972586.411643336992711,-426943.239662368374411],[972679.843450541025959,-426352.216698526463006],[971419.264348241966218,-426255.440040845423937],[971328.969095407286659,-427496.99415884912014],[970991.455107657238841,-428106.03251149749849],[971732.937134493375197,-428158.288757413392887],[972586.411643336992711,-426943.239662368374411]]],[[[974371.999121470027603,-427882.175780789286364],[974417.757525847060606,-426831.11798014503438],[974750.733190130791627,-426258.196853327273857],[974630.759046161896549,-425626.719686440192163],[973943.582515881629661,-425769.305563507776242],[973914.497187292086892,-427314.786564454669133],[973559.259735834901221,-427925.893385856121313],[974314.384821620536968,-427972.086187812092248],[974371.999121470027603,-427882.175780789286364]]],[[[962259.575664605712518,-425974.395142066816334],[961574.597949342103675,-425181.596340107847936],[960805.783770259236917,-425340.331867480534129],[961030.822921760962345,-426531.447775494249072],[962102.989653049153276,-426532.915157985175028],[962259.575664605712518,-425974.395142066816334]]],[[[970010.009683026233688,-425438.694292174885049],[969811.976707811118104,-424676.602034387935419],[968943.586088469834067,-424589.393798774748575],[968213.662592317676172,-425334.359004246420227],[968791.549819043604657,-425982.46972092037322],[969846.2940489416942,-425978.354240026790649],[970010.009683026233688,-425438.694292174885049]]],[[[1006532.286437983508222,-422279.671939253399614],[1006162.217166376300156,-421860.920200152846519],[1006002.447152456850745,-422576.269503309042193],[1006373.15659901779145,-422838.876845451188274],[1006532.286437983508222,-422279.671939253399614]]],[[[985306.997146135545336,-422541.872771057474893],[981638.643520857207477,-422868.297794773417991],[979917.32192283088807,-424914.300530992331915],[980004.311276768217795,-427673.028953854343854],[980654.302207392291166,-428371.553212363272905],[981940.17641374305822,-428404.364267180324532],[982437.817721250583418,-427904.950496676610783],[983323.816692400025204,-427722.638533608871512],[984091.52648878202308,-426858.044996627198998],[984590.820266634342261,-426692.620137709018309],[985572.955237381043844,-425429.506780394120142],[985390.058882883866318,-424937.515678084804676],[984808.805562387569807,-424835.230550117441453],[984218.454486173111945,-424365.815990038216114],[984040.214870196534321,-423709.929244442842901],[984606.970390626811422,-423460.459514424437657],[985190.277427970664576,-423896.328890479460824],[985791.300875917309895,-423255.276873283961322],[985379.812397882808,-422786.452812899893615],[985306.997146135545336,-422541.872771057474893]]],[[[917023.382219035876915,-429912.786741932213772],[917118.4293311862275,-429426.210037093027495],[917396.19890226458665,-428952.869782349385787],[917056.92622057616245,-428521.485152377106715],[916842.237311201519333,-427478.010302371578291],[916256.350568184861913,-427341.2193225856754],[915751.653106184327044,-426998.706188047188334],[915241.897255993913859,-427102.180452073982451],[915228.957335246843286,-428950.44960239744978],[916161.623601967818104,-429954.226597643166315],[916334.922923377482221,-430462.439011087582912],[916559.800617716857232,-430630.251325917837676],[917023.382219035876915,-429912.786741932213772]]],[[[974932.37809500854928,-422978.1085293936776],[974422.379744638456032,-422801.043041569937486],[974053.65883990097791,-423254.333504714129958],[974841.783549061161466,-423302.499682129069697],[974932.37809500854928,-422978.1085293936776]]],[[[994601.154474187176675,-420882.520002262550406],[993689.221577099757269,-421864.857517371478025],[993242.049484837567434,-421565.156278705922887],[992515.483754485379905,-421481.37886655156035],[991766.166827268549241,-422225.405674618610647],[992771.46666911628563,-423295.218205162149388],[993436.520910112885758,-423334.935006274376065],[993973.179608984733932,-422494.681399868102744],[994844.997034163563512,-422155.70757470256649],[994601.154474187176675,-420882.520002262550406]]],[[[979724.79325492028147,-422151.482264669321012],[978750.647431703051552,-422021.600284616346471],[978177.545150305726565,-422526.331305752159096],[977317.043855246272869,-422731.649676331551746],[976920.724721011240035,-423080.587572080956306],[976490.262454413692467,-423254.689004159823526],[976093.906818606774323,-423603.604119282856118],[975663.418435908854008,-423777.679844816040713],[975139.303276325459592,-424239.005347963771783],[975099.713678549858741,-425799.257959434704389],[975935.317569869221188,-426465.437641947646625],[976217.078966567292809,-426058.142863610060886],[977551.165463459677994,-425813.802979084313847],[977947.558820598642342,-425464.837283192959148],[978507.802821276360191,-425238.230730403854977],[978547.621969973784871,-423469.41979211429134],[979132.983205345575698,-423850.505690953577869],[979655.718473915127106,-423390.133145505504217],[979724.79325492028147,-422151.482264669321012]]],[[[1011164.084719390724786,-422254.574807034048717],[1011261.358866598224267,-421772.583224738948047],[1011635.762511225766502,-421102.950496920733713],[1011350.033510339562781,-419209.158835722482763],[1010123.155339016579092,-419408.015990641375538],[1010632.615704351686873,-420065.196868714760058],[1009865.503619301132858,-420377.664874235983007],[1009917.015090279630385,-422926.777924081601668],[1010708.378300332464278,-422977.866926108894404],[1011164.084719390724786,-422254.574807034048717]]],[[[989078.908724860753864,-420529.590475942881312],[988155.940866839606315,-420412.087397607509047],[987707.068896684679203,-420766.796057242259849],[988536.579828177578747,-421379.153062688768841],[989078.908724860753864,-420529.590475942881312]]],[[[1015084.256625076639466,-419961.197409554210026],[1015846.942232110886835,-419663.23313940432854],[1015625.638747604331002,-418517.368568847421557],[1013658.365971450111829,-418518.649041958560701],[1013559.987755615031347,-419573.327223749714904],[1014149.244531163712963,-420311.739525458775461],[1014835.748753459658474,-420351.650691973918583],[1015084.256625076639466,-419961.197409554210026]]],[[[783800.314926683204249,-433440.623897552024573],[783972.540367606445216,-435174.648291820427403],[784680.219849722576328,-435311.709053040016443],[784733.424396916292608,-433488.063914542668499],[783800.314926683204249,-433440.623897552024573]]],[[[995505.825942373136058,-420014.717152420955244],[995344.629499832983129,-419454.014215164468624],[994855.722867678618059,-419924.935729117889423],[994240.746798251173459,-420143.844347631267738],[994320.15703482250683,-420420.087148212769534],[995382.887671569944359,-420412.267720249190461],[995505.825942373136058,-420014.717152420955244]]],[[[739460.432938477606513,-463766.564045146747958],[740452.439798132632859,-463570.602733986044768],[740568.671824461314827,-462934.687084856443107],[741264.88786331913434,-461999.30513667606283],[741355.50075380015187,-461503.355646109848749],[741645.605786706670187,-461052.954417627886869],[741387.256835110136308,-455268.975005421030801],[741361.953916507773101,-454807.655843180778902],[741699.838426725473255,-454694.623355940333568],[741812.988814662909135,-454074.73113499203464],[742102.895609305123799,-453624.354593587981071],[742168.057537334738299,-452667.135966092173476],[742457.918191789765842,-452216.758213230583351],[742523.038279754342511,-451259.551912036899012],[742812.852819717489183,-450809.172928456333466],[742861.478997257305309,-449552.748171338811517],[742386.885865780874155,-448967.722786703438032],[742686.060970193124376,-448502.719954431988299],[742785.392490590573289,-448168.888352984795347],[742321.804577233851887,-447597.386665362573694],[742135.808787349844351,-446353.898850063560531],[742533.914739709463902,-445735.048947956005577],[742504.805016489583068,-443065.569144980865531],[740674.978450266411528,-441210.594472190306988],[740530.869083870202303,-440727.621660260309],[740193.7445521466434,-440311.707147349894512],[740049.658852791879326,-439828.733883827284444],[739712.569267180515453,-439412.811522757576313],[739543.240011562942527,-438468.594788445392624],[739206.196113110519946,-438052.665979645738844],[739062.161877114791423,-437569.693865836597979],[738725.152854972053319,-437153.757165909453761],[738581.142282177228481,-436670.784546298731584],[738156.479927393607795,-436146.598900159529876],[737641.413207305129617,-435979.385557370027527],[736599.077057106303982,-437089.231078463082667],[736480.417737618554384,-437739.029289321100805],[735785.297883008490317,-438673.932949465990532],[735694.720742738456465,-439169.725331381894648],[735404.966223569470458,-439619.897156682680361],[735314.365487254806794,-440115.691655339382123],[734619.030254668323323,-441050.556588126695715],[734528.386269026435912,-441546.352830971882213],[734238.535699412226677,-441996.509948253282346],[734147.86811836482957,-442492.308330461673904],[733857.982002656557597,-442942.461464660009369],[733767.290864314883947,-443438.26194340956863],[733477.369227410876192,-443888.411072372458875],[733386.654517158283852,-444384.213757577177603],[733096.697285152156837,-444834.358864405658096],[733005.959000520058908,-445330.163715425238479],[732310.167795620160177,-446264.957060803193599],[732219.386243204819039,-446760.763730193430092],[731929.332967747934163,-447210.894279571482912],[731863.517793888109736,-448168.002770924882498],[731573.418397794244811,-448618.131990284658968],[731507.561414998024702,-449575.252626122848596],[731217.415904526482336,-450025.380532959534321],[731201.439961763680913,-451905.148964929452632],[729286.72649887681473,-454293.739229719212744],[729270.419112251256593,-456173.588265842758119],[728980.039141914923675,-456623.697913733893074],[728963.654216411872767,-458503.592956405191217],[728673.206876132870093,-458953.706822218606248],[728573.428511449717917,-459287.469357705151197],[729036.761338857118972,-459859.511884785082657],[729255.228115214034915,-461726.807672531693242],[730175.485797480680048,-462717.681401821784675],[730784.223649764084257,-462849.944022294948809],[731207.398210578248836,-463163.79619511961937],[731671.883148680324666,-463264.675449721282348],[732095.091661472572014,-463578.501534959417768],[733853.726813834626228,-463609.195905950618908],[734276.999246549909003,-463922.955378725950141],[735172.925763075822033,-464000.289617765753064],[735596.242125006159768,-464314.009547132533044],[738929.034953002817929,-464258.351165151922032],[739460.432938477606513,-463766.564045146747958]]],[[[1015096.845733586349525,-416162.917938326951116],[1014979.264086935902014,-415469.819085482624359],[1014023.866846219869331,-414472.177812852547504],[1012303.302932389895432,-414450.109298292256426],[1011251.571930749458261,-415578.937037876341492],[1011180.843068999587558,-416696.015724461525679],[1010914.482417235849425,-417164.959741359634791],[1010820.048938480904326,-417649.505800731829368],[1010553.653098677285016,-418118.446988030453213],[1010468.162065387703478,-418722.61362728162203],[1011876.906130990828387,-418791.216103510407265],[1012530.899262420134619,-418203.829998471948784],[1012696.580272748251446,-417353.076464933576062],[1013912.188969564856961,-417108.451662272273097],[1014715.223241944564506,-417636.627876369399019],[1016089.503170145791955,-417380.915880210930482],[1015884.557374153053388,-416187.594310518878046],[1015096.845733586349525,-416162.917938326951116],[1015010.914209542097524,-416695.679452237440273],[1014634.327816965524107,-416328.365196731407195],[1015096.845733586349525,-416162.917938326951116]]],[[[788696.906944225076586,-443335.465058758214582],[789783.231105896411464,-443343.362587123585399],[790221.927825093152933,-443637.69324133603368],[790501.973227869486436,-443764.072146341670305],[791203.141748908674344,-443102.606589445029385],[791171.715804865350947,-440177.059569696313702],[791443.127023353008553,-439709.89146735961549],[791440.118292669765651,-437384.87845449638553],[791711.454333491041325,-436917.717987741983961],[791828.325437175459228,-436638.016455411328934],[791355.559554164530709,-436007.382280954159796],[791630.313572050305083,-435534.285020742041524],[791627.195587754948065,-433209.371887885208707],[791898.426302833366208,-432742.226974955643527],[791976.405086840619333,-431800.738752202363685],[792247.590759236598387,-431333.593216905952431],[792352.605981206172146,-430853.23288271256024],[792623.756657120306045,-430386.084017523506191],[792728.74776571453549,-429905.725218234641943],[792999.863447352894582,-429438.573059191054199],[793098.446034399676137,-428849.618383373483084],[791940.067343426751904,-428729.660455183126032],[791501.776065723737702,-428435.434398391691502],[790622.251441690721549,-428344.263537749473471],[790184.002745494246483,-428049.996165292395744],[789244.259552915231325,-427962.2656750594615],[789073.322190267732367,-428743.414614862878807],[788802.092522894497961,-429210.483614575641695],[788696.972356614540331,-429690.8074332473916],[786812.022096041124314,-432102.863437473308295],[786706.798896636115387,-432583.185129791963845],[786031.858160268515348,-433536.439495491795242],[785926.591045398497954,-434016.761832321586553],[785655.131671086070128,-434483.790943342435639],[785576.681095215026289,-435425.264715222117957],[784094.060460662585683,-437350.849721304606646],[784015.464041170664132,-438292.341194439446554],[783743.839753737440333,-438759.35120476281736],[783736.471867456915788,-440928.746831891185138],[785274.673938099876978,-442531.951202448050026],[788567.039985449053347,-442495.042403010360431],[788696.906944225076586,-443335.465058758214582]]],[[[1006745.520898513146676,-420751.914055631088559],[1006803.661667105858214,-420233.691596717108041],[1007502.255555636133067,-419305.737082776671741],[1007560.353975007077679,-418787.518770144146401],[1007863.33549877058249,-418352.322376870084554],[1007921.411118523450568,-417834.107461817271542],[1008224.356239640153944,-417398.906856605492067],[1008282.409150466439314,-416880.695300758932717],[1008585.317874316475354,-416445.490554597694427],[1008643.348009043955244,-415927.282353212882299],[1008946.22033476899378,-415492.073453160410281],[1008943.396095745963976,-414161.3831750874524],[1007810.680860703345388,-413059.446565876831301],[1006088.176611520932056,-413081.003590665000957],[1005470.503874609596096,-413777.665457252704073],[1005404.367546539753675,-414367.196676429826766],[1005101.417967244167812,-414802.320080339792185],[1005077.616381288971752,-415781.133547564211767],[1004774.619142469135113,-416216.255490993265994],[1004716.440239539369941,-416734.447015148238279],[1004017.823545224848203,-417662.231995845912024],[1003959.602291651885025,-418180.427633153682109],[1003656.507118509151042,-418615.534290509938728],[1003658.754722360172309,-419946.281282856361941],[1004793.408007789868861,-421050.435363545781001],[1006665.652895487844944,-420964.154345677874517],[1006745.520898513146676,-420751.914055631088559]]],[[[738780.42943468131125,-432519.061482719960622],[738865.024186068214476,-431726.796949512849096],[737792.546352189034224,-430566.327177742554341],[736495.532407540595159,-430485.215761210944038],[735352.725980767630972,-431696.725608953624032],[735818.873691129731014,-432306.432171352440491],[735168.706967070582323,-432545.062221614003647],[734628.062947254045866,-433061.998654624796472],[734633.573125862865709,-435638.790989197383169],[735420.560496599297039,-435700.949381103273481],[735479.720883848960511,-435612.097998351790011],[735537.592721789609641,-434666.647841286030598],[735103.654297078610398,-434099.110900519939605],[735387.605158603866585,-433629.571735791512765],[735515.541508516296744,-433018.286879761260934],[736129.009618813637644,-432818.158681683125906],[736376.04610248922836,-433575.672885034175124],[736784.732615988352336,-434110.081595717580058],[737437.292181439464912,-434271.67079056618968],[737869.60331266222056,-434573.498408429964911],[738339.532212648657151,-434684.945932333357632],[738562.675907042226754,-434089.472688206878956],[738090.898332620272413,-433472.730120530351996],[738780.42943468131125,-432519.061482719960622]]],[[[1017653.540484198834747,-409948.319433247321285],[1017817.24133107601665,-410447.820580374565907],[1018506.66309018956963,-410246.479171318642329],[1018432.593658321886323,-409965.403032951871864],[1017653.540484198834747,-409948.319433247321285]]],[[[964764.254938226891682,-413376.176754275220446],[964642.733375570503995,-412562.870566661527846],[964145.566207000752911,-412435.4714153658133],[963409.129574876278639,-413315.837360333476681],[963586.969687031465583,-413827.08243858802598],[964044.552436639438383,-413944.338237559713889],[964536.544957555714063,-413451.341091267648153],[964764.254938226891682,-413376.176754275220446]]],[[[918763.872068375349045,-415600.121221121400595],[918556.494933999609202,-414789.139383289788384],[918300.474371737218462,-414861.856196565262508],[918233.812186026596464,-415896.542487962869927],[918598.338639500318095,-416139.08271483000135],[918763.872068375349045,-415600.121221121400595]]],[[[1017653.540484198834747,-409948.319433247321285],[1017713.579876208445057,-409575.160571786167566],[1018370.435426342766732,-409339.945989741710946],[1018493.883591727935709,-408854.21920921979472],[1017556.528418493457139,-407885.396708062267862],[1017360.275732782087289,-407273.43629625858739],[1016503.925208496744744,-407192.894460721756332],[1015984.390545341302641,-407695.280298929312266],[1015415.109672827762552,-407899.04990947956685],[1015348.782920742756687,-408815.649884516664315],[1015823.222668459988199,-409377.529620737594087],[1016023.994697802816518,-410003.768188634363469],[1017653.540484198834747,-409948.319433247321285]]],[[[995507.904471343383193,-418160.608753356616944],[997293.658111821394414,-417886.503674996667542],[999766.34475834062323,-414945.636986423633061],[999891.989372490439564,-414280.270154019177426],[1001348.101355038699694,-412336.586765129759442],[1001440.004062111023813,-411849.480128222610801],[1001709.347122100647539,-411383.407602286373731],[1001801.225885254447348,-410896.303028338064905],[1002070.53368480631616,-410430.227509789168835],[1002128.123542600660585,-409482.518316743895411],[1002480.247129809460603,-408873.003806065011304],[1002299.131198838469572,-407930.140431637875736],[998025.302640583948232,-408106.032963406934869],[997471.290644123917446,-408610.206995085638482],[995747.05291905219201,-408875.042731928871945],[995357.209077317616902,-409229.721392064471729],[994357.013233425328508,-409462.337709083163645],[994424.342774509568699,-412198.243736863892991],[994907.052383531467058,-412805.165120298333932],[994632.291323897079565,-413280.04253875662107],[994574.129162927507423,-414227.7506325574941],[994304.482527817250229,-414693.69095274398569],[994246.278023414080963,-415641.411030653223861],[993976.5859424197115,-416107.35113747662399],[993884.370046947151423,-416594.424960073200054],[993614.642736626439728,-417060.36211581050884],[993522.402936981059611,-417547.438004248368088],[993210.371704545570537,-418086.36873675143579],[993316.067165935877711,-418638.543645521916915],[995246.842373372637667,-418569.595987543521915],[995507.904471343383193,-418160.608753356616944]]],[[[1018197.084207248059101,-406450.206327597494237],[1018231.861730365897529,-405423.162376126856543],[1017620.438863420160487,-405258.631456342001911],[1016876.224808532977477,-406121.117106527730357],[1017069.797386961523443,-406683.106150059611537],[1018125.932119680452161,-406670.254757720744237],[1018197.084207248059101,-406450.206327597494237]]],[[[918466.399677143315785,-413283.291491746960673],[918515.967525427229702,-412564.859074856794905],[919356.614583922084421,-412250.137823896307964],[919210.870679166866466,-411549.43962136504706],[917912.770500876475126,-411489.167742970632389],[917124.770184532739222,-412330.468661294435151],[917341.047219842788763,-413371.026003392646089],[918409.896379842306487,-413374.245406226196792],[918466.399677143315785,-413283.291491746960673]]],[[[1015108.146059370134026,-405744.430833178921603],[1015172.191105852951296,-404791.204202953842469],[1014584.859461840358563,-404548.73799705383135],[1013158.713620520662516,-406150.028593807015568],[1013039.695755697553977,-406959.245180037105456],[1014259.860067609231919,-406961.950227377703413],[1015108.146059370134026,-405744.430833178921603]]],[[[921380.375452495645732,-411066.250874512130395],[920627.860927209141664,-410386.408183447842021],[920057.331311616115272,-410621.324149068968836],[920681.313794801943004,-411298.680556905746926],[921292.245693595148623,-411325.711002358642872],[921380.375452495645732,-411066.250874512130395]]],[[[1018876.975122489151545,-404062.283098991669249],[1018145.965621424722485,-403357.826877275714651],[1018023.468773377127945,-404256.954345241247211],[1018810.825190682546236,-404302.534558233164717],[1018876.975122489151545,-404062.283098991669249]]],[[[1027813.349879167275503,-401997.4130071249092],[1027675.804506422602572,-401747.741474148118868],[1027376.084485366707668,-402079.714905601984356],[1027724.290110538247973,-402235.58416483993642],[1027813.349879167275503,-401997.4130071249092]]],[[[1017195.867784981499426,-404656.588034548913129],[1016853.458990390063263,-404227.451812745945062],[1016669.447778643574566,-403485.863482005137485],[1017051.283856817986816,-402822.995162237144541],[1017134.872187830857001,-402235.044494429545011],[1016149.768078752676956,-402119.119771077588666],[1015477.498997166287154,-402732.775841948518064],[1015388.87666741583962,-403686.824039697821718],[1015865.900662097614259,-404284.876888370839879],[1016092.891656998312101,-405348.793904600548558],[1016732.937006296589971,-405385.938074125675485],[1017195.867784981499426,-404656.588034548913129]]],[[[1029333.633516649948433,-400169.683055857545696],[1029461.15573814092204,-399703.900197600421961],[1028895.956877055577934,-399035.629344457411207],[1028376.297253176802769,-398880.386339252348989],[1027343.219507399015129,-400051.347404221480247],[1027289.788914483855478,-401085.614964043779764],[1027653.98617461300455,-401314.558554179850034],[1027705.515187391196378,-401219.29060385201592],[1027837.266689862823114,-400341.237103669845965],[1028402.06083109555766,-400742.146251122292597],[1028791.883597983745858,-400364.325309603998903],[1029333.633516649948433,-400169.683055857545696]]],[[[1012601.799998534144834,-400224.947134564863518],[1012446.803787438315339,-399635.815011057071388],[1011661.962236288352869,-399864.805596726830117],[1011850.012282444629818,-400579.760309070872609],[1012486.216151657979935,-400611.152932698372751],[1012601.799998534144834,-400224.947134564863518]]],[[[1040018.800926115247421,-398282.058662078750785],[1040153.776352122076787,-397668.858667338034138],[1041236.231513863429427,-397392.379603926150594],[1041223.200933458749205,-395280.505160864966456],[1039413.327940209303051,-395240.764082941052038],[1038815.697608538903296,-395750.114578349050134],[1038395.228383531910367,-395933.875229083409067],[1037870.068670668406412,-396381.38525820535142],[1037872.330871454323642,-398447.740083493175916],[1037618.527500026975758,-398927.429165155917872],[1037593.561613285681233,-400433.827187798044179],[1038388.360665441607125,-400490.875231340993196],[1040018.800926115247421,-398282.058662078750785]]],[[[1021889.775527502526529,-398288.082345532835461],[1021890.044803421362303,-396606.277657709782943],[1021310.195009283605032,-395879.689391352352686],[1020419.292022713110782,-395775.098315764567815],[1019769.583230747841299,-396368.795989067468327],[1019638.638443700852804,-397069.335748923709616],[1019370.199915103148669,-397535.710944706748705],[1019267.474455930176191,-397868.91983559820801],[1020368.357518094824627,-399012.232363426883239],[1021432.776358562521636,-399008.960942473902833],[1021889.775527502526529,-398288.082345532835461]]],[[[916448.326600309810601,-401472.133546932949685],[916429.50297499448061,-402173.469620699179359],[915765.084415217628703,-403133.00156429130584],[915664.667858922155574,-403614.172975306108128],[915341.965054744621739,-404182.934771650587209],[915498.263617018703371,-405271.385438818077091],[916023.154893830069341,-404812.724843365431298],[916453.6029406003654,-404640.590151922195219],[917382.680321203311905,-403638.950775370351039],[917380.263141046627425,-401510.37159315077588],[916448.326600309810601,-401472.133546932949685]]],[[[1032778.180312593001872,-393048.192376275721472],[1031267.947539272485301,-393227.092781608575024],[1030770.842260970501229,-393709.320352304144762],[1030663.370116581441835,-394382.420796058606356],[1029990.234238208737224,-395332.040401372301858],[1029945.997585389646702,-396290.051300747203641],[1029666.727701456402428,-396746.330617008788977],[1029587.222554949112236,-397243.86490914458409],[1029307.917016652761959,-397700.140794403618202],[1029251.230031483690254,-398496.391116619226523],[1029725.980978519888595,-399057.72529764554929],[1029915.496488815173507,-399997.883327196759637],[1030896.255001006182283,-400992.491510352934711],[1032172.691549739916809,-401031.938013419043273],[1032691.386168172350153,-400528.953399878286291],[1033137.331683797063306,-400368.606834436766803],[1034031.980938895023428,-399371.770015794609208],[1034135.988744219997898,-398719.637659823638387],[1035202.909104489372112,-397276.290544459479861],[1035246.790127646760084,-396318.249326195742469],[1035525.870777197298594,-395861.854259183455724],[1035582.159515290288255,-395065.594439943437465],[1035107.266971047152765,-394504.487842080590781],[1034952.825920116854832,-394024.910791556350887],[1034436.777878539287485,-393456.855047795048449],[1032900.56777255947236,-393428.470868038129993],[1032778.180312593001872,-393048.192376275721472]]],[[[1047488.067135377787054,-387194.836730744049419],[1047117.438076864928007,-386777.356274261313956],[1046960.473330327076837,-387492.959622552793007],[1047331.179592575295828,-387754.347287995507941],[1047488.067135377787054,-387194.836730744049419]]],[[[979585.612443313933909,-391469.206530588504393],[979764.826282786787488,-391966.083727753721178],[981257.466230426565744,-391727.073500462342054],[981201.115393929881975,-389962.429444283188786],[980525.298193859518506,-390050.971202782238834],[980194.384793556528166,-390459.574380599719007],[979947.583738801418804,-390516.817965605121572],[979939.352550461655483,-391343.478527660307009],[979585.612443313933909,-391469.206530588504393]]],[[[1031819.118024249677546,-386174.414513850351796],[1031814.790224525961094,-386883.597452809917741],[1031465.089182857074775,-387455.547163677401841],[1031646.649724740767851,-388081.202753198973369],[1032274.918370335130021,-387425.526294968265574],[1032316.723585073719732,-386271.271222308510914],[1031819.118024249677546,-386174.414513850351796]]],[[[981201.115393929881975,-389962.429444283188786],[981538.640500391367823,-390044.967368856188841],[981791.706144882831722,-390746.306940070935525],[982468.495404040091671,-390867.400599599117413],[982495.181577174691483,-389053.365219201601576],[981223.00369160703849,-388963.370304941083305],[981201.115393929881975,-389962.429444283188786]]],[[[1031819.118024249677546,-386174.414513850351796],[1031679.384789281408302,-385366.76104332722025],[1031017.121787942829542,-385238.187115297652781],[1030887.370904779527336,-386144.108790045895148],[1031819.118024249677546,-386174.414513850351796]]],[[[1014503.568473336170428,-384629.157644038379658],[1014134.098052910878323,-384210.790115621115547],[1013975.458826160873286,-384925.973197881772649],[1014345.415709554799832,-385188.2536559344735],[1014503.568473336170428,-384629.157644038379658]]],[[[1016219.001348932739347,-384499.619991151674185],[1015849.460122066433541,-384081.30091964895837],[1015690.92957313451916,-384796.502917697944213],[1016060.902452424867079,-385058.737494787201285],[1016219.001348932739347,-384499.619991151674185]]],[[[884070.355601458228193,-387902.605648750148248],[884176.316019202582538,-388602.488921694690362],[884444.912720335880294,-388867.871762311784551],[884568.11678149108775,-388008.94982439634623],[884070.355601458228193,-387902.605648750148248]]],[[[969691.466494818101637,-421821.350315353600308],[970884.002270892960951,-421810.797829110233579],[971095.719614964909852,-422423.524979939160403],[971341.746980339172296,-422697.443197265500203],[971491.358096279436722,-421914.791657925408799],[971761.929125550785102,-421449.282976054295432],[971854.982064548647031,-420962.345118289347738],[972617.667025233036838,-419868.232226535386872],[973320.654914733953774,-419638.739747258019634],[973605.953908974770457,-420996.57221500040032],[975301.959099582047202,-421022.188105057517532],[975857.294100997853093,-420518.875558690691832],[976293.258039669482969,-420350.047378255054355],[976683.916751204407774,-419995.888397971983068],[977119.854702078620903,-419827.034123906225432],[977607.940089504467323,-419384.489125425228849],[977741.429009236046113,-418684.225721810595132],[978011.716169278020971,-418218.604448942176532],[978037.651966909295879,-416810.248368122556712],[979192.948407032294199,-415234.952640491013881],[979903.685136393061839,-414959.386342435551342],[980019.538869757787324,-414350.699916048790328],[980685.906894278596155,-413393.108031636977103],[980778.550997865502723,-412906.14517520548543],[981048.597047292627394,-412440.488336676789913],[981054.195774479303509,-410758.502935811993666],[980578.606655326322652,-410159.194214344199281],[980416.458816953236237,-409690.791081169561949],[980081.905502374866046,-409269.152915385726374],[979886.271111809881404,-408340.098642762168311],[979551.762689725146629,-407918.453538981324527],[979336.724307281780057,-405841.682032436598092],[979692.162686562398449,-405928.546582640323322],[979916.714312926749699,-406962.916508165013511],[980246.450467385468073,-407390.548043160117231],[980413.340596721856855,-407852.94230336160399],[981206.275257057859562,-408709.925528388819657],[981584.129549446282908,-412019.971557386685163],[982024.919352546683513,-412200.712900998943951],[983050.411978922085837,-411111.598209238494746],[983191.778781390516087,-410417.552686300245114],[984248.108627568464726,-408962.563751822221093],[984346.160593674867414,-408480.841588802752085],[984610.39597261021845,-408009.887245709600393],[984708.423797857249156,-407528.166842824371997],[987743.077748910407536,-403612.651306603162084],[987840.943279875908047,-403130.927877621666994],[988104.933336546062492,-402659.927982286200859],[988202.774727682815865,-402178.206311315880157],[988466.729734267340973,-401707.203421743877698],[988592.811281754402444,-401086.270243995066267],[989555.367894977913238,-400855.426513518905267],[990035.638606022461317,-400431.085989747021813],[990180.440504011581652,-399717.487329408992082],[990444.270337522844784,-399246.456035115930717],[990474.201219883630984,-397843.573695846425835],[990737.975981282652356,-397372.5448915961897],[990767.845812141895294,-395969.687378727539908],[991426.835155380773358,-395006.482560869306326],[991098.069681456079707,-388738.05567073012935],[990621.24129638588056,-388120.120581910014153],[990468.903055503964424,-387858.337199244124349],[990850.006623437744565,-387177.208328243577853],[990845.521978299831972,-385203.542599123320542],[991406.44856408808846,-384975.414506177185103],[991801.184555795392953,-384626.169090713374317],[992337.440439083846286,-384407.99675503076287],[992483.664114167098887,-383685.491324363800231],[993127.104413336026482,-383423.651619038020726],[993248.903717506793328,-382821.562045936763752],[993512.222807943471707,-382350.543349269602913],[993488.298726526089013,-380227.270643335476052],[993011.600409690989181,-379609.472026561386883],[992757.817968073301017,-378445.35775251215091],[992251.086673961486667,-378893.967965027084574],[989250.169767713290639,-379258.051739655435085],[988855.548805846134201,-379607.205473646696191],[987569.257281607948244,-379844.65035717113642],[987039.162315114750527,-380361.421423746040091],[987114.17158423026558,-383284.832010983896907],[986060.502654384239577,-384739.702574957394972],[985971.843483993434347,-385344.705602484755218],[987793.806217052740976,-385410.01541832566727],[987448.525166791980155,-386026.876869634608738],[987326.424124082899652,-386628.929492145136464],[986790.009694936219603,-386846.905165723816026],[985604.703108711866662,-388179.987559946603142],[985175.496047560940497,-388354.31729970430024],[984695.564739826950245,-388778.437339493422769],[984550.6748415408656,-389491.899408704601228],[984286.885075307567604,-389962.770371677819639],[984189.054413300356828,-390444.405623277008999],[983925.229600328486413,-390915.273565753304865],[983827.374856449314393,-391396.910414343001321],[982377.132416417822242,-393343.538638310623355],[982279.194286018493585,-393825.174843124870677],[981143.70380594022572,-395390.566460734524298],[980531.107584717567079,-395638.999737111793365],[979735.560670534614474,-396484.566795598482713],[979282.029955182573758,-396188.915204753575381],[978771.771437808405608,-396639.177540283300914],[978670.170200319262221,-397590.912502769846469],[979150.884777868632227,-398214.74851982598193],[978883.345946534303948,-398691.52201610483462],[978810.908897803514265,-399747.419896127190441],[978120.718365253531374,-400027.075615806970745],[978209.920530613046139,-402219.067767650471069],[977861.369471200974658,-402149.839306552603375],[977670.842859729193151,-401549.513304081861861],[977096.74809109698981,-400912.219137213716749],[976648.679796377196908,-401343.265575693512801],[976202.177060508634895,-401501.735722434881609],[975823.285689176758751,-401866.163429928361438],[974947.346088204183616,-402055.708739983732812],[974568.406160220736638,-402420.102650638611522],[974121.847062594606541,-402578.50495573139051],[973742.87022771127522,-402942.877144487050828],[973296.285498872981407,-403101.25264479330508],[972917.271738048177212,-403465.603189753310289],[972470.661339032580145,-403623.951886224851478],[968920.891349600628018,-407921.169672957854345],[968474.090528704342432,-408079.391040987684391],[967698.278649492538534,-408935.167442544654477],[967251.431593111366965,-409093.349423662002664],[966331.889538252260536,-410125.661212443897966],[966277.147719579515979,-411198.111514848307706],[965995.465992001467384,-411653.108860305976123],[965913.49692407855764,-412150.311423160892446],[965126.622654302045703,-413248.027254153450485],[964764.254938226891682,-413376.176754275220446],[964779.987036042264663,-414107.562411630235147],[964450.655505865230225,-414518.384186809824314],[964482.068531663622707,-415981.178320969222113],[964152.675596919259988,-416392.0001591956825],[964118.122746330220252,-416933.373518971027806],[963788.692579102469608,-417344.190069624863099],[963754.117830401984975,-417885.56761565618217],[963424.650384348118678,-418296.378966192423832],[963390.053712446475402,-418837.760638678155374],[963060.549013676936738,-419248.566787156916689],[963025.930465180659667,-419789.952671263832599],[961902.147550445282832,-421183.625258438463788],[961894.724900086876005,-422107.102657475683372],[962357.889491777983494,-422540.393419212778099],[962567.757982737617567,-424453.659137172449846],[963645.428502959082834,-425457.220867686788552],[966661.854792938567698,-425319.978678005514666],[967061.996989067760296,-424828.168845894339029],[967987.091578879859298,-424683.257446822477505],[969310.248130256542936,-423047.789138586609624],[969344.861276533920318,-422503.034313812793698],[969674.279079106054269,-422092.059817060944624],[969691.466494818101637,-421821.350315353600308],[969193.217165172216482,-421722.136159762798343],[969533.801167706609704,-421323.856780557369348],[969691.466494818101637,-421821.350315353600308]],[[967686.677880207891576,-418492.323790232941974],[967596.44745427777525,-418730.123139692062978],[967248.652332264347933,-418572.678443829878233],[967550.175224945880473,-418242.007737993553746],[967686.677880207891576,-418492.323790232941974]],[[979700.454657849972136,-404097.966577156330459],[979653.752711165696383,-405256.589750615938101],[979303.227282904088497,-405381.044906786817592],[979202.737143792212009,-403999.145598645554855],[979700.454657849972136,-404097.966577156330459]]],[[[1020449.569363458547741,-379545.241249041981064],[1020480.935722310445271,-379031.766354201943614],[1020816.587000200874172,-378456.746300611528568],[1020869.601901524118148,-377506.665958695695736],[1021140.290059531107545,-377042.923029985744506],[1021158.273981888080016,-375632.442378825624473],[1021434.955078773549758,-375158.292779295938089],[1021089.800176917458884,-374731.408502857026178],[1020928.879861114546657,-374260.675119720923249],[1020213.944868246209808,-373563.111227315966971],[1020073.329286154359579,-374345.554248328437097],[1019802.673255791771226,-374809.264152651303448],[1019924.325533195864409,-378061.410383223148528],[1019557.532988054095767,-378689.641436831094325],[1019754.216679041739553,-379601.518991462828126],[1020393.90715563215781,-379636.596511579526123],[1020449.569363458547741,-379545.241249041981064]]],[[[1023699.533671296550892,-376978.492267259920482],[1023777.074070367612876,-376384.086316316039301],[1024074.575591966859065,-375897.659533782687504],[1024118.951770554063842,-374939.859239720623009],[1024397.846441760426387,-374483.787965499563143],[1024442.180978407151997,-373525.99899554962758],[1024721.029410716262646,-373069.926651447603945],[1024759.074600835796446,-372030.24746983818477],[1024029.971570804016665,-371887.777721591526642],[1023587.720906056812964,-371573.169687562040053],[1023049.993539351504296,-372134.284082426223904],[1023077.187029197346419,-374121.342933088017162],[1022798.259268156602047,-374577.384883888007607],[1022788.83858321455773,-375995.583983556716703],[1022439.121536053484306,-376567.238814913900569],[1022588.583852460607886,-377083.801028090005275],[1023648.093857637490146,-377073.72315367491683],[1023699.533671296550892,-376978.492267259920482]]],[[[1020780.497178492718376,-371966.832165801431984],[1020643.310878962860443,-371717.165464680001605],[1020344.19727534125559,-372048.891253973648418],[1020691.589591538649984,-372204.888662297395058],[1020780.497178492718376,-371966.832165801431984]]],[[[1032347.883769874228165,-377248.686129099805839],[1032366.868715045391582,-376757.738539110869169],[1032711.090134200872853,-376157.306427786126733],[1032801.424199372879229,-375670.1489903179463],[1033068.883562401286326,-375203.595722850877792],[1033017.595060322200879,-372874.939465951640159],[1033284.978378515108489,-372408.393487168010324],[1033375.247754780924879,-371921.248853084922303],[1033642.595834583044052,-371454.699549311306328],[1033732.841295761871152,-370967.556673537008464],[1034000.154116144403815,-370501.00411074369913],[1033996.156914759194478,-368790.073471952287946],[1033057.838280599564314,-367795.036394256574567],[1032894.173949101241305,-367327.444138476450462],[1030933.824858065578155,-365404.514870184473693],[1030309.881259892368689,-365537.195251528813969],[1030311.301087723462842,-367355.03488612716319],[1030787.974924278096296,-367952.344199057377409],[1031011.195509237702936,-368993.434240754286293],[1031736.016297269612551,-369156.648123150924221],[1032055.828331993776374,-371576.703410646412522],[1032391.356689071049914,-371996.898567963566165],[1032611.444925038493238,-373198.422947642102372],[1032231.371148207457736,-373861.557581712899264],[1032118.434884823858738,-374470.471964404685423],[1031576.092088544508442,-374683.710285796027165],[1031142.652486296137795,-375081.073206057306379],[1030947.08092150837183,-375641.711543482437264],[1031424.022648938815109,-376239.04740782501176],[1031652.094675601809286,-377302.418773969460744],[1032290.912405181210488,-377338.802346478158142],[1032347.883769874228165,-377248.686129099805839]]],[[[991205.570277509978041,-377279.387094490928575],[991686.48962450097315,-377083.661789792357013],[992080.961482453974895,-376734.431877769704442],[992509.708227909519337,-376559.896817766246386],[992988.931455655372702,-376135.54079354571877],[993133.145427474984899,-375422.072552530735265],[993864.731131739448756,-374350.636212750629056],[994615.004498320166022,-374045.048220197379123],[994589.486445066751912,-371811.940561437222641],[994112.977293228846975,-371194.231532134057488],[993960.713316851761192,-370932.530435248336289],[994344.399984216550365,-370245.430288800736889],[994010.748651274596341,-369812.88354559848085],[993656.374760299455374,-366909.876899795839563],[992153.207307059667073,-366863.840138576866593],[991994.982260381802917,-367647.117491463548504],[991728.624751872615889,-368124.018015514826402],[992062.165169679210521,-368556.613684077281505],[992319.622272047912702,-370242.994626774045173],[991147.093713554088026,-371864.910560446209274],[991083.69102726445999,-372806.981842876644805],[990820.522227952838875,-373277.91201387392357],[990757.07677559601143,-374219.993761208257638],[990493.862899056635797,-374690.923328259319533],[990415.6055504004471,-375432.642841776192654],[990892.058811432914808,-376050.506924466637429],[991044.304701528628357,-376312.255139134533238],[990663.590763789601624,-376993.322635048651136],[990558.684546208824031,-377373.804343302908819],[990934.566437852219678,-377673.554905474651605],[991205.570277509978041,-377279.387094490928575]]],[[[1020587.618766722385772,-391662.697393355891109],[1020611.627863885485567,-392956.547096028283704],[1019347.623433520435356,-393262.86889339418849],[1019558.915096119628288,-394293.670066472783219],[1019889.680456613772549,-394720.28820048540365],[1020163.220698903431185,-395471.462525290437043],[1020921.981630465714261,-395192.258690475777257],[1020748.033950593671761,-394655.203795564069878],[1020310.87940357637126,-394091.487993812421337],[1021074.789579403703101,-393966.865903024212457],[1021606.383244915050454,-394590.064641381090041],[1021853.261861189850606,-395710.539037622394972],[1022626.106999105657451,-396210.838930631696712],[1024288.077561327954754,-395929.192442960920744],[1024278.790890665608458,-393923.752143680641893],[1024541.313054597121663,-393452.071090219542384],[1024637.80648280296009,-392970.114085805253126],[1024900.29354420886375,-392498.430105546663981],[1024996.762849621591158,-392016.474825443467125],[1025653.183892357163131,-391051.611923925287556],[1025749.609326919191517,-390569.657676036644261],[1026405.895176789024845,-389604.770420542103238],[1026502.276719273068011,-389122.8171879479778],[1027945.97435444209259,-387171.46199358504964],[1028042.272547636530362,-386689.508360187348444],[1028304.494133336353116,-386217.784400695993099],[1028400.768199167214334,-385735.832414670847356],[1028662.954773014644161,-385264.105488775763661],[1028723.977814553538337,-384321.722890494216699],[1028986.119322958984412,-383849.995686399168335],[1029054.440298672998324,-382793.957804727018811],[1029713.935678930138238,-382523.547379656287376],[1029834.159052204224281,-381921.115451184741687],[1030096.20538499369286,-381449.376548029540572],[1030157.074399987352081,-380507.020692827005405],[1030419.075664692325518,-380035.28146356792422],[1030374.006805195938796,-377711.732549617590848],[1030635.932980406330898,-377240.00101531133987],[1030449.520741244428791,-373074.986137720698025],[1030828.183946198201738,-372392.800010706705507],[1030569.173684603534639,-370750.396742658980656],[1030238.528831135830842,-370324.141042743984144],[1030034.842267203726806,-369402.160716473532375],[1029704.241888548363931,-368975.897664122050628],[1029394.728257764945738,-366672.853457511053421],[1029064.203227656893432,-366246.586185917374678],[1028792.330901714041829,-364673.152726931672078],[1028010.160933795734309,-364166.428144823294133],[1027340.358174852328375,-364360.59036456834292],[1026947.087087084888481,-364710.828135502408259],[1026251.040911721647717,-364996.399061380128842],[1026529.758423676365055,-366903.626831553410739],[1027007.703931638272479,-367520.172898303368129],[1027072.298544922145084,-370103.552093968261033],[1026810.427268161671236,-370575.182963025697973],[1026784.65991866227705,-371977.814828206901439],[1026522.733506072661839,-372449.447796754597221],[1026426.555731490370817,-372931.325997926178388],[1026164.594259350793436,-373402.95592449553078],[1026138.712888074223883,-374805.622751518385485],[1025876.696375215891749,-375277.254821267619263],[1025780.461554631241597,-375759.140756495122332],[1025518.409933425020427,-376230.76976209069835],[1025457.282714776229113,-377173.063564100011718],[1025195.186022512614727,-377644.692162011750042],[1025098.898553908336908,-378126.583489873562939],[1024836.766848559258506,-378598.209057852393016],[1024740.455249225720763,-379080.101964176748879],[1024478.288439327385277,-379551.72452313901158],[1024381.952729990473017,-380033.619015165197197],[1024119.750856321654283,-380505.238491460739169],[1024023.390996932284907,-380987.13458108267514],[1023761.154111748444848,-381458.751050303631928],[1023734.890107197803445,-382861.517219244677108],[1023078.81850900221616,-383826.212935017421842],[1023017.413172887056135,-384768.561459831020329],[1022755.05105164507404,-385240.174303502542898],[1022658.585966681363061,-385722.08157856966136],[1022002.274800663348287,-386686.749121578177437],[1021940.753924492863007,-387629.11775049631251],[1021284.283077280968428,-388593.766584051365498],[1021163.5850848039845,-389196.156285017204937],[1020520.332861950970255,-389459.350776676088572],[1020399.588410228257999,-390061.738259717531037],[1019742.871760141802952,-391026.332377507933415],[1019646.231133910128847,-391508.243521651951596],[1019299.13016230543144,-392131.398994650866371],[1019936.6795836861711,-392137.994987500540446],[1020373.159736552042887,-391750.424777337058913],[1020587.618766722385772,-391662.697393355891109],[1020673.038321924977936,-391130.030265873065218],[1021049.199644872220233,-391497.077587836014573],[1020587.618766722385772,-391662.697393355891109]]],[[[1022786.924465179559775,-370429.156893322244287],[1022885.989870983175933,-369949.892985956510529],[1023145.185605885926634,-369475.766568409511819],[1023174.07704163971357,-368075.75359917775495],[1023433.217938518268056,-367601.629396255128086],[1023532.225931482855231,-367122.372781494923402],[1023793.826579345390201,-366643.721821036539041],[1023462.704743155045435,-366210.256412517162971],[1023222.055926502682269,-364830.821825937717222],[1022679.801242780755274,-364187.839425092970487],[1022121.924191822414286,-364677.299131351348478],[1021973.073493611183949,-365397.645361635426525],[1021713.936854185652919,-365871.731788850505836],[1021649.906702910899185,-366811.33951297547901],[1021390.725144686293788,-367285.425472770992201],[1021291.640725532080978,-367764.666292560868897],[1021032.424176776665263,-368238.749167578702327],[1020968.312431772937998,-369178.373504767252598],[1020709.051038024015725,-369652.455937759019434],[1020609.913678550045006,-370131.701767410326283],[1020347.872998887207359,-370610.737679861835204],[1021262.29241381410975,-371601.274192602140829],[1021941.939282606588677,-371646.772501463827211],[1022786.924465179559775,-370429.156893322244287]]],[[[991873.55504830321297,-365104.140320009377319],[992060.057217321707867,-366509.004208370635752],[992679.693808849086054,-365967.8225798222702],[992805.035994957317598,-365139.353844317956828],[991873.55504830321297,-365104.140320009377319]]],[[[994497.952136960462667,-366680.334964369772933],[994485.176556483260356,-365992.309650173934642],[995419.727436988963746,-365603.234026497113518],[995084.114103512139991,-363023.48776302911574],[993957.961986540700309,-363179.814830879913643],[994058.592092358856462,-366453.546588150784373],[994436.581713725347072,-366766.372211869573221],[994497.952136960462667,-366680.334964369772933]]],[[[1018116.873142494587228,-359985.933579399832524],[1017463.857655554660596,-359948.490364830533508],[1017008.500955180730671,-360668.607095535262488],[1016917.785821841913275,-361155.586514816444833],[1016650.14223429269623,-361621.755352341744583],[1016559.403173299971968,-362108.736330928630196],[1015898.409204121562652,-363067.676606263325084],[1015807.626438495703042,-363554.658529235690366],[1015539.88726849691011,-364020.814604695828166],[1015518.719567025778815,-365428.553636869648471],[1015167.142456760746427,-366040.613340609648731],[1015789.876214120187797,-366076.415155433584005],[1016238.576991422567517,-365665.659802006499376],[1016796.593385016312823,-365446.806638839130756],[1016876.661988996784203,-364091.075308171391953],[1017298.201220473158173,-364492.010512607230339],[1017266.563888181000948,-365759.264020988659468],[1016886.034387507475913,-366421.913843401998747],[1017105.314317570999265,-367306.181797189929057],[1018165.307522700866684,-367303.177872060041409],[1018227.79425230040215,-367075.479808312375098],[1018213.79610364662949,-365207.339363535458688],[1018594.221094140200876,-364544.658347941178363],[1018116.873142494587228,-359985.933579399832524]]],[[[1032778.180312593001872,-393048.192376275721472],[1033859.266662417561747,-392902.103396262857132],[1034248.694045681855641,-392524.149987434910145],[1034691.312848359695636,-392838.142123714205809],[1035156.267770656035282,-392928.5006762141129],[1035584.986312488792464,-393232.568218675383832],[1036049.962623637868091,-393322.896482298558112],[1036478.714436837588437,-393626.937081753334496],[1036943.712111340253614,-393717.235012810735498],[1037837.16614577639848,-394448.610756088688504],[1038178.739906754111871,-394548.389032228849828],[1039850.340142572182231,-392566.527207229577471],[1040833.911734056659043,-392348.663969118264504],[1040954.991035724757239,-391586.22899986495031],[1041623.366329690441489,-391345.343412255460862],[1041741.832662627799436,-390598.937672846426722],[1042298.749296427937225,-390398.159232472069561],[1043462.249454492121004,-389044.507282877340913],[1043907.699280650005676,-388883.817225345876068],[1044284.493552190484479,-388517.503862097742967],[1045587.865135443862528,-388290.118232868786436],[1046106.885157217388041,-387747.401793513970915],[1046155.065176569391042,-386673.771145953214727],[1046933.904886193806306,-385571.55459131061798],[1047643.209822068922222,-385315.439845354529098],[1047696.689961821772158,-384119.010402421175968],[1048267.600286391563714,-383912.80554765969282],[1048793.180610983166844,-383362.875033095129766],[1048760.601616594241932,-381259.027483740879688],[1049468.854919092031196,-381003.074400829384103],[1049476.120198791846633,-379467.271114741102792],[1049754.318308357615024,-379010.647697192151099],[1049832.891917034750804,-378513.07436977897305],[1050111.054400558350608,-378056.447418485418893],[1050153.630790918832645,-377098.525361693638843],[1050431.747033488936722,-376641.897455087921117],[1050510.269719840027392,-376144.331006526306737],[1050788.350339377997443,-375687.699525312171318],[1050483.480328009463847,-370288.230234513292089],[1050008.649141946574673,-369727.785121943976264],[1049853.823860189178959,-369248.490476620849222],[1049508.325848777545616,-368840.632329844229389],[1049353.524164832662791,-368361.336160574865062],[1048079.557654639706016,-367099.729110634943936],[1047924.818399108597077,-366620.424868889851496],[1047579.437354497960769,-366212.528269979869947],[1047424.721740320790559,-365733.222473988600541],[1047079.375321196625009,-365325.316718357906211],[1046924.683297713054344,-364846.009319024800789],[1046579.371507052914239,-364438.09437114559114],[1046317.07210308057256,-362577.887579727626871],[1045971.827469238080084,-362169.966226328513585],[1045817.195081512792967,-361690.660616678767838],[1044878.762838225346059,-360722.369079739379231],[1044270.664919375209138,-360604.442495633673389],[1043706.699240501504391,-360204.262368659721687],[1043497.619966569473036,-359555.792210307903588],[1043152.529125753324479,-359147.811105438275263],[1042926.472367326729,-357747.915424162347335],[1042415.78452700690832,-357185.403930666099768],[1041416.32423067453783,-357121.693876852805261],[1040988.481752331601456,-356817.925042674702127],[1040096.705413973890245,-356760.99009614624083],[1039668.905892555252649,-356457.180614672019146],[1038777.165301466826349,-356400.158494427392725],[1038349.408734605880454,-356096.308291803696193],[1037885.647445609560236,-356006.10334853961831],[1037457.924124403041787,-355702.226143488660455],[1036994.184251379338093,-355611.990905690239742],[1036458.073174562188797,-355231.037659034715034],[1035974.99982210516464,-355387.760457680386025],[1036281.271317220758647,-360906.606303248787299],[1036766.467211443465203,-361480.746807818533853],[1036470.19014708918985,-361966.687573469942436],[1036837.574633258976974,-362401.378840021847282],[1036550.329989098827355,-362872.494283833308145],[1036613.607993503799662,-365211.219549550034571],[1036335.339703304227442,-365667.510666571557522],[1036670.25389335071668,-371527.365970082464628],[1037144.55037044454366,-372088.286547878757119],[1037535.271023920970038,-375628.566085608734284],[1037152.548512548906729,-376255.664960458176211],[1037180.128275978728198,-378134.294006546435412],[1036901.550147831207141,-378590.649352704873309],[1036858.022969119134359,-379548.533099559484981],[1036579.398605084745213,-380004.887500831217039],[1036535.829806984984316,-380962.782800273154862],[1036257.159274475416169,-381419.136269273876678],[1036178.062520735664293,-381916.638645610189997],[1035899.356368505395949,-382372.988511089701205],[1035820.236068493919447,-382870.493108442286029],[1035541.494226850569248,-383326.839411122142337],[1035462.350384364719503,-383824.346282130398322],[1035183.572922428371385,-384280.689052039000671],[1035139.848728711833246,-385238.617872208182234],[1034861.025106923771091,-385694.959761459555011],[1034781.830293773673475,-386192.473568992805667],[1034502.971028224448673,-386648.811889707634691],[1034423.752717316616327,-387146.327956386783626],[1033751.295878969714977,-388096.074763449956663],[1033672.034275108482689,-388593.593013680772856],[1033393.078634253004566,-389049.918115847976878],[1033349.164828148554079,-390007.883844859548844],[1033070.162976777995937,-390464.20810546411667],[1032990.850499061867595,-390961.733373874390963],[1032711.812988044111989,-391418.054131621029228],[1032778.180312593001872,-393048.192376275721472]]],[[[1028114.518138522515073,-361224.460267285176087],[1027997.005721502006054,-357921.881822675757576],[1027153.739139442681335,-357711.762317513057496],[1026940.57676386681851,-357138.454790073505137],[1026149.518004508689046,-356281.615626496204641],[1025828.655087162973359,-353911.06143697508378],[1025429.613589315791614,-353712.970777130161878],[1024852.220347108785063,-354220.089596637233626],[1023999.490974927437492,-354430.869329683366232],[1023651.396931692608632,-354671.636923922167625],[1023361.112737391027622,-355360.05559528345475],[1023839.321094243903644,-355986.422276013239753],[1024009.745968003175221,-356445.08583712723339],[1024804.410347018972971,-357306.098512317810673],[1024149.609272977919318,-358277.775083792337682],[1024034.912853163434193,-358549.6844994291896],[1024516.395856014802121,-359180.139016062545124],[1024255.001373011153191,-359658.773255178821273],[1024248.821281090378761,-361352.989687765249982],[1025344.74856741912663,-362511.333396258647554],[1027270.677000032621436,-362442.318121491000056],[1028114.518138522515073,-361224.460267285176087]]],[[[1032907.632958135334775,-361454.613943190022837],[1033253.151840519625694,-360831.27397761575412],[1033348.94339433289133,-360349.397284593025688],[1033610.34870989038609,-359877.679166154703125],[1033599.754757613525726,-358014.87456734420266],[1033861.094982158625498,-357543.160942691611126],[1033885.889378468273208,-356140.692900417896453],[1034147.174505941220559,-355668.981204929819796],[1034242.871710342355072,-355187.119861559942365],[1034504.121763618313707,-354715.404918842308689],[1034611.90140655846335,-354390.533284411008935],[1033114.912460905499756,-352865.465789696376305],[1032473.954544003470801,-352711.038974145893008],[1032032.215769678121433,-352424.901499837287702],[1031582.878518451587297,-352316.582268102443777],[1031141.172458122367971,-352030.416778129001614],[1029166.757924713310786,-352039.16936818085378],[1028598.659831905504689,-352545.746556930069346],[1027609.102022118284367,-352786.849669259157963],[1027677.473138202098198,-355501.582696949073579],[1028155.147292657755315,-356118.021135758433957],[1028499.744387773098424,-358881.190774450020399],[1028830.104781942325644,-359307.441591200244147],[1029033.655872379662469,-360229.353065914299805],[1029364.060726389521733,-360655.596384617150761],[1029602.963522531907074,-362037.843663807900157],[1029933.423129290691577,-362464.080549051403068],[1030152.445213120779954,-363064.781893391918857],[1031798.727996066794731,-363118.439641419274267],[1031456.089406229439192,-363736.321789895417169],[1031383.618778742966242,-364523.180859525164124],[1032941.474626515759155,-366093.213576754089445],[1034011.818029703921638,-366092.307538648252375],[1034281.35622875764966,-365697.301882098254282],[1034761.315982924657874,-365500.04961601208197],[1035681.387498365133069,-364488.086276581685524],[1035608.368591815466061,-361727.286415507493075],[1034442.194969661184587,-360503.302756054443307],[1033550.850414284737781,-361460.609940452035517],[1032907.632958135334775,-361454.613943190022837]]],[[[1017721.921443666215055,-349057.151317743875552],[1017825.415493210894056,-348740.846752360463142],[1017193.699036858044565,-348013.006039398082066],[1015759.668219471117482,-347971.385463652724866],[1015313.859250942012295,-347672.44231709453743],[1014663.524843362276442,-348433.944216411618982],[1015506.410499611753039,-348625.049625982472207],[1015750.821189223788679,-349326.586155571276322],[1016318.144471496925689,-349455.140714367327746],[1016754.629171495093033,-349747.798648299125489],[1017266.738440466695465,-349777.571724407956935],[1017721.921443666215055,-349057.151317743875552]]],[[[1027212.752606407622807,-343694.358251838653814],[1026462.219062419724651,-342989.662897840666119],[1026380.653912753448822,-344151.282260758336633],[1026752.063718118472025,-344424.96754881052766],[1027212.752606407622807,-343694.358251838653814]]],[[[1015620.502826286014169,-340249.255511395633221],[1014739.497957796091214,-340178.788204079726711],[1013841.088911702972837,-339458.156798998999875],[1013387.565367130911909,-339355.259282106242608],[1012951.464008545735851,-339062.521615313773509],[1012635.524487512302585,-338949.200113281083759],[1011202.751744504086673,-340602.635386488051154],[1011167.521045102505013,-342005.177575276931748],[1015919.421506607555784,-346521.05336468690075],[1016536.491881792549975,-346660.886585932050366],[1018823.39145622740034,-348664.876094119390473],[1019277.271578885614872,-348767.601094894809648],[1020176.543342759716325,-349487.933902752120048],[1020630.463820835691877,-349590.614233757951297],[1021067.056073241168633,-349883.133116212033201],[1022434.687478298437782,-349847.549715609988198],[1022693.381143020233139,-349438.283274318790063],[1024469.645630966871977,-349160.667963001527824],[1024856.816180987982079,-348805.327950046223123],[1025717.608576861559413,-348602.295153816288803],[1026104.731085098697804,-348246.9204576779739],[1027092.844164752284996,-348013.707113839627709],[1027128.010447799111716,-346629.159672695095651],[1026191.527269758284092,-345633.859351922990754],[1026028.26220830809325,-345166.280666088452563],[1023727.68653250776697,-342923.713261899945792],[1023106.548691176460125,-342783.250625626940746],[1022207.499820665456355,-342063.158516650029924],[1021753.807175939087756,-341960.540376603545155],[1020854.885295287822373,-341240.363769583578687],[1020287.837120949756354,-341112.012766360363457],[1020043.272477458929643,-340410.607819289143663],[1019476.268168251845054,-340282.22378249920439],[1019039.993476927862503,-339989.680449016625062],[1018759.869073280016892,-339873.77207952941535],[1018209.731578030390665,-340378.508588915457949],[1016240.524561705533415,-340665.177122228080407],[1015620.502826286014169,-340249.255511395633221]]],[[[985303.147658693022095,-304412.001674383063801],[984936.468104918720201,-303993.146850184886716],[984777.850730246864259,-304707.488776664598845],[985145.219047143007629,-304970.367349814332556],[985303.147658693022095,-304412.001674383063801]]],[[[988033.321188907139003,-301518.170786412782036],[987989.169212964246981,-301762.732688379066531],[987719.299602370127104,-302225.513159612892196],[987619.607066440628842,-302560.825167802453507],[988411.451056475401856,-303408.251812444650568],[989471.724934552214108,-303157.706989259459078],[989033.499120614957064,-302610.91620314976899],[988874.18297420127783,-302140.105623167823069],[988449.822722594835795,-301610.541209294984583],[988033.321188907139003,-301518.170786412782036]]],[[[988033.321188907139003,-301518.170786412782036],[987906.378031472908333,-300711.071457759710029],[985797.946763014537282,-298844.049278972786851],[985226.276485728332773,-299110.71292185166385],[985416.347949512419291,-300106.063983652275056],[986218.480534967384301,-300944.05047126871068],[986427.005550513626076,-301997.42810621886747],[987133.791820254991762,-302545.242972417385317],[987278.323121000197716,-301647.400121231214143],[988033.321188907139003,-301518.170786412782036]]],[[[983773.364096961799078,-297119.85089504905045],[983821.616407437715679,-295947.496940822107717],[982997.614778708666563,-295806.00198315148009],[982935.522962118848227,-297162.171635059639812],[983716.480722902459092,-297209.701730973203667],[983773.364096961799078,-297119.85089504905045]]],[[[52949.103538088173082,484769.271433866699226],[52339.717237572091108,484835.280299026460852],[51952.067644289068994,485159.190878578345291],[47123.353140289167641,485277.290804566117004],[46333.046912770092604,486062.515766142925713],[45916.641483085753862,486198.10996861505555],[45126.468234294719878,486983.420655599446036],[44192.305349364803988,487136.842011710687075],[44052.661352185437863,488213.354046609892976],[43768.949102253391175,488657.927753108611796],[43707.080789439605724,489360.252066771208774],[43306.099968618807907,489358.864461023826152],[42671.934149232198251,489317.462985310005024],[42305.199112493137363,488894.413251202669926],[41935.62541846249951,489314.985420255281497],[40666.769069886518992,489389.283150945673697],[40330.211974471305439,489772.397780019673519],[39294.843507955956738,489808.352218103653286],[38893.876978632200917,489807.105339853849728],[38660.44656315377506,489845.61859394639032],[38323.962847622278787,490228.789307110360824],[37055.22129741221579,490303.452590245055035],[36718.798854004497116,490686.668696523411199],[36251.985609260278579,490763.7812883076258],[35915.599891591766209,491147.021373432013206],[34479.435779554121837,491182.234038103721105],[34444.700566423307464,491451.35509613645263],[33911.19221089999337,492066.771219729096629],[32071.53809925528185,492101.214739867195021],[32152.451790087077825,492469.631283274036832],[32471.236160106491297,492564.922764173534233],[32504.949188877577399,492837.544720188539941],[33836.614205370489799,494380.045779149630107],[34871.371509537231759,494422.110178723465651],[34834.071169842005474,495616.634965911100153],[33696.178865801230131,496925.89096040854929],[33658.996262765394931,498120.460741935530677],[33258.294846405704448,498119.393606817407999],[33025.03619528550189,498158.016001657932065],[32688.945625464126351,498541.381666574103292],[32222.448926605859015,498618.652411075832788],[31886.395199852493533,499002.04196665372001],[31419.920594719671499,499079.343016229744535],[31083.903616590359889,499462.756561215268448],[30850.676665659331775,499501.42007264244603],[30450.019306047368445,499500.442505947488826],[30242.12406206828382,499568.513492339872755],[29855.497925540090364,499893.170883365091868],[29039.088643501265324,500028.404176580894273],[28652.507780845982779,500353.100741325120907],[27719.542435779592779,500507.774750188807957],[27581.45080731440612,501584.668076039641164],[27298.621090877230017,502029.695578254002612],[27236.730760090824333,503194.978177883604076],[26628.667532081806712,503125.097548084508162],[26243.604833119206887,502798.690184901643079],[25590.542198805327644,502660.190119150851388],[25041.298978996110236,503121.832052374957129],[24788.244884664363781,503258.483268188836519],[24240.843632088588492,502794.664788539230358],[23952.849690977051068,502656.959876202687155],[22235.047105267967709,504504.814628817723133],[20902.802931351750885,504652.749949999328237],[20764.514362812769832,505736.332354073179886],[19679.680044873523002,507105.802526263985783],[19619.242998045334389,507808.424717491085175],[19406.925216505082062,507745.087546767026652],[19031.479429846502171,507407.747484874271322],[18206.413032336047763,507280.510257707675919],[17830.921107691352518,506943.208302459795959],[17123.286758566235221,506816.210534703626763],[15827.229460407959778,508202.845811315055471],[15142.541326869462864,508328.01636332005728],[14626.482336886281701,507864.621972848603036],[13942.067717757927312,507737.828920124680735],[13424.950338282387747,508200.046891175094061],[13122.350605256711788,508325.742036634357646],[12213.228318250861776,507387.550324715033639],[11823.866495141457563,507735.655188930046279],[11398.919204340023498,507861.276409322570544],[11022.670724545238045,508197.707682969688904],[10094.657929416069237,508338.609354729764163],[10009.082876960565045,508722.651081703195814],[8975.425686288894212,508682.62595679279184],[8240.807203121294151,507835.041835593117867],[6573.723168215930855,507755.57234570995206],[6239.079369172152838,507371.10840438894229],[5605.706716050203795,507331.566947287181392],[5571.427995133750301,508063.608234929968603],[4838.235665545276788,508913.098875438445248],[4804.183043241120686,509182.367819784849416],[3791.074907571261519,509245.029334375169128],[3415.071946357113575,509581.695181821065489],[2589.939695532489623,509707.515325418440625],[2213.982808076124456,510044.219372765976004],[1388.893021376212801,510170.119298453791998],[1012.982211676471934,510506.861469939234667],[-212.367428800797342,510632.841561142646242],[-588.221415317613605,510969.633951477298979],[-1696.075141920413671,511095.75477280234918],[-2990.271509145001346,509707.604313461692072],[-3486.290538060277868,509581.714760562696029],[-3690.878519297806179,510504.538593838282395],[-6004.564486007861888,510571.266477119585034],[-6038.157332318645786,511303.372780844510999],[-6568.415350391819629,511920.185677365981974],[-7037.29688535517289,511999.457578271569218],[-7371.79270899662697,512383.968084286490921],[-8237.769198542955564,512462.997676384984516],[-8572.215884029177687,512847.542713623086456],[-9037.923706684909121,512926.36100903141778],[-9772.189971747509844,513774.053068129869644],[-11038.255111546506669,513853.595527875178959],[-11571.190657002718581,514467.970584221184254],[-11604.114714868575902,515666.164394039078616],[-11816.337586654395636,515729.376698547624983],[-12191.727460642248843,516066.540873962803744],[-12475.580360084308268,516192.849163539009169],[-12992.334209013379223,515730.539428679272532],[-13417.031297647134124,515604.958024301566184],[-13793.122432262904113,515268.563006646349095],[-14324.040956674285553,515111.642313500866294],[-14460.935531182934938,514497.936308993550483],[-14752.657507905261809,514063.701174725778401],[-14807.4331529678675,513818.231065128464252],[-15125.789491047044066,513913.110844740644097],[-15207.072938086890645,514281.53075275698211],[-15525.4145018342806,514376.421288450423162],[-15660.85959084557544,514990.451634961005766],[-15951.506653996411842,515425.398296053288504],[-16059.837980037656962,515916.618030286335852],[-16350.449669693047326,516351.579752192308661],[-16458.75728105098824,516842.809394416457508],[-17289.428555912832962,517905.213235402479768],[-18074.660860666754161,518051.035430717631243],[-18591.544874580602482,517588.94399425201118],[-19087.409243114208948,517463.656889499630779],[-19203.262951483040524,517989.696102217247244],[-19436.110505362928961,517950.806072466715705],[-19771.279142348321329,517566.980426245252602],[-21837.329305405357445,517491.910149263567291],[-22172.583727349196124,517108.151280800753739],[-23370.20074091204151,517031.828934662975371],[-23772.238262573639076,517495.427752779505681],[-25437.921052429384872,517577.191836038371548],[-26170.806966613905388,518425.899073426204268],[-27036.248832680241321,518506.232575255504344],[-27369.958095976966433,518891.311288819008041],[-27835.323959584748081,518970.833948384330142],[-28168.996351021396549,519355.936486502294429],[-28801.69168816589081,519396.622927415068261],[-28930.47689159874426,518866.864565827243496],[-30211.302250287422794,519004.280964397185016],[-31124.905972523625678,519932.232115526509006],[-31409.426275527232065,519798.542906083632261],[-31793.113460128988663,519471.04797608818626],[-32610.659504172668676,519338.749353238788899],[-32994.392146146019513,519011.293357640446629],[-35412.137936216873641,518883.489626989932731],[-36197.343050493429473,518094.422107928316109],[-36719.370428689413529,517927.945596587203909],[-36866.383951639552834,517324.958364466903731],[-37268.327359786082525,516701.865836703742389],[-37154.380739886852098,515937.287455162149854],[-36871.766407574090408,515493.507002752623521],[-36756.959416294586845,515010.451787944126409],[-35959.670750167002552,513948.478203243284952],[-36098.472634501573339,513021.656306769640651],[-37130.334931493511249,512855.103589209786151],[-37222.75574634642544,512476.252644709544256],[-37622.999262839490257,512477.446218095603399],[-37569.241516190777475,512231.755337026028428],[-37279.26873368267843,511796.328584668051917],[-37160.409682676036027,510728.037679327477235],[-36242.197098871947674,509759.57090720301494],[-35417.458093208020728,509631.198631507402752],[-35042.498440564406337,509293.371144378907047],[-34217.71673198161443,509165.078525302466005],[-33842.710891464827,508827.289138093416113],[-32915.230012167616223,508683.139269889041316],[-32777.098294502044155,508053.151776492886711],[-32486.862145262242848,507617.861521535611246],[-32379.100761940921075,507126.558594391914085],[-32088.829242984116718,506691.28322249656776],[-32039.660790981306491,504594.581556389457546],[-32094.815274594904622,504349.220218356756959],[-32387.382476844388293,503915.45826077577658],[-32498.910474256957968,502961.995873669395223],[-32791.523718791584542,502528.251790698850527],[-32940.835732198829646,501864.38783781271195],[-33437.626294968300499,501421.97632966429228],[-34013.146056194280391,501253.044534210115671],[-34398.835537471051794,500681.585559970408212],[-34524.449787439218198,499609.527686779969372],[-34857.248351962734887,499511.898564444214571],[-34826.511961798365519,498314.108059805526864],[-33894.542371329225716,497234.899353441374842],[-33027.67508504599391,497154.116329302312806],[-32294.002050173956377,496305.263322651328053],[-31824.709077934512607,496225.065441027574707],[-31227.234594472018216,495528.304978053551167],[-31296.350732754443015,495068.863990720070433],[-32032.139648497814051,494221.085456186847296],[-32071.538084291143605,492101.214739828195889],[-32472.431435701015289,492102.244028514192905],[-32705.59652353373167,492142.083011829177849],[-33039.837764338539273,492527.169883483904414],[-33907.024372194580792,492607.948757178965025],[-34241.216418397169036,492993.06995699374238],[-34707.501044275944878,493072.818907208740711],[-35840.717156130020157,494385.601527161255945],[-37108.575888055725954,494467.752841402369086],[-37842.032446802033519,495316.86517257289961],[-39442.127679797442397,495400.258084852946922],[-39847.204245778695622,494938.835487902804743],[-41115.495584333126317,494864.449031801195815],[-41854.299861149491335,494019.96734281355748],[-42321.027249544422375,493943.059294285718352],[-43059.966483990116103,493098.659282989799976],[-44095.075738022111182,493063.013158829184249],[-44155.788988876629446,493888.711047981865704],[-44705.087318342542858,494053.544513838656712],[-45199.409077906573657,494498.992607644700911],[-45371.517465461940446,495286.555636448203586],[-45902.509910985376337,495445.956493228150066],[-46277.594443265690643,495784.042836361972149],[-46702.363461124339665,495911.608248957782052],[-47196.541156658844557,496357.146224173775408],[-47368.498054862779099,497144.756741158606019],[-47899.386767501200666,497304.24601014261134],[-48274.36192012741958,497642.400519215734676],[-48486.706033774498792,497706.216764358629007],[-48720.021355874705478,497667.881743029633071],[-49089.579340588905325,497247.460785741277505],[-49455.840931616367016,497670.756629202165641],[-50322.569896737550152,497752.673528502578847],[-50656.122199689569243,498138.257940831477754],[-51690.517349561399897,498181.709129503869917],[-51902.835194600607792,498245.58357027353486],[-52277.674744390715205,498583.861917685309891],[-53102.971229967508407,498713.322271459212061],[-53876.451685262465617,499516.070591224532109],[-54301.018035678876913,499643.899317545292433],[-55074.36440281249088,500446.73168277106015],[-55498.887195122850244,500574.602519049949478],[-55873.560292714864772,500912.998999582894612],[-56298.059264864801662,501040.897658828063868],[-56672.696951806254219,501379.320140288444236],[-56956.436296692183532,501506.607635258114897],[-57475.432537323205906,501046.229982512129936],[-58962.166058476177568,500927.117756906372961],[-59476.877552756173827,501392.285861569223925],[-60301.917053746001329,501522.223996697808616],[-60676.432873532125086,501860.768008467392065],[-60960.121128431579564,501988.146757394599263],[-61479.245191146517755,501527.931623011478223],[-62408.34076308204385,501390.843622738844715],[-62495.567666259979887,501007.2029259132687],[-62813.8905588504349,501103.274645489931572],[-62947.170059713673254,501717.694624674739316],[-65227.334418611404544,504477.613981230359059],[-65275.774099674461468,505648.907187577860896],[-65508.585177091503283,505689.361856822099071],[-66239.465966307921917,506540.260692869254854],[-67037.093638892329182,506622.979657060408499],[-67442.82837487195502,506162.376072187034879],[-68641.772920215909835,506090.388564442691859],[-69075.069934924627887,506593.164634013897739],[-69445.051922523067333,506173.290878182335291],[-69843.114152747424669,506097.01385085657239],[-70243.790895763930166,506562.025779736461118],[-71277.430966776460991,506607.094178259721957],[-71677.861653652696987,506609.373896184144542],[-71910.634823948086705,506649.947782503440976],[-72641.027083551016403,507501.230213703820482],[-72873.780681744625326,507541.822507926670369],[-73106.532789052318549,507582.419078257109504],[-73439.124071848025778,507968.659978517331183],[-74304.992131325750961,508052.242398287751712],[-74637.53404520895856,508438.517610570590477],[-75270.634957196714822,508481.541681589907967],[-75286.313158765187836,511527.734867948340252],[-75616.370016946078977,511916.752546451753005],[-75678.690315919579007,512839.523614194476977],[-75275.66259983467171,513303.160465547873173],[-75204.559238474306767,513841.340803070401307],[-74869.922301212398452,514226.385586946096737],[-74799.31119722983567,514685.70674363191938],[-75393.453984255276737,515384.720350564573891],[-75861.756229419595911,515466.566123810654972],[-76988.641811614739709,516783.461244022415485],[-77221.20939572849602,516824.139262880547903],[-77165.225093941902742,517069.343637590995058],[-76871.410550615459215,517502.139646309427917],[-76753.798847873185878,518918.238400441710837],[-76308.706335742521333,519527.889177512901369],[-73691.084572231207858,519648.255428040749393],[-73601.24908021306328,520042.377375117561314],[-73598.532785460192827,520505.230754836637061],[-73557.604611670016311,521700.072782946808729],[-72015.437685557291843,523466.868305183539633],[-71934.353346027899534,525777.955947983777151],[-72728.603160537415533,526711.295948241488077],[-72760.941076759525458,526980.838344789110124],[-72844.690193041053135,527369.385873003047891],[-74028.817639230226632,527514.204332125838846],[-74547.379219609225402,527054.361017070710659],[-75443.214773663552478,526933.669988817651756],[-75609.561454769194825,527706.200921417912468],[-76294.759651229265728,528607.944434492732398],[-76397.788873766781762,529562.685634133871645],[-77082.827409397345036,530464.496629236964509],[-77215.080560918839183,531079.325443697161973],[-77744.156621866874048,531240.151439734385349],[-78235.835008116846438,531687.131826591561548],[-78378.905263872948126,532352.574269486940466],[-78758.475257078156574,532927.731913293362595],[-79119.421744058912736,533037.532004721113481],[-81039.754471215128433,532976.828798592789099],[-81199.330407371657202,531769.957990331109613],[-81733.612352111886139,531596.849994799820706],[-82523.34072735675727,530813.347194684669375],[-83338.303868999995757,530681.530918768257834],[-84216.817971100128489,529810.277153406757861],[-84332.747627254299005,530293.848345723352395],[-85045.308845295177889,530372.128474329714663],[-85208.067981256870553,531131.128926470293663],[-85737.041303264166345,531292.292378082987852],[-86109.977288256151951,531631.737373261363246],[-87520.446271719396464,531704.540066719288006],[-87569.903514103090856,532413.441426295088604],[-88650.286002666485729,533781.659702584263869],[-88755.60642507954617,534273.628037740476429],[-90829.650710382542457,536814.217432669480331],[-91270.54003779561026,536423.991739019518718],[-91977.609785642911447,536303.094870596774854],[-93382.825079908099724,537837.229369087261148],[-93545.336841994794668,538598.15701161022298],[-94073.888642024045112,538759.68967146682553],[-94842.262845205041231,539565.415188502054662],[-95664.434727200059569,539697.744930831948295],[-96155.141879542163224,540145.483011677162722],[-96244.676590472925454,540565.17148180573713],[-96476.741851533515728,540606.220093495328911],[-96807.727768154829391,540993.26327712344937],[-98070.499930569523713,541081.616361762280576],[-98401.424087369479821,541468.704388952115551],[-98865.506014560072799,541550.886814308585599],[-99228.78520649181155,541975.898406323860399],[-99598.755450065611512,541556.698448121431284],[-100862.718356016790494,541488.290773424087092],[-101199.760875860636588,541106.518263479811139],[-102630.430943775631022,541078.900699286372401],[-102682.506037681683665,542242.608609278686345],[-103350.324156927861623,543162.706290844944306],[-103469.613073283035192,543638.180627425084822],[-104137.29745300108334,544558.339399372343905],[-104286.351976037942222,545152.704788040253334],[-104796.203246050252346,545335.579970364575274],[-105182.832379928877344,545658.977927203755826],[-106514.608109410241013,545827.982666579540819],[-106624.153458318542107,548295.177638615597971],[-106896.236609726358438,548749.11321274342481],[-107007.413387225751649,550150.750715961563401],[-107749.516291427891701,551174.679735783254728],[-108336.830580184177961,551385.632630079984665],[-108723.179387059455621,551709.16918105375953],[-109755.155368009931408,551861.088617038098164],[-110321.97070679893659,551402.981204944779165],[-111356.49763801303925,551269.239901848370209],[-111915.113478109647986,551737.317463268642314],[-113519.652008004719391,551894.68318796926178],[-114305.036775503496756,552689.570376016781665],[-114702.493610292309313,552368.570770018966869],[-115168.561234018197865,552229.943536799401045],[-115398.123159240363748,553149.821279770112596],[-117097.51893660366477,553316.968524285475723],[-118667.192728070120211,555041.302109006675892],[-119269.774216273930506,555118.492094658780843],[-119481.991250103557832,555057.464338534977287],[-119979.761199387707165,554618.143921198672615],[-120133.103572497653659,553954.830685954890214],[-120982.165526842378313,552889.587917092489079],[-122796.441914321199874,552766.164490302558988],[-122887.014747008710401,552374.840651688631624],[-123518.521933645301033,552341.790135913412087],[-124259.558089205936994,551501.470751720597036],[-124492.113651504056179,551464.513125826255418],[-124723.887669509800617,551506.091436034883372],[-125842.366995466072694,552828.056486159563065],[-126473.066571776318597,552873.688019872526638],[-126684.080756143870531,552938.874898159992881],[-127067.324045202694833,553290.734223391395062],[-127457.636326476800605,552946.73316751641687],[-127988.393530262124841,552794.542455799877644],[-128130.462310441333102,552181.765540206222795],[-128425.26220063000801,551749.953212183550932],[-128558.441356260795146,550678.076250648591667],[-129102.988766658178065,550522.008804620592855],[-129481.151064281279105,550188.925569165381603],[-130304.900853911662125,550071.379591877222992],[-130683.108862150984351,549738.335048925247975],[-132092.644545579823898,549690.087945781182498],[-132325.258233861066401,549653.277070993091911],[-133471.069443334650714,548354.740018264041282],[-133703.712232156191021,548317.955573778715916],[-134334.614847186225234,548363.980727292830124],[-135058.316982123447815,549219.395147036411799],[-136719.087007428519428,549315.969103869167157],[-137442.571067331795348,550171.533266818732955],[-138305.122950570366811,550259.577089658007026],[-139224.09297010305454,551347.236579676507972],[-139275.546813682769425,552816.04225563548971],[-139797.702147488744231,553439.086620581918396],[-140662.899920047726482,553527.592987259617075],[-141581.131217550195288,554615.174107752274722],[-141612.289919313654536,554888.396637501893565],[-141637.818955559487222,555621.293846954475157],[-142751.780536198290065,556947.535524801583961],[-142808.878795445518335,557871.234220370999537],[-142404.771856870764168,558333.015662722522393],[-142367.887668962765019,558602.088870366569608],[-143165.432149325148202,558611.195713002351113],[-143962.975996139604831,558620.353430079296231],[-144992.096429539233213,558671.519970023888163],[-145321.103281849063933,559059.945610892842524],[-146114.909881241532275,559147.747276125708595],[-146521.882551721879281,558689.353971120901406],[-148581.955107661604416,558635.116346291964874],[-148920.012929094227729,558254.533873578882776],[-149385.030175862077158,558181.532104917103425],[-149723.124582471646136,557800.974090426694602],[-149955.643425895541441,557764.486277527641505],[-149964.008631051459815,559886.70972479460761],[-150683.597521880816203,560745.859905642690137],[-150744.717110327852424,561285.607972567202523],[-151071.107410304248333,561676.885381218278781],[-151132.204680982569698,562216.643025228171609],[-151851.575812912080437,563075.890991958905943],[-151882.1041447307216,563345.776927212602459],[-151839.401018664008006,564077.967635894892737],[-151503.708711324055912,564461.247645034105517],[-151408.086756361590233,566773.028081513824873],[-151995.442150745016988,567476.191425623372197],[-152229.938725402171258,567518.854351088637486],[-152440.57423400710104,567584.489590672892518],[-152810.616062001558021,567926.097570321988314],[-153732.354792285419535,568079.22257482050918],[-153812.484915556327906,568464.685059737297706],[-154210.942659623542568,568469.597130317590199],[-154296.853025956632337,568102.0143714658916],[-154615.132004102517385,568011.366594203747809],[-155643.445206966658588,568063.415520178619772],[-156364.530738665256649,568920.315201789140701],[-158022.548771849396871,569019.740431877668016],[-158743.41590275731869,569876.789725336129777],[-159604.472357248829212,569966.325550103094429],[-159932.723295836185571,570355.201935763005167],[-160395.344463515677489,570439.698222608421929],[-161115.966008722170955,571296.902925683767535],[-161347.256079006765503,571339.171395505778491],[-161341.272841370373499,571802.347205408266746],[-161386.347403832216514,572511.953108073445037],[-161670.581788999174023,572950.61575035424903],[-161748.67462941489066,575296.262414169032127],[-162032.830220386793371,575734.95241443766281],[-162104.807336830737768,578543.929408424999565],[-162388.873431402229471,578982.649863067665137],[-162490.883057187893428,579475.565371117903851],[-163558.957081686327001,580851.188145772903226],[-163660.90326051125885,581344.127757060690783],[-164138.708518672414357,582029.78550135390833],[-164585.979244302550796,581636.898796662222594],[-165268.181137689593015,581519.750875656027347],[-165775.613529323105467,581989.810767845949158],[-166196.253525533946231,582121.570058956975117],[-166565.482787021755939,582463.661886378540657],[-166986.098740802466637,582595.448726498056203],[-168138.799395503825508,583874.785068521858193],[-168664.504292920872103,584039.590867977589369],[-168740.77548207968357,584409.344581719837151],[-168683.272318557195831,584654.383279306581244],[-168293.953479054471245,585222.398902618442662],[-167614.462538231484359,585415.49913459434174],[-167470.790375095559284,586028.121428011800162],[-167175.410125368216541,586459.242103465250693],[-167105.533324131800327,587630.87141000945121],[-167189.157724262098782,587992.344932027976029],[-167702.500263944762992,588170.947570153744891],[-168081.238755111437058,588502.047912758076563],[-168491.900014104263391,588644.966531889047474],[-168965.132001549936831,589058.733688459964469],[-169125.334431008843239,589751.858194546075538],[-169399.155748191929888,590201.884087519953027],[-169506.372097202518489,590988.906653904821724],[-168696.446379918983439,592045.96331302379258],[-168574.029581011040136,592380.343646572087891],[-170668.181207557005109,595018.631554887979291],[-173175.551508340460714,595196.844680225593038],[-173553.928181468480034,595528.148010419216007],[-174481.157051429065177,595698.757566768093966],[-174593.016333136125468,597053.862576248939149],[-174186.605362497561146,597682.630287767387927],[-174051.757815393328201,598900.113854588009417],[-174440.36535242854734,599540.020371426828206],[-174495.903485732676927,599781.075035410700366],[-175124.078935677418485,599829.188239744049497],[-176035.832130946568213,600920.061358611215837],[-176095.984540248842677,601463.694422707892954],[-176614.002745583158685,602088.478706505382434],[-176847.76811008376535,602131.625558803905733],[-176828.035812200279906,603521.826159281539731],[-177058.67672286281595,603564.405854898621328],[-177385.476612425176427,603953.947684499551542],[-178641.3833589287824,604050.502448173938319],[-178968.121157082670834,604440.088698725448921],[-179826.661375045252498,604531.061922888387926],[-180934.475874440511689,605859.033791267080233],[-181725.078816170454957,605949.154583633644506],[-182131.897360078408383,605491.578479217132553],[-182527.804026236641221,605418.763029557419941],[-183311.242986325494712,606357.307742506847717],[-183541.810662295290967,606400.009245411492884],[-183579.470901983760996,606130.85489662818145],[-183915.076265204406809,605748.180730162188411],[-183997.26232335192617,604746.469420108594932],[-184332.916579636075767,604363.815459216712043],[-184370.598659933923045,604094.672670975793153],[-184408.788149674772285,603821.936414365307428],[-185016.107191602815874,603137.932306120288558],[-186204.335954699461581,603234.242969438084401],[-186597.524720599205466,603703.628509444650263],[-187390.593477860529674,603636.923852488049306],[-187728.669273350853473,603257.11913277162239],[-188195.182723024336156,603185.058990792604163],[-189135.828888522053603,602118.299741732655093],[-189253.631883257854497,598799.833991139777936],[-189658.222854589461349,598339.255397124448791],[-189618.951706722582458,596488.089544870774262],[-189294.697054023068631,596095.595925057423301],[-189235.454694790707435,595555.367832031217404],[-188844.928901858016616,595082.741993873147294],[-188919.9400003941264,594619.988026603707112],[-189458.885793726920383,594013.969358427333646],[-189922.834460716054309,593942.431878234026954],[-190261.241577553621028,593562.757352391490713],[-190493.226066177070606,593527.001671345788054],[-190890.884453805076191,593533.083633590722457],[-190941.260901017172728,593779.712685865350068],[-191313.772478994913399,594358.79334073420614],[-191986.936370978073683,594571.423444414744154],[-192112.791049452673178,595188.019310793024488],[-192485.204506432986818,595767.147978395689279],[-192843.335194492858136,595880.322885750210844],[-193055.23708750444348,595820.504846162046306],[-193433.78744032047689,595489.122554966947064],[-193717.928403503814479,595367.339660941041075],[-194223.725518465449568,595838.655794609920122],[-195041.187216918042395,595977.615382776479237],[-195409.215449549577897,596320.633024694398046],[-195899.794036244245945,596454.530477654072456],[-196081.992950561601901,595684.977817709208466],[-196378.172849681111984,595254.480581477633677],[-196501.490515125071397,594301.255915091605857],[-197202.691646222898271,593413.744873677496798],[-197318.753808067296632,592923.866626203642227],[-197615.039104475436034,592493.418503526248969],[-197731.124820398923475,592003.551497307023965],[-198837.660067229560809,590659.183909098268487],[-198982.830762118741404,590046.883389810100198],[-199512.928605713648722,589897.621618767036125],[-200443.656853101361776,588945.483568737632595],[-200597.497181988001103,587759.811303659924306],[-201141.375283318455331,587606.790439375559799],[-201520.385903501388384,587275.699508166057058],[-201732.476487540290691,587216.037948259036057],[-201782.66911497869296,587462.684805485769175],[-202065.139992402662756,587902.364188844338059],[-202165.503559247270459,588395.667217643698677],[-202447.938803854573052,588835.36173045297619],[-202573.345790699386271,589452.004049701266922],[-203098.378326491598273,589618.272898351075128],[-203583.273281558213057,590070.521993112866767],[-203744.002998363313964,590861.301138021517545],[-204058.985798236069968,590961.091540728113614],[-204263.946429627598263,590892.962351684342138],[-204784.270660073059844,590477.397512602969073],[-204965.988927216618322,588732.937864916282706],[-208472.833006745466264,588717.049640657263808],[-208518.817293607338797,587984.783435814664699],[-208888.64723919777316,587565.514672478544526],[-208501.262492558715167,587095.56772611674387],[-209276.828617077146191,586219.795230071060359],[-209361.12954944052035,585218.579795905854553],[-210103.813526227953844,584380.191009655711241],[-210142.098540857521584,584111.216412287554704],[-210067.031893620936899,583741.216844593989663],[-209436.816196417261381,583541.363490218645893],[-209276.318621313781478,582750.604911997215822],[-208791.332325557043077,582298.187520761857741],[-208371.128685381292598,582164.994176925742067],[-208003.019289414543891,581821.672355286311358],[-207184.75534358585719,581681.892161997151561],[-206816.599186719482532,581338.607772042858414],[-206156.459736487653572,581129.497643181821331],[-207213.421446834428934,579955.169934720150195],[-207787.724633917503525,579794.02117240766529],[-208179.002082482445985,579227.29572314536199],[-208295.608877557591768,578737.633469217340462],[-208592.596312592213508,578307.546842197305523],[-208650.910422878281679,578062.720624822773971],[-209679.544757077295799,578040.666842429898679],[-210018.975572398980148,577661.629480779636651],[-211279.991654967307113,577604.330036843661219],[-212025.527452493872261,576768.912910324404947],[-212888.451208987389691,576705.021125061321072],[-213228.015652270842111,576326.079506450681947],[-213460.391248461150099,576290.762339888024144],[-213665.660388519318076,576362.95200539380312],[-214043.599601165653439,576695.381057125981897],[-219232.388089290441712,576922.7762540319236],[-219610.164600705727935,577255.37622609839309],[-220020.600764634815278,577399.963079260662198],[-220398.341746807738673,577732.589244631119072],[-220808.753341345349327,577877.203079481609166],[-221193.687217318278272,578216.223880732897669],[-221590.389933067228412,577891.052940274588764],[-222403.828346061200136,577768.156561203068122],[-222793.126325067220023,577449.133836296969093],[-224065.813705071836011,577334.550237600924447],[-224241.685907219129149,578109.919901248184033],[-224513.773726841318421,578561.061407392029651],[-224630.322641370643396,579651.57530232379213],[-226349.339279981941218,579829.781308671459556],[-226726.839163809840102,580162.61097127944231],[-226931.970837196276989,580235.022679715417325],[-227006.5645238449506,580605.100974633009173],[-227321.616700633865548,580705.462322429986671],[-228030.464727579354076,580791.923009021440521],[-228109.284959318465553,581183.186489438638091],[-229515.773443511250662,581145.887266028206795],[-229895.740234406432137,580815.696910532191396],[-231514.629331274947617,580719.451480408082716],[-232835.481267503637355,579345.246414969093166],[-233023.903610042470973,578560.879178329720162],[-236335.261448664474301,578493.063212568406016],[-236715.490199967607623,578163.095434650080279],[-237140.335423704033019,578044.992904009530321],[-237520.599004096176941,577715.052065032999963],[-237805.584185949817766,577594.312466442584991],[-238310.489862555376021,578067.276281762053259],[-240423.035955551953521,578240.209344227681868],[-240551.801902162726037,578882.500635487376712],[-240833.127495558845112,579322.991253015468828],[-240932.046252747211838,579816.530863453750499],[-241213.336163631232921,580257.036447344115004],[-241312.230994122015545,580750.586317489738576],[-241982.555858891078969,581662.009002360398881],[-242106.118367852934171,582278.968253702158108],[-242630.940586110955337,582446.88027490884997],[-242998.095919812039938,582791.222200163174421],[-243606.011843425920233,582866.163063834072091],[-243634.499127005168702,583136.343745406717062],[-244539.037517374992603,584234.773203604621813],[-244772.745592675433727,584279.140324678039178],[-244763.658598087844439,584742.351007801364176],[-245393.917432189802639,584715.436270985752344],[-246141.363838764169486,583881.97192125627771],[-246606.044114593736595,583812.558675661799498],[-246946.462454673048342,583434.495746733387932],[-247576.794047932547983,583407.69213564612437],[-247558.413423942925874,584334.099016801919788],[-247586.810659749055048,584604.294702338404022],[-247909.566974976536585,584998.221839026547968],[-247966.340524500148604,585538.621667312690988],[-248677.726477654709015,586403.709265097277239],[-248706.092935405176831,586673.916357564274222],[-249313.790010785858613,586749.139089471893385],[-250189.888734946027398,587695.2386130039813],[-250346.065718579862732,588478.223052316345274],[-251126.073853950947523,588639.156215289141983],[-251648.712501774221892,588186.267625259817578],[-252073.371722910000244,588068.653774594189599],[-252453.744709038292058,587739.115644191391766],[-253136.502980701159686,587626.764652527868748],[-253640.418203282024479,588100.42016939795576],[-254130.734433226258261,588236.588996211066842],[-254376.083584788430016,587222.223576937220059],[-254843.375425908685429,587661.519348897156306],[-256058.604124298319221,587812.594154618447646],[-256425.232678323052824,588157.358554379316047],[-256634.99068691857974,588224.767154454253614],[-257263.491096836398356,588277.011690661078319],[-258169.216592298296746,589373.87341469200328],[-258217.72600328354747,590301.675879562972113],[-257810.320445852179546,590759.951340454397723],[-257732.718048666400136,592881.821072738501243],[-260747.039188163733343,592983.793382676318288],[-261071.545588866923936,593375.445796051062644],[-261532.672876171709504,593463.711968653020449],[-261857.141832373221405,593855.387772884569131],[-262318.246271896874532,593943.683591117151082],[-262642.677879160619341,594335.38268719415646],[-263433.823230706912,594430.67815512244124],[-264658.66998887702357,593066.208322761929594],[-266645.913240640598815,593029.945979313924909],[-267036.464988221647218,593501.77246480982285],[-267497.54999515612144,593590.259236237267032],[-267821.831531736650504,593982.090225558611564],[-268282.893686068302486,594070.606631884467788],[-268607.137853160267696,594462.46089497662615],[-269235.285352237755433,594515.312525692395866],[-269465.802789607434534,594559.595035787555389],[-269789.997042723291088,594951.482960839872248],[-270251.010608125769068,595040.073333163163625],[-270575.167451743793208,595431.984628018806688],[-271036.158200184407178,595520.60464009444695],[-271552.753771545249037,596146.571863764664158],[-271570.575433589576278,596883.412067725206725],[-271481.356202896975446,597250.310766275040805],[-270844.538576922961511,597425.77264223259408],[-270695.88347092125332,598037.286348979570903],[-270397.173375577316619,598466.02006996399723],[-270327.673026180185843,599173.926331893657334],[-270355.530182859918568,599444.236132435966283],[-270869.267953836999368,600073.248727581463754],[-272127.771063689549919,600179.449376207776368],[-272451.728727725159843,600571.441477938555181],[-272912.51605314691551,600660.137419918552041],[-274010.894436412665527,601996.230490274261683],[-274638.6441842080676,602049.359072235762142],[-274848.073273981804959,602117.087750741397031],[-275213.755653060448822,602462.480343797942623],[-275737.299286503053736,602631.833993145963177],[-275858.945954932016321,603249.327119936584495],[-276138.453946516965516,603690.778151762671769],[-276187.101180531841237,603937.780326672596857],[-276816.492004574218299,603912.441179531160742],[-277190.689192080462817,603498.138027299544774],[-277577.77807366673369,603967.067231010412797],[-277951.999500073899981,603552.786672870395705],[-278813.493845555989537,603493.420255323755555],[-279154.395845939638093,603116.118641377426684],[-279550.714351868373342,603046.388607968227006],[-279940.455143686558586,603518.692750971531495],[-280568.109254474344198,603572.120972434408031],[-280657.560982463997789,603205.250407673418522],[-281188.122604860865977,603059.433360390481539],[-281568.844004092621617,602730.705102450097911],[-281993.317455593496561,602614.081681011128239],[-282374.073597041540779,602285.380591205786914],[-283195.952855217561591,602177.811523964046501],[-283719.238383500662167,601726.17132783238776],[-285190.578987740096636,601885.984121262677945],[-285555.988803218293469,602231.67751712212339],[-286560.116240310191642,602317.843442985438742],[-286654.878412280813791,601930.035995831945911],[-287365.557273761718534,601872.84564338834025],[-288788.051689802901819,601945.042719762423076],[-289111.446736293379217,602337.476380698964931],[-289341.755728796008043,602382.131095847114921],[-289739.131635005935095,602391.365740269655362],[-289798.950879646756221,602146.834650652832352],[-290506.45447060134029,601264.507609323482029],[-290653.166091643506661,600193.652606728137471],[-291197.676079929515254,600044.534491876256652],[-291578.756170934822876,599716.130195142119192],[-292798.361017196206376,599618.506330017815344],[-293179.49681431229692,599290.153595093986951],[-298373.921872338280082,599287.21731421968434],[-299163.823335538618267,598505.308137683663517],[-299986.119781795016024,598398.855356846703216],[-300367.485457401839085,598070.730173112358898],[-300916.742233082419261,597920.79415992682334],[-301071.033421270782128,596388.127412992878817],[-301370.859553037793376,595960.149921815027483],[-301430.932340299885254,595715.701693308539689],[-302458.406059413100593,595701.284009481663816],[-302800.238578163960483,595324.682643737294711],[-303264.852702284872066,595257.367250693496317],[-303606.721484778332524,594880.790896645048633],[-305264.207979910133872,594842.657572607509792],[-305606.149148521770258,594466.138899526675232],[-307661.332738175347913,594438.07825603405945],[-308003.358235127758235,594061.628282383899204],[-308400.159756027918775,593992.829019116936252],[-308789.113066261692438,594465.960369862499647],[-309019.50687080033822,594510.973423584015109],[-309417.133811741543468,594520.835679091978818],[-309649.475848977977876,594487.299762945738621],[-309991.561364893626887,594110.904336907318793],[-310223.912781549850479,594077.379395507508889],[-310281.541858499811497,591761.337297079036944],[-313693.678059543890413,591886.010223571560346],[-314016.582322862814181,592279.022768094902858],[-314875.112282469694037,592379.279746116022579],[-315197.966513740480877,592772.325713949277997],[-316454.134080807911232,592882.751373885548674],[-316808.525212899607141,593314.326210288447328],[-317184.376795744290575,592901.306224775034934],[-317416.773178956471384,592867.916163076879457],[-317735.663758348673582,592781.380602783057839],[-317886.669158187869471,592170.495463222032413],[-318596.724000354355667,591289.921598103828728],[-318753.09774579241639,589411.700050151441246],[-319576.851096018915996,588390.552580652874894],[-320134.314887141459621,588239.439436157001182],[-320528.943276790203527,587901.351795681286603],[-320905.687052432156634,588259.260916561470367],[-321184.783573087013792,588392.6461827440653],[-321831.452510380011518,587838.711355292238295],[-321934.671908378484659,587421.945024887332693],[-324554.303951857436914,587450.527004736708477],[-324897.029877188266255,587074.586808100459166],[-325527.423269448452629,587051.720456112059765],[-325846.521564934344497,586965.401467729709111],[-326028.260796324291732,586232.529410415678285],[-326666.510723678977229,586059.927940429770388],[-326757.40723698574584,585693.501941415015608],[-328581.601628273027018,585702.112877385574393],[-328924.496540658758022,585326.294706862536259],[-329719.626731512602419,585268.682957322569564],[-330108.079056349233724,585742.409649625653401],[-333286.439117917499971,585905.51453010190744],[-333699.512586148572154,585453.097681196290068],[-334330.015303641324863,585430.67733058903832],[-334317.604668622720055,585893.803983982186764],[-334548.078054598241579,585939.28288681327831],[-334870.504090221773367,586332.794773274217732],[-337320.850271110830363,586477.412010641070083],[-337643.17602170293685,586870.998448175610974],[-338104.063824209617451,586962.084537876653485],[-338426.352028348075692,587355.694062463007867],[-338819.548259697447065,587444.971479738596827],[-339642.996056511881761,586540.41793044784572],[-341467.107160060724709,586550.912666218355298],[-341508.223589839355554,586282.359250550973229],[-341849.244651005661581,585904.117665573838167],[-341931.49800841184333,585367.020293173147365],[-342272.555463789729401,584988.79600847652182],[-342355.382913607463706,584448.122640703455545],[-342902.396521904796828,583848.80587805074174],[-343367.686682789819315,583783.001359231770039],[-344121.837980724638328,582955.4762826472288],[-344354.502736225025728,582922.595149826142006],[-344421.249486670189071,581727.889457193552516],[-344762.476801211072598,581349.756136468262412],[-344844.874070504447445,580812.717643679119647],[-345630.51225851487834,579945.606833668425679],[-345247.952084608492441,579471.519904785440303],[-345622.678773747291416,579056.408881024923176],[-345705.122222497593611,578519.395811087917536],[-346046.471014806011226,578141.317460392951034],[-346128.93643343669828,577604.315078220563009],[-346503.745243026060052,577189.243174195406027],[-346152.51119001355255,576754.033442851155996],[-346099.916483489156235,576213.298619749373756],[-345394.549638077209238,575342.85039032145869],[-345341.912650919228327,574802.13052664976567],[-344990.566917051270138,574366.969194656121545],[-345365.427539385040291,573951.884531633113511],[-345447.880212853080593,573414.912941793561913],[-345789.351029976329301,573036.858495348715223],[-345830.587616176577285,572768.37739925365895],[-345922.123831864621025,572402.152978412574157],[-346454.816583900654223,572259.21879430336412],[-346981.646567022777162,571810.475160063710064],[-347659.204185357317328,571955.491346924332902],[-348023.848414716834668,572302.842447226168588],[-348547.776476416154765,572475.15376617340371],[-348692.923087757022586,573232.569190139533021],[-349612.045380858529825,573400.131347169866785],[-350037.759419204492588,573805.826653140713461],[-352194.737146293686237,571338.56261857971549],[-352330.127382198348641,570387.369502116576768],[-353043.807974008319434,569509.083384547499008],[-353166.185695752734318,569020.907581442268565],[-353468.430911971954629,568594.385438533732668],[-353529.630427978292573,568350.302503885584883],[-355034.196919057285413,568460.540738081443124],[-355181.193129981809761,569229.243452614638954],[-355705.162252378533594,569401.846964801196009],[-356069.668491199961863,569749.418322532554157],[-357076.066302568360697,569841.231643365928903],[-357390.42610406287713,569944.832223108969629],[-357532.030674943991471,570686.392603970132768],[-358055.907956036855467,570859.098119529895484],[-358420.305826788477134,571206.745343552785926],[-358629.838299083639868,571275.847601683111861],[-358655.883304059039801,571546.218400514335372],[-359551.631719861004967,572653.041851104120724],[-360183.249245145416353,572710.686867748037912],[-360814.476711736118887,572689.613377217901871],[-361982.202991298225243,571411.846554515883327],[-362846.43773133715149,571358.335978569695726],[-363190.755032530112658,570983.553760726703331],[-365415.588486528373323,571009.150219968170859],[-366044.61695548548596,571066.862081999075599],[-366366.485764878685586,571461.091227564378642],[-366759.754080309823621,571551.220848716795444],[-367174.511209499614779,571100.025654728640802],[-368835.550137286132667,571070.376904716249555],[-369592.143783877079841,570244.571852211374789],[-369825.123026152898092,570212.173991134390235],[-369799.314111952495296,569941.787015684880316],[-369479.923469413770363,569544.835430136183277],[-369441.975189996999688,568541.109889718005434],[-369057.291004299651831,568063.136323431623168],[-369138.452514791686554,567605.419555294327438],[-369550.726136557641439,567151.009613008005545],[-369510.426434736698866,566226.361558124190196],[-369159.643026528297924,565790.58217208145652],[-369535.564716403314378,565376.28504354483448],[-369619.092594685789663,564839.551597446668893],[-370786.167632828117348,563559.991137881530449],[-370841.696191899653058,562828.718570017255843],[-372749.271382046048529,562818.912309408769943],[-372910.290474836656358,562181.142093311529607],[-373213.372317626897711,561755.14784723019693],[-373331.741838774119969,561429.859263077378273],[-372941.238437952008098,560805.278722659219056],[-373677.87132142984774,559902.621700628660619],[-373302.986396327032708,559303.094732735771686],[-372735.678185703232884,559115.485486924182624],[-372255.54298553155968,558656.924616581294686],[-372128.407778829336166,557988.100506801740266],[-371841.486851792840753,557529.435147723532282],[-372567.72986513748765,556639.604459214140661],[-372690.968346297973767,556151.721857331576757],[-372994.175081336812582,555725.76213397376705],[-373117.436957791389432,555237.890572714852169],[-373420.678569932410028,554811.947339567705058],[-373552.930935233540367,554023.844004397862591],[-373171.829497202241328,553414.731054934556596],[-373100.605728555761743,552157.320557019324042],[-373517.413978112104814,551572.038616542471573],[-373663.516129744937643,550321.149563100771047],[-373282.295600147044752,549712.066513853264041],[-373235.288740077405237,549464.911946327541955],[-374266.791646940691862,549456.442938814754598],[-375024.96698061726056,548631.248617050354369],[-376056.544044606562238,548622.927678709966131],[-376854.724554176209494,548646.941147118806839],[-376896.677711880882271,548378.667542940238491],[-378065.940516154980287,547100.118916107341647],[-378107.922700868279207,546831.855802589911036],[-377749.959028422657866,546713.459783878410235],[-377384.476416947029065,546129.335804791655391],[-377290.585214110731613,545635.0241019774694],[-376242.605117640341632,544242.144651499227621],[-376125.176843086141162,543624.264977165148593],[-375452.203458055329975,543401.906484767794609],[-374982.656863363343291,542652.040679412311874],[-375153.738147755444515,542182.788260539644398],[-375851.962392384768464,542131.923836360801943],[-375879.747882051917259,541206.401282607694156],[-375809.265654984861612,540835.683860912569799],[-375284.328555759449955,540662.306875161011703],[-374919.440999447484501,540314.326410134672187],[-373700.758193153305911,540151.775912310695276],[-372950.22228501382051,539329.192375633516349],[-372381.98516857624054,539141.650157199124806],[-372016.01340955280466,538557.745872984058224],[-371921.835585619788617,538063.528340685530566],[-371644.064976036315784,537620.402417026460171],[-371571.793436637381092,536083.122423790860921],[-370904.037677037413232,535862.895716829458252],[-369742.454818854865152,534322.183056988054886],[-369651.773006442759652,533246.208398919203319],[-369007.813253096537665,533034.034643982420675],[-368863.270264447317459,532276.847209540428594],[-367839.26408153551165,532089.283273106208071],[-367765.428715321177151,531702.740970736369491],[-367718.223209718009457,531455.671849729376845],[-367440.14555316005135,531012.68031135306228],[-367312.378802369872574,530344.176928943488747],[-366830.880441957211588,529886.013196436571889],[-366285.855353909893893,529706.588067568023689],[-365123.099884305614978,528166.435585216036998],[-365028.547806026064791,527672.34288340061903],[-363486.212213616876397,525670.309968688525259],[-363645.701259267400019,524272.999726639944129],[-363984.027864731731825,524183.145876812806819],[-364323.344565013365354,524093.028480721928645],[-364410.790809363476001,523269.450820415106136],[-364330.075718373176642,522848.076814990316052],[-363848.166976032429375,522390.075036038528197],[-363322.291341239586473,522217.241026755829807],[-363180.298465253436007,521476.14959694998106],[-362654.375400037853979,521303.345611122902483],[-362288.550933493010234,520955.826259911467787],[-361867.800308344129007,520817.597404014784843],[-361501.939790763775818,520470.103185378946364],[-360281.178028271475341,520308.894316029618494],[-359915.259228753449861,519961.448598810762633],[-359494.450799105979968,519823.301035160082392],[-359128.495951339136809,519475.88054481765721],[-358707.66303051012801,519337.760210478503723],[-358341.672070766915567,518990.36485684645595],[-357920.814704119577073,518852.271744450961705],[-357167.90919748210581,518030.875930094975047],[-356747.007260498357937,517892.823871648521163],[-356380.919152731483337,517545.492370758904144],[-355833.11188581364695,517365.88758139195852],[-355809.734626548539381,516077.264644903538283],[-355595.511658471659757,516012.337769812787883],[-354462.654108501097653,514709.038759474875405],[-352833.614941135747358,514545.419509105850011],[-352352.505989908764604,514068.926632891176268],[-352042.938844057207461,514177.939405715849716],[-351535.863472148601431,514626.695506306656171],[-350832.722895916260313,514489.312412113999017],[-350072.072091940150131,513644.118400160397869],[-349547.871832502656616,514108.183574841474183],[-349135.427068151824642,513936.500183140917215],[-349071.842570339038502,513573.11390139645664],[-348861.275905669433996,513504.225692427484319],[-348494.841107289190404,513157.144244151189923],[-347968.378508741850965,512984.97391836787574],[-347896.865077540336642,512614.560195509460755],[-347870.387133006996009,512344.446015177643858],[-347129.707589961297344,511436.007365513360128],[-347576.542838609952014,510944.209769142617006],[-347649.453283794689924,505857.235998389020097],[-347327.614383336796891,505461.212628212408163],[-347301.099901000910904,505191.126454898563679],[-347515.302307215461042,505134.028317496704403],[-348313.980705619673245,504356.392648134380579],[-349142.93156299518887,504253.365370581333991],[-349528.361008849577047,503927.2317040283815],[-350216.64224212965928,503820.360435555397999],[-350720.506982012011576,504297.327268948953133],[-352343.432316144986544,504468.80898097140016],[-352710.031843244621996,504815.961418048013002],[-353131.421200471871998,504953.855104893213138],[-353598.533383851172403,505396.273642720771022],[-353783.137479448632803,504663.592155188671313],[-355451.361964899813756,502741.241731254151091],[-356111.083242582913954,502565.925822045304812],[-356203.310153932892717,502200.158737562363967],[-356127.517530337616336,501806.838108411466237],[-354864.020310542022344,500373.707210012362339],[-354442.491796569374856,500235.76343156886287],[-354075.797401926014572,499888.581920162367169],[-353654.244458305765875,499750.665395562711637],[-353287.514005598961376,499403.509074937726837],[-352625.299195872619748,499186.915225772419944],[-352841.393329917977098,495379.486360975250136],[-354386.779131255520042,493599.837209486053325],[-354448.273215032415465,493356.026557988603599],[-354682.623769996338524,493323.389938132371753],[-355028.691291536146309,492948.818138461851049],[-355898.280640112352557,492894.91607415227918],[-356244.396256111329421,492520.380198107275646],[-356713.140758276800625,492455.179232947819401],[-357059.292539732588921,492080.668204859364778],[-357528.058383622206748,492015.498172789113596],[-357874.246277534286492,491641.011952602304518],[-359144.852912462956738,491598.756469960673712],[-359491.100886915635783,491224.317225824226625],[-360761.759553255455103,491182.22562301508151],[-361970.410100027977023,489869.240540676284581],[-362326.458620826713741,490301.569263669196516],[-362959.577322666998953,490359.079740808752831],[-363063.985265987750608,489984.616714868636336],[-363984.728267942962702,489857.304849652166013],[-364380.309237669571303,489543.114401349623222],[-364800.07559859729372,489418.112799637077842],[-365195.69076204765588,489103.950073990505189],[-366133.706586571410298,488974.434138356416952],[-366318.785302961943671,487787.525722519960254],[-366858.932737359136809,487626.742745318857487],[-367254.654529876366723,487312.65289767133072],[-368198.534709345549345,487182.520033263601363],[-368293.769798833236564,486348.838757061108481],[-367977.348674310662318,486245.078406546090264],[-367906.2206914149574,485874.689000906306319],[-367592.957763241720386,485779.731944469851442],[-367475.464848999050446,485288.300138580205385],[-367994.740471102588344,484593.355140262574423],[-368024.839007900794968,480075.029836470377631],[-367725.691827115078922,479621.819330453698058],[-368157.088739959581289,479044.757641319476534],[-368078.938181015837472,478225.562521237647161],[-367404.227970701351296,477316.942426839843392],[-367387.483795616659336,476141.284184571297374],[-367622.192326346412301,476108.898056875506882],[-368175.238098595989868,475511.27618690719828],[-368244.391670769371558,474315.373308973794337],[-368333.282262428896502,473147.029125575092621],[-368638.164908713370096,472721.471134476538282],[-368800.279013319755904,472082.746845407353248],[-369730.438290829421021,471182.861328688624781],[-370160.209011370898224,471069.492800783016719],[-370547.164471124997362,470744.157146481738891],[-371378.535966240393464,470642.65565100760432],[-372596.070567219576333,469416.489134703588206],[-373427.549340185185429,469315.125184718344826],[-373814.642936749849468,468989.898022084729746],[-374365.864750079519581,468844.732955363113433],[-374520.687601893441752,467777.003172626660671],[-374825.90162060118746,467351.626308721897658],[-375004.930313241784461,465015.266264829435386],[-375424.463222983700689,464430.772800423437729],[-375338.607610051578376,463637.167365990346298],[-375059.137879633402918,463194.410160764178727],[-375039.250025891698897,462023.027488758671097],[-374991.836727674177382,461776.164817400625907],[-374607.707905320334248,461167.774316171533428],[-374773.060932445107028,460717.167916226666421],[-375447.422594595467672,460539.743742420570925],[-375849.862698971293867,459979.332990148686804],[-375973.936485777725466,459492.143890526145697],[-376279.382936685171444,459066.848464372276794],[-376403.48011778172804,458579.669352681026794],[-376708.961402434972115,458154.389419112761971],[-376833.081978168745991,457667.220264440926258],[-377138.598174758255482,457241.95577850472182],[-377293.763091038679704,456633.006992411916144],[-378077.334047602780629,456427.10665261320537],[-378012.751839342177846,454926.742151841404848],[-377733.161551626690198,454483.973896351293661],[-377713.455808265367523,453312.716971187037416],[-377741.148484117293265,452388.32004604965914],[-377288.267030516522937,452239.87076443771366],[-377539.749796624935698,451982.662857814808376],[-377754.994703389937058,451926.125596887199208],[-377768.840841114462819,451463.93386984616518],[-377742.791781457024626,451193.978578591661062],[-377420.372526905324776,450797.467653551604599],[-377435.806978941371199,449140.970794716035016],[-377511.7462902123807,448435.242325273517054],[-377817.489075836318079,448010.044521758100018],[-377955.574540632893331,447060.782403270190116],[-378261.362808632198721,446635.602802769048139],[-378385.62825638637878,446148.519731042149942],[-378691.451389651803765,445723.355467759363819],[-378846.135809592262376,444660.621839536353946],[-379801.013877457939088,443724.015161987917963],[-380383.829477765946649,443571.159721333649941],[-380796.941963397199288,442997.213029886072036],[-380498.318654230155516,442524.668728060554713],[-381231.325591299799271,441636.778255200420972],[-381407.970094656920992,439647.084011589060538],[-382213.409745740587823,439436.037450054194778],[-382121.121676137263421,438860.189478726533707],[-381736.561105962493457,438251.753107973432634],[-381909.048693139513489,436424.30523749277927],[-382467.988556588767096,436277.923379441315774],[-382856.281809260195587,435953.114205568679608],[-383071.821646626456641,435896.68020570470253],[-383283.543639610637911,435966.07760318700457],[-383744.69076018803753,436401.994666825863533],[-384199.654986089444719,436299.598185699083842],[-384356.231826777220704,435227.820029272697866],[-384662.500432734610513,434802.85920838394668],[-384815.262743747967761,433391.747310679929797],[-385121.587462932744529,432966.807263542490546],[-385277.362151174980681,432358.141511015302967],[-385816.412479656864889,432217.174232189194299],[-386782.647359249938745,431271.517011018935591],[-386894.112444979255088,429538.133307896205224],[-386922.415909337229095,428614.027709613495972],[-386604.654276328277774,428509.849330391385593],[-386533.634348266175948,428139.644136488554068],[-386547.771149311156478,427677.597238206886686],[-386094.079000633151736,427528.87267252797028],[-386235.42481015517842,426497.744623431644868],[-386959.098213800985832,425623.174590873531997],[-387115.283277293026913,424556.17623844940681],[-387820.861023927165661,424371.907823905989062],[-388224.910086402785964,423812.147845073079225],[-388349.729201051406562,423325.299495570303407],[-389491.070813875820022,422001.288069286674727],[-389581.988124883151613,420833.860862152418122],[-390600.637746871798299,420798.138692497974262],[-390996.620964321540669,420482.25198640814051],[-391421.277280454582069,420361.079296139127109],[-391817.294728562468663,420045.220054938923568],[-393161.390802798210643,419940.311542555631604],[-393328.359897007292602,419040.101448562811129],[-392937.911482127325144,418393.504325586894993],[-393662.668961817398667,417501.911889698239975],[-393809.157246456365101,416561.787707147363108],[-394109.135409030655865,416128.542380622588098],[-394255.665995272633154,415188.438482518133242],[-394555.68912140885368,414755.210818449384533],[-394621.766235185379628,414516.149289685301483],[-394205.392248196003493,414365.283211435074918],[-395001.158929937053472,413380.488208973198198],[-395171.42126927949721,412309.400474193098489],[-396336.800249211722985,412152.459453670249786],[-395980.220692294416949,411552.961317764944397],[-396283.723630438849796,411108.590135968755931],[-396462.255852551024873,409986.420131656108424],[-396990.126387872733176,409572.378970138379373],[-397669.586987673654221,409373.378139829728752],[-397567.259861761413049,408819.85384149994934],[-397297.286332597315777,408366.034896176075563],[-397192.709463516541291,407883.323620455339551],[-396808.959200305514969,407238.297298252931796],[-396937.72379658697173,406950.565836930938531],[-397241.360343534790445,406506.241474064649083],[-396852.413100137317088,405852.539231718692463],[-397017.746909809939098,404987.492700068745762],[-397557.955108677735552,404829.350564428255893],[-397956.934698147233576,404516.60067549510859],[-398540.954793841403443,404345.673686314898077],[-399774.104054560826626,402895.584798266470898],[-399942.612285127630457,402301.647252577589825],[-400259.848822764586657,402208.878086266457103],[-402898.605876099260058,402229.63513776572654],[-403288.429270987224299,401905.590096800588071],[-403828.961591324070469,401765.447604894987307],[-403985.942821663978975,401157.238876965013333],[-404443.049755589046981,400570.565757777250838],[-405484.394811883277725,400447.103800513141323],[-405682.312876502401195,399680.737470271938946],[-406405.156829672749154,399630.547266655776184],[-406449.629847672651522,398244.94515843805857],[-407473.694607809709851,398214.908271121326834],[-408015.070650137378834,397730.926145679259207],[-408172.714241341280285,396668.077208679751493],[-408480.64629440731369,396243.891310916049406],[-408624.000175056629814,395213.392666093131993],[-407839.882956316403579,394955.622982260538265],[-407743.127309810952283,394031.232373698323499],[-408315.525788072787691,393297.500120534736197],[-409357.5106938960962,393174.369473815779202],[-409518.882286723935977,392550.617645875259768],[-410245.986253759416286,391677.73517763853306],[-410403.369163986353669,391069.675516677089036],[-410944.443087651918177,390929.856043400242925],[-411334.8071599836112,390606.101631113677286],[-412275.997645995463245,390495.135346219525672],[-412500.823154908430297,389627.092761545674875],[-412970.474655314232223,390071.114824261225294],[-414203.471923260716721,390237.243862275441643],[-414584.869549552735407,390597.933626198035199],[-415569.975675114779733,389641.649755895195995],[-415744.015006091911346,386064.076971255708486],[-415787.110638381389435,385796.500828426680528],[-416974.475451741483994,384524.346276603348088],[-417060.726130367896985,383989.212346108164638],[-417409.206784378038719,383614.096040258416906],[-417495.479341290425509,383078.970363641681615],[-417843.996259640727658,382703.869777239626274],[-417960.731473390478641,381245.221440066117793],[-418309.309055479359813,380870.141276492679026],[-418395.630215627199505,380335.037574425863568],[-419235.171478632022627,379435.292485330544878],[-419181.73616484150989,378974.22328673658194],[-418826.855787579435855,378537.976608259545173],[-420469.260573979408946,376781.276760274195112],[-420556.268693720689043,376242.638146161451004],[-421149.983703440753743,375611.912809147906955],[-421896.681088240584359,376520.508334134879988],[-422535.368220395990647,376580.964360860118177],[-422772.084140079852659,376549.653861592931207],[-423367.710163555573672,375917.116159525059629],[-423011.483149255451281,375479.06497936724918],[-422973.554019937640987,374556.180652608047239],[-424233.887087441922631,373208.697306899237446],[-424317.851419117476325,372752.528022160113323],[-423928.684922830550931,372274.038382253726013],[-423875.360613916825969,371813.285100945096929],[-424329.873546228569467,371325.080857078952249],[-423553.895464656525292,370374.869443231844343],[-423937.15828394133132,369963.215217324788682],[-423980.458000005979557,369695.713278654962778],[-424602.109925281896722,369653.565020677691791],[-424993.45150823041331,369330.308842708240263],[-426641.617556858691387,369259.743491029657889],[-427453.393709209922235,368488.488403020310216],[-427995.623427284881473,368349.435595444811042],[-428154.073467123263981,367741.751857296854723],[-428672.003291561733931,367081.491740284312982],[-429108.196724129607901,367494.040773369604722],[-430343.246694967034273,367661.709447869972792],[-430711.99811469449196,368010.568935264251195],[-431137.28919316700194,368150.866903788992204],[-431506.004442309204023,368499.751088382734451],[-432933.136698098678607,368611.277872890932485],[-433367.983972307003569,368499.97364636498969],[-433011.397089699632488,367934.7274813571712],[-432917.862096175202169,367441.111607221129816],[-432638.011636359849945,366997.570316091703717],[-432622.697183630196378,365827.423579213384073],[-432500.126043329539243,365289.746172625746112],[-432023.576565039227717,365416.116494034184143],[-431492.074284268193878,365816.706042743113358],[-431439.308223081927281,364862.750998741074],[-431429.900622075248975,363097.906349588360172],[-429527.441285168402828,362862.951332237455063],[-428769.50628160306951,361772.410969165095594],[-428689.107488013803959,360374.511913134658244],[-428423.984473404998425,359907.285841513599735],[-429140.698270184977446,359011.896638010453898],[-429284.053719402698334,358545.922095968038775],[-429997.8496419636067,357654.383732077665627],[-430141.248488423530944,357188.425389562500641],[-430434.310547992237844,356744.841068872890901],[-430609.021923514839727,355355.641767462249845],[-430902.138252056320198,354912.076614084246103],[-430989.521534704428632,354217.490235832810868],[-431308.187201543827541,354125.552461131243035],[-431478.689640967058949,353532.332282654067967],[-431778.944193860224914,353097.460211418452673],[-431915.378083014860749,352622.878804163832683],[-432643.508001748879906,351731.901293692702893],[-431971.876180161256343,350785.500240638211835],[-432375.666319026320707,350200.879040824889671],[-433370.054392967140302,350070.694074862229172],[-433771.614204123907257,349759.228950762015302],[-434302.939856908633374,349606.140089538879693],[-434515.181122772046365,348868.638763098104391],[-436372.587874933553394,348777.239033251826186],[-436548.455152947281022,347697.68557319912361],[-436849.009863008919638,347262.959465444320813],[-437010.970009949465748,346052.639993647637311],[-436627.113478791026864,345406.865417810273357],[-436541.575935668312013,344391.81911462941207],[-437225.143767797970213,344195.115839850797784],[-437626.976645129150711,343883.791431765654124],[-438052.262280160095543,343761.470262575661764],[-439405.376271032437216,342450.33511834172532],[-439594.307146449864376,341795.148903909721412],[-439895.092644180287607,341360.5205796227674],[-440042.436837876681238,340582.217439893400297],[-439267.71179646946257,339490.463624848751351],[-439166.378178778919391,338936.99404611409409],[-439637.542146602179855,338801.568966705352068],[-439711.731087294756435,339192.891523899626918],[-440433.128763603861444,339291.174713036569301],[-441863.511417071218602,339403.6870306157507],[-442334.155778716085479,339848.5544131238712],[-442525.719880264194217,339118.642217778542545],[-442767.657122022123076,338847.202649158134591],[-442914.443280685925856,339622.466491157189012],[-443283.610087399545591,340207.040645625384059],[-443647.0596857793862,340327.036963537335396],[-443715.549665612576064,340089.840191003109794],[-444016.514881758252159,339655.317227233434096],[-444169.628900106181391,338719.401306799729355],[-444470.638836487021763,338284.894943116873037],[-444690.893867008504458,337522.443080838536844],[-445169.096475150319748,337676.121466357202735],[-445624.14177523838589,338081.900786874000914],[-446126.195195753243752,337418.656654319027439],[-446302.435059201903641,336342.612610951182432],[-447775.247430489689577,336231.299208110780455],[-447970.335834273544606,335041.218609986186493],[-448518.040052757249214,334884.258637549181003],[-448920.437487418472301,334573.321188287925906],[-449752.069617226719856,334465.728348184959032],[-450154.510929067677353,334154.831286508531775],[-451150.367806075781118,334026.063487076375168],[-451549.258412540657446,333451.179946195275988],[-451735.721461234323215,331592.432858557032887],[-452037.145376219938044,331158.136435519438237],[-452122.218151646608021,330459.522955327876844],[-453964.064982208947185,330462.156130550079979],[-454357.314832323230803,330139.93825457605999],[-456010.831560606427956,330073.236028092738707],[-456404.146556205756497,329751.082865261822008],[-456948.352802790643182,329613.346926178899594],[-457044.465874106157571,329249.07726047601318],[-457003.774465679249261,328432.877599798550364],[-456210.588476188946515,328143.360179872601293],[-456402.377268174255732,327397.321562464814633],[-457084.01539661269635,326871.725672453118023],[-457335.401452801830601,327017.698015127098188],[-457874.830538523208816,327499.138816088845488],[-458249.866255325556267,327315.968965470034163],[-458414.590230091067497,326748.463305239158217],[-458716.348873847629875,326314.345892472891137],[-458887.259479897853453,324917.279125940229278],[-459189.073146199691109,324483.180460839648731],[-459367.065037153370213,323404.200530895090196],[-461228.471164271177258,323316.470788958016783],[-461442.609763480664697,322579.6113997361972],[-462162.143414285732433,322374.48662073322339],[-462545.274889946682379,321823.814091227948666],[-462270.373552217206452,321360.334021960326936],[-462218.819745574146509,321118.910201660124585],[-462279.489598014682997,320871.820079962955788],[-462597.996863531996496,320457.894243354734499],[-462719.357713192177471,319963.721442004491109],[-463569.062148271070328,318977.900432706868742],[-463448.222598640713841,318476.848726227064617],[-463132.129934861965012,318379.892743989243172],[-463052.904251750966068,317958.906073920312338],[-462566.097004396026023,317498.193011085968465],[-461895.812450633966364,317276.260159702738747],[-462094.124516634678002,314862.989239471964538],[-462405.684689234010875,314440.478056296997238],[-462598.679805359919555,313711.045299154764507],[-463207.912782538915053,314287.4028726365068],[-463907.594603609293699,314187.042874962964561],[-464370.05869023228297,313809.249577422859147],[-465235.778393730870448,314977.268032147781923],[-465351.811582217516843,315594.289425666152965],[-465885.240264511841815,315771.014999679697212],[-466254.662641894305125,316120.73503122193506],[-467087.880651209503412,316277.050422674044967],[-467469.259982626012061,316638.188445598701946],[-467876.071125940477941,316305.960271369840484],[-468420.980572433269117,316168.734439050080255],[-468581.841337952646427,315561.853365247661714],[-469433.026741312991362,314556.151716102322098],[-469340.247364084643777,313622.465580443211365],[-468581.099877979373559,313370.752373814291786],[-468978.470089124923106,312832.554699809406884],[-469042.83509227714967,312589.819186155160423],[-469256.156104682246223,312529.202721714449581],[-469659.745167507091537,312218.989494211098645],[-470997.942275771230925,312131.423025481461082],[-471110.306627712445334,313367.603001036331989],[-471569.080128365778364,314072.474674364319071],[-472599.909287428366952,313129.956126433622558],[-472781.694440153136384,312213.874892167572398],[-472398.463812081201468,311567.22750400158111],[-472295.625927650777157,311084.341987204679754],[-472020.809325282694772,310620.696311452775262],[-472329.174033473536838,310178.647524940839503],[-472501.659680235316046,308781.972161231096834],[-472804.28644600440748,308348.262082305212971],[-472907.66283329075668,307188.579944773868192],[-472968.586471791262738,306941.572281788336113],[-473287.761905567720532,306527.967502420651726],[-473437.610411463363562,305920.554334462678526],[-473887.281047338270582,305780.249252933950629],[-475663.29054172890028,307877.229534291138407],[-475720.769493445695844,308217.185918914037757],[-476864.859373034443706,308183.6282213354134],[-477086.522580686432775,306852.550463337858673],[-477580.789168704533949,307294.242545703833457],[-479892.385856755718123,307517.939813442295417],[-480864.70501761417836,306630.563949710165616],[-481398.421692788717337,306479.5151728738565],[-481571.747515143477358,305887.24505104648415],[-482443.755306019738782,304855.256505921657663],[-483920.576202322379686,304748.172466831863858],[-484123.664010750711896,303532.925454418582376],[-485482.655456821084954,303434.593050551542547],[-485886.92665875289822,303124.921061938628554],[-486314.059862312220503,303004.267458307207562],[-486718.364905215974431,302694.623053239483852],[-487959.396359874051996,302605.097964260494336],[-489074.177668082702439,301481.943842479086015],[-488404.301723193319049,301236.159124282828998],[-488024.737552639562637,300896.57933261920698],[-487607.966261248511728,300743.721748430165462],[-487170.164643800584599,300352.130229513742961],[-486980.352467179181986,299782.564051462162752],[-487953.280295138247311,298607.717628792859614],[-488932.315879086731002,298484.502139490970876],[-489336.821382370311767,298174.953397907782346],[-489550.486113698978443,298114.685499470680952],[-489957.566227560921106,298130.305789925216231],[-490033.110837403393816,294527.999589483602904],[-488913.644415319373365,294299.026905719365459],[-488443.377299859828781,293504.673010068654548],[-488610.547516162332613,292295.626733183162287],[-488914.080202841956634,291862.363522335188463],[-489001.273434956383426,291164.248553072742652],[-488385.426310961833224,291072.224507699429523],[-487615.833886633568909,290255.846291290305089],[-486945.327950289763976,290010.158628911653068],[-487104.618788777384907,289004.506286348507274],[-487479.854282925080042,288468.884527795540635],[-486861.69048316165572,288242.423056895320769],[-486091.819950314995367,287426.154477168049198],[-485149.341782946663443,287233.831622923375107],[-485052.062326518585905,286154.835561098123435],[-484668.553218408953398,285507.960762837785296],[-484817.906744609179441,284760.193299806676805],[-485121.465802586753853,284326.86670502810739],[-485260.446545904967934,283853.164750574564096],[-485564.039996224222705,283419.851981896266807],[-485668.599388490489218,282260.519869934651069],[-485686.128445946553256,281799.28001242672326],[-485924.785535563365556,281769.18348770274315],[-486952.814856940181926,280694.37445693439804],[-486595.913665269385092,280255.041477177175693],[-486547.209326299838722,279715.65798487100983],[-486030.184088967449497,279080.651980265392922],[-485791.301414897898212,279031.877068245317787],[-485757.873205702693667,278206.543737398344092],[-485418.639839917130303,278093.934625295456499],[-485182.885387972346507,278045.817202762234956],[-484856.44981218338944,277649.877425301761832],[-484620.685342049575411,277601.770505283027887],[-484596.283022225252353,277332.087704209494404],[-484272.301566730020568,276933.553025251196232],[-484282.82831414375687,275741.430847427633125],[-484929.387467339751311,275726.769885882386006],[-485284.94683338800678,275356.712320980615914],[-485762.497365978837479,275296.512736098433379],[-486118.092542262049392,274926.479682420496829],[-486764.698303666547872,274911.911796175001655],[-486861.959796713723335,274548.042642810149118],[-487190.090650993806776,274466.232360151247121],[-487287.366687796311453,274102.367814026481938],[-487615.511843780870549,274020.568786923598964],[-487633.098575394426007,273559.361829059547745],[-487677.918514807708561,273292.319748658628669],[-488882.36092121899128,272028.308515536424238],[-488972.060158840962686,271494.240334443398751],[-489325.561055943078827,271121.514475994219538],[-489370.420946945087053,270854.483519797970075],[-489527.102880396530963,268310.301616439712234],[-489840.392692567955237,267870.356616664561443],[-489561.638372053799685,267407.7521395899239],[-489461.519622982654255,266922.220607631199528],[-488685.693972807202954,265835.131860590714496],[-488816.743938112515025,265512.016936790256295],[-490098.925167787878308,264048.967957319808193],[-489995.21571979689179,263106.351214540365618],[-489262.179282238997985,262998.816032626025844],[-489183.321574631612748,262577.861011428583879],[-488695.153590553440154,262116.355211562884506],[-488159.707919173582923,261938.745238667732337],[-488090.331376614922192,261568.563734111667145],[-488107.91640726471087,261107.401306305226171],[-488211.963431693380699,260718.654460004967405],[-489350.325390150304884,260693.004087580076884],[-489589.382666626828723,260662.982393981801579],[-490156.688557899498846,260072.524207060254412],[-490202.189075574919116,259801.933718395972392],[-490441.265408703358844,259771.928209403966321],[-491649.44127872644458,258511.106230897275964],[-493521.919657910882961,258543.985799508314813],[-493619.461498075863346,258180.214417315466562],[-493948.052362813730724,258098.589431696629617],[-495173.120110790187027,258145.910198642959585],[-495277.405526893795468,257315.246074130322086],[-496239.925103184417821,257195.11250768150785],[-496645.839726794569287,256885.901632469671313],[-497181.795395972090773,256735.581942094344413],[-497356.34810118121095,256143.766448501090053],[-498513.706081903015729,254820.356113316112896],[-498653.41906714515062,254346.910010537860217],[-498958.09557715052506,253914.017632359609706],[-499137.878433420613874,253304.924850491370307],[-500179.521957163931802,253175.233841479959665],[-500359.370854779088404,252566.161720271542436],[-500664.14374086575117,252133.315857926238095],[-500803.958004820684437,251659.902812577376608],[-501535.392915077740327,250781.952260409045266],[-501675.250311759533361,250308.553487614641199],[-503260.302466234890744,248540.539656822162215],[-503330.27096505346708,248303.853207175212447],[-503375.465274121845141,248036.917921963031404],[-503729.990653431450482,247664.658956007682718],[-503856.65658880805131,246208.615666050493019],[-504211.242452755162958,245836.375040691433242],[-504329.026200454274658,243725.119293963565724],[-504548.380708633980248,243670.879148609848926],[-505372.46696383174276,242905.503756792255444],[-507037.747398289793637,242845.519646097643999],[-507434.917972792172804,242525.187722297443543],[-508282.556042665673885,242433.023393950075842],[-508679.771027896902524,242112.731167771533364],[-509118.578464918595273,242004.405132759275148],[-511652.211958448926453,239460.266825559665449],[-512091.137131312862039,239352.044945132656721],[-512488.540389189613052,239031.878187055088347],[-512927.488006465602666,238923.685332326364005],[-513324.925450014648959,238603.545569362089736],[-513763.895598039729521,238495.381745726335794],[-514161.367189412761945,238175.269006532878848],[-514600.359822133323178,238067.134213810233632],[-514997.865632873319555,237747.048413442971651],[-515565.47535688278731,237607.283218959521037],[-515761.442241557815578,235967.424070525594288],[-516438.926691947097424,235800.698006760212593],[-516537.227172307146247,235437.162497531506233],[-516555.79397148755379,234976.129462282959139],[-516654.102128243073821,234612.596865157946013],[-516983.46930271043675,234531.580125576991122],[-517203.039274482871406,234477.560744024434825],[-517600.716438542294782,234157.56408269671374],[-518149.68414967355784,234022.568944466824178],[-518248.04283202951774,233659.05112347821705],[-518011.557955970463809,233610.341434418282006],[-517684.860334353521466,233213.692250122432597],[-517448.365423419571016,233164.99305801113951],[-517466.961336815555114,232703.968503219366539],[-517461.678953971946612,231973.291726785246283],[-516746.790321422566194,231096.548219933611108],[-516722.892514668987133,230826.897911408712389],[-516313.665757472801488,230810.42399583660881],[-513541.857495828473475,230633.912171277566813],[-513421.580323578615207,229987.638957808405394],[-513141.076405496511143,229542.843133310467238],[-513150.435387872334104,227912.981334082753165],[-513168.868923391739372,227451.966118913260289],[-513187.302401766704861,226990.952318945666775],[-513233.30984786443878,226720.713606636942131],[-514231.000803182425443,225686.633719136676518],[-514470.778940580436029,225657.086572328815237],[-514516.246701357886195,225390.232846177881584],[-515299.593741544580553,224573.767538715270348],[-515391.179511040973011,224036.506349152885377],[-515961.195829497708473,223447.333913075417513],[-516201.020526325446554,223417.819669257762143],[-516285.141051180427894,222714.498084297491005],[-516687.065872493025381,222178.160082795715425],[-515934.51833294541575,221927.587735596520361],[-515819.710461396141909,221310.576137378666317],[-514756.941268944297917,219910.911572865588823],[-514701.966238180175424,218495.342369055433664],[-514030.036706268030684,217573.165948907117127],[-514020.943648794142064,216404.410464107175358],[-514240.802018430724274,216350.347730979032349],[-515172.021648366353475,215488.666477177292109],[-515364.571516053460073,214990.35362303754664],[-514978.681616670568474,214379.136066292761825],[-514997.551569160772488,211119.749169081740547],[-514627.378678595472593,210533.689977341738995],[-513938.325387528864667,210304.59061624109745],[-513823.272546197054908,209687.641111072676722],[-513043.312145967269316,208618.248757046792889],[-512355.085149416991044,208389.556534717674367],[-512287.434264940209687,207018.376638605666813],[-512732.118518440751359,206425.331005839107092],[-512039.638401980570052,205476.313501123164315],[-512366.247486907057464,205040.754984529601643],[-512431.821954659186304,204798.437708736368222],[-512216.779917973501142,204727.011032537993742],[-511845.102388556464575,204376.24282860517269],[-511307.451088581699878,204197.707196963718161],[-511169.1550001873984,203457.423560026392806],[-510631.456118277099449,203278.917030948447064],[-510259.692351699515712,202928.197435266542016],[-509419.399623553326819,202769.167670176626416],[-509035.503566501603927,202407.091318939055782],[-508624.18776877009077,202737.688931322540157],[-507994.008389975177124,202775.634072978922632],[-507961.410072603437584,201950.68258123769192],[-507620.277679327060468,201837.537424601032399],[-507574.087843032204546,201590.791684908414027],[-507292.687099878792651,201146.200217327743303],[-507167.669199264666531,200478.547830407012952],[-506677.578556274704169,200016.560789167997427],[-505837.058327948092483,199857.767176321998704],[-505465.063470796041656,199507.192623227660079],[-504789.091501708840951,199283.179008963576052],[-505004.551310731156264,196767.965379348577699],[-505995.276467672316357,195834.81086889342987],[-506625.78348131821258,195796.770306985272327],[-506971.384128888079431,195711.727357540716184],[-507141.199081393482629,194566.741666188783711],[-506357.345473801076878,194306.983019469800638],[-506287.982509222056251,193936.888055435701972],[-506324.253715544240549,193015.030361851881025],[-506421.745485156483483,192195.255150207231054],[-506991.21538375550881,192055.156306495453464],[-507389.849135922151618,191734.930599341372726],[-507830.327798743266612,191626.600262139632832],[-508228.995744756772183,191306.4014249429747],[-509594.980286333477125,191224.30439862102503],[-509810.826518821239006,190426.692279221897479],[-510336.247548881103285,190004.866211103857495],[-511377.588502314698417,189983.343946399661945],[-511734.968544250936247,189895.586803284328198],[-511989.703958863101434,184929.707941234868485],[-512230.226376953185536,184900.128483025560854],[-512802.024726705509238,184310.596379953378346],[-512945.236980812449474,182469.841682515281718],[-512552.938497668888886,181989.353393345401855],[-512541.29035859904252,180528.452246758533875],[-512215.460675011272542,180129.459969054965768],[-512191.284811736317351,179859.89990950745414],[-512521.992550074937753,179778.780952063330915],[-512686.146311827411409,179173.077931405743584],[-513431.626622951414902,178307.717092366394354],[-513595.83645916118985,177702.030617065523984],[-514147.114564589981455,177566.898546649550553],[-514673.172830639930908,177145.280977824673755],[-514883.845201713556889,176368.608992022025632],[-515214.660114749218337,176287.560920691030333],[-516036.590972242993303,176320.451800817274489],[-517096.078249518817756,176402.070153363631107],[-517424.381991097412538,176798.574149337830022],[-518721.369316814641934,176929.011797926475992],[-519049.61010695603909,177325.558093378960621],[-521990.244816635269672,177522.648415196978021],[-522318.372118653729558,177919.278948564198799],[-523204.306384191440884,178033.51589999726275],[-523924.537950888916384,178907.746632243710337],[-524572.907869926653802,178973.276660284987884],[-524813.578115550451912,178943.933628253522329],[-525172.783471276750788,178575.234098523418652],[-525583.9891210522037,178513.712880161532667],[-525978.943236569291912,178991.461076554027386],[-526864.781050191842951,179105.95011105958838],[-528171.075682238908485,180694.900964230095269],[-528195.21496968367137,180967.828089613467455],[-529668.3098946781829,180989.173340388020733],[-530457.412950125988573,180176.658479464065749],[-534977.012109349831007,180285.276565054402454],[-535371.571066128672101,180763.31599584245123],[-535846.409432069049217,180861.354576743411599],[-536174.032445551943965,181258.34337291502743],[-537400.316157461493276,181387.743211149645504],[-537833.237068072310649,180944.161311683419626],[-539547.041963166673668,180937.540817213535774],[-539941.838100891094655,180533.19330627869931],[-540301.410335393040441,180969.162045534612844],[-540949.62636152934283,181035.516556294460315],[-541575.746449638041668,181124.681370751728537],[-541959.451633585849777,181487.683919725735905],[-542372.294825093937106,181158.197929124173243],[-544560.220039293286391,181118.567550465551903],[-544666.421259969938546,180730.488448236108525],[-546309.71383004100062,180800.079957490757806],[-546649.337667396757752,180706.831230699142907],[-546854.553175342734903,179521.713320452603512],[-548060.991256208973937,179421.05051906578592],[-548603.798164883162826,179905.818373158545],[-553376.536639874102548,180246.835721709823702],[-553958.749841013341211,179810.188786125043407],[-554390.662353183608502,179691.898782429081621],[-554800.302050361642614,179384.733949047629721],[-557286.585014524171129,179355.179587070946582],[-557798.584439524798654,178971.475892979739001],[-558039.12775293213781,178173.813831449282588],[-558579.123202742659487,178026.134893874870613],[-558988.917287568445317,177719.106419177085627],[-559204.933172558201477,177660.04475517894025],[-559291.493889093166217,176957.204332218912896],[-560040.315848100930452,176094.565832675347337],[-560206.751955214771442,175489.49068637113669],[-560537.919243711046875,175409.608215994172497],[-560584.434678945224732,175143.000981058779871],[-561373.592271795729175,174329.609340968338074],[-561466.662937268265523,173796.40452070144238],[-561824.79430098622106,173425.936906282790005],[-561917.886889703688212,172892.737846066855127],[-562707.256357977050357,172079.437926708662417],[-562753.82257687789388,171812.843239876267035],[-562800.390221318113618,171546.249025656055892],[-563589.892009258037433,170733.00911274770624],[-563683.692233092617244,170196.269722255732631],[-564258.170069240382873,169609.44170976858004],[-564743.129991765716113,169551.892186324635986],[-565746.694275678717531,168519.171982426225441],[-565860.187770690536126,167525.2443014952878],[-566218.607557695475407,167154.911360801168485],[-566305.723938299575821,165966.802219920355128],[-566526.679125313530676,165913.653384781442583],[-566927.612372472300194,165595.326092054718174],[-567369.543098845519125,165489.053790662437677],[-567897.880407111020759,165069.645265537546948],[-568111.917993379523978,164293.907137386413524],[-568664.418044045101851,164161.121629586239578],[-569497.163551085046493,163400.264951670076698],[-569718.177070205798373,163347.171635648031952],[-569822.682689250446856,162968.636419083690271],[-570782.340858026407659,162869.71182523664902],[-571183.471995953237638,162551.522138874075608],[-571625.545659474562854,162445.397664940304821],[-572026.710820156615227,162127.23499771495699],[-572659.176831184187904,162092.443367286585271],[-572874.655727484612726,162164.865022456273437],[-573636.974783239536919,162996.348906563944183],[-574479.27468915481586,163159.54499649189529],[-574850.60696235508658,163512.040444164595101],[-575281.492462950991467,163656.961392891826108],[-575652.788384278537706,164009.480644770665094],[-576205.2592988377437,164195.327606515929801],[-576283.479939643410034,165268.755107348843012],[-576572.565580109017901,165729.255956994078588],[-576243.558697504806332,166162.130403788731201],[-576156.053274174802937,166864.8150687313464],[-575824.558244976913556,166944.291749578493182],[-575724.214122006786056,167307.198209033784224],[-578021.513140528346412,167370.827417338325176],[-578382.588129166979343,167003.641845074889716],[-578864.696509429719299,166946.977151775645325],[-579225.807123702717945,166579.81606104382081],[-579637.716475866385736,166520.026531780080404],[-580031.146656336029992,166999.394123872189084],[-580436.012834371300414,167095.911344162130263],[-580870.904758258955553,166653.816656450740993],[-581764.315813879016787,166615.793546395667363],[-582125.520641373004764,166248.71449789381586],[-582607.679450938710943,166192.190144936350407],[-583401.062175234546885,165382.999293414468411],[-583883.26057579217013,165326.522997683379799],[-585109.01707872597035,164075.338431937241694],[-585761.500955617404543,164065.806030151201412],[-585833.310339212999679,163829.718189243227243],[-587136.350701979012229,162370.949079841026105],[-587092.240349560743198,160655.224944919144036],[-586822.911653677583672,160198.318895898177288],[-586805.536307332338765,157739.541813277144684],[-585742.726997075369582,157516.439618215197697],[-585663.789742014720105,157136.309145197970793],[-585731.768378173350357,156409.106190159218386],[-586091.059154402348213,156039.348284906562185],[-586185.218316421029158,155506.373664300102973],[-586579.795692746411078,155100.361601236218121],[-585832.896400110330433,154180.994023993058363],[-585850.132516337907873,152259.570815058221342],[-585068.55635306367185,151297.877064117608825],[-585159.137014723848552,150843.283418001927203],[-585951.246495997300372,150031.501954787003342],[-586045.420357183786109,149498.540977964235935],[-586837.662101603695191,148686.819151467090705],[-586931.877279014210217,148153.867958178016124],[-587291.410548929357901,147784.158060726156691],[-587338.528360359370708,147517.684949984482955],[-587750.411628455272876,147536.424181368958671],[-587795.364622426801361,147783.380736005696235],[-588144.153016517637298,148339.181800218648277],[-588603.127834573853761,148561.407672767323675],[-589155.548973146360368,148124.951895725826034],[-590833.87842357577756,148075.925652924517635],[-591235.954024888807908,147758.384304939449066],[-593326.228033325867727,147728.545774454018101],[-593728.378154880134389,147411.082768899039365],[-594583.065780045464635,147324.697655723575735],[-594985.26004065934103,147007.274434390827082],[-595428.083335547125898,146901.975521582120564],[-595830.311572175822221,146584.579286515596323],[-596273.157151068444364,146479.309603762609186],[-596675.419394154334441,146161.940418029204011],[-597530.217129630269483,146075.751117007021094],[-597932.523502768366598,145758.421723797626328],[-598893.751245523802936,145661.600856691773515],[-599104.682594641577452,144905.07349086200702],[-600065.98572587990202,144808.340418521431275],[-600468.394142676144838,144491.092029698367696],[-600911.354476815089583,144385.982651810569223],[-601313.796892313868739,144068.761280232138233],[-601756.779551756568253,143963.681146106420783],[-602159.255927749094553,143646.486820293852361],[-602602.260866080177948,143541.435929598083021],[-603438.308579418342561,142782.853851397667313],[-604293.392338948673569,142697.114175155729754],[-604695.970696731586941,142380.000881059240783],[-605139.042460229131393,142275.037730977201136],[-605541.654845875804313,141957.951401945087127],[-606664.110745219280943,141884.900039394880878],[-607186.20206379913725,142382.003060379298404],[-607601.951514375628904,142054.681858748575905],[-607823.505892046610825,142002.248333178140456],[-608457.123113061534241,141969.218272216181504],[-608859.830118401674554,141652.23602438159287],[-609821.477287432760932,141556.250016851437977],[-610028.750951739493757,140815.453242345916806],[-610361.131022942019626,140736.886093561304733],[-610408.738414241466671,140470.507022688776487],[-611637.006414977018721,139219.186932265642099],[-611732.280455648084171,138686.442160117032472],[-612092.788531074533239,138317.440974892990198],[-612205.890355105279014,136669.189531093405094],[-612253.5426678317599,136402.82184252893785],[-612614.12336267135106,136033.838910619262606],[-612709.448429079144262,135501.108501759881619],[-613070.065186734078452,135132.139690979529405],[-613117.737990145105869,134865.776968691498041],[-613165.412170099210925,134599.414703009708319],[-613526.065022617694922,134230.460068829037482],[-613595.610645335400477,133503.482154134399025],[-613643.937596274889074,133233.546846581972204],[-614222.258724747807719,132649.076601792592555],[-614876.411294303950854,132641.02282756549539],[-614924.718728615902364,132371.391586190933594],[-616371.863945788471028,130904.753687108692247],[-616858.591441113385372,130849.180455125286244],[-617869.181439865846187,129820.722046484879684],[-617986.754229886690155,128827.442851195824915],[-618347.694668452721089,128458.631943353713723],[-618443.282125817378983,127925.960672644636361],[-619238.829555989126675,127116.310511913572554],[-619334.458331198780797,126583.648700446341536],[-619695.494879532954656,126214.87883666815469],[-619813.213596178218722,125221.630500563624082],[-620174.298364953137934,124852.876036923538777],[-620222.135127793881111,124586.550739257232635],[-620269.973329974105582,124320.225830520299496],[-621500.611642692587338,123069.929938801622484],[-621570.60410749190487,122343.027750472800108],[-621917.830216693226248,122261.394519840527209],[-622095.507677110261284,121200.050533638583147],[-622571.92607099248562,120622.613704862858867],[-623532.069509294582531,120527.957368669478456],[-624097.915240536560304,120050.082521451360662],[-624292.405776570434682,118535.975169076060411],[-624613.675917728221975,118118.008186282415409],[-624681.673359682317823,117876.379942688465235],[-624818.720097546465695,115764.923080337728607],[-626269.106515585444868,114299.097830227969098],[-626511.274804047658108,114271.667770540734637],[-626489.159163298085332,113564.051627491862746],[-626104.926220220397227,112949.824069176116609],[-626398.31967943336349,109289.504223678013659],[-626756.420641678501852,109205.545369004306849],[-626804.419336730032228,108939.259745959803695],[-627166.11844083305914,108570.72351792032714],[-627303.327936371671967,106462.245545351877809],[-626979.069480782025494,106352.292354151242762],[-626836.612950486363843,105560.282727588753914],[-626346.713777070865035,105093.937687464611372],[-626130.514514861744829,105020.638431280691293],[-622999.250613627838902,104830.554108229451231],[-622672.047716123634018,104431.497582683863584],[-621606.942001333343796,104341.212511420846567],[-621654.842534795403481,104074.911954685303499],[-622016.510518656228669,103706.237874876285787],[-622112.332036701613106,103173.641405296701123],[-622547.90938770712819,102729.716149491621763],[-622499.780801695189439,102269.022389161109459],[-622175.042545389733277,101867.399347806873266],[-622174.893829898210242,100403.975470871373545],[-620870.455887920339592,98805.746453100131475],[-620631.759530078736134,98755.172863553249044],[-620609.530129538150504,98485.516316040113452],[-620218.270632750354707,98001.958333984497585],[-620332.311079588602297,97087.443819110776531],[-621565.276646168204024,95837.275854971347144],[-621661.105865801800974,95304.689374230496469],[-622022.993307105498388,94936.026092691434314],[-622119.488256078213453,94399.869127915575518],[-622699.766709195566364,93815.862336563193821],[-623188.076658407226205,93760.508226868958445],[-623765.835510941571556,93173.34534184752556],[-623835.951589505770244,92446.528954426423297],[-624592.802866039332002,92397.270830437686527],[-624817.485544503084384,90611.735185277371784],[-624353.087380685959943,89798.822547119198134],[-625939.18437472381629,89695.738275693453033],[-626134.934064109344035,89089.609094487488619],[-626442.722685363725759,88654.290906972019002],[-626659.89291791873984,86806.975600306745037],[-626967.746056234114803,86371.67277856648434],[-627140.483422431047074,85445.412720801847172],[-627448.380823723622598,85010.123049253001227],[-627642.010795921320096,83972.150345614936668],[-628305.378089999896474,83785.060909676656593],[-628493.575053485110402,83202.907933188776951],[-628801.564735127263702,82767.653272153504076],[-628952.140579894999973,82301.937397827859968],[-629780.19588969880715,81327.810598495794693],[-630401.376493657240644,81152.749090384575538],[-630820.573503040708601,80853.965972621983383],[-631450.181886729085818,80813.355613327366882],[-631669.318613498820923,80757.002041455561994],[-634264.073901948984712,78247.97683503634471],[-634702.462307621724904,78135.369375766909798],[-636716.744723657728173,76197.863325794736738],[-636629.016278940369375,75145.242691847102833],[-635883.382908524363302,75028.99925443410757],[-635857.876805349369533,74204.223279032987193],[-635050.196143495268188,73930.453400721089565],[-635190.891435944591649,73365.454256650074967],[-635513.496434084838256,72947.818166978177032],[-635604.384795736055821,72245.794192765970365],[-633627.228561298339628,72082.896997802876285],[-633483.27475040522404,71283.578205247409642],[-632596.517170482547954,70315.472271036502207],[-630722.353226379840635,70161.503871901033563],[-630694.876778747770004,69459.276062574746902],[-630424.870326402015053,69001.648434523376636],[-630325.182463607518002,68518.182027185917832],[-629941.339416149887256,67867.718571602541488],[-630078.294879468157887,67583.057751602653298],[-630485.903536626603454,67024.057864434609655],[-629423.922712264233269,66799.109723651607055],[-629040.427387638716027,66455.77249247978034],[-628617.280669899075292,66298.493350217075204],[-628233.749314918648452,65955.180312466764008],[-627553.535557832219638,65702.387000752962194],[-627725.131235626176931,64699.756101935272454],[-628170.121472384547815,64089.418328293868399],[-628083.516193358344026,63332.370835888141301],[-627813.27293105958961,62874.803647332359105],[-627763.347719464101829,62633.083597690405441],[-627807.824904134729877,61712.103969214353128],[-627941.255867301370017,58949.177108004063484],[-628009.516956275096163,58707.607981512293918],[-628769.194242841098458,57849.370500301614811],[-628965.293955539818853,56328.960269079223508],[-629319.072575470083393,56246.423180395890085],[-629542.163062316016294,56194.379321404565417],[-630076.749637343222275,55777.675864450939116],[-630302.782082460005768,54978.456302508202498],[-631460.104639459401369,54965.515468300800421],[-631567.01071218913421,54587.611456717109832],[-632639.251980026601814,54483.235620680854481],[-633118.309182478580624,53906.30179140540713],[-633303.330316941370256,53252.750491334008984],[-633838.155364848207682,52836.20443444733246],[-634396.080854648491368,52706.315678526487318],[-634567.093998717842624,52102.468064080334443],[-634890.136310206842609,51684.836762533894216],[-635069.48145702003967,51051.727940767079417],[-636047.719716121559031,50174.657197458545852],[-637016.373777544940822,50080.735389217690681],[-637123.468691561254673,49702.880933264488704],[-637346.705845732823946,49650.971819566271733],[-637752.803343160776421,49334.986790073598968],[-638310.921858435729519,49205.267047214176273],[-638413.656403033179231,48842.984080996990087],[-638504.017740119481459,47001.153476336410677],[-638178.309328938717954,46890.934513808089832],[-638066.963089429074898,46273.286881441767036],[-637786.070455372100696,45826.127978993295983],[-637786.641916198423132,44658.164878224182758],[-637896.493044274975546,44304.605421415020828],[-638552.274136133026332,44131.518739828461548],[-638777.397146554198116,43407.174071157212893],[-639902.042073189863004,43281.845623599190731],[-640317.566193563048728,42713.902733085800719],[-640500.794695039046928,42124.663140936871059],[-641238.955669573508203,41930.028142595052486],[-641631.313886930583976,41393.887453932555218],[-641822.58292267494835,40779.104965985585295],[-643607.157385174068622,40722.126611710598809],[-644023.160610751481727,40417.930276082792261],[-644997.636373505345546,40309.7908015379071],[-645218.807141449884512,39094.666680195245135],[-647090.372603682102636,37338.99163741600205],[-647309.119408152764663,37281.459866049990524],[-647415.870370607823133,36463.278340630524326],[-647770.314968561870046,36381.24692132785276],[-647887.526686868048273,35969.379015469014121],[-648423.497690538177267,35553.446744405788195],[-648982.318947354448028,35424.188533806220221],[-649085.423212403315119,35061.998748012221768],[-649500.893126085051335,35082.70739824166958],[-649724.433550134766847,35031.012279000970011],[-650569.741744049591944,34275.738545466752839],[-651016.861696648877114,34172.388987480590004],[-651862.299039332428947,33417.200196733094344],[-652309.460031247348525,33313.895171578813461],[-652716.409595607314259,32998.386824896624603],[-653275.388836017693393,32869.313428701570956],[-653378.62656020198483,32507.159127436400013],[-653427.300049189128913,32241.022869430726132],[-653791.702220616862178,31873.302627027831477],[-653889.069662281195633,31341.033980204669206],[-654253.507886656560004,30973.327138685293903],[-654350.897248102817684,30441.062590860168712],[-656470.645184845780022,28315.354482190345152],[-656568.134253459516913,27783.108503346382349],[-657371.673745960230008,26976.028620845474506],[-657469.204190599382855,26443.790339967847103],[-657833.87024131976068,26076.186285061434319],[-657954.65938889386598,25083.545362059914623],[-658758.437208033516072,24276.553905321612547],[-658856.03340363339521,23744.327838015335146],[-659220.807714911410585,23376.763839887396898],[-659269.616052318364382,23110.652722420381906],[-659624.503923603217117,23028.945830473050592],[-659732.055485738208517,22210.882125299598556],[-659955.859665966476314,22159.363702387814556],[-661379.060781509033404,20838.028809675597586],[-661558.001596938585863,20212.185363267406501],[-661882.62394283618778,19795.246897023480415],[-662055.200518746161833,19191.812370822310186],[-662726.803232362144627,19037.388934436174168],[-662899.425631034653634,18433.966055045035318],[-665115.650797475012951,16120.813895434404913],[-665467.229669665568508,16040.081843356989339],[-665516.178060314850882,15773.996352121681412],[-665881.347449101973325,15406.622218688744397],[-665930.305362703860737,15140.538452920038253],[-666154.257093058666214,15089.12691252271361],[-666691.631884067202918,14673.977290954662749],[-666913.28343162627425,13900.253206828470866],[-667473.229863627813756,13771.773974983272637],[-668320.866280512418598,13017.673847801377633],[-670017.392076512333006,12978.986130508104907],[-670425.377543412498198,12664.039511474547908],[-670873.408618995221332,12561.374932717741103],[-671281.427917370805517,12246.455226277244947],[-672145.681972397374921,12165.250969423446804],[-673129.186902948655188,11291.023613249773916],[-673241.493435422889888,10899.793708394601708],[-673265.242458822438493,10439.421993870091683],[-672938.843650346272625,10328.319404872918312],[-672828.636438482673839,9710.425787291624147],[-672500.117127637146041,9186.164833150905906],[-674016.308998646447435,7771.450384277840385],[-674983.551578852464445,7680.804094879513286],[-677228.723643520846963,5350.145645065403187],[-677391.337263890076429,4407.205127767004342],[-677716.822331273695454,3990.667460037741876],[-677855.580230481107719,3508.094624283286066],[-678181.09997180220671,3091.56875581245049],[-678319.881235791719519,2609.001196485862692],[-678645.435578029719181,2192.487155402774988],[-678784.240257213823497,1709.924766037059953],[-679109.829233984230086,1293.422586089900506],[-679179.242183231166564,1052.143772442822637],[-679515.617975139175542,975.370198708187104],[-679619.751162008848041,613.455488492404697],[-680782.142287464346737,604.90856722965259],[-680893.453274030936882,218.188597693367996],[-683637.366407418623567,322.374870579887329],[-684446.465431274147704,-480.186779325171528],[-684690.920154856517911,-506.519019828819296],[-684931.28220324171707,-454.773594337309021],[-685259.616290207020938,-54.227536380579785],[-685669.175177796045318,45.553812347683099],[-686112.875111176515929,-392.761133287060829],[-686601.792539970367216,-445.358661688261691],[-687629.785831681336276,-1464.988846802023318],[-687729.267511873971671,-2000.352289203753116],[-688755.237118824967183,-3023.165708603384246],[-689663.797679152805358,-3053.768763650991332],[-690032.4458564320812,-3417.634515055537577],[-691527.063192993984558,-3377.754957294589985],[-691601.267207926372066,-4107.303931410395307],[-692189.083228415809572,-4688.425301727369515],[-692433.638461166294292,-4714.612545698550093],[-692850.376994326361455,-4692.521314648157386],[-692954.911554725258611,-5054.32836671248333],[-693291.5388695608126,-5130.746812562980267],[-693612.351688708993606,-5203.563325216779049],[-693793.851528009283356,-5648.435327729471283],[-693319.538323060260154,-6406.921343936884114],[-692610.010853898944333,-6649.305051127938896],[-692528.23268719878979,-7573.52407845178459],[-693139.899773190030828,-8300.06590637703448],[-694937.548903720220551,-8337.557558524747947],[-695788.149830524460413,-9089.860272483176232],[-696237.148814132669941,-9191.652065097512605],[-696646.43892315402627,-9505.77352830736163],[-697512.354577350080945,-9585.295903478257969],[-697921.688554547494277,-9899.377337109288419],[-699204.548450401052833,-9956.521329617631636],[-699613.936241505318321,-10270.549765888641559],[-700063.011162935057655,-10372.210080508821193],[-700472.432801889721304,-10686.211596810178889],[-700696.980307352147065,-10737.028933379775481],[-700746.692798593314365,-11002.976580552751329],[-701555.217878425610252,-11807.301854722105418],[-701654.355477039469406,-12993.872495566567522],[-701679.058401169604622,-13454.185532182218594],[-703668.933214844902977,-13280.937557998673583],[-703739.361241516540758,-12881.812902773031965],[-704487.263903285609558,-12914.794219018134754],[-704703.070212535909377,-13658.915390167199803],[-705264.616984842112288,-13785.76967113734645],[-705674.269022068358026,-14099.607968445869119],[-706123.529473572270945,-14201.059958051131616],[-706663.354630904388614,-14614.553652517079172],[-706852.717853375710547,-15267.017307220017756],[-707744.445795234991238,-16256.914653253634242],[-708108.703953932505101,-16339.103086354914922],[-708525.813241096795537,-16316.511909141319848],[-708750.493087585549802,-16367.190829534896693],[-709290.488161392044276,-16780.575935689372272],[-709515.006796938017942,-17553.55989685512759],[-710189.161956336232834,-17705.532216890416748],[-710364.287871576379985,-18308.310739643049601],[-710795.261563162086532,-18856.06741394927667],[-711403.345150384586304,-18993.087537058574526],[-711813.302629770361818,-19306.73330650412754],[-712038.047996873501688,-19357.355728327293036],[-712455.253497499856167,-19334.639226208622858],[-712480.323393139289692,-19794.931372048693447],[-712550.428564808447845,-20036.030377891751414],[-712877.597276732907631,-20451.68639839127718],[-713017.828884482732974,-20933.879817650537007],[-713345.032222183654085,-21349.524114776475471],[-713530.354016378405504,-22405.783879950744449],[-714100.281532972818241,-22875.367204730351659],[-714806.566177980741486,-23034.270252554062608],[-714724.078159340075217,-23610.743208862106258],[-714339.156652086297981,-24227.434782860960695],[-714519.168736243620515,-25124.772872520763485],[-715085.8172565062996,-25591.513562476124207],[-715669.665247910656035,-25722.803899023208942],[-715898.972381248488091,-27701.484276349801803],[-716237.803579905652441,-28131.499403242109111],[-715449.442567420308478,-29223.946631509097642],[-715630.510730828624219,-30143.610224020634632],[-715979.815188913140446,-30222.118999204092688],[-716251.417188674444333,-34145.487276924985053],[-716579.009858191246167,-34561.051856761834642],[-716719.473025071085431,-35043.206950680301816],[-717047.100269840797409,-35458.759923577243171],[-717233.398618060396984,-36518.48811672917509],[-717810.563567625009455,-36648.047965358236979],[-718221.18866936978884,-36961.494050135348516],[-718804.771992263849825,-37092.444511118286755],[-720148.23783376684878,-38520.301025939406827],[-720218.547870321548544,-38761.360008232622931],[-718721.475992180523463,-38882.783690613679937],[-717415.335866408189759,-40493.203475269125192],[-717394.564674263470806,-40762.969145218252379],[-717398.992822439759038,-41493.020174604891508],[-717073.021329595008865,-41896.936137646014686],[-717052.237809629295953,-42166.70146454951464],[-717163.501111640129238,-42984.267780213638616],[-717520.574885062873363,-43064.395956444983312],[-717571.354397432296537,-43333.832124613370979],[-718237.113858824362978,-43987.625808664262877],[-719066.022903137374669,-43863.87479088397231],[-719394.588373841485009,-43462.47131918087689],[-720294.683444900321774,-43334.732434050485608],[-720655.421879249857739,-42893.917759012721945],[-721505.495457624434493,-43729.798896431741014],[-721999.323260179255158,-43781.388826950693328],[-723030.761255452409387,-44801.280340614684974],[-723080.983700463781133,-45067.144608679212979],[-723744.399994121049531,-45069.677198673816747],[-724335.007596064708196,-45649.034435986752214],[-724385.93196189973969,-45918.444664395858126],[-724611.180644973996095,-45968.851600616428186],[-725626.201420048484579,-46876.170621890305483],[-725833.14806722663343,-48048.468474929919466],[-726523.57551455416251,-48202.836069622906507],[-726699.714043106883764,-48805.401953781547491],[-727027.964065968291834,-49220.708703262025665],[-727098.437444172683172,-49461.732398570995429],[-727148.750129936030135,-49727.581989827471261],[-727517.360473933862522,-50093.224349837793852],[-727618.63691329152789,-50628.285703416018805],[-728653.487378534046002,-51644.690859140449902],[-729144.543536879122257,-51695.696256232244195],[-729553.582676097168587,-52095.635575954038359],[-730107.540155912633054,-51409.916749546071514],[-730128.093083175248466,-51140.12901525595953],[-730348.728726568282582,-51196.280348212378158],[-730769.543196303187869,-51497.650488610401226],[-733004.347809799597599,-51517.5924670350214],[-733208.127672156086192,-52592.71725000024162],[-734069.544786743586883,-53567.663398191565648],[-734685.599033240345307,-53724.208939575197292],[-735662.18860672484152,-54557.307921788284148],[-735872.635269582620822,-55213.690628297350486],[-736191.870376034872606,-55640.459972195778391],[-736332.170470484998077,-55923.930457017529989],[-735949.146283059497364,-56577.487020814856805],[-735867.247637234162539,-57335.129723647907667],[-736321.026954113156535,-57941.731576278187276],[-736422.262894265470095,-58637.116959186445456],[-736760.55743713141419,-58712.415690280780836],[-736937.258084898232482,-59314.849825753190089],[-737710.437986970529892,-60166.636166451295139],[-737943.104686743114144,-62144.972017221072747],[-738303.229911658796482,-62225.077539202698972],[-738468.864773416891694,-63972.571403007634217],[-739730.952439750079066,-64102.300139648294135],[-739483.195724043762311,-64398.762781292520231],[-738894.320643553044647,-64620.960823326357058],[-737747.489420580328442,-66172.345981314632809],[-737834.087399134528823,-70005.203062013606541],[-737307.264932905090973,-70523.387848408252466],[-737093.938058729050681,-70603.804536248135264],[-737103.113066331134178,-71887.665191161824623],[-736284.161973694572225,-72168.98445017648919],[-736456.004021687433124,-73193.085951595654478],[-736785.096270321751945,-73608.159710315958364],[-736855.831595441093668,-73849.137456571057555],[-737520.736136570107192,-73850.973922775112442],[-737892.553013792145066,-74213.500134037007228],[-739150.876308299019001,-74221.059765873476863],[-739546.8503308002837,-73737.056198470105301],[-740377.738518453086726,-73611.94346375472378],[-741715.095621545915492,-74921.655668549894472],[-742207.085575189674273,-74972.174000528364559],[-742579.066514084814116,-75334.568267034701421],[-744082.04375578276813,-75288.678175300519797],[-747345.21685854147654,-75168.374352483515395],[-747566.51816530560609,-75920.039494008990005],[-748131.184527771198191,-76045.038980202181847],[-748656.868401644169353,-76443.27304366887256],[-748743.346036070026457,-75947.29987959410937],[-748989.3800619749818,-75972.429817768424982],[-749361.582759505603462,-76334.632798007311067],[-749607.625745925935917,-76359.751174664386781],[-750445.672078270697966,-76311.908249139116379],[-750864.694123228196986,-76287.966739924420835],[-750929.315834390930831,-75916.812648843668285],[-751257.396984397433698,-75803.776137977911276],[-751676.402774663176388,-75779.808742838606122],[-752341.448285199119709,-75780.895141363202129],[-752934.605978384031914,-76358.964656061842106],[-753037.051898992271163,-76894.049723235497368],[-755225.430305086192675,-79039.271969705223455],[-754867.503861561301164,-79483.897608919782215],[-754822.691107600345276,-79945.327956894907402],[-755934.931315814261325,-81036.828999037432368],[-756430.328514485619962,-81087.12574939179467],[-756802.875002475688234,-81449.121113869623514],[-757295.194385940674692,-81499.075188147442532],[-757888.809295516461134,-82076.926621590653667],[-757991.475751581601799,-82611.978076240062364],[-758807.606323362095281,-83412.800595919354237],[-758858.617067808751017,-83678.539409830002114],[-758885.185304583748803,-84138.765847882226808],[-759224.276079291827045,-84213.469942686904687],[-759402.229073190595955,-84815.641611879269476],[-759895.938773739733733,-85392.989126457672683],[-761287.541544665000401,-85448.026658222312108],[-761831.897454785881564,-85859.284070224093739],[-762060.275610338663682,-86631.407596739314613],[-762625.560081570991315,-86755.78692948204116],[-763038.754832948441617,-87067.845678320052684],[-763490.992464181035757,-87167.333314246920054],[-763904.220913485391065,-87479.365088863109122],[-764130.349742744932882,-87529.096011436951812],[-764237.266152738127857,-87890.369548452552408],[-764576.488757029059343,-87964.936243651158293],[-764603.247997332015075,-88425.154784172162181],[-764610.010569927282631,-89155.228616598673398],[-764252.168128911987878,-89599.999034495413071],[-764659.145390490652062,-90000.31280348659493],[-764841.708196132560261,-91912.413419399832492],[-766997.914556234376505,-94020.159319894286455],[-767127.137047365307808,-95011.803177251960733],[-767573.792277152533643,-95450.7692819210788],[-767529.282580377650447,-95911.919292724109255],[-767203.245921747409739,-96317.107870992855169],[-767236.938817026210018,-97507.412835577968508],[-767263.771882152766921,-97967.634499620180577],[-767368.645530998008326,-99153.792660391176469],[-767739.658783220220357,-99518.331105430595926],[-767844.571520800935104,-100704.489408623645431],[-766762.972942309570499,-100806.700373024257715],[-766434.159355609677732,-101209.320398090261733],[-765946.895420684712008,-101316.526747206327855],[-765394.087579092476517,-102001.638319825127837],[-765877.253178341197781,-102476.397679425543174],[-765913.027045990689658,-104321.278475045008236],[-764995.539276285446249,-105449.07873321302759],[-764753.449215335771441,-105502.300471604277845],[-764825.991652805008925,-105741.682558797794627],[-765726.379657947807573,-106732.737910348063451],[-765629.303076851647347,-107080.365361841453705],[-765351.470767765888013,-107532.900661048057373],[-765343.016371271223761,-109405.957960290645133],[-765065.116745239356533,-109858.489528077232535],[-764976.395826805499382,-110350.838047232857207],[-764646.526358577888459,-110887.92763778285007],[-765295.744817326893099,-111409.802927811717382],[-766007.74747103638947,-111571.468967655600864],[-765903.252068984438665,-112281.435634280569502],[-764830.484062655013986,-112504.869252907315968],[-764760.954842572216876,-112890.500946254047449],[-764518.724738220567815,-112943.718993533591856],[-764189.502602103049867,-113346.293369888298912],[-763705.020197631674819,-113452.70408240078541],[-763343.525232815300114,-113894.66921712673502],[-762933.408352834056132,-113497.408670319753583],[-762439.878639920731075,-113447.660681405075593],[-761990.110826124320738,-113011.893586093909107],[-761157.17386979307048,-113138.359533204187755],[-760827.849071600823663,-113540.84989175805822],[-760165.38329117000103,-113618.247194198702346],[-760100.713576168869622,-113989.473874168019393],[-759771.710930419969372,-114102.738270619898685],[-759526.190551804029383,-114156.578269464502227],[-759004.486468655988574,-114801.825663312381948],[-759043.663432633271441,-116725.320667774780304],[-758124.641607678961009,-117852.709762944243266],[-757882.29895384516567,-117905.806220922182547],[-755117.836562678799964,-118103.642597016019863],[-754788.196662896429189,-118505.986297798881424],[-754125.461729773320258,-118583.080346052287496],[-754105.137891560094431,-118852.936151347123086],[-753778.065027883742005,-119257.811209374238388],[-753757.731567764887586,-119527.666925157231162],[-753864.518853047746234,-119889.049566742076422],[-754204.467019852716476,-119963.890215884923236],[-754230.802172862109728,-120424.161172048305161],[-754283.472557743196376,-121344.704508561044349],[-754263.141348803997971,-121614.562458731350489],[-753935.995484972838312,-122019.444176908597001],[-753921.58281629497651,-123022.782120255826158],[-753396.014734886121005,-123665.185515720237163],[-752907.826727976091206,-123771.913212064740947],[-752385.384398448863067,-124416.912824585160706],[-752344.62015136750415,-124956.627234040977783],[-751590.851743614650331,-125885.285921912101912],[-752034.831311191432178,-126321.829016763585969],[-751608.580428054789081,-126848.944568054488627],[-751705.968896748963743,-127301.941617113305256],[-752077.225617671501823,-127666.9465130178869],[-752179.114753122790717,-128198.528174656239571],[-752550.407581057515927,-128563.520687884039944],[-752680.149451668839902,-130210.16678351695009],[-752738.535504554165527,-131860.891070356214186],[-752411.057402543839999,-132265.745618578483118],[-752390.646534939296544,-132535.608577534527285],[-752494.102780638611875,-133721.983232777449302],[-752865.542211816064082,-134086.972914650308667],[-753100.351725863758475,-137574.818574974488001],[-753361.446451043477282,-141522.996536468999693],[-753809.01139468990732,-141962.483309115661541],[-753789.961102923494764,-142883.940726115630241],[-753462.203999652876519,-143288.834124903718475],[-753546.825992973404936,-145399.924916369636776],[-751619.037611218169332,-145548.936712032591458],[-750893.446426217793487,-146435.489363863685867],[-750404.385309108532965,-146542.129598356259521],[-749880.806444959132932,-147187.070688765204977],[-749839.767135788570158,-147726.813090774259763],[-749511.759294262621552,-148131.614075660327217],[-749543.463161249645054,-149322.12206128690741],[-748895.024410388898104,-149296.022774548851885],[-748480.412131427670829,-148983.468172887893161],[-748026.25744424352888,-148883.445149949984625],[-747164.314894652692601,-148134.379407530737808],[-746569.454465674352832,-148003.295530922565376],[-746307.833534928504378,-144425.600662780168932],[-746182.647079748450778,-143594.595504973491188],[-744772.506526424316689,-143517.456034110538894],[-743298.039246472646482,-142215.193892570125172],[-743018.120428359252401,-142373.450695014122175],[-742625.30909452738706,-142714.82557815121254],[-742201.734155564801767,-142881.142803221882787],[-741808.886761895962991,-143222.493853061721893],[-740754.767981224926189,-143352.919503534270916],[-740648.226288473117165,-142991.407338569522835],[-740307.79882591299247,-142916.211218054115307],[-740064.93447590735741,-142968.982649454235798],[-739734.1572680081008,-143370.97535366381635],[-738648.955410273629241,-143470.880312469293131],[-737043.467723460285924,-143641.307454734662315],[-737066.035154414828867,-146865.750361290876754],[-736505.432262097485363,-146748.960175903863274],[-735867.593298618565314,-146322.741579645691672],[-734802.951982073602267,-146530.074183655058732],[-734404.426375852082856,-146865.945932460104814],[-733773.942340688081458,-146975.01622163146385],[-733677.448405738337897,-146273.636792513949331],[-732900.11352013098076,-145421.452164293034002],[-732758.313321406487375,-144939.375264028320089],[-732427.823974009836093,-144524.13149592775153],[-732244.523554081213661,-143900.842869308660738],[-730739.721841727849096,-143838.245952284691157],[-730245.451428635860793,-143259.722982443752699],[-730057.524011034984142,-142199.98051417019451],[-729702.574128510430455,-142121.261240951920627],[-729596.344359682756476,-141759.66216141008772],[-729029.160469751106575,-141633.843379484373145],[-728460.414638391812332,-141203.486612355452962],[-728168.471723288297653,-141345.324247030861443],[-727395.794458174495958,-142185.676697118993616],[-725491.32364484469872,-142353.322094706265489],[-725512.316003426443785,-142083.494750646234024],[-725840.85170288651716,-141679.299235413956922],[-725887.137069609598257,-141218.243040699017001],[-725440.571810862515122,-140777.814139838621486],[-725364.853331545018591,-140051.561035562306643],[-724198.021634833654389,-140047.006482197786681],[-723700.867178450454958,-139464.369311564019881],[-723478.723770121578127,-138706.986240654019639],[-722851.424514918122441,-138894.587117834511446],[-722040.356575610814616,-139988.847700383019401],[-721930.447123480727896,-140607.272421649424359],[-721600.487383624189533,-140719.589495355670806],[-721549.510964915039949,-140450.325522694445681],[-720509.018298345385119,-139433.16183242763509],[-720014.784647810389288,-139381.820073097595014],[-719641.848693515756167,-139018.734893516084412],[-719394.741478562005796,-138993.050174847448943],[-719167.967309591476806,-138942.543060929048806],[-718599.670166354742832,-138511.766101616056403],[-716518.107000379473902,-138757.371388546715025],[-716381.470530507504009,-139524.36620222296915],[-716051.516443217988126,-139636.54326734636561],[-715928.250983032397926,-138805.269879371538991],[-714390.852003349224105,-138717.596757306280779],[-714148.764351295307279,-137083.465900912793586],[-713577.368907944881357,-136928.978428112139227],[-712958.800141052925028,-136500.694475411670282],[-712297.319951656856574,-136678.891985061549349],[-711728.456479468615726,-137171.290735476097325],[-710209.699821968446486,-137110.620335428393446],[-709591.240307881147601,-136682.178569312934997],[-709350.667868372634985,-136837.589870910655009],[-708781.694487846223637,-137329.861604605452158],[-707683.917643714812584,-137246.287866228143685],[-707250.902193415095098,-136946.216460775554879],[-706847.425536611815915,-137295.169453884969698],[-706414.429040401941165,-136995.07066005494562],[-706194.924938209704123,-136935.578334343794268],[-704932.053863553563133,-137003.088376327330479],[-704907.464962927624583,-136542.704920636839233],[-704577.506163971847855,-136654.594179804378655],[-704511.095388899440877,-137025.564870770234847],[-704291.11395162192639,-137100.164585881691892],[-703120.813023558817804,-138421.925275372370379],[-702680.786689603002742,-138571.07518730321317],[-702303.298925858107395,-138927.139966973481933],[-701021.197591242496856,-139121.00666349590756],[-700643.650639607571065,-139477.024432899605017],[-699255.260956708109006,-139686.764269480656367],[-699089.795599819743074,-140608.49902072691475],[-698140.410207754583098,-140533.020296718284953],[-697655.535034987027757,-140164.294407029083231],[-696775.850052702124231,-141346.406177408120129],[-696636.217914509703405,-142123.252095393196214],[-695686.748327551176772,-142047.596414422936505],[-695260.26389722537715,-141723.158693222590955],[-694870.212031235569157,-142090.593573714548256],[-694429.981686670333147,-142239.469615290814545],[-694052.170466429321095,-142595.301578707178123],[-693456.533668159274384,-142796.683931160689099],[-693082.613341192249209,-143387.518829924083548],[-693062.25518861785531,-144095.19999536886462],[-691798.699121711426415,-144161.453437589720124],[-690292.101113216718659,-144279.441526618553326],[-689959.850110146682709,-144680.183070461993339],[-689470.748702259617858,-144784.514121957501629],[-688149.694162788218819,-146391.845401307044085],[-688106.164058222318999,-146931.383144605788402],[-687776.384351711138152,-147334.641947816999163],[-687778.581815189681947,-148064.839859293570044],[-686688.780463997507468,-148082.387506475381088],[-685871.379437657655217,-147279.804939363675658],[-683939.073975530685857,-147340.849538257112727],[-683598.957412511226721,-147264.191006260312861],[-683493.959917980129831,-146902.221133972401731],[-683173.483002626802772,-147002.620755611540517],[-682241.66381290438585,-148230.084310519858263],[-682486.7725031824084,-150896.743735887808725],[-682937.557684737723321,-151443.477951554552419],[-682816.556006072671153,-151930.67825148862903],[-682267.355646720621735,-152102.680888082977617],[-681897.006522705894895,-152466.098253328294959],[-681448.219842554070055,-152606.621250448079081],[-681077.83402696903795,-152970.016117551305797],[-680629.02250160544645,-153110.511529982206412],[-679462.977366571663879,-154438.154322741582291],[-678917.05225016863551,-154608.941348537569866],[-678383.436812801286578,-155362.884721284674015],[-678580.011310305795632,-157099.651240038627293],[-678973.304430121323094,-157576.74614158179611],[-678387.462888140929863,-158186.76987891207682],[-674986.961405237205327,-158478.202222670486663],[-674616.228227015584707,-158841.422198969841702],[-674070.859308471088298,-159011.745028850680683],[-673237.991168378270231,-160106.268490690272301],[-673138.403703684452921,-160717.276261380349752],[-672625.064315050025471,-161251.202894846588606],[-672078.776918363873847,-161421.710512043326162],[-671644.758596775587648,-162033.956978984118905],[-671562.803309726761654,-162536.30403516619117],[-671269.749002147931606,-162976.330725035717478],[-671228.760692306677811,-163227.503864703292493],[-671276.703741005971096,-164878.704950163897593],[-670945.933897155453451,-165281.564951025589835],[-670924.924341473728418,-166281.563055470847758],[-670195.529329475946724,-167166.285775611904683],[-670173.325134282931685,-167436.042399405065225],[-669842.324813491664827,-167547.071724115987308],[-669774.709426445071585,-167917.900561922928318],[-669547.687547921785153,-167866.536099287186516],[-668554.070669414824806,-166993.449888186703902],[-666975.907675445894711,-167198.824079474696191],[-665699.220019539818168,-168629.298898574663326],[-665450.62811924982816,-167768.709370901022339],[-664883.135255395667627,-167640.124374466948211],[-664470.120722172548994,-167324.924154749314766],[-663172.303658977383748,-167264.339215229469119],[-662604.836319665773772,-166831.117952067346778],[-660202.099984446773306,-167076.958007093053311],[-659822.648471685824916,-167431.834696717793122],[-659601.933952967054211,-167505.694875424844213],[-659579.514449847047217,-167775.433386101387441],[-659248.324134937371127,-168178.003848843887681],[-659203.464469024213031,-168717.481199833797291],[-658872.237023937050253,-169120.043454727128847],[-658849.796861292445101,-169389.782298687205184],[-658827.053577959071845,-169663.142985725193284],[-658295.236213711905293,-170301.543991016864311],[-658051.617926653008908,-170352.809255970467348],[-657983.654788965592161,-170723.580651374271838],[-657652.483502221759409,-170834.305847089592135],[-657285.463606535224244,-170750.916478636412648],[-657093.208885762956925,-168092.189018744626082],[-657443.257573834154755,-167975.127372496994212],[-657491.794858907698654,-166442.530983400851255],[-657777.307623951695859,-165994.866751071065664],[-657867.883612194214948,-165500.539568565814989],[-658153.360831938683987,-165052.868565330310958],[-658205.079598469543271,-163778.254696485179011],[-657310.078521618386731,-162786.590588888968341],[-657170.94664456800092,-162303.688767068233574],[-656738.235319661675021,-161754.035345527692698],[-656010.97003581863828,-161588.657125583325978],[-655906.66151529783383,-161226.453449271881254],[-653465.848813875345513,-161281.633642006781884],[-653353.51069644629024,-160891.221754972124472],[-652510.069401889923029,-160932.87116201617755],[-652438.361740765743889,-160206.173251601256197],[-652069.188816429814324,-159838.343059636012185],[-651948.535397168598138,-158845.454849031986669],[-651579.410867155180313,-158477.612759514129721],[-651530.450370909995399,-158211.421156250115018],[-651308.498925375402905,-158153.9484447814757],[-650708.624498893273994,-157721.867028930108063],[-649606.04057936463505,-157912.912691453064326],[-649098.073800712940283,-158360.715245163853979],[-648851.550331305945292,-157017.601283292315202],[-647844.794345201691613,-156152.878451725438936],[-645612.34624387184158,-156118.68204005563166],[-645374.166173110133968,-155361.564934601337882],[-644626.988995367311873,-155318.576266482792562],[-644383.610635680845007,-155369.587759772723075],[-644049.722837047418579,-155769.182418366108323],[-643806.334355417988263,-155820.183335947396699],[-642215.764314763015136,-155964.879703339916887],[-642096.939300918602385,-156609.829572081216611],[-641811.147140801302157,-157057.14020931289997],[-641697.296765816048719,-157674.9109823112085],[-641145.709001866285689,-157858.774005208542803],[-640766.062777144601569,-158213.092088708333904],[-640324.767185596399941,-158360.168399857881013],[-639545.7112935280893,-159195.393464131630026],[-638481.704230867209844,-159309.667898999643512],[-638238.233085056184791,-159360.566697986418149],[-637904.056152509176172,-159760.010633380501531],[-637417.092011338332668,-159861.782588699425105],[-637050.157325556385331,-160300.310582651203731],[-636566.987469085725024,-159824.453762162855128],[-636152.027613806654699,-159922.711693407705752],[-635817.774676242028363,-160322.103530673921341],[-634487.365772393182851,-160464.298531739070313],[-634120.319744311273098,-160902.745862371753901],[-633637.240155061124824,-160426.781210116518196],[-633222.24373805639334,-160524.947310317598749],[-632088.47425650304649,-161885.693551706295693],[-631844.936163486680016,-161936.474906285409816],[-631601.396413506707177,-161987.251780325954314],[-631266.954346096725203,-162386.53086227964377],[-631023.404487116378732,-162437.297209755866788],[-630637.500146186794154,-162578.279249549901579],[-629875.045354483183473,-163637.499295875750249],[-629794.663349869661033,-164581.569906661869027],[-629119.049430020386353,-165519.857730389805511],[-629016.689154307125136,-166003.375385045510484],[-628624.765738902031444,-166653.882952649699291],[-628807.443312238901854,-167859.709858335671015],[-629259.371427237754688,-168470.102829278708668],[-629184.467313328408636,-169821.840249334491091],[-628037.030336020630784,-170060.422508215502603],[-627555.632432620273903,-170859.019200308452128],[-627716.387718933518045,-171604.313163570506731],[-628034.37108519137837,-172033.773490283550927],[-628182.172274627140723,-172505.416339005576447],[-628634.20885977789294,-173115.841036622412503],[-628522.870249863830395,-173412.449782099429285],[-628246.949660879909061,-173870.100936597038526],[-628166.322820147499442,-174814.195329853362637],[-627774.058961266535334,-175464.697464920667699],[-628022.247620529029518,-178052.297625892941142],[-628340.376145155052654,-178481.761097453010734],[-628436.166324237827212,-179178.163111249654321],[-629206.638647421495989,-179227.035890595667297],[-629324.550369634176604,-180059.201778300950537],[-628902.218683682265691,-180079.266819043084979],[-628655.073739305487834,-180130.672604704275727],[-628124.34795983240474,-180770.820256022445392],[-628101.244282816420309,-181040.51628970290767],[-628123.089743580436334,-181501.097304542228812],[-628214.034021425293759,-182203.298398752842331],[-628664.641889630467631,-182777.537011023698142],[-628718.140439076349139,-186333.984699218708556],[-628421.855108182411641,-186795.581206281203777],[-628883.266534579219297,-187383.40537085905089],[-628793.838367744116113,-188296.181884471705416],[-628450.776189135154709,-188409.908029192214599],[-628558.91236552153714,-188787.930175535642775],[-629545.027581327478401,-188882.444765275344253],[-630402.314660240663216,-189639.252835880819475],[-630991.405977876624092,-189774.185010617453372],[-632338.769692668109201,-191211.490541132719954],[-632526.045337097952142,-191865.224787745159119],[-633070.124948697746731,-192281.918879345292225],[-633720.104749475605786,-192313.709349955141079],[-633697.072266836068593,-192583.427629349869676],[-633364.440380037180148,-192985.384169360535452],[-633341.398287162999623,-193255.102558159269392],[-633094.256038332823664,-193306.544325400871458],[-631761.263239052845165,-194908.473910951317521],[-631760.131353357457556,-195638.793057996022981],[-631896.56234628346283,-197747.510426043212647],[-632710.987936828983948,-198556.390740505070426],[-632759.639874282991514,-198822.69174311219831],[-632538.259451838210225,-198896.107614322449081],[-632157.119392459280789,-199250.229908270761371],[-631714.335962235578336,-199397.038065109343734],[-630932.113443258218467,-200231.878116653300822],[-630489.284815869526938,-200378.645866356906481],[-630108.04695197113324,-200732.711258177907439],[-629508.895106241921894,-200931.240931732580066],[-629130.331247654045001,-201520.372535095986677],[-629038.323332093190402,-202014.567908334254753],[-628750.984176589525305,-202461.669589529046789],[-628626.466556389350444,-203130.280705449229572],[-628123.951303297188133,-203596.749986009701388],[-627524.64136333425995,-203795.192063735536067],[-627145.899306594044901,-204384.273903048480861],[-627030.759932807181031,-205002.008398607868003],[-626698.489096252596937,-205111.989790588908363],[-626747.031652895384468,-205378.320130151318153],[-627116.615310867549852,-205746.922927408246323],[-627213.720919352141209,-206279.582239758514334],[-627583.340850984794088,-206648.173623401584337],[-627724.357408553478308,-208105.331328344735084],[-628317.429307714104652,-208689.566858636913821],[-628565.551979761221446,-208716.964964162296383],[-628674.644933569361456,-211020.141928105585976],[-629015.970111569622532,-211098.254491293657338],[-629189.017319253529422,-211702.366230955987703],[-629517.595666927052662,-212120.282670885324478],[-629699.75855694769416,-213524.850158754037693],[-630473.680612006573938,-214383.298335095110815],[-630690.501273378613405,-216364.309518701164052],[-631281.591681729303673,-216499.433515144832199],[-631804.267304874141701,-216899.158857992297271],[-632007.627936485921964,-217434.900416681310162],[-630807.779036731808446,-218984.289159390376881],[-630715.652415572316386,-219478.535277645656606],[-630427.937112955725752,-219925.707932293677004],[-630335.786822878522798,-220419.953512545296689],[-629646.239187225117348,-221347.866007653385168],[-629526.256767443614081,-221991.08753443666501],[-628350.962658755830489,-222115.83028600961552],[-627972.601339515647851,-222240.954542295366991],[-627485.552043023402803,-222997.38793596116011],[-627676.260693001910113,-224356.875355780997779],[-628263.939711077837273,-224491.282297648722306],[-628677.686449054745026,-224807.689944309531711],[-629133.248503199312836,-224911.846201037929859],[-629992.642658430035226,-225668.809082505031256],[-630220.443330440321006,-225720.866889927070588],[-630168.949909790069796,-225962.671571320213843],[-629775.042779878596775,-226613.409833083336707],[-629914.470433873939328,-226898.147493488620967],[-630812.517076880438253,-227919.678099776385352],[-630702.056111092446372,-228245.915828334604157],[-630424.897614460322075,-228703.755199949373491],[-630331.284542907145806,-229792.792920272710035],[-628385.702936566900462,-230041.112782293348573],[-627566.448811224079691,-231147.579154210252455],[-627485.049875300610438,-232091.866400937753497],[-627207.692202709265985,-232549.646919329825323],[-627156.107110415236093,-232791.447862302477006],[-627247.101587431156076,-233493.817313043517061],[-627576.091205919161439,-233911.827416182291927],[-627753.726896010688506,-234531.596490030235145],[-628743.194059747038409,-234626.219176017853897],[-629603.139967394177802,-235383.246115253597964],[-630592.689258006517775,-235477.731851041113259],[-630701.145507010398433,-235855.800582059135195],[-630219.200316922506317,-236039.116167404776206],[-630441.203653506585397,-237650.880029462306993],[-631905.992688409169205,-238959.500346295855707],[-633751.486272150301374,-239025.061246063763974],[-633820.419720294885337,-239589.801633691065945],[-633519.390777653548867,-240102.595664206106449],[-633358.795442654751241,-240811.198049966624239],[-632874.527644083020277,-241222.15041202417342],[-632257.832423807471059,-241456.718670556176221],[-631507.491987319313921,-242506.966676071460824],[-631435.850264270091429,-244054.871516067301854],[-629821.33630538196303,-244208.725181673944462],[-629843.143819584045559,-244669.43773836834589],[-629948.361687039141543,-245480.122578130481998],[-630975.572192990570329,-246399.917152194102528],[-631965.945168732781895,-246494.309010936616687],[-632143.901275632204488,-247114.061807392630726],[-632473.346441070432775,-247531.982362517184811],[-632564.651811304851435,-248234.371293582196813],[-630114.140920397941954,-248416.313072996243136],[-629993.183692872757092,-249063.058577888878062],[-629704.715827171457931,-249510.281312270933995],[-629583.500157251954079,-250158.146040835796157],[-628672.354088032850996,-251126.451263248192845],[-628227.760575316962786,-251273.174915561627131],[-627441.983849374810234,-252108.01201140700141],[-626795.033725635148585,-252201.353324810363119],[-626791.817255564499646,-253486.017520805500681],[-626056.150448039523326,-253728.64151559068705],[-625675.706937162904069,-254317.824413137073861],[-625694.3099044195842,-255947.213119268009905],[-623749.976626196061261,-256077.577493703342043],[-623412.678560333908536,-256476.819856994785368],[-622922.014111444354057,-256578.09166474812082],[-622584.678343293373473,-256977.314008971152361],[-622339.335173774859868,-257027.937013171002036],[-622382.394765087403357,-257949.451280790410237],[-622559.31614667433314,-260494.997969542251667],[-622888.742107597412542,-260913.187073829380097],[-623027.306386740878224,-261396.665693670598557],[-623356.767234461265616,-261814.845533688319847],[-623495.355056431959383,-262298.32191306661116],[-623835.57301647181157,-262730.082882588845678],[-623537.162683901959099,-263191.737443541642278],[-623411.540010684519075,-263860.503645726828836],[-622906.366875641862862,-264326.911964921629988],[-622349.973382181371562,-264510.085895324591547],[-622233.857642024639063,-265127.966007955546957],[-621944.742672874592245,-265575.059177809103858],[-621916.310129399993457,-267451.711926975345705],[-621627.127739849616773,-267898.8040625868598],[-621602.132534969598055,-268606.746100797492545],[-620751.820254384656437,-268646.36992457206361],[-620773.277952225529589,-269107.1600424227654],[-620769.68551129300613,-270275.898732631583698],[-619967.359699594089761,-271349.749541662982665],[-620158.346680204384029,-272730.729292644362431],[-621009.101778725977056,-272925.191724615870044],[-620763.806558227399364,-273200.885701941733714],[-620115.791125645046122,-273293.910057958797552],[-620011.900919838808477,-272931.252027431095485],[-619440.532861756160855,-272800.623195647494867],[-619025.633568082819693,-272483.840676272811834],[-617718.023344491608441,-272418.735810933809262],[-617303.178354012779891,-272101.900584095681552],[-617074.663149511674419,-272049.605599998147227],[-617050.690708496957086,-272323.005933359847404],[-616512.383800540934317,-272960.03969693853287],[-616021.063032718608156,-273061.064731169492006],[-615683.069596232380718,-273460.148520834336523],[-613490.466199980466627,-273639.518715960264672],[-613152.384214965510182,-274038.539486700377893],[-612235.671166976797394,-274158.974615710612852],[-611089.075358862988651,-275518.612438588927034],[-609567.21672239259351,-275627.413752363529056],[-609543.399715435574763,-275897.20227240974782],[-609207.757603300269693,-276298.714110102562699],[-609160.102987133897841,-276838.292468746600207],[-608824.423799959709868,-277239.796793162531685],[-608776.747124064830132,-277779.376817050855607],[-608441.030775528750382,-278180.873748905025423],[-608417.182124276296236,-278450.664373070467263],[-608082.876023709191941,-278560.216364498948678],[-608012.715583206620067,-278930.898837847111281],[-606416.2330268061487,-279070.514990423631389],[-605973.972751839202829,-279702.256216374691576],[-605880.312539648381062,-280196.488986967713572],[-605590.297518315841444,-280643.264534627262037],[-605601.592716124723665,-283547.953716975345742],[-605061.534503274247982,-284081.962970756867435],[-602061.657388358260505,-284343.379426623112522],[-600867.254933563875966,-285656.857285250443965],[-600421.217881113057956,-285802.676862895314116],[-600036.573049042839557,-286156.027038084343076],[-599458.277571643237025,-286345.020447866001632],[-598240.286539403256029,-287901.737557278189342],[-598122.769193391432054,-288519.490199103660416],[-597431.999861473217607,-288745.112366520275827],[-597397.787396680912934,-290738.483575587975793],[-597107.239094021264464,-291185.102550498617347],[-597080.797360767610371,-291893.094576598319691],[-596690.694832993904129,-292033.162768850161228],[-595917.251948537188582,-293091.086785505700391],[-595847.365785508183762,-294630.113598587806337],[-594856.685601558187045,-294831.688159957237076],[-593244.260168987908401,-296613.755925995588768],[-592808.533979483996518,-296770.014143960550427],[-592412.60133581131231,-297112.482853540568613],[-591550.780000909115188,-297287.588103693327866],[-590749.100180038018152,-298109.785520333680324],[-590313.298419355065562,-298265.963599795242772],[-589917.257902676588856,-298608.361322742071934],[-589699.345639487961307,-298686.438731742615346],[-589740.034269997035153,-299608.284169164195191],[-589760.378678180277348,-300069.208909140259493],[-589801.067676851060241,-300991.062687677214853],[-589353.373958811629564,-301136.851777706237044],[-589772.935616798116826,-301670.951315851532854],[-589910.580356984515674,-302154.892716547241434],[-590239.860207484802231,-302573.996505248302128],[-590416.970421425881796,-303632.922882579034194],[-590993.42321094952058,-304108.332160687190481],[-591222.352216244558804,-304161.086421371554025],[-591242.741347374278121,-304622.023299247317482],[-591344.687940109521151,-306926.728821049560793],[-590866.199340426828712,-307082.553298165323213],[-591027.924952546949498,-308109.450959088222589],[-591480.651098888018169,-308685.348766462760977],[-591399.391255946480669,-309478.581530341820326],[-591108.189480665139854,-309925.123447967867833],[-591034.051539135514759,-310880.303422220342327],[-590732.673278170521371,-311342.361058452515863],[-591520.474959962186404,-312216.188852760824375],[-591609.756500786053948,-312919.131047678238247],[-591386.229258477920666,-312991.899222899868619],[-591000.516053844010457,-313345.048926701070741],[-590441.650044594774954,-313526.919399853330106],[-590323.451763629564084,-314144.725698073860258],[-590032.100876786746085,-314591.258074298850261],[-589904.110405213315971,-315259.899939974246081],[-589395.732260144897737,-315725.197422128694598],[-588948.558670192724094,-315870.658441514067817],[-588562.695390218985267,-316223.744376618473325],[-588115.496950365253724,-316369.177958398417104],[-587729.597390923765488,-316722.240970746963285],[-587282.374082590686157,-316867.647113808197901],[-586083.410859132418409,-318180.070384201128036],[-585859.767677665338852,-318252.748415559181012],[-585927.886769046075642,-318980.389109354116954],[-586746.150002216920257,-319792.66134175483603],[-586862.620659620384686,-320790.099432691873517],[-587905.436540720169432,-321818.903201999142766],[-588408.975525629823096,-321875.635091452568304],[-589001.806291913730092,-322464.885189823573455],[-589049.809734261478297,-322731.532734926324338],[-589299.919886386138387,-322759.690642054891214],[-589895.540392478578724,-323345.703463153913617],[-589992.233041854109615,-323882.576265085372142],[-593495.29240515944548,-327347.349118780111894],[-593591.499153916607611,-327880.632265803928021],[-593963.221138960798271,-328250.432195738132577],[-594011.334853383363225,-328517.073706729512196],[-594261.56610943027772,-328545.140551397926174],[-595530.866699531208724,-329796.178524948249105],[-596458.495058799628168,-329833.234801742539275],[-597280.411589674884453,-330642.1197566948249],[-597957.826225300086662,-330651.061680420592893],[-598026.901437911321409,-330893.040996345807798],[-598804.839724889607169,-331753.958672166394535],[-598977.563773023546673,-332358.921023577684537],[-599321.739708669832908,-332437.845477795635816],[-599390.598287853528745,-333165.496112863649614],[-599762.620739018544555,-333535.150911840726621],[-599859.101688980939798,-334068.414780063962098],[-600231.160465442109853,-334438.059195086418185],[-600279.411257382715121,-334704.691151198348962],[-600029.547741905902512,-334755.546213788213208],[-598270.268963930429891,-336835.526361076452304],[-598221.749201496597379,-337375.286532303725835],[-597884.080271163838916,-337776.674656614137348],[-597880.380593662615865,-338507.595958039397374],[-597633.442306648823433,-338557.784708758117631],[-597293.099108239985071,-338956.57160188787384],[-597046.150729597895406,-339006.749655031191651],[-597021.859483974170871,-339276.631601663248148],[-596615.118695288896561,-339759.939455381769221],[-596769.576717067277059,-341597.68651885719737],[-597217.746558394981548,-342042.926716493151616],[-597288.885518498718739,-345270.351879808993544],[-596950.971615868154913,-345671.739817758905701],[-596926.655119672999717,-345941.635388716647867],[-597151.408818753552623,-346000.089895339158829],[-597715.657986135571264,-346405.163317372265738],[-597941.720382458064705,-347656.302640390931629],[-598944.276231763884425,-347768.075810314563569],[-599370.655279952683486,-348074.089286807808094],[-599932.645067190635018,-348220.138725062774029],[-600154.91757340519689,-348928.7551473332569],[-600716.952182935201563,-349074.772916468675248],[-601296.712096716044471,-349531.020127736032009],[-601504.384857429773547,-351058.568203737377189],[-601825.303779378067702,-351489.112460393109359],[-601899.428063443629071,-351725.326813338790089],[-602244.110589208547026,-351804.19035017042188],[-602417.172161402413622,-352409.203744266065769],[-603776.193768878583796,-353850.868382510205265],[-604142.272932031890377,-353934.590342181618325],[-604255.173557506524958,-354739.327330185391475],[-605055.095022194320336,-354959.557098622375634],[-604297.609765196219087,-356006.189692405343521],[-604618.145246363827027,-356448.59301300504012],[-604833.336222730926238,-357981.910192019771785],[-606041.186132580391131,-358007.243651410448365],[-606152.073074396001175,-359657.216953338764142],[-606561.468303452245891,-360062.942286110774148],[-606157.215678774635307,-360543.254991980618797],[-606566.635769356274977,-360948.983292506658472],[-606635.902429903973825,-361676.761648634914309],[-606656.741502852411941,-362137.876049854792655],[-605981.246941670309752,-362207.568047769425903],[-605640.48381064645946,-362606.639842793927528],[-599151.495979631319642,-362976.184201649099123],[-598369.580767945735715,-363894.431984201888554],[-597881.054225994506851,-363416.509711595834233],[-595318.431745245005004,-363608.751529070199467],[-594569.548928754404187,-364487.664754258759785],[-592181.032643632264808,-364632.40678017627215],[-591951.087201237794943,-364579.640364930790383],[-591534.221466029062867,-364261.7860015721526],[-591074.35093474376481,-364156.227527292328887],[-589312.206340165343136,-362511.37264247413259],[-588717.737960443133488,-362374.799053768918384],[-588613.718159870943055,-361555.060929890081752],[-587961.222313713631593,-361646.561477586568799],[-587561.330659547238611,-362011.2284045505221],[-586975.20714814949315,-361563.906642660673242],[-586676.850881208782084,-361702.757600009790622],[-585881.502921106060967,-362535.731546710187104],[-585432.695094157708809,-362681.119759653811343],[-584900.343835285166278,-363166.348214176017791],[-584590.99516793852672,-363054.014460775419138],[-584060.07225706265308,-362648.678270820353646],[-583889.312934102374129,-363534.392320318554994],[-582148.081437421846204,-365470.289831703761593],[-581699.138438567752019,-365615.556081446586177],[-580494.903833072865382,-366927.947807627497241],[-579906.417374120326713,-367118.250728747167159],[-579092.936793304164894,-368192.361389200203121],[-578963.673696162761189,-368861.168600192759186],[-578452.751028259866871,-369326.23093731404515],[-577864.13209052674938,-369516.447524403629359],[-577050.33375944616273,-370590.454487186158076],[-576930.804449097951874,-371208.408085867529735],[-576593.89606758300215,-371317.214637215074617],[-576633.488498778897338,-372239.599903061287478],[-576653.284827641095035,-372700.795202798210084],[-576224.809090039343573,-372719.18023254966829],[-575796.332711533410475,-372737.551601804443635],[-575724.573580364114605,-373108.330447732820176],[-575028.998584650107659,-373332.895243523351382],[-574990.190224150777794,-375327.444848440936767],[-574696.848035210277885,-375773.84626394015504],[-574708.132113549741916,-377404.665612556331325],[-573174.516196181997657,-377509.343572782934643],[-572762.543364609009586,-377988.966499373782426],[-572333.567743573104963,-377928.878058608330321],[-571510.564530159812421,-377118.152322933834512],[-569722.597526290570386,-377115.708115245273802],[-569347.934600189328194,-376747.898293016129173],[-567557.059752909699455,-376745.179278917319607],[-566962.609721851884387,-376154.325785961758811],[-566866.684121470665559,-375617.293148918426596],[-565821.96520201000385,-374586.621933794172946],[-565319.970921105472371,-374529.393060956965201],[-564049.726818817667663,-373275.046200131531805],[-561405.324264542548917,-373307.450585381011479],[-561030.995622870977968,-372939.422440775902942],[-560780.042145665036514,-372910.721454386424739],[-560751.167276461725123,-373619.060031549073756],[-560457.408644056296907,-374065.141933289007284],[-560327.148596769780852,-374733.797302015125751],[-559815.37442488304805,-375198.169110427203123],[-558508.769631432951428,-375378.351353175006807],[-558120.306584573350847,-375730.710033245850354],[-557242.211401771521196,-375892.962002178130206],[-556444.210619835765101,-376724.275778057752177],[-555456.736895458889194,-376906.578854503168259],[-555298.971152106649242,-377714.693734848406166],[-554786.910508887725882,-378178.884403777192347],[-552193.996467630728148,-378411.477467040123884],[-551805.282331374823116,-378763.661399333272129],[-550926.927825071732514,-378925.50363975961227],[-550538.166234918753617,-379277.652298333181534],[-549550.440847665886395,-379459.524098374356981],[-549426.426654805312864,-380093.191419184440747],[-549132.14566438109614,-380539.047618500015233],[-549005.698883784352802,-381184.997306214063428],[-546958.864763430552557,-381334.798719244019594],[-546911.587808750220574,-381067.880995552870445],[-546539.874877257854678,-380696.621127872786019],[-546492.607544667320326,-380429.703439622651786],[-546384.271416784147732,-380045.400784670666326],[-544957.746490436256863,-379967.088021659175865],[-542610.890563613269478,-377737.6665744765196],[-542503.745088223367929,-377357.171773403824773],[-542989.769655036274344,-377185.871044152707327],[-542785.459187806001864,-376441.294268395402469],[-542244.270833807182498,-376050.090844740625471],[-541794.341559378546663,-375931.307580722786952],[-541368.521845537004992,-375623.399217648722697],[-538347.216054411605,-375607.853963514440693],[-537027.499284671852365,-374411.614244093827438],[-536577.676552340039052,-374292.658452718053013],[-535972.667485560756177,-373854.819668348296545],[-533874.114903494715691,-374083.568791447964031],[-533036.426403563353233,-375186.521355166099966],[-532876.304310094681568,-375902.659634733747225],[-532350.184222569689155,-375521.717820903344546],[-531340.248402327531949,-375404.23737811454339],[-531123.111172314267606,-373742.876593373715878],[-530113.32178230304271,-373625.306397216219921],[-529687.852728183497675,-373317.035568530031014],[-528606.007983167888597,-373291.183714750572108],[-528619.643710368894972,-372005.529035578889307],[-529204.838499229867011,-371818.799569406663068],[-529739.07557091768831,-371299.721320099430159],[-529837.399926529149525,-370388.078411427617539],[-529385.541174138663337,-369809.833051360037643],[-529255.993744339328259,-369487.077574694645591],[-529660.896097370306961,-368875.058319230738562],[-529600.413931195507757,-365860.656942525296472],[-529172.156316041247919,-365877.541267936176155],[-528064.910896291723475,-365881.959670959215146],[-527691.72202979773283,-365513.031657616083976],[-527263.418371534906328,-365451.513737353205215],[-526850.256410907953978,-365929.673586935736239],[-525571.185971317696385,-366058.142442102427594],[-524229.717388071643654,-364724.770955223764759],[-522871.889499505225103,-364699.376443202083465],[-521831.043425853946246,-363665.006274495855905],[-521712.430394839902874,-361550.176376108487602],[-520177.442416480393149,-361570.578578431683127],[-519804.58892569510499,-361201.4458532371209],[-519303.356381626566872,-361142.507957419671584],[-518709.407985624508001,-360553.199554676946718],[-518662.10932028607931,-360282.64752378774574],[-518414.533902949420735,-360331.381399000645615],[-518071.328446785104461,-360728.204919188690837],[-516291.863407915341668,-360875.108089660236146],[-515538.185208223992959,-361749.557172331027687],[-515042.95987834315747,-361846.905960861127824],[-514699.616392751515377,-362243.6475386240636],[-514023.849122026469558,-362308.710069293447305],[-513922.359148953808472,-361945.000251535209827],[-513348.526149578858167,-361809.755160836444702],[-512933.702937612775713,-361489.48245364340255],[-512276.063799463619944,-361451.708606363274157],[-512171.225399532413576,-361980.502996646740939],[-506926.545848499343265,-362053.811203699558973],[-506511.875860203581396,-361733.340078408655245],[-504660.284977625880856,-361669.487900113686919],[-504485.05771723104408,-361039.843603116692975],[-504157.258463173522614,-360618.460470985563006],[-503982.789487704460043,-359991.381489111401606],[-502558.806524245766923,-359908.594072158273775],[-501699.008429547480773,-359142.765261839726008],[-500701.729489116638433,-359038.603239061369095],[-500528.887043550261296,-358416.658663449867163],[-500201.273344112967607,-357995.188542956195306],[-500018.921464668936096,-357338.980515497503802],[-499472.944716322002932,-356916.424217348569073],[-496018.387885316100437,-356918.801605570653919],[-495604.139904431591276,-356598.008516300586052],[-494518.858840351051185,-356575.167564425617456],[-494444.984399629698601,-356945.448101035843138],[-493724.508942843705881,-357173.553027091897093],[-493335.113608205167111,-357759.303012257034425],[-493236.557583863323089,-358252.981246118142735],[-492931.396312055236194,-358711.965336204215419],[-493269.428287320246454,-359147.318633922957815],[-493336.700784880493302,-359389.876054954889696],[-493827.978758027544245,-359506.483262697700411],[-493459.70631815539673,-359910.108944605570287],[-492268.123034765128978,-359828.099572162434924],[-491853.884006545820739,-359507.183302244753577],[-491395.104036578268278,-359398.222913671808783],[-490535.99850666715065,-358631.685164833383169],[-489022.551101398770697,-358624.037155756610446],[-488343.885884944873396,-358688.102888074761722],[-487798.539896740112454,-359323.563418895122595],[-487762.213667993200943,-360324.236467457551043],[-487420.741251290310174,-360722.883238263835665],[-487367.628182293788996,-361262.304709670192096],[-486614.71610449772561,-362137.734777909121476],[-486604.859258306853008,-362868.713423567765858],[-486123.273575273808092,-363020.836598421155941],[-486277.268935097497888,-364049.367634998750873],[-487049.513642023433931,-364916.94401726545766],[-487133.429424679779913,-365620.81999618379632],[-487049.105657789681572,-366041.860947963839862],[-486535.274755912425462,-366503.392818526655901],[-485228.837767644028645,-366676.435394158877898],[-484015.474703364714514,-367980.113952921179589],[-481316.682448152918369,-368208.067455663753208],[-481162.734370366495568,-368974.976186093408614],[-480825.23008389613824,-369081.373075674695428],[-480480.981518442335073,-368999.38329150644131],[-480279.763027315377258,-368271.426613030605949],[-479935.538656609947793,-368189.423489211592823],[-479684.908744281972758,-368159.210873784555588],[-478792.616167802421842,-367267.29058449191507],[-477941.531366410315968,-367375.940995876851957],[-477596.978042936185375,-367771.745059444219805],[-476920.823426552349702,-367834.940978263271973],[-476858.590400445333216,-367106.521886175265536],[-476044.603311581828166,-366287.281295130378567],[-475955.733383448910899,-365831.793274307332467],[-476367.509196514438372,-365352.088784562714864],[-476394.299797101761214,-365082.391660029767081],[-476299.366855505213607,-363431.421032448066399],[-475485.622164565138519,-362612.17190984741319],[-475423.472197928174865,-361883.777345797454473],[-475032.227458953682799,-361790.358632922114339],[-474601.533183675084729,-361234.178662379737943],[-474467.658829910622444,-360748.8720016827574],[-473696.472289801575243,-359880.605599008034915],[-473546.365149845194537,-358934.027108541806228],[-473219.609697679930832,-358511.900701737089548],[-473044.278759806591552,-357875.950784651911817],[-469284.419959700724576,-357943.240944116900209],[-469184.176583652792033,-357579.212541710876394],[-468449.232259116542991,-357403.326841950591188],[-468018.945897273137234,-356846.956695060827769],[-467826.598493348399643,-354869.869234996149316],[-467245.125005399982911,-354382.688792551809456],[-466358.859024290519301,-354287.774311864282936],[-465945.428858822677284,-353966.076168356696144],[-464631.327175611164421,-353885.9021276916028],[-464217.951863954833243,-353564.15197578992229],[-463133.062039587413892,-353538.774706633936148],[-462882.751607149781194,-353508.253383099741768],[-462291.448450966621749,-352916.245782107871491],[-462186.835934724716935,-351996.130437806481495],[-462598.631553937797435,-351516.901254373427946],[-462607.644627168017905,-349672.330893874750473],[-461720.299474784813356,-348776.394581025990192],[-461595.394305490655825,-346203.067908177094068],[-460062.333570377726573,-346216.601391914125998],[-459691.589505033625755,-345845.855392941099126],[-459013.812924977159128,-345829.918887809850276],[-456448.093802043877076,-345917.512521748663858],[-456398.202957896457519,-346164.190057663014159],[-456101.748603349318728,-346607.868263661977835],[-455973.788648769899737,-347240.473743710201234],[-454878.277504785975907,-347434.689317410287913],[-454715.000980778189842,-348241.386295657081064],[-454054.816411877109203,-348832.299771214660723],[-453319.299850108916871,-348731.441253958793823],[-452906.357782278268132,-348409.357068230456207],[-452020.616895775368903,-348313.501741217682138],[-451607.719500166422222,-347991.378745329100639],[-450611.787907852209173,-347883.509805403358769],[-450394.489641835447401,-347089.662706567905843],[-449850.540986421750858,-346665.131628831033595],[-449392.584687417605892,-346554.750069358677138],[-448979.804354743566364,-346232.550961345667019],[-447467.945847470778972,-346220.223678181122523],[-447391.749239474185742,-345027.366222823329736],[-446801.321647346368991,-344434.574248319258913],[-446301.133481705153827,-344372.923338920983952],[-444602.250831527228002,-342660.683349796279799],[-443497.161588084069081,-342658.136948602390476],[-443397.710106994200032,-342293.962415005837101],[-442825.525442561891396,-342155.731785459734965],[-442413.03776819887571,-341833.3422191516147],[-441756.685059991315939,-341792.125047986628488],[-441427.616672597650904,-341905.625763558142353],[-441288.884558570221998,-342508.677018132118974],[-441002.729740030423272,-342962.777924432710279],[-440881.201691228314303,-344159.318067474639975],[-440153.188366907590535,-343623.418892375542782],[-438605.221769182360731,-343811.010704361193348],[-438204.03797810227843,-344149.019960535224527],[-437984.607545729319099,-344224.618255841545761],[-437734.542416583746672,-344193.630814526288304],[-437364.48782706016209,-343822.276000758691225],[-437114.431936427601613,-343791.277112697367556],[-435584.259845567692537,-343880.239293329126667],[-435239.145647602912504,-344274.879629006318282],[-434564.055291642027441,-344335.935043745907024],[-434220.753867341612931,-344252.779606567695737],[-434022.344990814919583,-343524.286162451840937],[-433450.218411651963834,-343385.654254057095386],[-433037.929395316401497,-343062.973923059704248],[-432046.872201957157813,-342954.193997692142148],[-431120.542477617040277,-341921.679247100837529],[-430941.761490613222122,-341264.635563069430646],[-430398.678261412889697,-340839.337447669706307],[-429941.099573393701576,-340728.297772565041669],[-428644.577549707493745,-339510.394836033752654],[-428415.817699838138651,-339454.847641742264386],[-428370.392382646503393,-339184.03458080033306],[-427781.485908857255708,-338590.835315084434114],[-426676.780604277038947,-338586.903551605297253],[-426577.812576677300967,-338222.617085839388892],[-426005.995635998377111,-338083.67397478967905],[-424268.144872652250342,-336417.715542767429724],[-422528.825956439482979,-336346.960793039761484],[-421675.192540912539698,-335576.180034219054505],[-421019.241532956599258,-335533.950668930076063],[-419489.966629804170225,-335621.07312592654489],[-419144.619938518095296,-336015.273868140240666],[-418042.592509284149855,-336088.856220128538553],[-417615.284499059605878,-336102.182521806505974],[-417516.596156168961897,-335737.836159811064135],[-417173.613564525148831,-335654.251183806336485],[-416517.679850654967595,-335611.801444190612528],[-416106.041759741259739,-335288.62129443656886],[-415534.453135597053915,-335149.235672431241255],[-415370.068082814745139,-334541.983818086911924],[-415045.73260661715176,-334118.531832441105507],[-414914.235793677042238,-333632.744654890848324],[-414589.935377401590813,-333209.284491897386033],[-414458.462170309969224,-332723.496123397082556],[-414134.196714479709044,-332300.027878506109118],[-413964.248463180672843,-331671.944220194302034],[-412544.163108531793114,-331579.641858553688508],[-412119.370651303150225,-331245.828132079390343],[-411702.325394387124106,-331617.230691263393965],[-410700.891717990918551,-330711.227783903479576],[-410528.8046921074274,-330074.500582627719268],[-409163.428475347522181,-328592.409498846856877],[-408064.060622949793469,-328469.63010887830751],[-407961.444013617758173,-328089.584269293467514],[-406680.284218896005768,-328128.557726164348423],[-406621.912910545011982,-327400.057091021386441],[-406255.601382023014594,-327025.115925143181812],[-406138.911842224595603,-325568.126033294480294],[-404890.838381802313961,-324296.595312865101732],[-404802.200313748791814,-323762.050435679266229],[-404436.03458893019706,-323387.069496274401899],[-404294.064468309166841,-321086.428719393501524],[-404740.405543103057425,-320570.285443777393084],[-404338.484325541416183,-320158.601787731982768],[-404252.26509430637816,-319702.812633279245347],[-404665.004691989219282,-319225.482712811266538],[-404693.077539599617012,-318956.030024128966033],[-404586.895182210777421,-318562.196954674727749],[-403465.16771324723959,-317545.406471658847295],[-403146.587753829837311,-317680.707145276013762],[-402688.106654623581562,-318088.811862204980571],[-401701.948792224633507,-316982.97738717822358],[-401571.070867426868062,-316497.120070462115109],[-399926.207674618053716,-314728.140799553832039],[-399762.731193826650269,-314120.787781307764817],[-399420.417879286513198,-314036.763083607307635],[-399195.970613733457867,-314106.310147664160468],[-398805.407966685772408,-314453.868754070601426],[-397929.868865141761489,-314605.637269197381102],[-397539.259183686226606,-314953.159944905317388],[-396663.67525950394338,-315104.845975504897069],[-396273.018545816012193,-315452.332677587051876],[-394970.735215778055135,-315616.540275447710883],[-394580.020348918740638,-315963.97865033330163],[-390290.963292002212256,-316215.491215463494882],[-389486.854549802897964,-317036.430318209459074],[-388502.05679572414374,-317206.383574823557865],[-388422.2939264003071,-317591.825428648444358],[-387995.575942474475596,-317604.207021067501046],[-387930.383986175409518,-317361.211062468821183],[-387607.319098115898669,-316937.150639318162575],[-387436.476682529435493,-316300.192609897174407],[-386450.276427436852828,-315403.804795939126052],[-385832.936664042179473,-315251.571413149300497],[-385407.386063037149142,-314692.750837723608129],[-385277.121378208103124,-314206.743692459305748],[-384954.21290623198729,-313782.628783034160733],[-384791.429694283811841,-313175.098900260520168],[-384449.245484030689113,-313090.69200118992012],[-381640.46536598703824,-313131.992883532657288],[-381272.817799007170834,-312759.18253216863377],[-380170.37343408371089,-312751.424463343631942],[-379833.581302181817591,-312855.239570076926611],[-379705.77289677306544,-313471.074049276125152],[-378994.096263990970328,-314386.243305599375162],[-378942.944617659668438,-314632.568888909532689],[-378722.340769198315684,-314567.596358600712847],[-378107.595838015025947,-314123.408834202797152],[-376448.425819912226871,-314324.930450013489462],[-376358.261484903807286,-316436.882683699019253],[-376008.423159176716581,-316561.702522918756586],[-376099.324441767937969,-317727.196902777883224],[-376542.794143471750431,-318310.303141674434301],[-376435.80266585375648,-318640.911712500266731],[-376137.428862229862716,-319082.720150326436851],[-376036.810970868566073,-320155.310732626239769],[-375234.961126652138773,-320402.117616405826993],[-375656.745463949861005,-320956.685476698970888],[-375348.577274829847738,-321412.842642832605634],[-375215.191189054632559,-322053.985840380075388],[-374029.67084047262324,-322156.25175941787893],[-373985.293436757405289,-322974.345019805652555],[-373439.255519367929082,-323494.693082657293417],[-372989.792749202460982,-323632.918789246352389],[-372598.281708449299913,-323979.731784035160672],[-371990.172441291273572,-324166.703373935655691],[-371596.631506407517008,-324748.740679271810222],[-371468.303819997760002,-325364.545370941690635],[-370906.353339583030902,-325537.226140247483272],[-369686.23922005755594,-326830.101531171938404],[-369034.419675481680315,-326910.931515135860536],[-367753.372834806330502,-326946.180344513442833],[-367532.528857448371127,-327019.261824260291178],[-366718.437991040816996,-327830.765974096255377],[-366276.707670690026134,-327976.891991019016132],[-365713.30365365446778,-328453.901671740342863],[-365004.481753393250983,-328339.207483593432698],[-364415.909848020819481,-327893.631002603215165],[-363449.429089485027362,-328104.573019134404603],[-363626.869218541658483,-330069.261578168836422],[-363949.010018417495303,-330512.207309612305835],[-363651.381214385095518,-330971.990404264070094],[-363608.420965721656103,-331675.500321444647852],[-363181.253807609726209,-331687.090489415975753],[-362699.570089171698783,-331834.744410160987172],[-362843.865271482616663,-332864.371673533401918],[-363287.212101556593552,-333447.97874128370313],[-363121.273286506650038,-333958.43189345637802],[-362211.97733690624591,-334881.845608214789536],[-361603.233791690028738,-335068.358180133858696],[-361208.905578023637645,-335650.133078167331405],[-361105.746262060245499,-336142.719393775973003],[-360806.456580775848124,-336584.238017748168204],[-360754.866168874374125,-336830.53112390084425],[-360725.492448364209849,-337103.237568936077878],[-359342.621258239960298,-338675.872517931973562],[-358847.346239273669198,-338767.436599256878253],[-358500.180964587896597,-339160.07408620842034],[-355260.673542253673077,-339285.49217484658584],[-355140.421394993958529,-338294.184265396557748],[-352882.205387065128889,-338496.299977063725237],[-352473.783479153586086,-338826.223295137344394],[-352039.554458688246086,-338980.094203527027275],[-351631.097129422298167,-339309.992930078064092],[-351088.27824812073959,-339502.295798530336469],[-350886.209078669722658,-340307.406120770494454],[-349969.63550024793949,-341200.018136899045203],[-349324.996351954701822,-341288.064205173344817],[-348560.436981877312064,-341234.711902397102676],[-348458.05426654528128,-340848.997298002126627],[-348115.427891589642968,-340763.643450689793099],[-347954.064534894132521,-340155.555469389713835],[-347631.781159271020442,-339730.465055697597563],[-347506.904314751387574,-339406.078385896573309],[-347918.863563599181361,-338799.759577458433341],[-348022.52967755694408,-338307.266792451380752],[-348332.698669815203175,-337850.694222982507199],[-347559.98197406786494,-336962.581298528821208],[-347495.453296155727003,-336719.357919719652273],[-345965.828806996985804,-336798.086831752210855],[-345547.404392311116681,-337270.502600404608529],[-344266.347108863177709,-337225.19025583693292],[-343824.17400484130485,-336774.927792569622397],[-343401.840127662348095,-336864.047217147017363],[-342983.325316828442737,-337336.382905408565421],[-341274.930423338664696,-337301.716901208797935],[-340907.809340998297557,-336927.736820301273838],[-340658.162205560249276,-336894.94251503481064],[-340410.504092133429367,-336940.380862519028597],[-340062.862076561665162,-337332.533876060275361],[-338105.7958035794436,-337421.204764682042878],[-337856.147667418175843,-337388.358133393048774],[-337489.122065352159552,-337014.284391382767353],[-335707.838719661638606,-336980.746361596160568],[-334902.029136453696992,-336155.986244796018582],[-333975.491747736057732,-336100.828397547826171],[-333608.61054577230243,-335726.652226450329181],[-333359.006869095144793,-335693.72225155524211],[-333347.528156299784314,-335232.406770808098372],[-333119.286582285771146,-335175.237633723241743],[-332040.333212213939987,-334169.852562957385089],[-332549.282538732455578,-333475.954287367931101],[-334381.136521605134476,-333297.409361029276624],[-334898.64131548354635,-332841.856172353902366],[-335039.462507015326992,-332175.73360422073165],[-335349.913572813558858,-331719.482711397344247],[-334578.409141896292567,-330830.663842645881232],[-334453.923407047579531,-330506.17760375799844],[-334866.169384754495695,-329900.299971893779002],[-334924.071351653488819,-327562.775932741118595],[-336054.866240069095511,-326177.886955720139667],[-336158.84537593316054,-325685.531457299424801],[-336458.670502089720685,-325244.599811885738745],[-336531.3774863894796,-323509.374548229272477],[-335530.181006132334005,-322355.510901752917562],[-334932.445627633307595,-322205.77376010234002],[-334287.467520335572772,-321653.101744360756129],[-335062.290580580825917,-320663.998410895932466],[-335192.225092096719891,-320048.568999955663458],[-335754.360493640706409,-319877.394906705070753],[-336271.280288081034087,-319421.830224549164996],[-336411.860911042895168,-318755.755337217415217],[-337126.630154499609489,-317842.836633258848451],[-337166.937134418985806,-317135.414637310605031],[-336917.666903561563231,-317102.556108991324436],[-336551.195901824685279,-316728.511387545964681],[-335199.298325822281186,-316684.175978384853806],[-334832.887367412797175,-316310.085339434677735],[-334583.639227679406758,-316277.183550966146868],[-334639.701051637297496,-315466.809405825915746],[-335312.438383911037818,-315229.034630576672498],[-335462.195071442460176,-314634.084850913612172],[-335745.873820727283601,-314176.84918953460874],[-335852.142403166159056,-312638.553239855566062],[-336624.138870181690436,-312533.696732832235284],[-336525.887355632265098,-311699.157524809415918],[-335279.01107890548883,-311574.605018777656369],[-334697.90234679490095,-312050.688990035385359],[-334014.436893143807538,-312207.421606432180852],[-333410.257699369452894,-311760.970611463824753],[-332435.112239505921025,-311628.70032672106754],[-332253.738408060977235,-311020.546855030115694],[-331390.053800400812179,-309990.467444100941066],[-330362.375471955572721,-309850.90291233244352],[-329787.129475383437239,-309382.610168943356257],[-329674.080254858941771,-307630.123895338387229],[-329000.533423183020204,-307685.8512135456549],[-328619.376010762469377,-308115.985553799662739],[-328181.717437804152723,-307668.455976679979358],[-327800.534862957429141,-308098.566855997312814],[-327553.375514351413585,-308143.759653168439399],[-327542.075503762578592,-307682.527274796855636],[-327466.729553751123603,-306978.027824691322166],[-327043.91242122015683,-306417.393264360434841],[-326313.857088709133677,-306233.795594660099596],[-326153.828859853383619,-305625.613603345525917],[-325731.10781297594076,-305064.942605146323331],[-324976.102057577401865,-304874.973566905129701],[-324773.934009298100136,-301505.766350624442566],[-323894.787947273172904,-300489.343639944447204],[-323184.337553327612113,-300310.430629610200413],[-323088.446817816642579,-299945.512931057135575],[-321809.980305117671378,-299976.365660749434028],[-321779.906661394110415,-300249.197748745558783],[-321226.869275033124723,-300874.227110913372599],[-320979.825299590709619,-300919.296520731993951],[-320730.902272392937448,-300886.140690933680162],[-320148.492492505582049,-300288.385805904923473],[-320105.353744615917094,-300017.312347692670301],[-318066.624604595650453,-299999.713932391663548],[-317963.587343730265275,-299606.974253628228325],[-317952.611586329876445,-299145.759956292051356],[-317888.141989883733913,-297955.831371948122978],[-317525.146649960312061,-297578.553144111472648],[-317482.638081934885122,-297311.048890606558416],[-317141.327318530937191,-297224.913149875414092],[-316945.800361232541036,-296479.331163429596927],[-315955.081807690905407,-296361.503643563541118],[-315547.116075700207148,-296035.338674408965744],[-315092.120302267197985,-295920.42369258904364],[-314247.321911444654688,-295143.057617332378868],[-313593.843968594970647,-295095.588874212582596],[-311669.909570331918076,-295069.438461642304901],[-311058.338225976796821,-294622.238640047493391],[-309958.508015555038583,-294790.172351512825117],[-309545.27166595205199,-295122.902338599495124],[-308928.408092776138801,-294671.673514914989937],[-307828.551115806621965,-294839.431833502254449],[-307420.437995987362228,-295167.921014726511203],[-306135.150765187572688,-295339.805519416346215],[-305544.858456484565977,-295814.775447124557104],[-304758.468285216833465,-295668.201333953300491],[-304509.502617129823193,-294846.022272760630585],[-304012.406960531370714,-295245.925535621645395],[-303579.096418686734978,-295398.144471791340038],[-303170.864225627738051,-295726.504719921154901],[-302126.883521110517904,-295923.109550617809873],[-301757.360855262086261,-296516.145305875921622],[-301636.558602177246939,-296991.781164309591986],[-301352.123341241793241,-297448.201853023492731],[-301173.142916847660672,-298152.759501833294053],[-300677.016022030438762,-298551.59956796473125],[-300243.561255132139195,-298703.7131133582443],[-299835.145003098819871,-299031.977868826652411],[-297568.949707126768772,-299233.551575611869339],[-297508.300424441578798,-300078.093194230692461],[-297283.61252847261494,-300145.921489690954331],[-296743.98631122772349,-300619.376806076557841],[-294634.783987783477642,-300534.199945176602341],[-294152.271269183664117,-299935.750241446425207],[-293980.704028827662114,-299277.103806637751404],[-293331.973416835127864,-298756.755184439301956],[-293226.447859221079852,-299249.83510754792951],[-291948.048046749841888,-299277.830572794540785],[-291845.586943197064102,-296242.875446101359557],[-291047.312486680399161,-295412.962914047006052],[-290965.085949087864719,-294956.562177468149457],[-291380.948691583122127,-294482.8086330993101],[-291411.215523420600221,-294213.651749532902613],[-291401.152184461359866,-293752.433930839702953],[-291480.132245831016917,-293383.510260778362863],[-291817.031525264319498,-293281.916895669535734],[-291786.797631599358283,-291898.276040546305012],[-291112.229462796472944,-291873.870434463839047],[-290747.727750718069728,-291498.638217444124166],[-290073.182763770048041,-291474.180223767529242],[-290083.201831774669699,-291935.392537411069497],[-290103.240051601431333,-292857.821023104828782],[-290072.9511588672176,-293126.972645921865478],[-289727.618390756833833,-293520.349358299397863],[-289697.319896033557598,-293789.501212512899656],[-289360.392729510029312,-293891.041371239291038],[-289191.452163012872916,-294679.495603730319999],[-288566.216699684388004,-295227.607645026233513],[-288340.375482721545268,-294358.765775502310134],[-287350.115581626945641,-294238.819464116648305],[-286942.930717852723319,-293911.787421916378662],[-286488.275297306943685,-293795.900556147447787],[-285928.792737159645185,-293346.458482228859793],[-285093.594531898736022,-293508.942885358352214],[-284928.068924998631701,-294280.308205042034388],[-283519.012787561805453,-294446.342868771229405],[-283126.147465296438895,-294790.462087487394456],[-282901.482010126812384,-294858.046290707832668],[-282838.301828811469022,-294614.586238541989587],[-282519.150731198722497,-294188.07297292741714],[-282353.802492057264317,-291856.268963109876495],[-282034.729428137361538,-291429.751551678869873],[-281871.440206948085688,-290800.209027056524064],[-281110.116793762193993,-290743.03557176789036],[-278733.825839802564587,-290831.980104391579516],[-278385.676074574235827,-291222.407046887383331],[-276435.171321132103913,-291302.056998765503522],[-276340.600749925361015,-290936.829344861966092],[-275999.758249130158219,-290849.646844846371096],[-275948.566845590656158,-290120.806464425113518],[-275586.985035039426293,-289742.411501138005406],[-275545.336729117727373,-289474.789654530817643],[-274020.902639450621791,-289545.291356862755492],[-273672.652702953782864,-289935.592165917507373],[-273251.415312969940715,-290022.473641520249657],[-272813.15462341933744,-289570.024714642670006],[-271890.1897081626812,-289510.598965969926212],[-271310.487259984016418,-288910.766719993262086],[-271268.368958179897163,-288639.558404501818586],[-271182.721487408096436,-288280.881178223702591],[-270735.892277520033531,-288130.328540363407228],[-270219.553609876486007,-288602.195183453615755],[-268176.552134920319077,-288760.657048123946879],[-267067.168366918922402,-287695.795235013647471],[-266982.737575679726433,-287341.746169834863394],[-266883.058872131223325,-286955.560253246629145],[-265469.185995285166427,-286847.714801929716486],[-264933.676064063736703,-286415.938437315635383],[-264826.516518736316357,-286000.507522647501901],[-264489.612651601084508,-286101.415388214634731],[-264409.942231941851787,-286470.161149726423901],[-262885.818960054253694,-286539.390654019196518],[-262537.331509628274944,-286929.39347648085095],[-261864.633933258999605,-286981.732514471223112],[-261796.834947724244557,-286743.860267081356142],[-261488.615185017406475,-286305.51755117852008],[-261319.1547108857485,-285710.8251463220804],[-260653.040182009281125,-285518.687392391497269],[-260456.950333384505939,-284830.318957655923441],[-260067.462522832269315,-284641.520258927659597],[-259485.97523471218301,-285120.44041714607738],[-259061.720414751209319,-284797.866994489857461],[-258061.756235497829039,-284659.970852712867782],[-257970.541356700850883,-283827.839743704826105],[-257722.118942394328769,-283793.515019260754343],[-257358.786016058234964,-283417.392830426106229],[-256861.96138210548088,-283348.716146374295931],[-256498.664713909180136,-282972.571573598135728],[-254122.196368655218976,-282978.914403858419973],[-253875.289032009837683,-283022.738052926200908],[-253526.638697228423553,-283412.497097648039926],[-253279.721550943300826,-283456.309826116426848],[-252428.462842584383907,-283472.438958018785343],[-252181.541420808294788,-283516.231435912137385],[-251832.82902665992151,-283905.947258418716956],[-251585.897795954049798,-283949.728760303929448],[-251554.444914932915708,-284222.369803125096951],[-250998.889343006827403,-284844.418313752335962],[-249900.588107492047129,-284904.152473053894937],[-249766.660651817597682,-284382.462937052943744],[-247538.989766438258812,-284549.599675635981839],[-247037.568065071187448,-284986.758160404919181],[-246805.738986075361026,-284082.822384867875371],[-246270.954695174557855,-283650.305931476410478],[-246043.989940017985646,-283591.676619949401356],[-245618.356382088648388,-283599.517191773746163],[-245559.662686543451855,-283839.789043461554684],[-245268.37412647830206,-284289.512325020099524],[-245167.908758731617127,-285692.500651038135402],[-244459.296553663240047,-286611.250112068955787],[-244333.33808678141213,-287699.335000578139443],[-243140.154945645917905,-287797.304480129794683],[-243041.166147065028781,-287410.941151331469882],[-242280.248120428121183,-287351.555834498780314],[-242146.598610811401159,-286829.782663049641997],[-240237.056171027186792,-286997.390780962770805],[-240060.09916918919771,-287809.211314145941287],[-239393.931561437086202,-288389.210118844523095],[-236960.578378765465459,-288306.990176650870126],[-236541.647879032883793,-287967.764590260921977],[-235987.63236013869755,-288449.857680275803432],[-234831.656331078644143,-288344.608705953229219],[-234412.779933211044408,-288005.316316719050519],[-234006.073725308844587,-288359.10555129632121],[-232704.91749597969465,-288507.482224498176947],[-231881.274877610936528,-289330.617507165006828],[-231447.168980595539324,-288978.823289124411531],[-230205.804886387981242,-290270.697292368393391],[-228703.420713938598055,-290359.332734409137629],[-228604.834972707234556,-289972.8571237239521],[-227191.033706438465742,-289860.955928890267387],[-226351.846474209771259,-289078.086167104891501],[-225897.923559239628958,-288960.142514441802632],[-225492.438572207931429,-288631.253673974249978],[-222710.729914296680363,-288615.13278490799712],[-222718.424489351047669,-289076.378159331448842],[-222292.616004034440266,-289083.474783888435923],[-222276.2996608169924,-290278.130677102890331],[-221718.749983059737133,-290899.398699141398538],[-220798.57995664421469,-290992.894580392865464],[-220448.764468037901679,-291381.805170838371851],[-215269.693966607766924,-291544.551290855568368],[-214919.704981906106696,-291933.318124002311379],[-213999.423696554527851,-292026.345823555602692],[-213649.385229075007373,-292415.080386502610054],[-211698.517258430045331,-292485.273566759133246],[-211592.205640978005249,-292915.482510427187663],[-210662.340791103080846,-293817.402809687366243],[-209691.330140323436353,-293986.139131818781607],[-209508.803170141443843,-294724.1233029680443],[-208959.335334407020127,-294903.702962661802303],[-208554.147142518253531,-295234.63326101412531],[-207564.886935433896724,-295406.371614719741046],[-207437.235259000386577,-296482.383759233693127],[-206725.432807588105788,-297399.182867255003657],[-206606.546870734135155,-297879.419929782859981],[-206313.605693612451432,-298328.327746848517563],[-206282.637053316022502,-300413.581328409083653],[-205631.342728237214033,-300486.438806992489845],[-205236.337664817343466,-300828.270924383250531],[-203400.17388306351495,-300989.775421435828321],[-203225.449061734951101,-301780.072701717552263],[-202280.978699149010936,-302718.9287660040427],[-201718.006932005780982,-302884.486262293066829],[-201582.168667526595527,-303498.490383364376612],[-201164.85857077993569,-304100.119083652214613],[-201292.813225474761566,-304887.065399900835473],[-201609.574693524918985,-305315.536725578596815],[-201678.270619382936275,-306020.695256973733194],[-201340.393866244441597,-306120.019445503829047],[-201204.501156797166914,-306734.032301758881658],[-200804.224820476578316,-307310.921338818559889],[-200194.70146977994591,-307490.051123860408552],[-199799.347707735199947,-307831.737312471319456],[-198645.772407782060327,-307974.569348804943729],[-198088.74593645267305,-307521.420740599511191],[-197634.467027957492974,-307402.502319326275028],[-197229.146505410695681,-307072.718216366076376],[-195645.54910344351083,-306970.346298918884713],[-195089.278023456572555,-307450.793849382956978],[-194670.848941407486564,-307110.216166880796663],[-194216.616006738535361,-306991.181984634138644],[-193649.853939795051701,-306494.532343865837902],[-193570.927153580560116,-305679.146971336216666],[-193233.001978039101232,-305778.265888690017164],[-193151.254636423196644,-306146.622781536891125],[-192798.800117941835197,-306249.977297954028472],[-192670.94935296359472,-307439.509767744515557],[-191934.127702490572119,-307655.542136537842453],[-191533.426972727756947,-308232.156365097442176],[-191437.531137516489252,-309645.931871664652135],[-191133.383752416906646,-310083.536183566320688],[-190993.455264511605492,-310713.281689570460003],[-189897.851728092238773,-310885.80771262064809],[-189812.452855523588369,-311269.97746421006741],[-189587.068899640522432,-311335.996444893651642],[-189191.332408375223167,-311677.376847443694714],[-188209.079720894893399,-311831.900669339112937],[-187333.841097906552022,-312905.81915213575121],[-187218.577956176595762,-313973.238124506257009],[-186658.407221113244304,-314492.81209577829577],[-186087.866743892402155,-314028.032350991852582],[-184825.297140937880613,-314182.974452832713723],[-184738.845231307233917,-314570.981030151597224],[-183658.409056931763189,-314523.036610460199881],[-183142.08629120135447,-314102.223812306649052],[-182915.128375721367775,-315120.293528066540603],[-180997.33874192571966,-315013.261970067105722],[-180794.514204140315996,-314207.309887737210374],[-180260.740435790474294,-313772.054513273295015],[-180033.578262726427056,-313712.291918613540474],[-179946.304081669863081,-314103.392108324856963],[-178565.631638944003498,-315526.746019706537481],[-178146.189959343028022,-315184.654427273897454],[-177563.600564775522798,-315031.307322644745],[-177418.802835973910987,-313963.860464921861421],[-177102.627845873095794,-313534.793206532020122],[-176914.717821436526719,-312787.080835098284297],[-175572.580128510860959,-314170.191807647992391],[-174493.858199340087594,-314247.129755943140481],[-174390.49817173788324,-313893.851287494297139],[-173841.742799506901065,-313723.006008981261402],[-173421.565980629558908,-313409.414547384367324],[-172000.206985175726004,-313271.165477409900632],[-171910.467755138175562,-312434.915530879457947],[-171263.633366177760763,-312511.611533440067433],[-170856.983565157017438,-312841.432230123959016],[-170551.751255263254279,-312982.122735496610403],[-168702.595443425845588,-311159.930559262691531],[-168258.603561780968448,-311028.731575534271542],[-167835.82244830817217,-310703.215442036162131],[-167421.344280567253008,-311039.240022284153383],[-166300.8556220040482,-311190.013744607334957],[-165711.285531602770789,-310735.926083494792692],[-165267.338205082662171,-310604.628211136849131],[-164852.599410079041263,-310285.134825526736677],[-164408.675731567607727,-310153.808796508586966],[-163993.971499519335339,-309834.289755017671268],[-163550.071452143747592,-309702.935692701663356],[-163135.401737950625829,-309383.390947570151184],[-162126.684727226675022,-309237.110103183775209],[-162032.596883091231575,-307021.423436556535307],[-161805.634228230221197,-306961.354177080793306],[-161388.082878006040119,-306619.737929412338417],[-160978.900416105025215,-306971.334939068881795],[-160528.005552688788157,-307102.39311484870268],[-160117.78973471239442,-307454.840388464566786],[-159113.14362727306434,-306492.197989793261513],[-158970.506663370470051,-305429.243363895337097],[-158655.124145113659324,-304999.765082440862898],[-158533.233412454457721,-304511.665907585294917],[-157354.448853332927683,-303169.611163642141037],[-157232.620916746353032,-302681.505854843650013],[-156054.125492868421134,-301339.352250490803272],[-155932.360296420927625,-300851.240846594038885],[-155185.652812365005957,-299965.352172287821304],[-155063.930876186292153,-299477.237098959216382],[-154648.697498489374993,-298911.235794850916136],[-153902.197373658884317,-298713.089779590955004],[-153825.100112287618686,-297890.858961360296234],[-153151.530832489748718,-297937.72035910357954],[-152765.132256148004672,-298362.770283760211896],[-152369.115480044856668,-297946.666927121579647],[-150842.469918744667666,-297924.868860728805885],[-149138.106469143618597,-297944.004110701032914],[-149055.201557900552871,-298312.069895053340588],[-148717.15022306604078,-298410.058268281631172],[-148039.349523813463748,-298357.062348935054615],[-147375.895151227829047,-297629.723831211216748],[-147515.138726216973737,-297124.852500081877224],[-147849.621123361517675,-297035.607553241658024],[-147844.515579415572574,-296574.306849522690754],[-147617.795792092510965,-296514.000953855866101],[-147200.932614935562015,-296171.96490517386701],[-146643.409332215029281,-296650.359577921626624],[-145803.322472339845262,-296514.949972309288569],[-145614.337317684025038,-295754.545220385189168],[-144516.036703477439005,-295609.572654841875192],[-144317.713161414081696,-294811.298053436272312],[-143785.904858987312764,-294374.663262363173999],[-143332.579817103513051,-294253.911608315946069],[-142498.128204464097507,-293465.771171539323404],[-142271.486059004993876,-293405.375757043308113],[-142180.606869036681019,-293039.216248316515703],[-141614.009765038616024,-292888.207688405818772],[-141210.526850499329157,-292556.760045034985524],[-140757.28738160431385,-292435.92239261319628],[-140353.839481172617525,-292104.449854221660644],[-139900.623345376458019,-291983.583477337146178],[-139497.210413469088962,-291652.085935350041837],[-138084.139726304274518,-291530.751769028196577],[-137927.669293871731497,-290899.493983402731828],[-137613.301320964994375,-290469.559355132863857],[-137487.551978169853101,-289520.029253064363729],[-137073.369842896820046,-288953.517602843290661],[-136460.405111446802039,-288789.839054857555311],[-135929.092730496922741,-288352.907804276212119],[-135825.952806216606405,-287936.460727324010804],[-135821.259484672074905,-287475.181456164573319],[-135481.478422791784396,-287384.420529767929111],[-135294.971494645171333,-286631.083999757247511],[-134534.688680874009151,-286565.560289989574812],[-133683.231830857577734,-286574.1148772778688],[-133461.890830983582418,-286643.324549981625751],[-132933.228239112882875,-287076.735866013565101],[-132780.999465460539795,-286037.871982302167453],[-133191.76239377859747,-285424.504250136669725],[-131156.762094472156605,-283149.188768355408683],[-131028.453833272491465,-282669.352450923353899],[-130722.10519212584768,-282230.830477008537855],[-130571.654753365422948,-280254.063926151429769],[-129991.815229940781137,-280085.197620465070941],[-129581.398855779654696,-279761.870113683340605],[-128507.833175861640484,-279705.262380954634864],[-128417.418152294383617,-279339.039506907865871],[-128077.895392111342517,-279248.094710319477599],[-127987.495055943596526,-278881.869827455375344],[-127647.986846317857271,-278790.91433705779491],[-127659.424082062061643,-276215.907114726258442],[-129271.71761701531068,-274430.74206793558551],[-129296.238982968294295,-273239.519900951825548],[-128649.767548266332597,-273177.394216873508412],[-128134.04202428663848,-272776.839499533060007],[-127946.155017150507774,-272090.82864038774278],[-126224.296225008525653,-270130.415219594491646],[-125082.812698015099159,-269961.212927741464227],[-124927.533427518021199,-267664.278584483254235],[-125815.134382660064148,-266532.843324376503006],[-125745.383346579706995,-265971.425883546588011],[-123799.434401200021966,-265834.668569713132456],[-123629.30139957179199,-265212.463067581527866],[-123326.12156739110651,-264771.01335670723347],[-123187.198439472107566,-263371.510707022622228],[-122025.67674926079053,-262015.430764113756595],[-121873.607998847248382,-259161.605583871656563],[-122360.031910132645862,-259005.724100100575015],[-122355.795352596396697,-258544.515167887671851],[-122008.318273218930699,-258440.141996625694446],[-121837.213455652759876,-257246.910617452056613],[-121068.713875421322882,-257172.540189537481638],[-120974.7684049634845,-256790.582337154599372],[-119989.051976537535666,-256658.270274240901927],[-119574.129375361502753,-256315.451588986150455],[-119165.429125282142195,-256665.665126026171492],[-117016.73158952796075,-256810.31249422050314],[-116620.817516933064326,-257149.431485983513994],[-112772.838275953414268,-257308.164114171580877],[-111534.913952239978244,-258576.719779419276165],[-110972.747547028513509,-258738.41000025338144],[-110889.057614415170974,-259106.154402963933535],[-110464.205056365215569,-259109.684339469211409],[-110213.349586704251124,-259072.124015843553934],[-109645.142467391182436,-258462.347051426011603],[-109568.199910839059157,-257922.818461835646303],[-108568.669801554002333,-256858.173333793936763],[-108321.185111780519946,-256821.076276102132397],[-106820.98899517992686,-256770.395938291854691],[-105860.222107140420121,-255855.593773264379706],[-104690.833809331452358,-255990.431448276678566],[-103744.640151018291363,-256920.308871498011285],[-102997.982832193534705,-256800.509927440056344],[-102168.238194271732937,-256010.022887954866746],[-101603.674852801967063,-255857.350419562018942],[-101412.322956444870215,-255074.359266723622568],[-100883.494276794735924,-254636.118210131156957],[-100657.70350850081013,-254575.030676230089739],[-100232.995533893248648,-254578.234297747316305],[-100166.392160631599836,-253411.585838805651292],[-99415.16419433055853,-252509.813519233459374],[-99845.977850597977522,-251896.427008510334417],[-99709.535512036309228,-250079.884798745712033],[-98290.958020107646007,-248659.599559006135678],[-95195.369478748223628,-248552.43863806000445],[-94722.113100228976691,-247944.934313775040209],[-94569.454017576892511,-247318.551291125651915],[-93584.717097260625451,-247184.292148241598625],[-92625.548818302035215,-246268.580677769088652],[-91456.87889369687764,-246402.250084420287749],[-91060.634094465945964,-246740.590724685345776],[-90835.880196813755902,-246804.92005723627517],[-90411.420001131788013,-246807.810420087247621],[-90164.175008244012133,-246770.378011580585735],[-89806.631141576028313,-246389.805282903340412],[-88887.717064021082479,-246317.755324423429556],[-88530.221919715928379,-245937.149172417557565],[-86585.272806984692579,-245910.836529435735429],[-86532.956202301968005,-246160.040587142168079],[-86219.139408505929168,-246586.766045919735916],[-86126.421606163028628,-248929.944129424809944],[-85705.559812552848598,-249502.085243466543034],[-85815.734020629708539,-249854.381249920494156],[-86148.869398116585216,-250295.185989958845312],[-85821.445058489392977,-250740.258427588123595],[-85719.710610084744985,-251699.873370288754813],[-84984.048931572702713,-252590.511632923851721],[-84879.298253234446747,-253088.923754789459053],[-84565.262503306556027,-253515.624903814925347],[-84453.400285952302511,-254569.463110176206101],[-83479.181749150186079,-255557.648389712354401],[-82916.507980487760506,-255705.297742447903147],[-82780.040609836156364,-256192.468666139640845],[-83217.211650486089638,-256770.974970922165085],[-82889.527897666630452,-257215.989814004773507],[-82784.660370973753743,-257714.39728984987596],[-82470.446972916790401,-258141.059100612066686],[-82365.556143085108488,-258639.46560245892033],[-82051.307160876138369,-259066.119567126006586],[-81998.851102353059105,-259315.322338305646554],[-82087.879038802129799,-259681.816419573442545],[-82765.253673690458527,-259866.016886255791178],[-82854.306277648283867,-260232.506899823260028],[-82822.812214257734013,-260962.325277378055034],[-82050.267899853934068,-261814.068545900227036],[-81987.178179510738119,-263273.716398457647301],[-81636.631784150522435,-263661.593036097707227],[-81602.236225252883742,-263930.189717210014351],[-80951.374983672983944,-263871.360956733813509],[-80550.281746769047459,-263538.140473678649869],[-79673.603425228197011,-263417.814351704262663],[-79122.507056068541715,-262959.851634777558502],[-77971.678756572131533,-263092.232053867250215],[-77152.271828823562828,-263893.898685213935096],[-75002.011559431775822,-264031.7716703825281],[-74604.821567629347555,-264369.652253051346634],[-69904.310786944624851,-264520.735707587737124],[-69506.977699042079621,-264858.465200068138074],[-69056.650384961772943,-264986.403532513242681],[-68659.281900334040984,-265324.108592279662844],[-68049.986438066276605,-265497.161846977483947],[-67645.31236730418459,-266069.891935624007601],[-67498.868904864502838,-266703.391908475838136],[-66740.824429301792406,-266780.40622173412703],[-65558.637129305163398,-266855.303740260656923],[-65467.797907638370816,-267247.973146592616104],[-65220.247159735547029,-267210.073293808382004],[-64650.620846236466605,-266601.091696939023677],[-64610.86526871186652,-265868.398973106057383],[-63534.923252105421852,-265810.772903942444827],[-62706.98484571598965,-265017.793950871215202],[-59705.190986329696898,-264905.983758393500466],[-58877.537311554158805,-264112.770882000098936],[-58001.025505870595225,-263991.018737405829597],[-57600.506809809565311,-263657.107952221354935],[-57149.03069952975784,-263533.456178227963392],[-56748.547074407520995,-263199.520622790383641],[-55872.115382689022226,-263077.629063107015099],[-54617.958913301947177,-261824.703451309789671],[-54053.727648388325179,-261670.011610187037149],[-53965.459348141710507,-261303.327435112354578],[-53115.614160474491655,-261306.742697047971888],[-52767.11599100825697,-261422.160575327754486],[-52618.969639814167749,-263068.276220465486404],[-51848.024748117873969,-263156.692532498622313],[-51885.10742046503583,-263424.930258954584133],[-52239.532922630387475,-263809.26556141563924],[-52313.718933106240002,-264345.740920807525981],[-52740.576760140203987,-264808.550272807944566],[-52672.125467609323096,-265728.06755627237726],[-52286.255188504430407,-266153.073636444984004],[-52747.878383824056073,-266653.51293914479902],[-52679.417147811276664,-267573.039412237354554],[-52256.115538900063257,-268039.205588949203957],[-52331.825973508050083,-268958.171090780990198],[-52758.830955964869645,-269420.991458322794642],[-52687.991997338365763,-269882.773290042590816],[-51700.580984327367332,-270959.420350139203947],[-51453.303694359492511,-270999.491017455409747],[-51490.399073928929283,-271267.741196377552114],[-52771.607606906305591,-272649.375309426162858],[-52701.292628818839148,-273108.066412442538422],[-51854.29296990900184,-274036.868892946571577],[-51930.007872031310399,-274956.167476717208046],[-52357.189345584461989,-275419.016153333242983],[-52290.459870059356035,-276799.853409954463132],[-51904.254230139944411,-277224.874331581522711],[-52293.780411988962442,-277646.86651046492625],[-52336.338924394411151,-279298.945236478000879],[-51884.305636436205532,-279426.598885495157447],[-52397.568432204119745,-280138.610566525137983],[-52267.75041988564044,-281046.957410816918127],[-51554.900046027069038,-281248.24057247833116],[-51499.587249499469181,-282992.500209516321775],[-51537.213917567489261,-283264.35166381392628],[-52106.613664611482818,-283873.613987899152562],[-52602.257823367712263,-283949.903483994945418],[-53387.231087144777121,-284791.144658051780425],[-53635.073196345678298,-284829.26814096304588],[-53574.785519489421858,-285529.960878424695693],[-53277.068725769335288,-285975.446612135972828],[-53117.139625255382271,-286591.49035397474654],[-52012.007768380288326,-286770.238450799137354],[-51884.553515496809268,-288765.763207064999733],[-51096.70354380790377,-289757.155336266325321],[-51732.881393897820089,-290304.051963755919132],[-52285.49249535988929,-290472.845556490879972],[-52381.58003703130089,-290831.218063579697628],[-52418.74628577697149,-291099.496332010254264],[-52773.917336583770521,-291483.878044740355108],[-52850.096188540534058,-292481.74535736721009],[-53205.316108809885918,-292866.118815173977055],[-53242.504330409428803,-293134.398085280379746],[-53468.723241091567616,-293196.30263201368507],[-53870.019787173441728,-293530.394063759304117],[-54455.011804103945906,-293690.43026251939591],[-54596.931141466360714,-295335.946723553701304],[-55182.010969862152706,-295495.952918402093928],[-55743.068939009986934,-295998.407165186596103],[-55813.549669558095047,-296814.506775677436963],[-55749.372993101278553,-297637.836688139825128],[-55006.159390440028801,-297847.669081901782192],[-54599.932196323527023,-298420.109398191503715],[-54542.917363660315459,-298665.08897183224326],[-54580.147653486819763,-298933.374117442115676],[-54935.587733511521947,-299317.716763394128066],[-55015.767017983045662,-301238.288483077543788],[-55371.28051719746145,-301622.625135518203024],[-55447.70548089134536,-302620.539956785738468],[-55803.2679076761342,-303004.868469394394197],[-55878.304018528426241,-303545.029999428603332],[-56448.760866533455555,-304154.182354545744602],[-57371.47436618989741,-304228.497268318664283],[-57729.620918151311344,-304610.064501088345423],[-58404.148307616596867,-304646.25612185371574],[-58441.471874502851279,-304914.54052688984666],[-58797.181169335977756,-305298.795017129741609],[-58834.5143396291096,-305567.07943534309743],[-58476.271354575685109,-305668.259171282756142],[-58357.245038397049939,-307198.007877288444433],[-57624.432062887892243,-308095.752654002571944],[-57567.429916798231716,-308340.760143338295165],[-57628.530399398150621,-309046.625333286065143],[-59226.239576623804169,-310856.962887850473635],[-59358.777305690193316,-312385.65544828545535],[-59944.660166255205695,-312545.470562256057747],[-60346.696955212093599,-312879.408291419094894],[-60573.282988842860505,-312941.200306401879061],[-60642.941385369871568,-314224.344407498429064],[-61491.480277822673088,-314455.686571132275276],[-61377.935840777565318,-315027.832273619133048],[-61069.449759768278454,-315462.469488609640393],[-60955.504372948635137,-315952.537486737419385],[-60646.98297886110231,-316387.167552960629109],[-60533.013961458935228,-316877.234944201074541],[-60224.457290680082224,-317311.857968314783648],[-60110.464642311715579,-317801.924701199983247],[-59801.872760880774877,-318236.54064039234072],[-59682.873979184041673,-319766.426883046224248],[-59324.255883282588911,-319867.638530275435187],[-59332.437899810516683,-321713.213490363501478],[-59106.264298911533842,-321777.034250074590091],[-58706.938667436807009,-322114.558091558108572],[-57996.357001188574941,-322315.015772695012856],[-58117.077952170875506,-323347.55558292841306],[-58429.626053501691786,-323779.443831200478598],[-58577.614336264094163,-324390.785017258080188],[-59372.387603747025423,-324607.439145895128604],[-58978.887894988634798,-325161.277678026526701],[-58864.16760633954982,-327151.954878090880811],[-58276.661327182766399,-327317.645168632036075],[-57877.14845214982779,-327655.156955044367351],[-57424.584100917105388,-327782.750576550548431],[-57025.035837672978232,-328120.238017810566816],[-56572.447791528662492,-328247.803237341402564],[-56023.352872358933382,-328711.538372734736186],[-55719.72950307186693,-328587.159528527467046],[-55166.789068020319974,-328128.023097916448023],[-53583.042558824061416,-328260.099842114781495],[-53183.383622895940789,-328597.473646013590042],[-51349.404757646407234,-328737.525198627728969],[-50882.431320047209738,-329347.297128632140812],[-50826.963423236840754,-330053.733903177489992],[-50600.133840635920933,-329991.769543484551832],[-49769.013124866418366,-329197.672204857633915],[-48888.310927582831937,-329075.270637461333536],[-47628.648534768202808,-327821.180036116449628],[-47061.710522236098768,-327666.147765448316932],[-46872.56788404584222,-326882.042005987546872],[-46342.724500838696258,-326441.430137952324003],[-45889.23171355730301,-326317.348849493486341],[-45336.723154621649883,-325857.813887152587995],[-43228.440616501691693,-325996.551152865809854],[-42333.271632251133269,-327069.933995714294724],[-42275.906162184335699,-327314.906910825986415],[-42049.16305069635564,-327252.798929593292996],[-41647.15617267505877,-326918.279246633232106],[-40339.668612797344394,-326796.638951126427855],[-39937.718236122986127,-326462.068948171683587],[-39351.469990616009454,-326301.362550053512678],[-39221.093323945693555,-324772.331952747015748],[-38362.62751467905764,-323737.208740798290819],[-37768.485840704001021,-323574.243621490662917],[-36778.669823774049291,-322609.277017412299756],[-36709.352329395042034,-321794.387548396247439],[-36799.206817631071317,-321411.178395501687191],[-37788.0281803291291,-321267.163707278494257],[-38291.895135106475209,-320842.593107978871558],[-38470.597294517843693,-320301.453429281886201],[-37614.077584061393281,-319268.261490704724565],[-37553.99107509899477,-318562.258523346041329],[-36792.427901163187926,-318491.155282054911368],[-36699.227862153922615,-318103.238166678173002],[-35919.255640983399644,-318019.369599501602352],[-35842.0512107238319,-316721.394150636158884],[-34313.60295449593832,-316686.276963386044372],[-33882.741792708722642,-316225.988990803190973],[-33459.266710884694476,-316305.304140410269611],[-32643.066132330732216,-317189.430216913926415],[-32250.211185427589953,-316769.659682881785557],[-31326.779491829220206,-316693.604367926367559],[-30969.068152559280861,-316311.300570655730553],[-30294.032639225850289,-316273.721571755886544],[-30256.200565297003777,-315543.958195199433248],[-29901.044317893632979,-315158.919723580824211],[-29826.211135675832338,-314157.458345417689998],[-29256.304723621233279,-313546.869529153511394],[-27906.526507301856327,-313471.506084897031542],[-26266.557613455333922,-311707.579582822916564],[-24738.710124372431892,-311671.369752427563071],[-24399.460336297688627,-311766.215896018780768],[-24313.019903944034013,-312133.521988307009451],[-24277.337100001481303,-312402.04498959594639],[-23712.797620614113839,-313017.941485363524407],[-22859.371315688527829,-313097.956458443775773],[-21790.069627815253625,-311948.354531345539726],[-21753.006579772449186,-311676.559600458538625],[-21716.401689387796068,-311408.162278019823134],[-20934.370498803753435,-310562.215340427239425],[-20896.343025638976542,-309371.089709132327698],[-20829.879765407487866,-307286.566441300732549],[-20529.219052164236928,-306842.682645612745546],[-20365.649548524525017,-306227.45451532577863],[-19391.103589928174188,-306075.456889389664866],[-18972.142337877179671,-305745.267541408771649],[-18554.120041095633496,-306076.644812256156001],[-18112.237259771143727,-306214.027579057379626],[-17702.02977429834209,-306539.154859692498576],[-17260.122974058649561,-306676.509861795871984],[-16424.067327093282074,-307463.499007364094723],[-15982.099547611798698,-307600.812590964371338],[-15398.934605218513752,-308062.855918006913271],[-13301.456719454577978,-307919.843642471299972],[-13132.345996162381198,-306672.059829039149918],[-12158.581862649345567,-305759.415173717832658],[-11716.369688117934857,-305623.03375352761941],[-11132.375473039337521,-305162.181354940694291],[-10863.43370738601152,-305299.178495546628255],[-10453.113032443012344,-305624.081306659209076],[-10232.121468690816982,-305692.640403045748826],[-10195.764006893678015,-305424.222017586114816],[-9630.212251696824751,-304810.032802133297082],[-9130.714984774098411,-304731.614485079771839],[-8099.172716752850647,-303619.664204339613207],[-8489.02774911495726,-303194.213116649072617],[-8524.119619331078866,-301541.721994346706197],[-8276.099556175542602,-301502.757103407173418],[-7919.453329727679375,-301119.87516665214207],[-7423.433903284346343,-301041.91854411031818],[-7066.824360310353768,-300659.014906230964698],[-6818.82499380507852,-300620.023179871670436],[-6479.712118957630992,-300714.408013567444868],[-6392.869163455192393,-301081.572005977272056],[-6393.089873894907214,-301542.911427972372621],[-5966.883949352959462,-301543.108529025572352],[-5899.329829584826257,-303298.553771593375131],[-4743.686152949015195,-303481.066721392446198],[-3899.88740353016783,-304534.107332969084382],[-3761.896214626017354,-306068.811440331395715],[-3205.618998675457533,-306550.490985501324758],[-2558.207169152339702,-306619.019052739662584],[-2522.624846969472856,-309655.633207312144805],[-1707.394796284992481,-310540.646392791939434],[-2168.712011684578556,-311043.041224085667636],[-2096.521749870865733,-311962.54398904851405],[-1670.041515952748796,-312427.223403483629227],[-1742.443039079547589,-312885.339331407507416],[-2169.086127083106021,-313349.899102978699375],[-2096.88338933689829,-314269.415726073842961],[-1742.673631652478662,-314655.300312648003455],[-1670.50201590872075,-316114.998408734158147],[-1316.231026743860411,-316500.876341712370049],[-1280.07477693799774,-316769.345311212120578],[-82.886323385404054,-316693.222124447580427],[63.227348757812415,-315607.42386026593158],[363.41509561003113,-315163.084343251073733],[545.250855872876969,-314475.101525085861795],[1231.755214417129991,-313932.67063740384765],[2354.21097201080056,-314069.303733463166282],[2846.966214596973714,-314458.43914901377866],[3349.55099839340528,-313778.515703230455983],[3536.728459109980122,-313069.639953139761928],[4052.572705719688656,-313476.951263111259323],[4479.046391046709687,-313139.795261010702234],[4897.863118552369997,-313470.454420719179325],[5119.062941910839982,-313538.76315184449777],[5155.340350993273205,-313807.209404598339461],[6008.950394033187877,-314732.537632377585396],[5937.209088225600681,-316113.785201373510063],[5510.729817324719079,-316578.580955481273122],[5583.477862233749875,-317498.094366398931015],[5937.994637533076457,-317883.783686473267153],[6011.059107103524184,-318885.420496937003918],[6580.128952703018513,-319497.001575931673869],[7506.700723960896539,-319575.027416803408414],[8073.022029868516256,-320189.628423248650506],[8146.013540341610678,-321187.92730144347297],[8500.701882784129339,-321573.558304863632657],[8573.437213674400482,-322110.461546545440797],[9355.35905372669913,-322957.19587723177392],[9391.746835563501008,-323225.647499683080241],[11526.234251018615396,-323223.979596685036086],[11747.629210927627355,-323292.164404311333783],[12586.395063540987394,-324077.46123407635605],[14006.368118136930207,-324225.835787533142138],[15007.167859034196226,-325442.600897042546421],[14880.980524445818446,-325766.947655130643398],[14154.531785464818313,-326673.518101521069184],[13996.940424649283159,-327271.746681735443417],[13174.795907321095001,-327526.646723014011513],[13311.964146916248865,-329590.520930700120516],[13873.383239201586548,-330074.621802428096998],[14427.170600656349052,-330245.006718597665895],[14586.0807260923375,-330842.91235103312647],[14887.116403812964563,-331286.963446427485906],[15027.503409282273424,-332821.389792344416492],[16135.240271338996536,-333880.154648033611011],[16335.693779403061853,-332379.000840550172143],[16882.055381546186254,-332515.086602072697133],[17293.885009665231337,-332839.233714473026339],[18164.262423138621671,-332974.845394182135351],[18749.712438898997789,-333435.476481039542705],[20300.79655091586028,-333296.451284566835966],[20884.895227320535923,-332834.115902185847517],[21154.721138006931142,-332970.45623484288808],[21566.668257941113552,-333294.472961818508338],[21788.280959117146267,-333362.49644831957994],[21825.403480501194281,-333634.312431343190838],[22823.648873576923506,-334705.965108102478553],[23926.857294112229283,-334743.169645236514043],[25125.796500812481099,-334817.168329517298844],[25299.54946678066699,-336088.332496942486614],[25845.084478320975904,-336517.007470851298422],[26715.788098781937151,-336652.067024677759036],[27301.693020294052985,-337112.336294523149263],[27688.460033087725606,-336915.140652821457479],[27870.327118439723563,-336222.476853542670142],[28423.821646222608251,-336050.336470263428055],[29260.930168248032714,-335262.407947034342214],[29703.694886898407276,-335124.66739854606567],[30540.670244031407492,-334336.664101816131733],[31189.281553873282974,-334266.78696796746226],[31309.138458247238304,-334715.332662840082776],[31824.293211797812546,-335119.797693113330752],[32378.518114179303666,-335289.446270124986768],[32538.289104976767703,-335887.159650390618481],[32840.033242726727622,-336330.822756800625939],[32970.132169262928073,-337731.906260029936675],[33271.931893296918133,-338175.56549901003018],[33420.745323778268357,-339259.21335512859514],[35269.583659048490517,-339401.009219119616318],[35682.070097684489156,-339724.606632720853668],[35903.861109743673296,-339792.399626031110529],[36666.631224103373825,-339863.564298745477572],[36886.056882885910454,-340775.484877288108692],[38697.656033477498568,-340644.720727415813599],[39247.840143489265756,-340181.65767113934271],[39979.013355511095142,-340305.151883789687417],[40381.378396357969905,-340639.753380511654541],[41262.760641952969308,-340762.724658973689657],[41665.171519260838977,-341097.288681056466885],[41892.146898417828197,-341159.409371811198071],[43401.538673914074025,-341217.434767843340524],[43804.016676423438184,-341551.935688696918078],[44685.490986996330321,-341674.682713789457921],[45088.014817099050561,-342009.146248825010844],[45542.030650776272523,-342133.268590799649246],[45944.589638463447045,-342467.707536593836267],[46512.157550556024944,-342622.803500319307204],[46600.725771539509878,-342989.743157085846178],[47255.286117295043368,-343050.280720073031262],[47657.915415688861685,-343384.670450671692379],[50677.267498305736808,-343499.254606012138538],[51079.995974472469243,-343833.542681125982199],[51675.199078556965105,-343995.940404099528678],[52535.986027764811297,-345030.358149415347725],[52654.341790340557054,-345519.541619300609455],[52967.225128575228155,-345951.625324228196405],[53115.183374573658512,-346563.122990957228467],[53683.008312924255733,-346717.920041007979307],[54085.908137389364128,-347052.125699942174833],[55168.361142001129338,-347110.546886652708054],[55254.168470943739521,-346742.934224036347587],[55820.718354877411912,-346583.528971750114579],[56370.558049585735716,-346119.7431725479546],[56674.583764642404276,-346244.122990872070659],[57077.544368805451086,-346578.237668208021205],[59015.261358878749888,-346632.679934013809543],[59264.266952765370661,-346670.714882812579162],[60126.410399956832407,-347589.853854481480084],[60978.688812872605922,-347507.738116378139239],[61407.240493830620835,-347044.292992872535251],[62690.613368943195383,-347116.808795391872991],[63260.700038382870844,-347729.263794434140436],[63337.948956572559837,-348727.448620982060675],[64124.884223866079992,-349571.137303274299484],[64162.440264018412563,-349839.488919256255031],[68012.154607582240715,-349820.518736197438557],[69209.62898365566798,-349890.407894889998715],[69663.299162672963575,-350495.769540405657608],[69792.573840817451128,-350973.651240871986374],[70956.365427927637938,-352335.012441624247003],[71118.056422124107485,-352932.338403106899932],[71868.161547877578414,-353159.284083135076798],[72247.29899420964648,-353712.655202362046111],[72376.695663334350684,-354190.523535987304058],[72680.169008442288032,-354633.347584828559775],[72809.589662343074451,-355111.215142949775327],[73974.043544915606617,-356472.357354005565867],[74160.272224801519769,-357159.52268643269781],[74677.582606079231482,-357562.405272387666628],[75298.073016674781684,-357749.889121480344329],[76126.921719155026949,-358767.956157730077393],[76278.03848343352729,-359841.494480640161783],[77381.805925760767423,-360008.252192178450059],[77483.820285576424794,-360384.090178603422828],[77733.13476627964701,-360421.78619355923729],[78093.355207136526587,-360802.958898145880084],[78342.679231078145676,-360840.643773950636387],[78345.373012285956065,-361302.168825670320075],[78773.484867291350383,-361299.663236668042373],[78822.019769957551034,-359093.101405269990209],[79414.690606813193881,-358925.358871090807952],[80665.106106659979559,-357658.981188340520021],[80891.786614768992877,-357594.779889664961956],[81547.220208315979107,-357653.649677641689777],[81951.143878959992435,-357987.04531923198374],[82406.045157084634411,-358109.933653351268731],[83671.799846847032313,-359361.02775736071635],[84126.763661522214534,-359483.859096495434642],[84530.806439411884639,-359817.181784668704495],[86698.066965275123948,-359929.033028046425898],[87253.396236397224129,-360386.973972239007708],[88412.551121133510605,-360253.711869023332838],[88812.279348464799114,-359915.209475117735565],[90230.244015622345614,-359769.671221003227402],[90411.44207963484223,-358984.912006483587902],[92457.123133485263679,-358904.681494224758353],[92706.453792205124046,-358942.098937019705772],[93140.689007847351604,-359400.629961726779584],[93993.247384001675528,-359316.410897734749597],[94348.514311160281068,-358930.655442949035205],[96130.183379849870107,-358839.73669589770725],[97334.723381337113096,-357524.723447371507064],[97832.222127420289326,-357442.831357435497921],[98187.329111579034361,-357056.979664676415268],[98684.805556654115207,-356975.056241234822664],[99464.416073795058765,-356124.513670095009729],[99713.13396006244875,-356083.530861982901115],[100059.97087089085835,-356193.288759506016504],[100215.751885212419438,-357239.322100276243873],[100946.535881188770873,-358145.495433836127631],[101121.334020673195482,-358753.815777601266745],[102093.750278013714706,-358906.04646124370629],[102513.598838036879897,-359221.95752600452397],[103381.411359921752592,-359357.729362245765515],[103801.304508138724486,-359673.601273869920988],[104241.095442779376754,-359812.621911643305793],[104661.023097083481844,-360128.468054188764654],[105210.784476245142287,-360302.207109809620306],[105380.519474437067402,-360892.081258482823614],[105683.895829234781559,-361345.534845610498451],[105257.168606481602183,-362005.567385210306384],[105415.652882963506272,-364261.805015366408043],[106846.208741930517135,-364407.655266022600699],[107266.340466804220341,-364723.431325155252125],[107706.332892631849973,-364862.344022690027487],[108126.499123041547136,-365178.094262297323439],[108774.743863804280409,-365244.07610788528109],[108861.404984605207574,-366086.75980748841539],[110067.022713018464856,-366156.676539431267884],[110119.537523247869103,-365449.810697642562445],[110427.607348416990135,-365013.887915403349325],[110568.324028277071193,-364400.543592178146355],[111272.254317150262068,-364199.593684357358143],[111371.151356556758401,-361447.617888944339938],[110938.11292401899118,-360855.673812708002515],[110817.499650630183169,-360366.951647928974126],[110502.415644652690389,-359936.173856531269848],[110379.190190279507078,-359126.969448329182342],[111226.689401163705043,-358084.022027527040336],[111316.198249791836133,-354824.376856995048001],[111721.745620965390117,-354249.994251599360723],[112467.229476137188612,-354036.927805591374636],[112528.223905203733011,-353213.01248780376045],[112186.959795872011455,-353121.635847568861209],[112036.218713312860928,-352510.764569464488886],[111289.62902271837811,-351622.112138954689726],[111214.046127602137858,-349531.84699463652214],[111248.08993164304411,-349263.027232041815296],[111600.06519028393086,-348874.160947350552306],[111664.289336961970548,-347875.050001807685476],[112440.017126476159319,-347021.127929450536612],[112508.039860703691375,-346483.49252966028871],[113707.330582082518958,-345164.447652926435694],[113771.375660514080664,-344165.35382796236081],[114123.142178648646222,-343776.435773400997277],[114171.424245255548158,-340931.547357000294141],[114523.092931498176767,-340542.627881298481952],[114557.044793671157095,-340273.81738008686807],[114216.094136955551221,-340182.501345067110378],[114065.396411079113022,-339571.711188027227763],[113750.685095201042714,-339141.076704845181666],[113626.23888206447009,-338191.019662158563733],[112880.324842046160484,-337302.549735969747417],[112759.8387508251908,-336813.930689099652227],[112445.232971086457837,-336383.274148831260391],[112324.770505922380835,-335894.654413633921649],[111910.278153105609817,-335327.190655187820084],[111162.398102506733267,-335126.608268238836899],[111087.766122444038047,-334303.938088234339375],[111019.918499891136889,-333136.777240738505498],[110605.565206036219024,-332569.284301906533074],[109852.33572282489331,-332367.13874343741918],[109704.255184873109101,-328994.591360235004686],[108840.058732188132126,-327963.96966247423552],[108244.862993560047471,-327804.129924083768856],[107680.498815794242546,-327303.760238413349725],[107606.709197903939639,-326487.795285817235708],[107659.911756992631126,-325212.764782666286919],[108219.767732846768922,-324699.959512265806552],[108784.745491993497126,-324538.341899119724985],[108925.084104371679132,-323925.196348675352056],[109232.21893202632782,-323489.432823968527373],[109340.695975384849589,-322537.541049933468457],[110070.851703242296935,-321636.881155761948321],[110192.744457879423862,-320566.525765771337319],[110772.078415034135105,-320400.653398243128322],[112015.914402986207278,-319131.704361177631654],[112241.794855166590423,-319066.990921292861458],[112177.770872673339909,-318361.33308926911559],[111863.607596586807631,-317930.718134958355222],[111743.321522114318213,-317442.15549900761107],[110568.168015503004426,-316095.872782414022367],[110447.944765966953128,-315607.304565120663028],[110133.900748528118129,-315176.656973007833585],[109983.652410112030338,-314565.926806098839734],[109279.791126092721242,-314376.819272470835131],[109205.465379640518222,-313093.914315519621596],[109265.950540642923443,-312276.920302734244615],[109821.458667521306779,-311767.520622304175049],[110385.86924747825833,-311605.83018216304481],[110525.990030632907292,-310992.739404481602833],[110832.769746434045373,-310556.976430751848966],[110972.858287468639901,-309943.885129829286598],[111696.507871784298914,-309736.474549286125693],[112100.645713700869237,-309162.261196580075193],[112252.192758936813334,-308498.677095553721301],[112776.047654629001045,-308051.871036406373605],[113227.423411716576084,-307922.42385020875372],[114047.416458398569375,-307118.334179333236534],[114658.035188496360206,-306943.136917620082386],[115061.960205211536959,-306368.844241393904667],[115183.295531722178566,-305298.55041348002851],[115536.277897190477233,-305197.245247300656047],[115532.290340375067899,-304735.910931527556386],[115468.148986088999663,-304030.334739342972171],[115154.208134545959183,-303599.837386776634958],[115023.404678207240067,-301889.440710010472685],[115541.809656767145498,-301152.080962143547367],[116284.270824327235459,-300938.878158232895657],[116405.193884219363099,-299291.619867212430108],[116988.353712463926058,-299124.106900944840163],[117385.524115330306813,-298784.896599980711471],[118262.656125868743402,-298651.536035727709532],[118659.780263733162428,-298312.288817280204967],[119536.86918874552066,-298178.844962500501424],[120996.563999545644037,-296673.585707491729409],[120618.873546903399983,-296155.866086161229759],[120934.9220494555193,-295705.742997672932688],[121038.129545992938802,-294292.624039866495878],[121765.931415842642309,-293391.488410880498122],[121852.189292940951418,-290133.211543097044341],[123422.802135955469566,-288301.6356096478994],[123478.508638614264783,-288056.380014579277486],[123474.241967419860885,-287595.096598290023394],[123812.178805458999705,-287497.753617350244895],[124014.993835841451073,-286604.633210927830078],[125395.082202928097104,-286717.356482287927065],[125797.993999744343455,-287049.269679056305904],[126450.196981854751357,-287105.915919870429207],[126501.470976968834293,-286399.370146239059977],[126807.155444695948972,-285963.306765363900922],[126927.33795652713161,-284893.039889186562505],[127504.918831687857164,-284726.479299536207691],[128065.581812284232001,-284209.958858757745475],[128095.608589641968138,-281093.140304977132473],[128052.519365200132597,-280363.829453691840172],[127230.525224005861674,-279486.928749569924548],[127648.773244859039551,-279021.481958020245656],[126826.886893293325556,-278144.563157587312162],[126745.247126382120769,-277147.21418543101754],[125958.54357316106325,-276307.608896984544117],[125882.074345051485579,-275850.285662358393893],[126303.061963958796696,-275381.767091242189053],[126332.220981085396488,-274651.791131246543955],[127182.91728278582741,-274643.705480802454986],[127430.787595528556267,-274680.455809546343517],[129152.64456056378549,-276509.061090607487131],[129574.695625415100949,-276426.733754301909357],[129998.599331970966887,-275961.314804099965841],[130847.152124405853101,-276031.250887353613507],[131280.078699173551286,-276488.29150331846904],[133828.737936092598829,-276384.728612629929557],[134180.633837998611853,-275998.131565538293216],[134427.761328269843943,-275956.526103828335181],[134471.378049635182833,-276689.043490434414707],[135117.923746475280495,-277372.561154771945439],[138092.31697412932408,-277263.86539441451896],[138478.553231805213727,-276839.29326576704625],[138873.521085440035677,-277255.75499703490641],[139369.428474700078368,-277328.817662329296581],[139729.215065848373342,-277708.11988240777282],[140828.072570230724523,-277735.681725102302153],[141053.115401446208125,-277670.498082207981497],[141449.033519553224323,-277330.615398495516274],[141899.097425544983707,-277200.223678542999551],[142307.84644145652419,-276849.273940228216816],[142737.089906312176026,-277202.188320159504656],[143293.925222068559378,-276724.011233345314395],[144022.619284373096889,-276841.774378554371651],[144536.298361099121394,-277264.014771892456338],[144736.685485490190331,-276374.471118444867898],[145811.823992925521452,-275312.824445167789236],[146559.919675563694909,-275430.235275944927707],[146963.028457614447689,-275761.487691274727695],[148465.551157145702746,-275807.652505934413057],[148560.558297976298491,-275430.343125355895609],[149660.481458669441054,-275244.138650137116201],[149791.881620543310419,-273574.890754940046463],[150341.511371042812243,-273087.232938863104209],[150780.942209335364169,-272945.512382544693537],[151186.878230333968531,-272616.381249495840166],[151893.179934288462391,-272388.538054989243392],[151760.85119263024535,-271841.040277869382408],[151456.621932959737023,-271400.214319319813512],[151325.122445480781607,-270923.412374904437456],[150508.090803266881267,-269925.490363677847199],[150949.966666670690756,-269782.949490198923741],[151600.017751132138073,-269712.769496852357406],[152143.370187410881044,-269245.293925156176556],[153405.201625137444353,-269368.227734574640635],[153501.121902295708423,-269753.818866951274686],[154174.171959457366029,-269785.168486115930136],[154964.750767400983023,-270620.346625333128031],[155460.506684626481729,-270692.808222556079272],[155820.580331657081842,-271071.662246791180223],[156068.468436805735109,-271107.879506038269028],[156164.82232645721524,-271494.840211371425539],[156924.367044108657865,-271559.12555091874674],[157349.616633468831424,-271554.113800105580594],[157440.796568914636737,-271920.124017645255663],[158006.678075551812071,-272070.44224785710685],[158409.97524708538549,-272401.342430237680674],[159090.131632776377955,-272581.941490496334154],[158588.425340601563221,-273301.956357979855966],[158732.311368590744678,-274206.700692759244703],[159288.072679728618823,-274697.377168019651435],[159854.093101495731389,-274847.619401139498223],[159945.362365857494297,-275213.619318809476681],[159588.68967148225056,-275317.488328774634283],[159481.553010668227216,-276847.821334515640046],[159177.143510585010517,-277284.60970954108052],[159067.13494436693145,-277775.387488923850469],[158762.690084966714494,-278212.168740903201979],[158658.143375886837021,-279164.193294964672532],[157933.606429987179581,-280067.262687779322732],[157832.52239476973773,-281318.497789154876955],[158265.142172635823954,-281908.606569246796425],[158425.160932636237703,-285279.603759857418481],[158789.988955808948958,-285376.390777677705046],[158881.294383076980012,-285742.420260473270901],[159447.775755380047485,-285892.68980422365712],[160714.060684924479574,-287135.884679840528406],[161593.059203917073319,-287250.893946278956719],[161996.89698579616379,-287581.715075027022976],[162563.492611988011049,-287731.854129050858319],[162654.91637126574642,-288097.86301421537064],[164180.474066297145328,-288118.308971322199795],[164541.257269025838468,-288496.966101839498151],[167344.236895830807043,-288501.245793413487263],[168118.061272673454368,-288576.93643384630559],[168207.439519828825723,-289413.086042953422293],[169818.231515405146638,-289459.955627374234609],[169916.584883487346815,-289852.790257317014039],[169586.730109694763087,-289959.555800900212489],[169436.51679735435755,-290559.4174697008566],[169142.541442621382885,-291007.486726257950068],[169032.541154162288876,-293004.115355726040434],[168033.972884958784562,-293174.463416937680449],[167526.462948203261476,-293586.422133320767898],[167413.622616318432847,-294036.579256585624535],[167319.917733969254186,-294455.27772785309935],[166785.544877878157422,-294915.248770079400856],[166217.014281362033216,-294450.069785988715012],[165916.249613234656863,-294579.436556327797007],[165520.425600111455424,-294920.079639295814559],[164833.390990346553735,-295120.189728312252555],[165677.331783958652522,-296120.272007763676811],[165845.219110587757314,-300298.670243130880408],[166592.658182903542183,-301183.965453988232184],[166714.816507199837361,-301671.981040144979488],[167041.359801420330768,-302116.179479625250679],[166305.477218735788483,-303033.064797303581145],[166256.225916579045588,-303739.834241511824075],[166475.540604890440591,-303808.27584740461316],[166895.221297480020439,-304122.084695430763531],[168460.451389078953071,-304274.999309641018044],[168365.494084720732644,-307179.590301428921521],[168016.458727605524473,-307727.065404672466684],[168652.746309930371353,-308252.56511089624837],[169091.550370693905279,-308389.370246229344048],[169698.817065843351884,-308843.077541234379169],[169948.453448235115502,-308697.558623043994885],[170365.478731788083678,-308369.142751000646967],[170790.736915036541177,-308686.825908440747298],[171010.156228199397447,-308755.195442938536871],[172110.653736097709043,-308701.948343950265553],[172462.323331080086064,-308314.26672873593634],[172957.55405794957187,-308229.617384574376047],[173380.992235040175728,-307762.731725512479898],[175511.037184712651651,-307813.190463271806948],[177170.255073611071566,-309558.67323225439759],[178094.047488926415099,-309624.654037519241683],[178491.211465488391696,-310040.026120685215574],[178911.558824143285165,-309576.228468268993311],[179344.165069915994536,-310028.613265473104548],[179764.585391977714607,-309564.674781473760959],[181533.403703410440357,-311424.052969029580709],[182382.775225849589333,-311334.241694587573875],[182734.221746066206833,-310946.283061389287468],[182981.856730426399736,-310903.769740181334782],[183043.274916697875597,-311147.717959766392596],[183359.587888468930032,-311576.638224996859208],[183482.445750754530309,-312064.533527917228639],[184231.703712355345488,-312948.910305929312017],[184385.331608722975943,-313558.793811520619784],[185066.877304809255293,-313737.810704512055963],[185258.74678262724774,-314499.240363229881041],[186230.970660613238579,-315410.324257829575799],[188392.01914420540561,-315505.711025105905719],[188949.036126684513874,-315959.287206422653981],[189366.637522608740255,-315779.068228631513193],[189561.713602509727934,-314902.108930032933131],[191479.572384623810649,-315007.912601559946779],[191577.978548225597478,-315397.639484092011116],[191655.604935587442014,-317029.801233732665423],[192090.483044462569524,-317593.303155298461206],[191949.721380161645357,-318076.028110060258768],[191617.621106246224372,-318165.693894316907972],[191677.592792485462269,-319820.820564982539508],[192255.367173784354236,-320424.641095844446681],[192756.528540497180074,-320496.217492041585501],[193331.153455067193136,-321102.669622888381127],[193411.301328720350284,-321638.520545010105707],[193771.342439987114631,-322019.209208112326451],[193852.05096337836585,-322558.658183047722559],[194429.616177174641052,-323161.951869553828146],[194927.549575207638554,-323232.971235582837835],[195290.137988904869417,-323610.883634377620183],[197068.828380543563981,-323663.076478024886455],[197431.489326947164955,-324040.932027846807614],[198359.494615959760267,-324105.737645738874562],[198934.77428187453188,-324712.223860524536576],[198988.683933658408932,-325902.87135776685318],[198635.747349129116628,-326006.392776595894247],[198520.878752937162062,-327077.577421583933756],[198206.644195718457922,-327529.623567735834513],[198534.143248443317134,-327972.163466907746624],[198664.53580523605342,-328921.350740236579441],[198992.082924875838216,-329363.88379836815875],[198677.808240257785656,-329815.94814820587635],[198568.766275932604913,-330307.214749066159129],[198264.361351299186936,-330745.042026801500469],[198149.411749139544554,-331816.258823932206724],[197570.614712785201846,-331985.924559206061531],[197174.453230088402051,-332327.588648524542805],[196723.037080031645019,-332459.889066030387767],[196174.821421651169658,-332968.440335222345311],[196060.045995027059689,-334036.082554062886629],[195658.699564775277395,-334612.922862297098618],[195273.612893088749843,-334725.728300667600706],[194846.348480965854833,-334731.949571225210093],[194814.021389582572738,-335000.949754868634045],[194464.813075640413444,-335391.956321522651706],[194445.86887101441971,-336583.762584276963025],[194698.220460006617941,-336619.720577090396546],[195707.898779800860211,-337681.364879842090886],[195788.222905227274168,-338217.263987922808155],[196148.765241050190525,-338597.933675461099483],[196229.111451204866171,-339133.833715717424639],[197023.890850487456191,-339969.630898342293222],[197104.278862308041425,-340505.531072612269782],[197464.918816514691571,-340886.171744398132432],[197505.123134111636318,-341154.122136759746354],[197727.763327555614524,-341219.233390756533481],[198144.240625665261177,-341537.814035671122838],[199123.417010398232378,-341676.804878444760107],[199329.097774608875625,-342409.073671171499882],[199997.080601293884683,-342604.345586335810367],[200164.415991321235197,-343200.051037852885202],[200471.880459663050715,-343639.932177510811016],[200633.770789308764506,-344718.433147806674242],[202181.619610472989734,-344858.00044413615251],[203506.737224059936125,-346363.411206960561685],[203580.748184639815008,-347063.124746000161394],[203922.518318677553907,-347152.170407282188535],[204015.4264369548182,-347518.060925824975129],[204692.544817994115874,-347546.879777032532729],[205056.051563130225986,-347924.594507188186981],[205305.507169926800998,-347959.915794499334879],[205558.313564716256224,-347995.706922385492362],[206134.671380797284655,-348601.73028940189397],[206229.65733099821955,-350060.496212839731015],[206664.57065709415474,-350518.586461722210515],[206599.08087008248549,-350977.921355715719983],[206249.782373585854657,-351369.280665969126858],[206217.634148986689979,-351638.341360868012998],[205860.531114059238462,-351743.140105168276932],[205754.086738068086561,-353112.855609007528983],[206191.088738863327308,-353701.695567662303802],[206260.201116416166769,-354407.07030703133205],[206205.406035868421895,-355224.712960211443715],[205651.677036334353033,-355738.281815368449315],[205199.545104775141226,-355870.889653793128673],[204802.85122528107604,-356212.838598639995325],[203922.741315761260921,-356351.929043080832344],[203526.000917849451071,-356693.841428505780641],[202109.509703326009912,-356851.342595428286586],[201934.471070094848983,-357639.311051857948769],[200985.852341778721893,-358578.437836096214596],[200533.580254731845343,-358710.891109152755234],[200136.683664599811891,-359052.709223213314544],[199054.451675481162965,-359131.648314046615269],[199095.519749627070269,-361900.556299923628103],[199458.799889559828443,-361995.27242506435141],[200773.69787615534733,-363477.056127801653929],[200941.358329384762328,-364137.157194639090449],[201477.7808935160283,-364571.748742285883054],[202067.664119414315792,-364725.391354317427613],[202228.828889066091506,-366374.799277026788332],[202715.786981626763009,-366484.699826814990956],[203362.052490844624117,-365928.157158340502065],[204207.109246135107242,-366060.035544852318708],[204303.292272575316019,-366438.326175957452506],[204531.457133119634818,-366497.70065609109588],[205374.066145072429208,-367282.369026587111875],[206365.529598981956951,-367408.043206534348428],[206839.294834691565484,-368001.066295802302193],[206989.157514816906769,-369528.851981019834056],[207351.090680305991555,-369622.934606522670947],[207358.215540974604664,-370084.449344716849737],[207584.513884704414522,-370018.103948359785136],[208823.962160285620485,-368739.719081443501636],[209704.842141109489603,-368600.294912154786289],[210101.788622079708148,-368258.16840665921336],[211092.250255972176092,-368101.310453310783487],[211259.1259476680425,-367348.17948642920237],[211824.723672887776047,-367182.166449354961514],[212221.574231303558918,-366839.98098278377438],[213958.865042863995768,-366686.715065429336391],[215197.399229417962488,-365407.774421303241979],[216078.000101973535493,-365267.935462619527243],[216895.45835323270876,-364457.226955729885958],[217978.036958239012165,-364376.846477338287514],[218002.494236929313047,-363646.243265217111912],[218386.048940040287562,-363216.117551043920685],[217553.095049639523495,-362344.297303468163591],[217475.050015198125038,-359768.97724318964174],[219435.736398558481596,-359697.921284834272228],[219821.861282661353471,-359270.765529953641817],[220221.768207293265732,-359685.046783421130385],[220648.258590493962402,-359756.326989721972495],[221280.091086882312084,-359055.78554755798541],[221344.255885061895242,-358513.948096162872389],[221727.485057444602717,-358083.819849200022873],[221330.279782300640363,-357666.576463759120088],[221227.307165815291228,-355824.860502754745539],[222067.856844730180455,-354884.881974605901632],[222099.697609847149579,-354615.776352596119978],[222317.760045239527244,-354540.944436069286894],[222729.773350620467681,-354214.972338040999603],[223593.757058123126626,-354058.160433597280644],[224005.724888140830444,-353732.150265580392443],[225430.016605420416454,-353551.24006143247243],[225546.047404379205545,-351410.341558569576591],[226264.529606401309138,-350782.364076570956968],[229204.630213628755882,-350879.951385222782847],[229423.793537681573071,-351616.229556476115249],[229754.412799582380103,-351717.399535288335755],[229730.636608741740929,-352447.957859351590741],[229381.963821866811486,-352839.924335385090671],[229350.274114233150613,-353109.043875344272237],[229391.146306771697709,-353376.923227578750812],[229753.050848820683314,-353756.732424801972229],[229835.365203204040881,-354296.088511629030108],[230415.900127675122349,-354897.970017104875296],[231093.467496079974808,-354925.457939000625629],[231101.415759254654404,-355386.907752926461399],[231327.353309098019963,-355320.169460079283454],[231723.35643280230579,-354977.438217080314644],[232175.20964778427151,-354843.937232556869276],[233096.824346898589283,-353927.09916394634638],[233358.87154317862587,-354949.090823196864221],[234742.641084003058495,-354799.261390075495001],[235152.576469702267786,-354444.276772200828418],[236572.164269456581678,-355815.997945914103184],[236898.455520704621449,-355684.550074300728738],[237294.330303270369768,-355341.653192640049383],[237746.143684321956243,-355207.964208305231296],[238290.082529597159009,-354736.723737525346223],[239023.912851755681913,-354849.360311176395044],[239431.694055900879903,-355177.990298380609602],[239659.833505346585298,-355236.76245442207437],[240515.670012314163614,-355221.447667226719204],[240767.085164857155178,-355177.307705813029315],[241777.206123296782607,-354044.868721499224193],[241379.412409303302411,-353628.157389134110417],[241297.188534802000504,-353092.470443830359727],[240424.894079095247434,-352182.034223570488393],[240472.684245405980619,-350799.367041718505789],[241240.447446834907169,-349938.003313237219118],[241286.725677557580639,-348476.875754793814849],[242054.299504432972753,-347615.480158556660172],[242117.135838571644854,-347077.203105427150149],[242884.574063220177777,-346215.768725041649304],[242930.64664688956691,-344754.67570067505585],[243697.895504398766207,-343893.209263384109363],[243752.253122421359876,-342893.537961266702041],[244100.244528795534279,-342501.22610501141753],[244163.38929656156688,-341959.346110803366173],[244721.728446229040856,-341337.370110906136688],[244969.747609124140581,-341293.700809700647369],[244920.160603742056992,-340564.500011784257367],[244558.163104576116893,-340185.137359356507659],[244517.018777405493893,-339917.33019894635072],[244548.364988825138425,-339648.200842475926038],[244896.245948065887205,-339255.877372830931563],[244893.851023917464772,-337141.214177773392294],[243283.822629150992725,-337108.157840813335497],[243119.899610957974801,-336607.796915436803829],[243536.868693995551439,-336030.37172828509938],[243613.910923804738559,-334291.182893140416127],[243176.318978219031123,-333729.29079638881376],[243016.809790145227453,-330926.573420902190264],[242088.104150121565908,-329878.027608565753326],[241110.571861707750941,-329766.840839608048555],[239684.444242743833456,-328360.568022555671632],[239600.617727922101039,-328006.590142865548842],[239623.885363001434598,-327272.911326547269709],[240182.102778833330376,-326650.807912228978239],[240677.619610028283205,-326563.640992538479622],[241027.809871783887502,-326174.112287740805186],[241953.380550295434659,-326078.885589308047201],[242508.467400208581239,-325453.776860770478379],[242571.151099099311978,-324915.583163777191658],[243755.766410567244748,-323585.151733797276393],[243818.809490062965779,-323043.34600342088379],[244376.34640699607553,-322421.466404670034535],[245298.550269796338398,-322326.329718668654095],[245682.750920366932405,-321898.54398579307599],[246082.393327710073208,-322311.940598533663433],[252307.642362399259582,-322235.165822023293003],[252649.127615537086967,-322322.952725470997393],[252805.961772239010315,-322932.085881320061162],[253124.800798564101569,-323359.387695030891337],[253196.278867386543425,-324064.365143612900283],[254270.176719129580306,-323975.617675502609927],[255647.459766711661359,-322564.891968737298157],[256807.769234382052673,-322679.460214199440088],[257225.115534781769384,-322996.161547226482071],[260334.694379903550725,-323077.517418801202439],[260572.424385750578949,-323910.189486618619412],[261094.111382400849834,-324305.755194144439884],[262101.925487571104895,-324444.101290578488261],[262197.772457056387793,-325737.098105314653367],[262624.749954296625219,-325728.728717938764021],[262726.321203642291948,-326121.957109473587479],[264768.757056060770992,-326148.009534546348732],[264663.384207469993271,-322651.003145936527289],[264265.763192156562582,-322235.066042117367033],[265064.348452365549747,-321334.132141574576963],[265098.684594462742098,-319411.907079341472127],[265445.427666931122076,-319019.104465166281443],[265467.138018357567489,-318288.656947153504007],[266229.940417008532677,-318346.735055896453559],[266329.79974346520612,-318733.003606739628594],[266671.295149860612582,-318820.430612346332055],[266867.852966594160534,-319580.709268257603981],[267846.090270715940278,-320485.884072148473933],[268728.282825171656441,-320593.86284764361335],[269135.796890913625248,-320921.507366303296294],[269728.475081404088996,-321073.098130918107927],[269818.224552348081488,-322355.107093480648473],[269927.085132362262812,-323303.64266004372621],[270464.008923990943003,-322874.787868588347919],[271031.234556610870641,-322677.441399555944372],[271135.935917783004697,-320908.324370363086928],[270695.950777120131534,-320266.33142407075502],[270545.357112245401368,-319334.964412722503766],[270241.19686135329539,-318891.032658545183949],[270151.947657560463995,-317733.394644562387839],[271252.89460341189988,-317671.985647733672522],[271673.234060987073462,-317201.965909137798008],[272951.958739281748421,-317254.20597027282929],[273316.623403993842658,-317629.986133376020007],[273565.717543807579204,-317664.0289957994828],[273672.155299351783469,-317171.065687273279764],[274191.487850186123978,-317588.387299769907258],[274419.157275178353302,-317646.551486955839209],[275604.790930247923825,-317553.114177327195648],[275689.808973508654162,-317158.934937517798971],[275607.664322467055172,-315992.815087500261143],[275168.753923783020582,-315406.399546897853725],[275283.813938556297217,-314495.781607656099368],[276016.62911184906261,-314276.076244525262155],[276526.72429572569672,-313532.453881509893108],[276394.26647807797417,-312746.188917125051375],[275519.808479450934101,-311728.422098441282287],[275628.76964781829156,-311377.553459369868506],[275930.211521718010772,-310938.028033444716129],[276062.734663763956632,-310323.24305286660092],[276625.149546682601795,-310154.547350034466945],[277018.645588253217284,-309810.586810931621585],[277895.00348680379102,-309666.744251409603748],[278705.291659950162284,-308852.593974594550673],[279155.13590763323009,-308717.551851496216841],[279548.524741618486587,-308373.519912498362828],[279773.435860403697006,-308305.986737463274039],[279868.187368031241931,-308671.230821307224687],[280565.526306060666684,-308849.139788849686738],[280718.524270590045489,-309915.414611131884158],[281193.671263138880022,-310505.560786757734604],[282181.757998301298358,-310625.578402822080534],[282589.315688527247403,-310952.791253099567257],[283044.511955661815591,-311068.824534943327308],[283609.777970573282801,-311557.331301995436661],[283762.549646747240331,-312620.052196397562511],[284529.617711300321389,-313511.670790496922564],[284141.54495877813315,-314078.154918707616162],[284259.74170808569761,-314593.018700742570218],[285255.752935450291261,-314713.740865793952253],[285663.508156151743606,-315040.869267704023514],[286545.510953547374811,-315147.669045429909602],[286953.311308396921959,-315474.759128367237281],[288965.423465407569893,-315557.110920210834593],[289630.882165083894506,-314974.521938812744338],[289720.930419291369617,-314554.94102185923839],[290826.212625452841166,-314570.202256593853235],[291479.555303736124188,-315249.844713113619946],[291437.277484214282595,-316632.192629475321155],[291091.348047330102418,-317025.663283560832497],[291071.039422722999007,-317756.147438827145379],[291827.757053441426251,-317812.299880527891219],[292307.918326660466846,-318407.36162487429101],[292466.525891133584082,-319016.0143777258927],[293035.994606933265459,-319160.622810713655781],[293880.984866539889481,-319939.451786676538177],[296142.818563955486752,-320021.003954667889047],[296626.465974883059971,-320619.905324625375215],[296753.54001411551144,-321106.778876320749987],[297073.75952997256536,-321533.028668054321315],[297245.718742394994479,-322191.714185272809118],[297783.686825461685658,-322622.315498442680109],[298011.551645873871166,-322680.080500222393312],[298259.067965807742439,-322635.430278843501583],[298814.100916056137066,-322011.285105828486849],[298844.710049358487595,-321738.448161335312761],[298887.057069545378909,-321031.130060664145276],[299187.976423197658733,-320591.051438520953525],[299251.981627368542831,-318253.854462441930082],[299552.822843304544222,-317813.775811114173848],[299661.686654082208406,-317483.793592072557658],[299119.949065963097382,-316762.785048129211646],[298503.638817750615999,-316606.526389091624878],[297431.175331213395111,-315600.734087081393227],[297794.08092034625588,-315069.898613419616595],[297463.585005167580675,-314629.832220511569176],[297329.290811611572281,-313817.040029076102655],[298696.748541126144119,-312150.105744219676126],[299392.268730219628196,-311940.235092075308785],[299471.15751237119548,-311571.202325547637884],[299369.9111849971232,-309828.656138803635258],[298775.72184322157409,-309677.95734619355062],[298367.795592388079967,-309351.240154025843367],[297798.676546509028412,-309206.850036454328801],[297604.089019572827965,-308460.930237473803572],[296612.691844608227257,-308341.657899175304919],[296204.859162483771797,-308014.877770335471723],[295749.642108991451096,-307899.294803956756368],[295173.595588000724092,-307402.286417458555661],[295073.51870950096054,-305669.676471038139425],[295152.464766030956525,-305300.70369347196538],[295714.441933985450305,-305131.210022161016241],[296107.305951901536901,-304786.698118511936627],[296556.848466747556813,-304651.073631899605971],[297781.710681636293884,-303365.084781937359367],[298657.448651714366861,-303219.886475402512588],[299197.11774722172413,-302746.346107386169024],[299928.693006906541996,-302855.605154207732994],[300489.043406773824245,-303304.488960310874972],[300788.742105433368124,-303172.08940940577304],[301181.419077239988837,-302827.432390620640945],[301406.134293269657064,-302759.537443891109433],[301395.732051401166245,-302298.301760031550657],[301415.505786285968497,-301564.812592303554993],[302385.545586862077471,-300469.202591158333234],[302879.724088089482393,-300379.747284288692754],[303227.421349280455615,-299988.659176447195932],[304147.730374508304521,-299889.479216298845131],[304566.369607985951006,-299418.478565748373512],[305417.433699636720121,-299477.314087922626641],[306254.967280735028908,-300340.405062950972933],[306670.690506180631928,-299872.557102904655039],[307071.61814022611361,-300284.070548298303038],[307569.363399741181638,-300350.885963367123622],[307934.578046666050795,-300725.680724143225234],[309888.182008042058442,-300719.649043708690442],[309813.790191651380155,-300015.084331669320818],[309493.643246021820232,-299589.200294797541574],[309369.537211756512988,-299243.457278832385782],[310197.765129783714656,-298188.470058632548898],[310302.424356569827069,-297696.409408841049299],[310602.416844764898997,-297256.139923932030797],[310707.052433659671806,-296764.079004843137227],[311007.009472720616031,-296323.802944038878195],[311111.621420733979903,-295831.741625149617903],[311506.811592049780302,-295251.603756790747866],[312238.040665540669579,-295029.919442876474932],[312350.335918516328093,-294119.120013210049365],[311910.468403085367754,-293533.993183567887172],[311772.290891645418014,-292586.15081087051658],[311452.247720969840884,-292160.333654809743166],[311296.919604190683458,-291094.529689257557038],[310713.783930843463168,-290947.011501913540997],[310143.300689893134404,-290455.363551376969554],[310057.305143367499113,-289640.76822499872651],[310146.511381644988433,-289221.09795203077374],[310770.592422757647,-288671.994574513635598],[310898.217478871229105,-289159.772164350433741],[312398.002559023734648,-289193.163837954634801],[312815.718908093171194,-289508.022595083923079],[313260.446959883498494,-289634.398506944067776],[314114.883450318768155,-290400.410637618100736],[314559.65411451034015,-290526.74410427553812],[314977.463280248572119,-290841.53796559543116],[315848.125743613520171,-290957.776109004335012],[316442.059191500185989,-291405.164531003450975],[318836.943810374592431,-291211.38904398138402],[319239.362609842675738,-290877.127172668057028],[320103.51532076759031,-290719.632401045062579],[320505.888047560525592,-290385.333326772728469],[321136.138752671482507,-290173.448965259594843],[321497.136913066962734,-289609.427039000380319],[321667.109137672698125,-288896.390423624543473],[322183.727729813545011,-289285.242149643076118],[323480.18173215619754,-289390.69889014196815],[323898.173269407416228,-289705.211760394042358],[324893.235276706691366,-289837.387803769670427],[325089.505415703519247,-291069.770563782542013],[326083.61989494273439,-291959.306900264229625],[326306.091007852461189,-292022.276838803489227],[326642.710004095511977,-291919.805584689835086],[326809.410100716806483,-291130.889915290230419],[327325.470286435622256,-290675.77283505332889],[328733.680907778325491,-290505.119669958250597],[328904.692243093973957,-289695.063520986703224],[329567.121575189288706,-289110.599812817468774],[329872.428324726293795,-289228.7137105591828],[330280.553869691677392,-289554.427606765704695],[330508.015034064475913,-289611.625974629656412],[330577.056616859103087,-289849.152367815899197],[331324.941741654824,-290736.525837394932751],[331463.066121376992669,-291211.573514948308002],[331904.634785564790946,-291832.341462066571694],[331842.893603752949275,-294432.425347558571957],[331467.075779711536597,-295020.403332087502349],[332677.796164458151907,-295180.443622587947175],[332916.171862190996762,-295999.760863134346437],[333438.997157669800799,-296392.412028515245765],[335266.086038536101114,-296491.737993422430009],[335446.489463560865261,-297111.29030477948254],[335757.403364408644848,-297547.952518250443973],[335907.340933440835215,-298484.172089976607822],[336656.042899380030576,-299371.296356023696717],[336794.432596611673944,-299846.315133390948176],[337105.450563791266177,-300282.953769101237413],[337255.504291450837627,-301219.17474075948121],[337566.567329339450225,-301655.806573543173727],[337635.787183833774179,-301893.314739913330413],[338411.473384603275917,-301959.136503203015309],[338511.584972653945442,-302794.164486853056587],[338872.713997099082917,-302884.652069390111137],[339049.743195899820421,-304526.91158980113687],[339638.679728173301555,-304674.434612582670525],[340047.50414488138631,-304999.883044496702496],[340644.544638472434599,-305149.39163261995418],[341644.976644305395894,-306302.718617521575652],[341537.781965237518307,-306654.112702526792418],[341238.566570213297382,-307095.10394753824221],[341182.025521892705001,-309432.331416980014183],[340872.321995477715973,-309888.649231584393419],[341643.114628456125502,-310776.975587864930276],[341811.723663778277114,-311414.484986824973021],[342794.545071784523316,-312314.12670029560104],[343411.222319462685846,-312468.340277012437582],[343834.899390333914198,-313028.481605530250818],[343963.639653840917163,-313514.882336525362916],[344723.703974438016303,-314390.23130205081543],[344852.487399575009476,-314876.628090870392043],[345174.122950571181718,-315301.709187366068363],[345238.52540073270211,-315544.906860672868788],[345992.897018548799679,-315604.858266562689096],[346207.906716786208563,-316340.339180787384976],[346893.181795775133651,-316532.855599623697344],[347083.996229115291499,-317716.953213536588009],[348206.076355144439731,-317863.736538264085539],[348419.069345689378679,-319184.541939088900108],[348943.178280516702216,-318748.085402330150828],[349914.401316892704926,-318569.205459127028007],[350004.076223308453336,-318190.41312696505338],[350430.812974682427011,-318179.243239332397934],[351284.285371609556023,-318156.862633822718635],[351711.021052226249594,-318145.651915024383925],[351754.844085593766067,-318416.675343359238468],[352339.448936860717367,-319013.108615531236865],[353442.32725662284065,-319023.16213944129413],[353471.426048703200649,-318753.82187991659157],[353815.60481331020128,-318358.734036220645066],[353844.694008253805805,-318089.394167676509824],[353747.839775746630039,-317724.634246865229215],[353177.736785179236904,-317582.610762020514812],[352768.213701243686955,-317257.535216429911088],[352312.154798015020788,-317143.870373515645042],[351463.855303798627574,-316368.746216405706946],[350874.266879895702004,-316221.731299646722618],[350708.382316729344893,-314696.206465845287312],[350386.581330435175914,-314271.25980885932222],[350237.68728721345542,-313024.49466045293957],[350648.656101056956686,-312418.201757263508625],[350651.935670228849631,-310327.093441890378017],[350587.454643742588814,-310083.930175437300932],[350163.576745265745558,-309524.013345691142604],[349420.840913487190846,-309338.630051829968579],[349263.359100748260971,-308407.847835355903953],[350514.208951755543239,-306870.46418444684241],[350181.189039392978884,-306430.491123182524461],[350056.519820764660835,-306106.203745766892098],[350467.268691555771511,-305499.943698064715136],[350574.004015859332867,-305140.241655775462277],[348686.733978870266583,-303093.263468382821884],[347962.08754515030887,-302912.246905078063719],[347864.898517710331362,-301630.953196020098403],[350443.851453427865636,-301480.623419983719941],[350047.468325873895083,-300883.232808748201933],[349901.913512729341164,-300644.872790857101791],[350311.265671247092541,-299951.593339084647596],[349573.016095360741019,-299049.626267196144909],[349391.302681835892145,-297427.706522489781491],[349799.561307677009609,-296736.192039002256934],[349850.989999306155369,-296041.060359798604622],[349928.381066365865991,-295671.786152238841169],[350264.926785414281767,-295568.71702399617061],[351116.956946377875283,-295546.34704894159222],[352193.337929168075789,-295455.176685234357137],[353126.894275174941868,-294505.809029686031863],[353291.031308961333707,-293721.514848332677502],[354274.458138205402065,-293554.15780783543596],[355207.731051824870519,-292604.655310633184854],[355342.67381585156545,-291959.305084514780901],[355641.069378304877318,-291518.039180135878269],[355731.714814291975927,-290564.482888035126962],[356443.594243461033329,-289650.69370979629457],[356445.783269541629124,-287559.885997712961398],[356342.405488747579511,-287170.232122587796766],[355156.232331295788754,-287132.780298330588266],[355236.718731807603035,-286747.634212364268024],[356219.607714119192678,-286580.139929149823729],[357023.768907512072474,-285761.363770645053592],[358006.565835937217344,-285593.738706003117841],[358174.628531144175213,-284788.598517202481162],[358689.395161491411272,-284332.285352222505026],[358913.525227894017007,-284263.430690591398161],[358917.599076242127921,-283068.69226625666488],[359468.523601645429153,-282441.745534410467371],[360140.705866563715972,-282384.489294227911159],[360364.795876132498961,-282315.610986137879081],[360755.34001823811559,-281969.247215557203162],[361361.66401907656109,-281782.832333647063933],[361754.264245858532377,-281201.256303070171271],[361844.366939255327452,-280247.716963815153576],[362142.270580341399182,-279806.336035833694041],[362232.3310561987455,-278852.801847543625627],[363356.002586722490378,-277466.029053742473479],[363457.148173718771432,-276393.826316339720506],[364031.504778312053531,-276217.058980291127227],[365660.000877808779478,-274452.346769109542947],[366219.818970779422671,-274279.919418818550184],[366373.383856600266881,-273541.276530318136793],[366709.24812730262056,-273437.80547739303438],[367134.557474859640934,-273426.10281889437465],[367078.412432710290886,-272697.694673933787271],[366240.959154304408003,-271835.605570640589576],[367029.716788532969076,-270928.80272590595996],[367087.059437054092996,-270390.224375239515211],[367842.006687523622531,-269522.085129373997916],[367888.755631029722281,-268601.161590494273696],[367450.800171107926872,-268148.554190879396629],[367369.226519568299409,-266497.999691602482926],[368644.4895313049783,-266462.787899737886619],[369003.172976661473513,-266352.167269849393051],[369031.272892760927789,-265067.783007037243806],[369702.549282261461485,-265010.049013153009582],[370047.363047000952065,-264617.303735374764074],[371568.665787111909594,-264535.844025671773124],[372418.716309925017413,-264512.1151819480001],[372754.307058692385908,-264408.496541899978183],[372830.840921326074749,-264039.15743159095291],[372830.2527547327918,-261948.653878072334919],[373951.333371332031675,-260561.116343329485971],[374078.78584450413473,-259945.552667970798211],[374637.886881182144862,-259772.784488286357373],[375027.382461839471944,-259426.045414244668791],[375251.011251203075517,-259356.925195210438687],[375160.421833877509926,-258536.252450566127663],[374573.058216940029524,-258390.338783016690286],[374035.034158292459324,-257963.019348586152773],[373859.950458091101609,-257305.565500615950441],[373538.684431010799017,-256881.325190060830209],[373375.061853915452957,-255174.196965212671785],[373877.405119185918011,-254427.130873254995095],[374594.063829734921455,-254205.591628522524843],[374721.410206474363804,-253590.042558182467474],[375018.25499832566129,-253148.437888047687011],[375151.168673225562088,-252505.769822312460747],[378252.158787258260418,-252287.940967711270787],[378641.33427865995327,-251941.109480713494122],[379512.919736716197804,-251790.651390020910185],[380441.376162021304481,-250839.604178407957079],[380574.579671367595438,-250194.150326533359475],[380871.152508960221894,-249752.422569408052368],[380977.392946025298443,-249421.914043460506946],[380535.842629163351376,-248839.200664003175916],[380373.871342989965342,-248231.873144001554465],[379666.951962582301348,-248056.426613719784655],[379543.123535501188599,-245854.361931062565418],[380213.398243278206792,-245796.102407806989504],[380557.38316519203363,-245403.123717508336995],[380803.218312253011391,-245356.965354586223839],[380805.137932827172335,-244162.474613034399226],[381353.358340638456866,-243534.754063223197591],[382269.305501212074887,-243430.21873998301453],[382613.166351622785442,-243037.191424240270862],[382858.951420651748776,-242990.995541338343173],[383930.934894064732362,-242897.285940301371738],[384476.402427142020315,-242373.598075866641011],[384531.04392800090136,-240068.158307821460767],[383495.602554747834802,-238897.987515236425679],[382403.439874408766627,-238773.141586493846262],[382302.09827913279878,-238393.126929342222866],[382547.797661684162449,-238346.9376956486376],[382891.511039714037906,-237953.912772103212774],[383382.888433975691441,-237861.508156840194715],[383930.714743545220699,-237233.700308251398383],[383932.312430262565613,-236039.256775217305403],[384151.531364450696856,-235965.922660604293924],[384547.996896890283097,-235627.089475045126164],[385410.511199859378394,-235468.112087259913096],[385806.930260354944039,-235129.24215769773582],[386791.916079407092184,-234947.602335110044805],[386890.201747334271204,-234024.068009325448656],[386336.777387458365411,-233261.211582329444354],[386499.443364960839972,-232829.331783545698272],[386807.230798488366418,-232726.287739604274975],[386835.381025767652318,-232457.008922666544095],[387586.79535506607499,-231587.917296070780139],[387614.926161295152269,-231318.638300979102496],[387696.373499785666354,-230922.154865743039409],[389297.287040577444714,-230808.10035473658354],[390816.966746850346681,-230802.630059250863269],[391182.765126316458918,-231174.998723631520988],[392278.53057377319783,-231181.831092238455312],[392306.913800492940936,-230909.134216198784998],[393263.963828899199143,-229807.704715330473846],[393933.387346235162113,-229748.757134651445085],[393919.724917692365125,-229287.78568855926278],[393970.189500584732741,-229041.522025408979971],[394686.345503953052685,-228112.579781814943999],[394343.425728001806419,-227660.409984088415513],[394648.627204264164902,-227204.057185865385691],[394746.648461848089937,-226131.8967938371934],[395318.447212331055198,-225953.823478911654092],[395706.385946672293358,-225606.536108878412051],[396263.785791148256976,-225432.886496378836455],[396389.771477525006048,-224817.216495374479564],[396685.218481258430984,-224375.189347050705692],[396735.608358629338909,-224128.920661046373425],[396508.935363180353306,-224072.872761625098065],[395495.151540771243162,-223130.478644460818032],[395280.77691724174656,-219937.346992783946916],[395780.496012537158094,-219189.578725271829171],[396383.460665145481471,-219001.628148122807033],[396894.305964969273191,-218543.992774416925386],[397055.724248712358531,-217754.508545231219614],[397612.773406989872456,-217580.807858496409608],[398555.133993276918773,-216593.032375598471845],[398660.374030408565886,-215684.115961066447198],[398219.06770995259285,-215102.083878124889452],[398093.954125098360237,-214778.407056816009572],[398499.540339835104533,-214170.965883492084686],[398629.617848712950945,-213534.168816004123073],[400028.925383530615363,-213356.051347033237107],[400416.359012279950548,-213008.645036437403178],[402555.299963483063038,-212818.327941701863892],[402942.653321797668468,-212470.848630031716311],[403239.309773685934488,-212336.214753374631982],[403799.585868333175313,-212780.535788300156128],[404950.639424777647946,-212871.097490928252228],[405482.836419897386804,-212393.496501015586546],[406039.557496690249536,-212219.445830148673849],[406114.777404587424826,-211850.00949041772401],[406538.122491707035806,-211837.050051289174007],[407632.342174002842512,-211842.61334235346294],[408072.819784878753126,-212290.43579380819574],[409337.522315512935165,-212173.250596860074438],[409679.745337267057039,-211779.578762328979792],[411016.668668079422787,-211660.002625966037158],[411428.683018888812512,-211185.87830894641229],[411851.469777373364195,-211251.01095775293652],[412217.36836293124361,-211622.767670122470008],[412464.909898899903055,-211654.200218565267278],[412712.452789094357286,-211685.6281445834029],[413078.387358499981929,-212057.361877869698219],[413325.939502664899919,-212088.778434786683647],[413665.784268010698725,-212172.413033234915929],[413874.995272142754402,-212950.564146081393119],[414412.607795586052816,-213376.178278103470802],[415289.163027936883736,-213474.414976846426725],[415697.220614290679805,-213797.382071102823829],[417617.444976601516828,-213799.929638532543322],[417631.944459449499846,-214260.845210708794184],[417676.287409072800074,-214527.908254055713769],[418040.042345085006673,-214902.288873838202562],[418098.909158789378125,-215630.269159251824021],[418945.839985925937071,-215603.572332921030466],[419616.940637486113701,-215621.503517832636135],[419983.175768009095918,-215993.053738305228762],[420478.467312867287546,-216055.626089333964046],[420880.596783323213458,-216463.526411125523737],[421256.086171132512391,-216030.977557305566734],[421924.731124827987514,-215970.622552105574869],[421939.37775782996323,-216431.53798302335781],[422610.528911323985085,-216449.318075567716733],[422976.871608649147674,-216820.787216670316411],[423224.540801887924317,-216852.020020140800625],[423289.995373657671735,-217094.70597534882836],[423611.99220726598287,-217517.661944239545846],[423781.272640141076408,-218145.202472109376686],[425189.513865597022232,-218236.224160431331256],[425710.005909980798606,-218647.427159716608003],[425916.602806525246706,-217625.900182035693433],[426445.357251969398931,-217734.565886526397662],[427006.654907806776464,-218177.919057507329853],[427726.757398081186693,-218029.108817793225171],[428113.635360472369939,-217680.886791981669376],[428759.830707048764452,-217597.220154144597473],[429428.532745120115578,-217536.486896908347262],[429840.103303034615237,-217061.778576332348166],[430263.183420767833013,-217126.326873173820786],[430629.763952495821286,-217497.586376207182184],[431724.520102339622099,-217501.164697017491562],[431709.535270377993584,-217040.257299854041776],[431784.082006306620315,-216670.667177765601082],[432340.674977088870946,-216495.510224815167021],[432727.389358178072143,-216147.155861304723658],[433172.624310104176402,-216007.001206029468449],[433559.30273414979456,-215658.62329458334716],[435475.763596753007732,-215533.085568474052707],[435410.090742763888557,-215290.461041996662971],[435087.759224998066202,-214867.794852598191937],[434938.648426467494573,-213839.653570680238772],[435637.859678283741232,-213619.37374235902098],[436168.841117520001717,-213104.537522983649978],[436271.58933906868333,-212194.524800222279737],[435828.706333971524145,-211613.751121978159063],[435763.041775590798352,-211371.13254770563799],[435411.661780135240406,-211268.593736111768521],[435221.305507595825475,-209768.349621765286429],[434776.729810996446759,-209132.186622711771633],[434898.439339224947616,-208856.167750413122121],[435179.869293855212163,-208391.266914620588068],[434731.43100432085339,-207749.527123231964651],[434853.126974990242161,-207473.510254189983243],[435539.05558732378995,-206539.6687457630469],[435632.343315451580565,-205001.497905021271436],[437035.027586792770308,-204798.755549980531214],[437845.070524856331758,-203991.668949419807177],[438059.503076499560848,-203913.400619842053857],[437993.826483686221763,-203670.800881795730675],[437569.319808317581192,-203113.98627346046851],[436828.564401833747979,-202932.983284264424583],[436663.879160846525338,-201869.154170590511058],[436239.482281948730815,-201312.301250170974527],[435626.689882712671533,-201162.47072285762988],[434987.950037610600702,-200619.266118843457662],[435335.204449347336777,-200095.517177522444399],[435387.395753519551363,-198173.589749633567408],[434823.495873171312269,-197959.272207200934645],[434292.92620830074884,-198438.022733511374099],[433425.379296956642065,-198592.036152497050352],[433039.221947966201697,-198940.386152990395203],[432743.15411744650919,-199075.679230736917816],[432182.423232118308078,-198632.605365175084444],[430037.915906343143433,-198576.699498839996522],[429192.110552466241643,-197807.017025353881763],[428542.830159060365986,-197765.204597090167226],[428592.503722578752786,-197518.842521651182324],[429294.193017617159057,-196601.59294955371297],[429393.498917538847309,-196108.865352992230328],[429687.176907631393988,-195666.156570524821291],[429781.998523467336781,-194593.880259995523375],[430129.731961335928645,-194484.346948096237611],[430059.324970818939619,-194247.433457712002564],[429747.459049037075602,-193813.243521290278295],[429567.62356990808621,-192734.071632462757407],[427483.69693037372781,-192656.187883836537367],[426919.862631350406446,-193135.705155605595792],[426657.461359204375185,-193280.890534354926785],[426063.941189333680086,-192838.638498293905286],[425621.196970053890254,-192716.127296089922311],[425345.942131725430954,-192442.669428411900299],[426595.765677823801525,-192202.954108835721854],[426683.640556779631879,-190665.774794954340905],[426966.736310868756846,-190212.361857567215338],[426977.118684659653809,-188588.820684623351553],[426875.721556859905832,-187758.281106143665966],[425880.979083785496186,-187633.060857995209517],[425026.25740843481617,-186874.575044420635095],[424804.987228070851415,-186813.305497207300505],[424557.868168769986369,-186782.106923267099774],[423537.782589617243502,-185741.401017073221738],[423478.412718833424151,-185010.460824992856942],[423434.213747155154124,-183627.895880338153802],[423360.355922205839306,-182439.179468272515805],[422524.568526535993442,-181581.070221483823843],[422896.20739901898196,-181145.579756385734072],[422938.503482624772005,-180224.818363706814125],[422501.359094581217505,-179774.226692121039378],[422412.625411685847212,-179240.205793912609806],[421612.688235533831175,-178418.605308142112335],[421523.996120356197935,-177884.581040411896538],[421161.088148551119957,-177510.351466263382463],[421116.752428660809528,-177243.338651291356655],[421449.783737483376171,-177138.54884610165027],[421524.319883044285234,-176769.05562794135767],[421746.319496626150794,-176699.177822514582658],[422539.581880968646146,-175876.871953209803905],[422983.538735174457543,-175737.07894578599371],[423369.237444596365094,-175389.05095475903363],[423969.82738075114321,-175199.876840613142122],[424356.373851340147667,-174616.743684937799117],[424505.517694027046673,-173876.633199258911191],[425176.676621506921947,-174408.491900477500167],[425472.250485219061375,-174273.379289982956834],[426265.134497559105512,-173450.856428953120485],[426708.973261736449786,-173310.939458654989721],[427094.503132347599603,-172962.805531755264383],[427316.411407336476259,-172892.835090105159907],[427419.710971198161133,-173276.21720256426488],[428675.316327294276562,-173373.011297908931738],[429205.022759008279536,-172894.528169113036711],[429648.814695602457505,-172754.512806069484213],[430034.253048622515053,-172406.29377836061758],[431007.863432776124682,-172233.387712438678136],[431085.29541191685712,-171847.974751817964716],[432176.297952847147826,-171851.508684614382219],[432541.766379999753553,-172222.648220386909088],[433632.804036449757405,-172226.062129217520123],[433710.871439020615071,-171837.156516731105512],[435445.52287259575678,-169922.749336431530537],[436418.891204706800636,-169749.446212614042452],[436580.398231057217345,-168943.755561926576775],[437087.878971512254793,-168484.640334658441134],[437642.353729076567106,-168309.308751737873536],[437794.645327834819909,-167549.034188026038464],[438544.989222165721003,-167450.97434940765379],[438766.749177530989982,-167380.812931914813817],[439151.79147956892848,-167032.334057896659942],[439595.289041669748258,-166891.987464271049248],[439980.295328366104513,-166543.484922083269339],[440949.161370989284478,-166370.590486437286017],[441794.171723165025469,-165280.998798798071221],[441917.32331109844381,-164665.021280767279677],[442471.577849252033047,-164489.489143281010911],[443000.42887567327125,-164010.466780525603099],[443421.562095895467792,-164170.625236299383687],[443515.393772226409055,-164517.335952456895029],[443605.762663608009461,-164877.490245744615095],[444055.657586580782663,-165013.914816878386773],[444555.266423680935986,-164541.06601741121267],[446046.399504768429324,-164432.220498811861034],[446468.232234329741914,-164417.987505374767352],[446573.554610906052403,-163890.299361019220669],[447212.071589717583265,-164020.959120065905154],[447311.896257255226374,-164389.481149619910866],[447733.727619155542925,-164375.207789688924095],[447977.854243908834178,-164327.821645757823717],[448350.907236669678241,-163894.588848078506999],[448752.443607610999607,-164301.562670555635123],[449245.995490152388811,-164363.046767748921411],[449686.444919014698826,-164809.406681759603089],[450524.519566672446672,-164702.646529506106162],[450933.602522340486757,-164227.376262705831323],[451776.971596129937097,-164276.834685520763742],[452217.50643460219726,-164723.110304799367441],[453055.560692212136928,-164616.189774535829201],[453395.211294594162609,-164221.458810377022019],[454482.966838801163249,-164145.004315699392464],[454904.790401848033071,-164130.502235911670141],[455009.906288582249545,-164517.60133899457287],[456833.946078006760217,-164588.154347016650718],[457241.628704010276124,-164909.782916435156949],[457467.596376727393363,-164964.780034038238227],[457494.450422884721775,-164691.808886060432997],[458035.271625693421811,-164061.57766024643206],[458279.361995181185193,-164014.001315571164014],[458358.200097989814822,-163617.209946220129495],[459950.611272345122416,-163494.645675520732766],[460194.685414454492275,-163447.03410444088513],[460939.825227850233205,-162576.646045026660431],[461427.931873552093748,-162481.38204508353374],[461767.28157591499621,-162086.438371508585988],[462255.364991960464977,-161991.144005450390978],[462594.67723788676085,-161596.179599125956884],[463010.731534082442522,-161503.376301191688981],[463451.571422462642659,-161949.274190367985284],[464716.762394346354995,-161983.113995313411579],[465326.644966865656897,-161271.453462130448315],[465304.280274463177193,-159616.620361379958922],[465548.266320919443388,-159568.910439689498162],[465956.655501145171002,-159093.182464736513793],[466378.123479279980529,-159156.563150653470075],[467182.211002240597736,-159972.61780872970121],[467675.711887690064032,-160033.413137238792842],[468116.668708151788451,-160479.153601108759176],[469376.061611603770871,-160356.263000669045141],[470189.37023740762379,-159404.670660809002584],[471454.49573524139123,-159437.860363498504739],[472258.922611582558602,-160253.607464526576223],[473349.092817466414999,-160253.745500960649224],[473770.792253751074895,-160238.641707528528059],[473819.446197399520315,-159992.142573062272277],[474515.936591797857545,-159072.617676790687256],[474637.500728567829356,-158456.34707764221821],[474969.670665663434193,-158350.216885374306003],[475213.604500418761745,-158302.328715372510487],[476158.373019433929585,-157195.223496947612148],[476210.882257458986714,-156653.061202127108118],[476547.07598678447539,-156255.133915444370359],[476573.158023113559466,-155985.748033444659086],[476819.861931343853939,-156015.972289869503584],[477186.213275258953217,-156385.859408560121665],[478697.65597710077418,-156370.329812971001957],[478780.594994557497557,-157073.437093002256006],[479103.0725500282133,-157494.949806254298892],[479274.890923493483569,-158123.349584277049871],[480696.860813966777641,-159464.472361225547502],[481289.236777303740382,-159607.55909747100668],[482171.956671150750481,-160612.900655026925961],[482380.991569782665465,-163047.197091558540706],[483098.960094378562644,-163654.845816782297334],[484247.814647625084035,-163487.199443119112402],[484631.585401990334503,-163137.401199559943052],[485074.518972149060573,-162995.531538034643745],[485601.82417826319579,-162514.808070999453776],[486327.547670439758804,-162613.769704156235093],[486735.919711276364978,-162934.487299498316133],[488138.987143069156446,-163018.804263692320092],[488244.362491777690593,-163403.073633449559566],[488488.351442051527556,-163354.939867993904045],[488826.943345205683727,-162959.300359037704766],[489070.922292470233515,-162911.155834472738206],[491004.928416981070768,-162878.61463607638143],[491371.865799723891541,-163248.117078604758717],[493131.019310609612148,-163260.886944037774811],[493498.027879034169018,-163630.331002465914935],[494588.53845532098785,-163628.7182713674556],[494554.077548624016345,-162707.238596535637043],[494580.136991398292594,-162434.420312786154682],[495523.656890497601125,-161325.91619280850864],[496433.243214116722811,-161213.549375802860595],[496771.546228058228735,-160817.70875570437056],[497015.461761751619633,-160769.417958355450537],[498102.803827971743885,-160689.376432807126548],[498845.361332682427019,-159816.859642691211775],[500775.984754023724236,-159704.750934056646656],[500822.514171715360135,-159975.06036521185888],[501407.446569696126971,-160564.472164629027247],[502322.882513336546253,-160607.975758659973508],[502726.038601882755756,-161013.305724508041749],[503130.419147185224574,-160539.686320820386754],[503972.814367095183115,-161389.72771480170195],[507840.470500683470163,-161320.003500168881146],[508243.821696899889503,-161725.166400959744351],[508683.89964940585196,-161209.331827563553816],[509105.669181844918057,-161271.351552761771018],[509509.059143215767108,-161676.475858067715308],[509880.079435320280027,-161241.512568211968755],[512476.481218048545998,-161062.885773706220789],[512883.304230052279308,-160585.705791544809472],[513305.078938790655229,-160647.591499752248637],[514112.239646298461594,-161460.795221036329167],[514359.155409107683226,-161490.31948840332916],[514407.066308548732195,-161243.670029168366455],[516058.305372184957378,-159189.498545446054777],[517442.441099374787882,-159000.143864764540922],[517825.232823615137022,-158649.386894459777977],[518689.342141617438756,-158489.870722669526003],[519072.086567608697806,-158139.078079442464514],[519625.131297803716734,-157960.317906263575424],[519744.616401166073047,-157343.63430704534403],[520034.40200137469219,-156898.988094715517946],[520093.70896756782895,-155484.261402703734348],[520383.437755510385614,-155039.610018200939521],[520478.970027428003959,-154546.276948234037263],[520768.66330207826104,-154101.61827126564458],[520864.171891169447917,-153608.28383127390407],[521153.829588588385377,-153163.617906915606],[521183.402716058888473,-152456.259150070633041],[522694.5265669580549,-152435.698134206380928],[523941.564863916253671,-153692.293064206809504],[525278.152444070903584,-153717.488407540600747],[526085.686598781845532,-154529.944095825281693],[528440.093319209991023,-154475.141295234061545],[528507.255590290529653,-154717.247325688076671],[528831.306462385924533,-155137.543207922601141],[529003.107797168777324,-156200.035573716973886],[529356.921795379254036,-156284.140817857580259],[529393.821365373441949,-157205.511884964769706],[529760.519294233177789,-157292.659156571433414],[530646.891172623611055,-158294.756048795941751],[530821.425220110802911,-158923.340484728425508],[532744.629094338743016,-158986.686476568196667],[533232.444983734516427,-159575.017173975676997],[533299.714236256666481,-159817.102772412763443],[533721.399711772217415,-159800.086911167949438],[534143.084651533165015,-159783.057595998310717],[534130.751508196583018,-158589.188318551372504],[535071.117928861523978,-157477.485363663610769],[536158.076128234970383,-157394.31471561602666],[536168.190224522375502,-156226.236538064753404],[536457.411893611308187,-155781.23127845081035],[536552.358109839842655,-155287.780331886548083],[537244.344179250183515,-154364.967164222005522],[537362.970638444763608,-153748.130261426180368],[537915.610985616222024,-153568.606798685766989],[538700.411532028578222,-152739.41920014761854],[539142.477176892803982,-152595.742893757065758],[539524.521357047138736,-152244.363722770503955],[540077.071789221721701,-152064.750535659317393],[540195.538339213468134,-151447.892215530126123],[540576.302000698051415,-150861.423219839693047],[541174.272513056173921,-150666.948131484386977],[541677.519766915589571,-150203.854634790244745],[541832.351889050914906,-149396.943424279073952],[542910.500597034115344,-149195.789586703991517],[542984.520281179458834,-148809.758237066445872],[546177.393414735677652,-148639.006569637422217],[546513.909473497420549,-148241.908204629988177],[547422.288864199304953,-148126.037121181230759],[548160.937942579272203,-147250.783367269148584],[548647.957440375932492,-147152.304613745305687],[548984.360703792888671,-146755.144844504451612],[550070.393595134140924,-146670.831399600661825],[550420.663958618766628,-146556.613136465195566],[550453.262609081575647,-145731.996103269368177],[551716.969594213413075,-145679.266929714678554],[552138.204103455413133,-145661.663671797374263],[552118.946789471665397,-145201.024695211846847],[552143.459493347327225,-144931.500409869273426],[553280.914199529448524,-143575.118634867627406],[553286.096353228669614,-142844.959082841698546],[554796.217884938814677,-142820.725885899621062],[555239.694538250914775,-143263.531286095705582],[556496.908286340767518,-143132.34790507829166],[556901.598798163235188,-142653.838251742563443],[558586.48783216974698,-142660.929112779151183],[559030.091573356417939,-143103.607195939461235],[559866.118878571433015,-142989.926108764630044],[561005.209856427856721,-141635.479454452608479],[561248.577590640867129,-141586.006052798795281],[561296.313156041898765,-141856.087272040196694],[561883.298524748417549,-142442.78897617990151],[562130.004534000298008,-142471.418969429592835],[562197.745731912786141,-142713.345417497999733],[562522.634899415192194,-143132.800515001290478],[562692.016742771724239,-143737.631187363760546],[563257.301790547790006,-143870.58102927877917],[564120.402663133339956,-144642.68475099245552],[564619.385293817613274,-144181.755115639942233],[564856.977134825778194,-145029.588900812785141],[565422.341891775722615,-145162.446673955273582],[565832.21156309149228,-145480.701288817508612],[566284.527363311382942,-145586.97125696844887],[566847.804252744768746,-146024.274551552778576],[569668.821514125331305,-145777.241808967402903],[570192.450840156059712,-145293.174009928450687],[571339.268296904396266,-145369.269998021656647],[571749.293882030528039,-145687.341387874097563],[572314.76776093186345,-145819.904512930690544],[572416.681345222867094,-146182.738326575839892],[572534.427880174014717,-147452.367526526039001],[573112.917531546903774,-147935.628715646511409],[574095.442298063542694,-148034.247414186014794],[574310.067559504997917,-148797.92253578195232],[575741.110134109039791,-150128.762863983109128],[576321.396248913020827,-150264.577273792412598],[576496.99604334984906,-151326.43607571994653],[578147.278884729370475,-153072.13162984495284],[578317.470837974920869,-153676.780466463038465],[578883.356538057210855,-153809.066198598447954],[579293.816936998395249,-154126.912087892502313],[579941.687858310062438,-154161.330123514169827],[579961.900673681986518,-154621.941387864411809],[580205.455098052159883,-154572.117079139774432],[580574.016049708821811,-154135.181719773740042],[581054.892488070065156,-154613.067164314474212],[581470.007793986937031,-154516.541103841067525],[581805.667678444762714,-154118.536588438350009],[584821.739292124053463,-153907.143261729477672],[585225.805591540061869,-153427.750331375136739],[586069.265681155375205,-153468.640682357974583],[586880.65784240886569,-154277.378736693470273],[589060.693564345594496,-154258.660019915696466],[589430.243559891707264,-154625.425612919498235],[590520.296327758114785,-154615.900967763765948],[590526.124063382507302,-153331.790063582564471],[590880.031583185656928,-153215.277134878444485],[590903.787759196362458,-152945.67438817981747],[591236.541089833131991,-152544.843452918546973],[591263.513012381619774,-151541.700427443342051],[591797.8107434080448,-150905.772512233146699],[592284.709144234540872,-150805.683973190287361],[593020.664269191911444,-149927.915018304338446],[593507.518910274025984,-149827.781644059461541],[593842.700204723281786,-149429.476401816180442],[594329.531411879230291,-149329.312830925075104],[594664.675000453251414,-148930.987264064751798],[594908.079711553291418,-148880.892627893917961],[595155.001829208922572,-148908.906351902114693],[595600.052886719233356,-149350.365337085735518],[596014.931489536422305,-149253.38278499347507],[596818.68493114260491,-148294.059867231320823],[598083.499043221469037,-148315.127399180841167],[598489.422384441364557,-148717.625051653099945],[599726.005902696866542,-147239.343922184692929],[602254.658224197919481,-147202.564971754502039],[602624.410095192841254,-147568.953977244644193],[604977.803059302037582,-147500.515048906992888],[604980.15824808459729,-146770.327825592918089],[606512.644482739968225,-144929.493460726720514],[606559.462982631870545,-144390.244449719582917],[607691.493411665316671,-143029.18010922789108],[607714.872690925374627,-142759.55485488276463],[607932.720355995348655,-142822.129143823316554],[608556.871085316874087,-143254.909145341080148],[609210.7116931125056,-143079.554819762066472],[609609.407479384914041,-142744.827627090737224],[610137.335644447710365,-142538.95577892541769],[610310.481075994088314,-141796.174931841233047],[612648.865718919434585,-141526.708974840759765],[612653.085045551881194,-138465.43170932107023],[613418.178084421204403,-138342.009588733169949],[614907.4458181951195,-138335.554907737940084],[615331.728911198093556,-138662.574439268209971],[615865.803853517631069,-138165.19993618488661],[617433.438188770902343,-138217.641514355811523],[617998.203595852712169,-138652.753331719519338],[618291.128006961778738,-138513.359140818618471],[618670.730348724988289,-138159.707920353772352],[619111.538690442917868,-138013.362648775189882],[619503.440100823296234,-137648.179244781465968],[619927.822935381438583,-137975.050540160329547],[620380.40062360803131,-138079.464949017332401],[620945.263195174164139,-138514.450664865638828],[621238.156487480504438,-138374.99107896714122],[621759.674586259294301,-137888.888853086449672],[622485.354914181749336,-137980.364583901042351],[622896.463080312823877,-138296.840806348918704],[623349.079660273040645,-138401.15358485726756],[624203.010302347247489,-139158.225034483737545],[625076.697899170801975,-139242.56375713905436],[625930.782168324105442,-139999.525474247784587],[626496.677391025354154,-140129.765224769304041],[626707.864740081015043,-140870.149695884319954],[627799.195375154260546,-140975.233817489235662],[628010.465488461079076,-141715.599375651217997],[628576.457006932934746,-141845.750782563001849],[628987.830777411931194,-142162.041172834229656],[629214.23150658654049,-142214.095790326944552],[629262.712234773673117,-142480.355543600831879],[629630.785773386596702,-142848.799850838549901],[629679.276062531629577,-143115.058580256823916],[629784.105138588463888,-143482.152633903664537],[630423.757898823707364,-143603.946528608910739],[630521.580848396988586,-143074.865546905144583],[630942.732294254587032,-143054.748877617559629],[630894.21652743476443,-142788.494792644167319],[630490.070027398178354,-142384.018759217025945],[630853.813071457203478,-141942.86524648728664],[630877.618567396537401,-140943.018745761364698],[631208.875250295153819,-140541.194585164950695],[631232.641605385928415,-139541.351358975836774],[631563.848940193885937,-139139.519796387292445],[631498.596783634740859,-137027.815853391715791],[631521.472065338748507,-136758.152565232943743],[632650.31493026309181,-135394.974541633127956],[632651.083581852028146,-134664.806288777355803],[634998.510969137656502,-134512.917418599565281],[635332.064673839951865,-134113.576019880041713],[635818.07835396239534,-134011.886934304959141],[636151.594316052622162,-133612.525333600846352],[637058.430834107100964,-133490.494434667751193],[637391.896319790394045,-133091.101918297441443],[639140.346985900308937,-132928.243034950603032],[639473.736479125102051,-132528.798380767664639],[639959.666475354111753,-132426.957044012844563],[640759.230855488451198,-131465.004046131012728],[641601.919495753245428,-131502.330792081018444],[642415.625766282901168,-132307.604681332071777],[644345.614376607816666,-132252.632529177382821],[644394.990334778558463,-132522.105727058893535],[645872.22642363794148,-133985.18223771447083],[646960.748654543072917,-133971.000004908011761],[648119.925775657291524,-133845.523920265433844],[648553.630031592561863,-133214.510079162631882],[648695.903753600083292,-132438.202323050471023],[651611.768368970719166,-135343.642241594847292],[651785.17848186683841,-135947.310746247065254],[652124.802871881867759,-136024.783795709139667],[652545.729449261794798,-136003.978112012584461],[652568.174664596444927,-135734.278687545913272],[653694.842224922031164,-134369.302223929145839],[653739.672658906900324,-133829.90186878060922],[654468.069679999840446,-132946.177256586146541],[654490.464718871284276,-132676.476722633640748],[655752.922046158812009,-132613.793076113448478],[656083.140954671776854,-132503.125937519042054],[656195.982260372489691,-131885.276907840714557],[656480.681389627745375,-131437.686800301133189],[656593.490404626587406,-130819.83605850188178],[656923.657149689504877,-130709.148325980146183],[657299.091819626046345,-130583.236722204877879],[657674.151046839077026,-129993.439699457201641],[657789.7988929185085,-129359.658334423482302],[658757.781595954787917,-129170.031908901670249],[659136.067732749856077,-128815.225201663299231],[661258.935644738841802,-128583.277837900619488],[661637.140072533860803,-128228.399850697911461],[661857.171411969233304,-128154.513267493690364],[661833.186530028469861,-126963.909746230725432],[662163.152415935066529,-126561.322940572645166],[662207.582189051201567,-126021.904376448364928],[662537.510922088520601,-125619.309093715972267],[662558.78302178834565,-124619.447891772928415],[662888.662358478177339,-124216.845212310217903],[662910.854601303464733,-123947.136139000591356],[663134.814530850970186,-123877.197182546922704],[663504.808626568643376,-123514.333151140774135],[664875.85269148030784,-123320.47424228314776],[665734.231254337588325,-122190.456887409571209],[665269.705286504118703,-121624.500021963132895],[665390.988758128485642,-121137.501056647597579],[666034.75644680345431,-120936.321404049274861],[667262.806981617119163,-119360.577565737752593],[667362.019923753105104,-118750.595480394069455],[668270.937353603541851,-117734.291986726690084],[668718.590903411270119,-117594.229875513119623],[669088.247398694395088,-117231.214104194514221],[669312.062896601622924,-117161.171127542955219],[669334.395026203128509,-116887.834248740808107],[669863.314621224300936,-116249.085426263467525],[670105.886263152002357,-116197.608918550264207],[670036.243651711149141,-115956.257652241329197],[669604.281966686015949,-115407.100625659251818],[668879.301242077955976,-115242.456294599862304],[668774.893205740489066,-114880.400904791153152],[668751.52445164101664,-114419.980082037072862],[668801.683680445072241,-114178.103417507649283],[669074.845648293034174,-113719.682877091836417],[669175.142324001528323,-113235.927733325268491],[669845.043599965632893,-112295.725390622334089],[669932.882778769475408,-111216.693721127696335],[670902.962320805643685,-111010.936187937651994],[671687.698688921751454,-110184.541888606225257],[672536.456607636879198,-110004.41748168959748],[673321.029953891062178,-109177.927488027300569],[673749.63983027706854,-109019.193466408338281],[674137.603389466181397,-108674.544991238595685],[674351.896873345365748,-108595.166525515480316],[674471.96032404853031,-110242.455296892701881],[674840.541925949859433,-110609.607789098692592],[674939.244775976520032,-111141.749130448268261],[675751.624149473849684,-111947.749938514796668],[675850.368500348413363,-112479.88608088021283],[676219.046288875397295,-112847.001911515457323],[676318.426420638570562,-113382.410009095750866],[677797.43514111766126,-114841.841320539548178],[678290.516145721659996,-114894.757757721454254],[678661.649001440266147,-115258.983044935084763],[679154.750482968171127,-115311.867233979006414],[679525.918905989150517,-115676.068581151019316],[681700.15360848326236,-115642.058751543518156],[682071.404016943066381,-116006.188760448945686],[682564.55315997893922,-116058.945503099734196],[682935.839060139143839,-116423.051608387118904],[683429.008650707779452,-116475.776095323861227],[684320.094366488978267,-117352.808284453552915],[685574.355365548632108,-117209.328153212321922],[685905.960401097428985,-116808.72553235507803],[690594.100242901593447,-116485.58840462534863],[690925.539679579320364,-116084.859879570532939],[691410.550595923443325,-115981.126916764260386],[691741.952165233087726,-115580.378273035210441],[692647.210580205079168,-115454.530664574398543],[692978.561545883188955,-115053.751371878621285],[693463.521756627364084,-114949.943025819389732],[693794.834930768818595,-114549.143574560148409],[694279.771434684284031,-114445.305259263201151],[694611.046746415202506,-114044.485693526847172],[695095.959533269284293,-113940.617432524057222],[695427.197064446634613,-113539.777788569190307],[697350.469191714888439,-113398.972530850456678],[697770.674072021269239,-113376.724431909766281],[697820.494467579876073,-113642.71114221548487],[698189.841672336682677,-114009.213663132875809],[698362.696959264925681,-115922.293074711822555],[698732.116871597478166,-116288.782462323797517],[698905.046165478765033,-118201.865205322654219],[699274.538840184104629,-118568.341453648085007],[699496.39738238370046,-121402.175159664067905],[699865.987282359972596,-121768.637924191556522],[700014.62723438674584,-123221.356180856440915],[700384.277680543018505,-123587.806191963798483],[700531.991996614378877,-125695.295145586424042],[700918.310810600873083,-125781.996289474336663],[701351.899659110233188,-126330.142912834373419],[701527.546342390007339,-126933.141915286352742],[702221.61391208646819,-127088.797132345862337],[702407.230534072499722,-128148.881972730945563],[703181.618389853741974,-129002.809886532311793],[703251.917920640204102,-129243.994182618625928],[703327.008279531844892,-129479.362302825436927],[704982.641465503373183,-131220.683690436271718],[705183.695246938499622,-132291.239384996995796],[706591.219959380337968,-132365.813117301906459],[707013.874054508865811,-132668.026908077124972],[708822.744624769315124,-132716.082102315936936],[709018.921631763107143,-133329.93444719677791],[712012.962145218276419,-136383.610532197111752],[712163.515383146004751,-136854.256774508132366],[712483.602241272106767,-137281.634602780453861],[712583.74291882023681,-137977.326773734210292],[713425.719804404652677,-137931.845416316413321],[713456.244558034930378,-139560.290354777447646],[713067.288900576299056,-140177.050251983455382],[713248.212071136105806,-141075.982181025348837],[713954.687613304471597,-141233.599611782759894],[714161.990526076289825,-142410.882378284470178],[714857.032397420727648,-142565.8813710315153],[715033.439663009950891,-143168.729545918264193],[715374.805486211320385,-143598.851259312737966],[714578.427854541223496,-144691.445508929144125],[714761.771598384832032,-145953.787531649781158],[715091.71508258045651,-146369.473593211761909],[715162.293191906646825,-146610.60716817388311],[715389.176246107439511,-146661.184511763625778],[715802.885382812237367,-146974.772184544592164],[716416.828305303351954,-147111.592520235397387],[716851.688916930695996,-147659.265551611635601],[716992.920885081752203,-148141.51578821966541],[717769.324108063825406,-148994.641187633329537],[717910.598941686097533,-149476.883770191372605],[718240.720997834228911,-149892.496260139829246],[718421.888307976187207,-150510.848713140439941],[719406.148874192731455,-150598.655066278908635],[719820.072317080572248,-150912.12135251305881],[720274.027815132052638,-151013.11395968720899],[720687.985103897284716,-151326.553606386878528],[721141.96258674771525,-151427.516584431403317],[721555.95368062146008,-151740.929532218782697],[722431.384260536986403,-151818.82825989605044],[723292.058381480397657,-152569.512379678461002],[723746.101989359478466,-152670.386450046557002],[724606.904997101286426,-153420.987343066779431],[724833.94623677409254,-153471.403919236618094],[726325.440973264165223,-153452.380564558465267],[726739.621016105287708,-153765.633594168990385],[728036.727501671644859,-153819.976440454513067],[728910.469932676758617,-154581.292701023048721],[729300.886427527875639,-154212.039154997706646],[730584.200686272815801,-154015.419549620943144],[731102.586765284533612,-153524.982848349318374],[732780.047384542180225,-153566.381342471926473],[732893.056101700407453,-153950.449285019509261],[733120.145355182117783,-154000.723699085385306],[733534.512861533788964,-154313.764760965277674],[734519.213079877314158,-154400.447326034889556],[734701.188729374785908,-155018.587322004808811],[735479.139317922643386,-155870.694204407802317],[735575.743504027719609,-156572.082973930082517],[735626.400111244875006,-156837.96039994477178],[736445.173705690074712,-157640.326893762365216],[736521.497403745073825,-158366.55908063420793],[736862.267168040038086,-158441.858460515242768],[737039.822245475254022,-159044.445891228213441],[737370.773763693054207,-159459.595308626507176],[737548.360805446980521,-160062.178139579045819],[738249.505999394110404,-160217.03912339854287],[738473.830430027330294,-161843.076314454345265],[740845.892750753322616,-164065.437805374327581],[741414.133905635215342,-164190.761910043045646],[741591.946850241161883,-164793.301199887384428],[742370.864755767746828,-165645.034344050276559],[742442.010407990543172,-165886.0388723561191],[743198.787995844730176,-165916.82554263662314],[743311.63627207512036,-166299.010335128783481],[744155.419683014741167,-166251.568842232227325],[744377.980661807465367,-166307.484098355547758],[744802.557478611473925,-166608.523925862595206],[745442.708731841179542,-166769.323501065431628],[745844.84663741546683,-167302.430945881846128],[746040.413755246438086,-167907.500336315308232],[747137.177431806223467,-168018.789012317196466],[747395.737671343144029,-169370.073761363688391],[748771.517473127692938,-169155.407036470656749],[749167.031129768234678,-168801.868442907492863],[749608.05509270762559,-169114.239410880691139],[750095.174866136279888,-168678.772843832091894],[750366.040426382329315,-169515.852195994724752],[751759.29166760458611,-169584.695291386480676],[752184.144973412505351,-169885.502579429012258],[753895.497533770161681,-169924.987292684352724],[754768.688331259530969,-170662.004996442847187],[755741.873505760682747,-170760.068164979282301],[755937.931990712299012,-171365.000419937132392],[756260.195940390578471,-171791.369518398569198],[756450.70482871402055,-172379.100984335964313],[756784.800929758581333,-172462.683039924217155],[756862.237372297327965,-173188.839589055161923],[757271.260701166000217,-173589.482319550239481],[756878.414390131249093,-174073.804766889341408],[757287.462479054345749,-174474.44844071145053],[757338.586387084331363,-174740.26112272721366],[758182.908218908822164,-174691.92485571996076],[758605.068012754316442,-174667.736527836677851],[760514.097699975594878,-174629.450428759591887],[760944.074569567572325,-174924.071780659985961],[762331.353310105507262,-174998.088584949320648],[762581.706277133431286,-175736.378882272780174],[763548.843717250274494,-175840.3349808541534],[763978.929390042554587,-176134.859478590631625],[764555.344107965007424,-176287.900158144213492],[764824.498386019491591,-178380.776460107445018],[766241.855876561137848,-178455.979095630696975],[767121.043328896979801,-179186.296023080940358],[768828.981445706798695,-179229.768727085378487],[769259.29460572230164,-179524.126356511289487],[769479.820379033102654,-179582.580419736535987],[769902.136136626708321,-179558.031775316165294],[770990.223301002522931,-179455.553086751140654],[772145.833198437583633,-178041.446016245376086],[772780.012769859866239,-178659.731193492072634],[772882.900419437908567,-179191.247485336003592],[773256.063056074897759,-179555.725396688882029],[773385.857293359586038,-180547.56601869178121],[774208.337956575211138,-181347.672752389335074],[774259.814143278752454,-181613.428349707101006],[773929.185865955310874,-181727.066305673273746],[773864.331008844077587,-182098.443993995868368],[773972.002757685142569,-182459.740514000121038],[774541.401112334453501,-182583.653206652088556],[774957.630948354839347,-182895.432937900390243],[775413.173368679825217,-182994.546381850203034],[776278.85011078894604,-183741.874733714066679],[777156.88476379646454,-183816.163194471824681],[777573.215718962484971,-184127.862653849530034],[778142.726009232806973,-184251.621738373592962],[778362.952250657835975,-184989.668745842209319],[779459.668458926491439,-185082.23550930886995],[779644.027451409958303,-185699.832417669065762],[780426.578429008135572,-186549.402387938607717],[780641.056724788504653,-188067.865413159801392],[781002.440585338976234,-188146.299055832409067],[781176.355722624692135,-192076.545588267908897],[780788.630071598337963,-192695.416807545203483],[781018.061662041698582,-194504.492150790116284],[781604.259815689641982,-194976.916622872231528],[782193.839231383986771,-195104.768556309805717],[782408.546083004330285,-196623.260793768626172],[782741.779715300654061,-197037.341652394330595],[782912.948034886969253,-197979.323928770667408],[783246.227041908190586,-198393.394832179474179],[783417.43773079640232,-199335.376557410258101],[783750.762194717302918,-199749.437508271919796],[783822.782338351127692,-199990.255120134243043],[783798.973118169233203,-200827.619597916578641],[782938.733130340813659,-201018.581000430975109],[781783.940051584038883,-200043.517518951121019],[780645.37242339795921,-200244.758505523815984],[780101.943098061368801,-200738.682073974894593],[778126.67241450259462,-200720.552232161047868],[777702.667541717644781,-200417.65035309040104],[776209.247147911810316,-200438.058177146565868],[775965.411644594045356,-200491.498786702839425],[775634.043676369590685,-200894.477164037904004],[775146.350440611829981,-201001.332798123534303],[774814.94458167871926,-201404.291557177901268],[773058.177308463957161,-201585.146047778631328],[771537.929823542945087,-203443.052924611110939],[770203.954481175052933,-203598.915798558999086],[769872.333202621433884,-204001.755075965251308],[769384.489868005621247,-204108.399827522604028],[769052.830671400995925,-204511.219479211955331],[767116.439978908281773,-204662.503174462734023],[767096.786771083716303,-205487.763004901556997],[766273.533441580832005,-205769.759196415310726],[766528.084083734080195,-208175.07266576087568],[766871.867080859141424,-208603.045577774115372],[766570.45585691567976,-209082.393783767212881],[767038.864606934832409,-209665.452816825214541],[766995.701295906212181,-210919.66625729345833],[766712.625448173028417,-211369.765479324414628],[766748.87734164763242,-212998.559963500214508],[765138.93143504858017,-213168.819226602121489],[765083.226481411955319,-214717.188175267277984],[764816.289127608761191,-215183.044506305799587],[764756.306450591771863,-216417.35280291151139],[765665.288196695153601,-217443.842368866462493],[765823.161633229581639,-217908.154132055322407],[766592.065102937747724,-218776.228564439254114],[766671.022333500441164,-219008.380668541736668],[767315.742056763032451,-219042.405676240945468],[767747.207427741377614,-219336.907305479922798],[769270.16089124022983,-219417.109550259221578],[768920.52588481863495,-220027.495439073391026],[768817.150344263762236,-220506.907545506983297],[768550.200609766645357,-220972.852400332049001],[768446.800839392119087,-221452.26383206047467],[768060.694912223494612,-222126.129155331407674],[768286.981826319242828,-223771.334937177569373],[768605.957968785776757,-224203.387159001111286],[768820.150623001507483,-225275.900079942191951],[770857.120719398837537,-225233.633303254377097],[770923.93384778231848,-227438.123471683327807],[770189.458861207473092,-227689.538634705997538],[769816.041876689880155,-228282.747612210892839],[769772.48068061308004,-228530.359814548341092],[769823.943147961865179,-228796.191498931933893],[770725.282633274327964,-229670.873070790665224],[770706.612111116060987,-230592.977859531383729],[770376.883675107150339,-230998.435141441092128],[770362.71644681552425,-231998.878971757018007],[769568.216052232775837,-232971.826911516691325],[769693.269797013606876,-233885.619990613282425],[770594.905891637899913,-234760.335432325809961],[770549.496785944560543,-235222.012970900308574],[770219.633960973005742,-235627.475920737051638],[770199.189037200645544,-235897.482381528330734],[770847.130690283491276,-235928.421479669923428],[771274.39724508067593,-236228.678922751569189],[772270.745628357864916,-236327.392393945046933],[772476.709998275851831,-237390.904911657620687],[772807.095585435745306,-237825.202308191568591],[772529.215360524249263,-238294.83915975043783],[772506.944509089575149,-238997.66363382837153],[773268.025774511508644,-239026.755067382240668],[773498.813685676315799,-239799.413220188900596],[774506.52847259119153,-240666.53975392045686],[775812.525370029499754,-240716.243156724900473],[776230.447948396671563,-241028.077683914889349],[776687.939588821260259,-241127.182822081493214],[777557.097029233933426,-241874.65356446892838],[778014.629350610892288,-241973.713724271598039],[778432.643165270914324,-242285.481658501317725],[779085.736557477503084,-242310.157288311223965],[779144.319297986337915,-244532.565561124152737],[777211.341777648194693,-244811.165529022517148],[777045.907668914529495,-245554.676428779464914],[776516.000178478658199,-245767.29446953360457],[776117.92289659997914,-246107.18861502467189],[775693.984503100044094,-246277.269740834046388],[775295.871212403057143,-246617.140135390480282],[774765.896006364258938,-246829.689429608843056],[774633.115318174939603,-247425.79084247519495],[774368.473128296318464,-247894.578417222510325],[774396.143083781702444,-250673.851914182130713],[773211.456659430172294,-252281.538432447792729],[773433.99704735679552,-252723.04311901688925],[774967.17210838268511,-252806.596149232354946],[776000.74386763968505,-253976.97668297792552],[775898.12061113701202,-254857.977552993019344],[775141.068253433448263,-255161.445953695423668],[774823.935552219161764,-255722.858237892185571],[774797.555908296606503,-256421.802540589502314],[774902.747873483225703,-257608.659148437873228],[775729.556775725679472,-258409.00066125250305],[775888.467976375366561,-260516.878879667026922],[775915.288321450236253,-260977.387980439263629],[776038.253273257636465,-261388.396233719191514],[776746.317028277786449,-261916.022707178432029],[777465.529189540538937,-261748.251153246790636],[777986.926008126232773,-261255.738009419554146],[779145.672033601556905,-261313.845953575510066],[779720.892274311743677,-261742.275018873100635],[780546.71504209167324,-261549.443472698010737],[781368.549126579775475,-260441.727058282122016],[781436.326301820459776,-259362.23249644585303],[782003.008858401328325,-259188.826659247948555],[783518.444277603412047,-260749.340215120231733],[783698.996674325782806,-261351.585971862106817],[784042.675385558046401,-261425.73499932338018],[784161.83654272777494,-261773.883261916373158],[784827.599697708734311,-261948.543408854369773],[785026.238957584020682,-262528.787247613421641],[785346.562405771925114,-262960.537829804175999],[785586.931619262672029,-264806.239501677220687],[786363.926002084161155,-265678.344095599604771],[786088.91989220585674,-266157.990755384147633],[787770.799776756437495,-267900.631884567614179],[788093.178970621316694,-271127.890667987638153],[788513.149247182183899,-271693.410779585887212],[787642.815744164050557,-271841.956224810564891],[787420.911204238072969,-271917.980859856936149],[786945.170020319405012,-272367.614016968174838],[786456.497054870822467,-272279.090411298035178],[786226.5918656475842,-270657.847438509284984],[785780.4447601523716,-270502.563186562736519],[785258.918692355160601,-270995.409013159631286],[784094.584693127893843,-271189.767990319407545],[783086.015788873890415,-270324.816898231452797],[782512.860820710193366,-270201.180538939137477],[782277.99934638873674,-269417.780991572130006],[782030.643900290480815,-269493.422931701643392],[781962.771145739476196,-270572.98777388810413],[781280.443814055877738,-271509.00516297010472],[781193.278072962188162,-272004.429168749717064],[780401.765746413497254,-273089.948135425278451],[779708.963407395058312,-273326.858455498237163],[779599.908923135255463,-273946.132434147875756],[779165.74344268697314,-274583.578393967589363],[777570.636796755483374,-274743.673110823030584],[777702.891020211623982,-276391.194000183255412],[778078.614422585815191,-276755.733269881980959],[778182.030934352544136,-277287.485517650668044],[780367.318118511931971,-279394.788004453585017],[780524.719582777353935,-280847.647297712333966],[781353.161875477526337,-281647.764904212323017],[781431.913778392481618,-282374.198264181206468],[780784.201793769141659,-282475.032888280926272],[780259.935183713096194,-283006.895066928351298],[780192.240518350736238,-284078.333812821481843],[779509.002514785155654,-285014.338134498684667],[779426.413065197179094,-285591.728143815940712],[780147.42208942247089,-285747.280852179508656],[780566.741223988006823,-286059.072098756267224],[781156.535880168667063,-286186.253249851870351],[781352.946517033153214,-287327.696435469551943],[780877.083567046676762,-287490.299029171059374],[780887.290223923744634,-288659.196670118137263],[780602.724406210123561,-289109.788733856286854],[780493.50082987989299,-289729.133596912375651],[779799.80804148921743,-289966.070071491471026],[779006.965590851265006,-291051.627979917742778],[778919.508944046101533,-291547.099448484310415],[778634.80755315371789,-291997.657691946369596],[778617.923491351888515,-292705.991918395156972],[778388.307936772354878,-292656.45435165282106],[777968.85454216087237,-292344.579967678582761],[776549.216361009399407,-292290.945752245432232],[776331.53282759047579,-291564.293452300596982],[775902.102055739611387,-291414.665966716245748],[775379.33690879738424,-291907.186638605257031],[774934.721446985960938,-292058.839951625326648],[774342.873863922199234,-292658.303996134724002],[774739.129269111785106,-293148.553155924892053],[774910.19254510384053,-294091.154948613897432],[775245.274212980526499,-294505.662916085973848],[775344.194005285971798,-295207.270870610431302],[775735.935549602145329,-295291.867283367260825],[776302.941767490236089,-295993.098500236053951],[776285.098120345384814,-297825.372074130515102],[775574.225610585417598,-298067.770517649361864],[775584.838882851065136,-299352.844469713571016],[775477.690190565539524,-299831.359923979558516],[774998.852872716961429,-300238.498935599811375],[772868.426862990832888,-300507.302872442698572],[772468.481399945565499,-300847.197333937510848],[770915.95609836303629,-301113.443620888923761],[771137.346580212237313,-302618.725677884009201],[771455.57703724433668,-303053.888022722210735],[771616.775864473660477,-303515.413979174220003],[772531.907732256571762,-304549.180614928773139],[772428.30150031496305,-305430.459651936835144],[771753.48510408657603,-305699.741919324558694],[771691.154710419592448,-307318.677404009504244],[771136.108547725132667,-307540.125496258668136],[770735.893532163347118,-307879.983644095074851],[770203.32439539488405,-308092.422632949834224],[770019.747277655638754,-308909.992804529319983],[769136.247303224285133,-309820.877444624260534],[768152.283093810663559,-310045.233313457691111],[768120.26496989838779,-312183.871894755808171],[766496.352236760780215,-312356.143813801812939],[765847.099464055499993,-312456.266070682613645],[765465.767080888035707,-312814.438563518109731],[764517.884614472510293,-312994.510622066562064],[764363.588316993205808,-312478.207495588052552],[762230.804914768552408,-312599.931069945683703],[762212.91184893460013,-313308.341893396398518],[761526.762600367655978,-314243.600643387122545],[761438.422900720499456,-314739.033829938736744],[761152.580015875049867,-315189.286854744015727],[761064.216695390758105,-315684.720890120079275],[760671.359552006004378,-316303.430783115094528],[760858.537786117289215,-317545.218732632754836],[761193.671014404273592,-317960.148902095272206],[761337.68379165197257,-318442.371231976663694],[761672.851849110331386,-318857.292366213863716],[761852.89970131078735,-319460.086861404008232],[762570.747946858638898,-319615.584348495583981],[763485.017821979359724,-320602.872721849649679],[763609.648209358681925,-321765.417673765332438],[763839.68005857639946,-321815.222017838386819],[764712.810016799368896,-322563.948824815161061],[765896.22363907226827,-322622.145461869426072],[766801.576030964381061,-321645.847088051086757],[768954.646213957923464,-321396.446699299151078],[769348.558088046731427,-321026.4937473020982],[769782.270881663891487,-321348.867697595327627],[772025.670554013340734,-321345.506223144824617],[772188.766049981117249,-320427.269983857986517],[773278.340205100248568,-320207.189332959416788],[773347.138218053965829,-319819.558078525762539],[773404.252292395802215,-319458.972002692578826],[774039.811857762397267,-318796.277890272671357],[774501.18874681496527,-318928.435878521180712],[774600.832324135000817,-319284.806340674229432],[775027.603770946967416,-319260.094299569027498],[775273.664787638816051,-319206.64299700781703],[775608.380488231312484,-318803.400640407344326],[776281.185654355911538,-318725.186762204451952],[776260.548941852524877,-318995.346914929163177],[775928.503592744818889,-319401.16064308717614],[775907.857308752485551,-319671.321569606428966],[775987.997040580841713,-321053.407353247923311],[776241.968451941967942,-321078.402875782572664],[776880.37887977831997,-321695.044858354202006],[776115.505912836291827,-322626.042324875481427],[776094.851271388120949,-322896.210122709628195],[776100.929749452392571,-323630.16736702399794],[775167.031335878069513,-324759.794400859333109],[774674.699108727858402,-324866.691841159248725],[774339.786066938657314,-325269.928227355587296],[773666.64405878179241,-325348.046377572696656],[773311.488414724823087,-325468.857699725485872],[773292.753951431135647,-327301.517331007868052],[773754.134142948663794,-327871.312046747421846],[773898.671725117834285,-328353.438232403481379],[774688.186116832890548,-329204.106797596730758],[774877.937151533085853,-330466.899331508262549],[774083.449032010044903,-331550.444493327580858],[773995.383684931322932,-332046.027046421426348],[773709.514965301030315,-332496.607288624625653],[773638.687997604021803,-333291.067420083098114],[774111.173639829852618,-333874.355059294961393],[773815.974731019814499,-334339.58839754469227],[773798.536727165337652,-335048.134202720772009],[773552.174981530988589,-335101.563103737367783],[773216.941867890302092,-335504.801525638555177],[772797.167681546881795,-335607.424621849320829],[772340.303892335738055,-335171.483971438021399],[771411.284140624920838,-335146.609202669293154],[771031.945902767241932,-334784.566225316782948],[770603.192014465108514,-334730.835272571479436],[770199.408985343994573,-335216.336404781672172],[769953.033679503714666,-335269.699095139454585],[769932.208687118138187,-335539.882764244335704],[769531.568450239603408,-336028.418376109970268],[769789.128965946962126,-339246.40531351196114],[770166.194996233447455,-339611.340578295523301],[770244.330478521063924,-340338.143643617106136],[770021.168603461352177,-340413.908973406709265],[769639.067124832654372,-340772.272678245324641],[768915.433615764253773,-340939.690974521683529],[768230.847291381680407,-340431.364764973230194],[767753.317240979988128,-340576.146123660029843],[767714.637416705256328,-342115.438160613877699],[767428.316066613188013,-342565.917550408514217],[767339.892266471520998,-343061.497336528613232],[766962.567080435808748,-343655.062658412323799],[766246.900759478332475,-343897.757365225406829],[766180.542035558959469,-344269.458753368933685],[765752.972947682836093,-344293.88861170707969],[765102.149999070679769,-344393.990123771189246],[764598.346998430090025,-344866.035704728856217],[764478.537321082665585,-345536.488387341087218],[764192.026750422548503,-345986.909888406691607],[764103.44919988908805,-346482.481135100708343],[763816.903101118397899,-346932.897902331897058],[763706.151384005905129,-347552.382402122486383],[763371.175222593010403,-347665.852140066504944],[763321.379237337969244,-347908.38213698664913],[762644.24838189932052,-348854.450014831498265],[762675.628142330446281,-351643.649150345299859],[762344.967098517809063,-352196.367100426752586],[763006.221384596079588,-352703.605183019768447],[763731.784489061683416,-352882.606196312990505],[763654.544856385909952,-354014.047483196249232],[762967.688767487532459,-354269.13080093805911],[762865.565334319486283,-355583.794475380214863],[762123.570121058612131,-355065.42663588601863],[761861.303452034597285,-355217.351287524914369],[761065.774017974734306,-356050.137838263006415],[760847.786198130226694,-356131.015484990959521],[760826.654938005143777,-356950.368994659685995],[760293.702866040519439,-357486.483614122786094],[759734.941192760248668,-357675.478258986084256],[759623.862670218455605,-358294.982099054497667],[758532.910607524216175,-359715.49117600597674],[758470.026071375817992,-360671.952522426086944],[758182.94636891328264,-361122.298600491310935],[758138.469816462718882,-361370.094124156690668],[757803.099085170426406,-361483.435319625248667],[757691.882827689638361,-362102.942214718787],[757404.742551271338016,-362553.27673635847168],[757341.743707568501122,-363509.755119869078044],[756963.325549189001322,-364103.132735439576209],[756246.385124903754331,-364345.326684986765031],[756179.592385490308516,-364717.038989734428469],[755323.149170928983949,-364765.247085284383502],[754135.800463522900827,-364901.185533549229149],[754019.789712826255709,-365546.145877945586108],[753219.828545090509579,-366630.778837821795605],[752507.20507234451361,-366871.244749328645412],[752428.020394246210344,-368065.817814970156178],[752078.024123438517563,-368183.892328118672594],[751742.435772291384637,-368297.08728750993032],[751675.489282650640234,-368668.788753722445108],[751701.286309083458036,-369129.706976543646306],[751752.621831975062378,-369395.868490499386098],[752206.985329774091952,-369836.031107275222894],[752159.962999760522507,-370297.795935438363813],[751825.793232187512331,-370703.166254673153162],[751783.156186638982035,-371243.62979073356837],[751448.949206495191902,-371648.993823261174839],[751406.290174610447139,-372189.460527524119243],[750669.328572416095994,-373079.701984826184344],[750626.340913481195457,-373623.801052392926067],[750020.937128999852575,-374348.920449898811057],[749590.906989500625059,-374294.500974140013568],[749133.662468345486559,-373857.62663003266789],[748712.522548503242433,-373959.51899219682673],[748375.490597505006008,-374362.254140509001445],[747877.845820064190775,-374468.90734778199112],[747311.109769141185097,-375154.306187582144048],[748256.758088265894912,-376067.190905798983295],[748209.574133459478617,-376529.266047704091761],[747472.144857293111272,-377419.363016014860477],[747553.265162495314144,-379533.460577007674146],[747301.648569951765239,-379508.242212143610232],[746467.593059491948225,-378708.227684137702454],[744929.992528487113304,-378754.32756163837621],[743643.983460508054122,-378825.542764412704855],[743720.751904537435621,-379061.028570177906659],[744501.139617715030909,-379925.515045442793053],[744698.730092020705342,-380531.42891737294849],[745825.034335674834438,-380644.263280386745464],[746119.947392895934172,-383552.033861511328723],[746583.807674835203215,-384159.274427434196696],[746546.928584244917147,-385971.877557417319622],[745608.47961237328127,-386971.431865860067774],[745171.306657978333533,-387132.716978118405677],[744776.146096049924381,-387479.970341026841197],[743909.995297389454208,-387664.962194723135326],[743507.222722278325818,-388018.807261909707449],[742966.120235876413062,-387640.330934820114635],[742816.820580437080935,-388359.02511181065347],[742017.481219203094952,-389468.879539784451481],[742162.355094841681421,-389782.415003871952649],[742626.214717064751312,-390389.826391834707465],[742524.431271551409736,-391291.286636394681409],[741758.237422518664971,-391414.652480024029501],[740685.531538107898086,-391546.498735165107064],[740281.872905211756006,-391885.656860568386037],[739745.424613822251558,-392097.004113589471672],[739608.966232810169458,-392693.379943275765982],[739275.185199260478839,-393274.257163300877437],[738520.088085343828425,-393515.252867344475817],[738212.918796356301755,-391120.145924194133841],[737552.080226242658682,-391675.22294369561132],[735691.888804225833155,-391658.009279528283514],[736953.163372083916329,-389974.472082032705657],[736174.583297426928766,-389762.605417737737298],[735923.133674102486111,-389039.024828035384417],[733232.419853828963824,-389034.848165686591528],[732790.057203062227927,-388738.985797690867912],[732382.455236747395247,-389081.155235018930398],[732167.889029394136742,-389165.575661189795937],[732192.9846092419466,-389626.610186296980828],[732168.861214306205511,-390331.461983133864123],[731888.441003024112433,-390789.257592545414809],[731789.981146438745782,-391276.889341779926326],[731105.496913962299004,-392219.052003904769663],[731006.993463329505175,-392706.684126060688868],[730726.477775301318616,-393164.464826540148351],[730728.093513463041745,-395496.333566285087727],[730447.501198307145387,-395954.119730188685935],[730373.954921517055482,-396902.831720123533159],[728763.47263332165312,-398963.243343003210612],[728963.021948867477477,-399904.666460085019935],[733831.31413581687957,-399777.822240588138811],[734260.086364404647611,-400082.610603758424986],[734715.155287084169686,-400192.060348316037562],[735143.961085682385601,-400496.821954013954382],[737316.508388408692554,-400512.287621020979714],[737745.386651713517494,-400816.967797981051262],[738831.695873673888855,-400824.5347505036043],[739261.067923534312285,-400800.963497184508014],[739492.305286457878537,-400851.227401924668811],[739913.911715933005325,-401164.597860470646992],[740376.406522071221843,-401265.099758293712512],[740798.046851133927703,-401578.443963093683124],[741376.19304522650782,-401704.012833221582696],[741556.031063918140717,-402307.500733175955247],[742802.109935684828088,-403598.019060648512095],[742946.04325487348251,-404080.788168181607034],[743282.470476713962853,-404496.479089101427235],[743426.427431916003115,-404979.247328054450918],[743762.889473003684543,-405394.93004846473923],[744034.217147228424437,-408183.152075701451395],[744370.768104590242729,-408598.832977076119278],[744540.277616079198197,-409542.709094216697849],[744876.874267957289703,-409958.383113164629322],[745020.926870237570256,-410441.160270849242806],[745357.558346722391434,-410856.826163878140505],[745582.672531232819892,-413864.889506215811707],[745608.185780139407143,-414326.009130615624599],[745563.202695132233202,-414573.879631226300262],[745274.372550319880247,-415024.158730651601218],[745209.881821700604632,-415981.028881089703646],[744921.005478251143359,-416431.30626823217608],[744907.438382389605977,-418310.463000215706415],[744618.494712532265112,-418760.743683665990829],[744528.44434461358469,-419256.499483824591152],[743834.933169741299935,-420191.655026161170099],[743744.839524346054532,-420687.412279230833519],[743455.799788515665568,-421137.677904304000549],[743365.682563568465412,-421633.437116691144183],[741862.563161664293148,-423538.232507743290626],[741744.338115557911806,-424187.990980655595195],[740827.873700346099213,-425165.232971368241124],[740245.126816158764996,-425360.529948172450531],[738919.009296323754825,-427073.513517839019187],[739055.552052837796509,-427421.132684091164265],[739392.360477964044549,-427837.018472771102097],[739536.33881684683729,-428319.938785180042032],[740340.362195399939083,-429185.909193298837636],[739932.657068437314592,-429820.24035471084062],[740118.378161264932714,-431063.544039340747986],[740455.299638551892713,-431479.419407339941245],[740671.690600200206973,-432204.922169513592962],[741163.171272279578261,-431748.954134213796351],[741388.033892190898769,-431673.618497748626396],[741412.989077565143816,-430839.624524903192651],[741676.202114825486206,-430768.613803374231793],[741856.212086650077254,-431513.036600248131435],[741388.033892190898769,-431673.618497748626396],[741392.190207619452849,-432842.619525331072509],[741105.518982514506206,-433295.522074697422795],[741012.445561456144787,-433788.689405429235194],[740615.164734275545925,-434416.278548658476211],[740828.389572253799997,-436111.858840152446646],[741163.003210434573703,-436530.658837041351944],[741334.87609407666605,-437471.917187044047751],[741669.535225522937253,-437890.710837015532888],[741816.106330399401486,-438370.737357078760397],[742150.80029774911236,-438789.523274441831745],[742297.395102708484046,-439269.549181191192474],[744000.200763530796394,-441000.939329054963309],[744146.877928481437266,-441480.956816151796374],[744937.84058175876271,-442337.198624581564218],[745110.01005438179709,-443278.467741313274018],[745901.129571356577799,-444134.670436188345775],[746098.855433936230838,-445537.209699888015166],[746433.841278766165487,-445955.92294471320929],[746580.641451218863949,-446435.939791571756359],[747044.8717801196035,-447016.148534815525636],[746993.580071884323843,-448263.842187851842027],[746706.710636510280892,-448716.934712578426115],[746741.130204958491959,-451516.658627258671913],[746454.172780662658624,-451969.760688987444155],[746307.118927274248563,-452749.057701718353201],[745536.671510779182427,-452606.432622106804047],[746015.287242594175041,-451850.795222027925774],[745755.920994506101124,-451262.599501331918873],[745159.506903162109666,-451453.876163080392871],[745042.599674914614297,-452073.112935855169781],[744644.876775079639629,-452700.93710869748611],[744782.394591718213633,-453012.861359559930861],[745128.174382496275939,-453444.985187385347672],[744020.49421139981132,-454880.20328343991423],[743952.686579325934872,-455834.819122724235058],[743554.78719111380633,-456462.635100195417181],[743768.446249151369557,-458158.565350794058759],[744103.628431830788031,-458577.394247783580795],[744301.224413220887072,-459980.174691833439283],[744636.46287385339383,-460398.999119370244443],[744808.711780760204419,-461340.45382917864481],[745143.995789592270739,-461759.272236668737605],[745341.712606943910941,-463162.086917458393145],[745677.052970252698287,-463580.900887153344229],[745823.952411145088263,-464061.017581108317245],[746159.327582091209479,-464479.82399884716142],[746306.250837455503643,-464959.94034573843237],[746641.660821198252961,-465378.739196678565349],[746843.583943778183311,-466038.435544022649992],[747562.203526990721002,-466561.957730095775332],[748110.671837336034514,-466288.726038813125342],[747961.461290361359715,-465768.597904243622907],[747496.631608514697291,-465188.29875118349446],[747673.143550732755102,-464628.065025083196815],[748641.180598036618903,-465447.940394300501794],[749645.567796500516124,-465537.083954636880662],[749834.288808626472019,-466153.150857295258902],[750755.046771133667789,-467147.712848736846354],[750705.109821586636826,-468418.783608972735237],[750307.083458114531823,-469046.883478533884045],[750525.252666161744855,-469540.777937442297116],[751968.844107801094651,-470816.873941792349797],[753294.546957066166215,-470871.951348555739969],[753733.366013443330303,-471191.235513868043199],[754134.014648437965661,-470825.195660183788277],[755445.401610702974722,-470623.24071339587681],[755834.658357955049723,-470267.502057014091406],[756424.800908044795506,-470064.888530376716517],[757747.620873551815748,-468349.609611718566157],[757582.209459801902995,-467547.194703422137536],[755746.915066676563583,-465687.597301701782271],[755718.509198098210618,-463023.551140423805919],[756005.440042056026869,-462570.19808676559478],[756098.279555962886661,-462076.775734451366588],[756385.174898521392606,-461623.419045853719581],[756452.183746097143739,-460668.674984781129751],[757144.46733380923979,-459729.856765591830481],[757260.426656245719641,-459113.087684118479956],[757596.246922452468425,-458997.678191263810731],[757596.040779767092317,-460161.735761403047945],[757320.268711384618655,-460625.677821005578153],[757216.439701751689427,-461108.534812219208106],[756940.632558503304608,-461572.473647375474684],[756998.392186517943628,-464943.133421052363701],[758408.645430708536878,-465038.229268535564188],[758982.210477496264502,-464543.266657370724715],[759419.085594532662071,-464378.755670643760823],[760224.559668596251868,-463547.916530637594406],[760661.388786934548989,-463383.366860525100492],[761154.252270045573823,-462957.854154691041913],[761305.632383070653304,-462253.007292025664356],[761581.311820142786019,-461788.974948820075952],[761710.924301574937999,-461185.365003478073049],[762346.990429349360056,-460945.623736824374646],[762504.698661865550093,-460496.717996247287374],[761581.862060590297915,-459475.056007958890405],[761409.575796251185238,-458739.461490310262889],[761804.677547510247678,-458074.196589892439079],[761778.509614656679332,-456448.868081012566108],[761281.087435956927948,-456341.956931668042671],[761628.377285283175297,-455948.89047121751355],[761778.509614656679332,-456448.868081012566108],[762973.964532171026804,-456312.192055477120448],[763113.229726222576573,-455542.57594964193413],[763676.147166962036863,-455353.274579246761277],[764061.97046536335256,-454994.721932302403729],[764512.277951099560596,-454843.251764058542904],[764898.064652507193387,-454484.676869669172447],[765348.346946269623004,-454333.179468408809043],[766139.015813569887541,-453488.880762846150901],[766364.135284906951711,-453413.113874009810388],[766339.952291190507822,-454117.147850944311358],[765992.452073373831809,-454693.752454077475704],[765360.792938349186443,-454926.832282881310675],[764414.823906860197894,-455932.092775561730377],[764434.809243012918159,-458664.863294933224097],[764901.75185843044892,-459271.985530399892014],[765213.272890596534126,-462510.92693245166447],[765541.883851484162733,-462938.064897366857622],[765775.197639870573767,-464793.127437200804707],[766834.418207609211095,-465932.295270175731275],[767852.015892287716269,-465737.757522474741563],[767905.09493739285972,-464192.506894392892718],[768321.157656579161994,-463564.889747647510376],[769747.572419641190208,-463333.488047126156744],[770273.019510346115567,-462872.589896274090279],[770375.650031192577444,-461565.520403485337738],[770648.411951742018573,-461586.116771518718451],[770910.111930108978413,-463660.539876373950392],[771332.072226185933687,-463843.238510908733588],[771896.296409593778662,-463348.235304656613152],[772461.717379637178965,-463139.422960499825422],[772544.966828738921322,-462077.033933336555492],[772823.027724218438379,-461615.399962518829852],[772923.559060909436084,-461129.786688895837869],[773201.584757253644057,-460668.149449433258269],[773275.711223642458208,-459721.246644672413822],[773553.691519467392936,-459259.608876857382711],[773601.380279037402943,-457851.436708459397778],[774289.931912736152299,-456895.704015730530955],[773954.315897344844416,-456459.932576171995606],[773772.711264386423863,-455527.703416043892503],[773443.98501064395532,-455100.798978052975144],[773288.813757235649973,-454629.84088155097561],[772960.122091557364911,-454202.929067718505394],[772804.974804161116481,-453731.970223834563512],[772476.317700047045946,-453305.051034391100984],[772238.074945277534425,-451379.627827906981111],[773053.579060384538025,-451078.195644725405145],[773179.075068572885357,-450471.23616299033165],[773456.836136227007955,-450009.644566559174564],[773345.959272731561214,-445834.24182665994158],[773623.603314745472744,-445372.668540671933442],[773697.503845702856779,-444425.916925218596589],[773980.416780145373195,-443955.509125199809205],[773645.636433068546467,-443520.495314031955786],[773568.090759105281904,-443285.046694499556907],[772788.502741074422374,-443253.801984739140607],[772719.504671279690228,-442971.393382726761047],[773413.32559894095175,-442782.575800122576766],[773568.090759105281904,-443285.046694499556907],[774654.447851454955526,-443159.776156499632634],[775443.846161340363324,-442315.023074397060554],[776006.053668726817705,-442125.22912675893167],[776117.490940539515577,-441505.120549320359714],[776415.361611244734377,-441039.39832496328745],[776066.092784513835795,-440610.881552317179739],[775894.204653134569526,-439667.092311000509653],[775098.895348887424916,-438815.600882232829463],[774794.717302254983224,-435565.940860752190929],[774456.608435110072605,-435150.897749625903089],[774231.945877150050364,-433284.818037881632335],[773893.90429190848954,-432869.771080431004521],[773821.276955754263327,-432628.478905296477024],[774073.948555215029046,-432653.221143611473963],[774455.842853550915606,-433015.517265256552491],[774708.523406069958583,-433040.24778150243219],[774845.430839454522356,-434308.71428772440413],[775900.332066786009818,-435222.208053972339258],[776508.420964484568685,-435352.349421809252817],[777556.052908161305822,-436473.932412577734794],[777512.015802424633875,-437751.424545112124179],[777170.934302273788489,-438284.907027830835432],[777834.769592090044171,-438812.485022259876132],[779160.046357468818314,-438862.059295587649103],[779583.729555570171215,-439174.319649459503125],[780163.894942333688959,-439298.284139276889618],[780397.180153737426735,-440071.781069312419277],[781114.091831264318898,-440600.032555796438828],[781953.244442511349916,-440406.406279069138691],[782066.650754347676411,-439773.680968670290895],[782758.777382874744944,-438836.365316325100139],[782847.649738031555898,-438340.248443970456719],[783135.854892201954499,-437889.054892333224416],[783197.946531417430378,-436931.77696535771247],[783486.10551703767851,-436480.5821596957976],[783439.211808683932759,-433562.845369172748178],[783800.314926683204249,-433440.623897552024573],[783817.919572573504411,-432731.432985780294985],[784620.008989278809167,-431644.317823745310307],[785208.895107763470151,-431444.948070861806627],[786954.504862257628702,-429446.538861554232426],[786991.990638810675591,-427919.762499817064963],[787279.804546193568967,-427468.52567056711996],[787349.70302591251675,-426652.233838030253537],[786428.960644927341491,-425667.455746475141495],[786283.304325202363543,-425185.038886550115421],[785945.052080687368289,-424770.32651313644601],[785799.41941802657675,-424287.90903103625169],[785461.202079343493097,-423873.18854471744271],[785271.322070765541866,-422630.574265648319852],[785666.723696672241203,-422010.585934855509549],[785728.443558376748115,-421053.448350466496777],[786016.127482713316567,-420602.268654404440895],[786104.690520823234692,-420106.220094120770227],[786392.338860130868852,-419655.036384475824889],[786480.878325522644445,-419158.989872867008671],[786768.491072023636661,-418707.802114702470135],[786837.761076520197093,-417631.571153354190756],[787525.438828323152848,-417398.419227048463654],[787636.029833993758075,-416778.346558559685946],[788729.312913872068748,-415354.747535637638066],[788718.023430905421264,-413155.408786622341722],[787797.984841861296445,-412170.862003749702126],[787625.419032417237759,-411227.488342731143348],[787287.425121842534281,-410812.869073786656372],[787046.981863189255819,-408831.63665920170024],[786677.249596384353936,-408752.680681144935079],[786650.325419501168653,-408291.655444128380623],[786623.401362792705186,-407830.632264876039699],[786596.477419213042594,-407369.611022740602493],[786947.274048601859249,-407250.600315039861016],[787016.371953483438119,-406174.487787874997593],[788511.243127182242461,-404264.932185855461285],[788518.548806008999236,-402385.951023701229133],[788805.67959902912844,-401934.789811216236558],[788893.945110945147462,-401438.810977700981312],[791192.436311556492001,-398556.73141388600925],[791280.579742073314264,-398060.751931885199156],[791567.514512551832013,-397609.548882418312132],[791623.696311842184514,-396570.601599675777834],[790896.713287654798478,-396415.49223037075717],[790473.976059883018024,-396103.726673169061542],[789813.360156490118243,-396079.537278244504705],[789881.080505296587944,-395736.816912339942064],[790267.276761457440443,-395523.182662300940137],[790873.273455361137167,-395950.135691281408072],[791328.768398624728434,-396057.669291431026068],[791758.825187140027992,-396360.621778551081661],[792340.514575289911591,-396497.927402603556402],[792535.957526745507494,-397367.162722026463598],[792143.287107964162715,-398014.184894202277064],[792046.894534487393685,-398502.300375273160171],[790458.58098551502917,-400552.890440355578903],[789863.935596765833907,-400769.351078124716878],[789328.508611789322458,-401291.936869052704424],[789312.017086804611608,-403288.672258300939575],[789033.150767733808607,-403747.721904362959322],[788936.58385306224227,-404235.840431378223002],[788657.682202150230296,-404694.886178051587194],[788561.091441330150701,-405183.006267959193792],[787879.597794576082379,-406128.19436312711332],[787880.262744996813126,-408279.778366505401209],[788346.264269341016188,-408876.467883262957912],[788499.193158022593707,-409349.998764592804946],[789743.249752203817479,-410645.076594407553785],[789896.24152461043559,-411118.60024786478607],[790227.015809514210559,-411541.942565384611953],[790407.076424705795944,-412476.500464379787445],[790737.895833068992943,-412899.836214354843833],[791026.241047712625004,-415678.583008976303972],[791474.557206982048228,-416252.098390260885935],[791401.81831024272833,-417179.585801908862777],[790407.800815901602618,-417391.336393961217254],[789910.890509501565248,-417836.310967698635068],[789773.926090241526254,-418527.876638947054744],[788688.746014148229733,-419959.477127175487112],[788591.987242789939046,-420447.669124384003226],[788312.680468273116276,-420906.777520633884706],[788296.762778657837771,-422778.223041588556953],[788017.389767551445402,-423237.335488267766777],[787964.77058266417589,-424482.02022304845741],[788587.315341817564331,-425214.568846859328914],[789857.099873524392024,-425288.841073494288139],[790410.263443073839881,-424793.756239568814635],[791112.652609410928562,-424618.227056381641887],[791719.878968697972596,-425045.272496000456158],[792176.335305687854998,-425152.815356901090126],[793064.534562402986921,-425891.639333677012473],[793816.129666246124543,-425981.773092227405868],[795285.591549670090899,-424342.818992271961179],[795301.562919176532887,-422347.015957634313963],[795983.500792996259406,-421401.305103381979279],[796080.007282657548785,-420913.053476187866181],[796433.484512677532621,-420331.270850567438174],[797192.401837140438147,-420054.930580035841558],[797185.486901786294766,-418775.659407114202622],[796689.059506586170755,-418670.101217925257515],[797034.297888923785649,-418276.263701949326787],[797185.486901786294766,-418775.659407114202622],[798273.898336335318163,-418652.437743798363954],[798649.423672646633349,-418285.15189478470711],[799106.446981093846262,-418140.441879530088045],[799640.743335836334154,-417585.357343605544884],[799676.826789517188445,-416210.325658978486899],[799213.206677732756361,-415666.5815826311009],[799074.46281612792518,-415175.556366035540123],[798713.848226571688429,-414752.579051796696149],[799098.244036065996625,-414175.423067125258967],[798531.51055483345408,-414010.600039904413279],[798012.039213907206431,-414518.854813423939049],[797578.02193277888,-414184.686968709400389],[796677.460972019471228,-414120.338489979214501],[796261.38010715926066,-413799.906324103183579],[795790.639726714347489,-413710.096158742555417],[795374.592961179208942,-413389.638220392051153],[794903.874228303320706,-413299.797579525969923],[793853.977956623071805,-412376.677465157466941],[793672.011906705913134,-411331.086581712879706],[793237.288962458842434,-410820.650719693745486],[793780.516640027984977,-410590.248437961796299],[794356.077548772329465,-411033.782278972794302],[794747.608722655684687,-410650.846479825791903],[794976.005334627465345,-410578.564057437062729],[795122.817132222815417,-411863.738172436133027],[796174.459538652910851,-412752.394318096048664],[796628.133382791653275,-412862.699777454021387],[797243.736405225354247,-413288.931352658080868],[799348.955716248368844,-413018.541993834194727],[799440.460702739772387,-411810.195810360426549],[799784.573823720216751,-411681.869126193458214],[799803.938369515584782,-410855.325873316905927],[800159.530418020207435,-410734.326849374454468],[800253.707820939947851,-410203.108695480274037],[800623.909342157072388,-410576.282164062955417],[800159.530418020207435,-410734.326849374454468],[800140.188534276676364,-411560.869810063799378],[799784.573823720216751,-411681.869126193458214],[799912.335991069208831,-412845.012360641441774],[800250.778175020008348,-413259.326438726391643],[800424.241933622863144,-414202.563776644296013],[800762.729752740357071,-414616.870895818399731],[800908.837675190414302,-415099.083746561955195],[801247.360308949020691,-415513.382610055268742],[801442.507958663860336,-416574.022767502232455],[802152.8142167434562,-416724.771647020126693],[802262.443983770906925,-417086.446618942485657],[801509.13197992707137,-417210.897330884472467],[801380.556357440422289,-417841.45974113343982],[799896.758053501369432,-419763.186812971543986],[799814.253037090413272,-420851.693347013439052],[798392.977815639344044,-421086.129111759306397],[797852.566482445341535,-421608.020771904615685],[797963.951134533737786,-425721.949801288370509],[798431.480437845806591,-426327.66946599324001],[798509.401220311992802,-426562.95544067613082],[798261.399112583370879,-426616.8713910181541],[797724.063091411138885,-427262.416574829549063],[797791.997296438668855,-429650.891508834843989],[797457.473175146034919,-430057.620719028753228],[797470.714630911243148,-431520.760347987059504],[797136.129106561071239,-431927.488864343904424],[797094.838878336944617,-432468.418006851454265],[796760.216194588458166,-432875.14088206080487],[796718.904020562767982,-433416.074000148102641],[796384.244124231277965,-433822.791221488791052],[796342.90998104668688,-434363.728270629711915],[796008.212897167890333,-434770.439820944797248],[796098.188261442119256,-437538.318125203659292],[796556.133041905821301,-437977.309711947455071],[796715.248727826634422,-439431.950321995478589],[797095.591078446363099,-439796.488192610209808],[797200.308180572697893,-440328.837398170668166],[797580.686776445363648,-440693.365382485615555],[797816.990747736417688,-443452.776188565068878],[797413.679084608680569,-443942.631820025271736],[797372.310618990682997,-444483.629008489660919],[797037.360165732097812,-444890.407043380313553],[796995.969734958489425,-445431.408273435838055],[796660.982097705360502,-445838.180768092279322],[796646.767730342340656,-446840.372001819079742],[796311.730828644009307,-447247.141506170271896],[796265.651877815369517,-447709.392956774332561],[796723.909077323041856,-448148.428548607858829],[796855.840969158918597,-449142.024620905925985],[797236.430467757745646,-449506.598067204875406],[797341.186169760068879,-450039.001283317280468],[797721.811946868197992,-450403.564896926167421],[797881.052450619172305,-451858.384301097365096],[798261.739131106878631,-452222.940376948798075],[798395.876911876839586,-453872.79158332030056],[798744.474058766034432,-453946.715098056010902],[798854.201150349108502,-454308.539498430793174],[799202.812387981102802,-454382.451661895902362],[799312.554106262978166,-454744.274125452153385],[800085.996153720305301,-454771.961211720830761],[800202.041477239341475,-455154.480653977545444],[800550.683251876034774,-455228.358994177251589],[800660.465813307324424,-455590.1742339413031],[801009.121677407063544,-455664.041221294668503],[801118.9188600393245,-456025.854528198135085],[801467.588861554861069,-456099.710187657736242],[801577.400694602518342,-456461.521611243893858],[801926.08473975234665,-456535.365941808908246],[802035.911249511991628,-456897.175481863785535],[803543.310823511332273,-456733.454637176415417],[803950.357425337308086,-456394.808010417211335],[805470.704638340277597,-456155.894033745978959],[806124.756274061976001,-456579.763540448329877],[806570.203701115795411,-456701.603566329926252],[807014.589305704226717,-456989.532923462800682],[808121.494527545874007,-457071.821169568574987],[808848.6214134223992,-456466.439597164979205],[808879.119428832898848,-454403.630193144374061],[809144.718917266582139,-453930.754136186907999],[809116.892360264784656,-451149.463959278771654],[809376.587589069851674,-450831.227357391559053],[809714.000666401931085,-453896.660465073771775],[810034.139353155856952,-454334.457293277897406],[810272.804314484470524,-456001.867795721802395],[809475.898103216663003,-457145.079016867326573],[809365.611583879683167,-457620.428922148479614],[809099.933217071928084,-458093.327615952177439],[809048.30366017029155,-459549.385506816441193],[809781.620519150281325,-459749.73563135456061],[810226.17265940993093,-460037.570464142598212],[810671.774565307307057,-460159.281277663714718],[811116.359731363598257,-460447.088478794728871],[811993.261856876895763,-460542.879729293927085],[812437.889174226089381,-460830.64504148584092],[813369.302876279689372,-460923.075005071877968],[813550.630529392277822,-460140.674906169471797],[814623.125759408809245,-458693.304045259254053],[814690.607245681690983,-457510.381052354176063],[814219.057210986502469,-456866.109209635702427],[814052.6846190901706,-456407.374672610952985],[813732.369594534276985,-455969.661629335256293],[813566.02132381265983,-455510.925830061198212],[813245.740514760138467,-455073.205830980965402],[813079.416601813514717,-454614.46870238619158],[812759.170036880415864,-454176.741787882463541],[812565.141764522646554,-453256.811216782254633],[812244.939560478320345,-452819.078947378147859],[811953.015463458839804,-450269.313986226450652],[812343.669428155641071,-449573.20974729093723],[812426.024829733883962,-448636.705747592495754],[812691.370250333216973,-448163.787175138189923],[812801.428722646669485,-447688.456714179308619],[814275.891289441729896,-445754.214421630837023],[814351.689897789503448,-444712.055988459615037],[813191.166259391582571,-444585.3709457940422],[812747.013772818259895,-444297.685074250737671],[811009.62354820035398,-444253.728917760250624],[809966.04376098967623,-443417.629869110707659],[809703.8059968004236,-441610.755529626796488],[810094.272986279334873,-440914.778775504615624],[810204.333962623728439,-440439.506046819093172],[810469.562186633818783,-439966.671275048982352],[810562.417310374206863,-439205.222482704732101],[809635.770130846765824,-438165.555509150377475],[809442.062998270732351,-437245.739650290226564],[809120.217465673224069,-436805.197839068423491],[809387.113468107534572,-436329.361473713128362],[809497.143744714325294,-435854.117077441129368],[809762.288461633375846,-435381.318096265487839],[809844.625312939402647,-434444.969909150793683],[810109.725312855793163,-433972.170644232770428],[810219.702395394211635,-433496.93150612298632],[810887.458631799905561,-432537.178371279034764],[810899.454741319641471,-430432.43153705826262],[810332.293498197803274,-429655.986518412420992],[808832.699334100587294,-429575.515210270241369],[806557.696689995005727,-427546.431282554578502],[806335.434584359638393,-427485.535549070278648],[806379.385974392062053,-427237.424713817948941],[807069.173709452850744,-426298.96617215720471],[807207.186741816229187,-425519.50726817024406],[809038.129887647693977,-425535.798589422309306],[810835.826054187840782,-427152.761870351678226],[811299.847039275453426,-427250.862577247666195],[811723.993979565566406,-427562.079801366373431],[812816.46636990760453,-427559.296418229176197],[812741.888206429546699,-427938.750418053532485],[811931.986736407503486,-428142.503626199555583],[811323.943729468504898,-427716.34863156254869],[810867.176676904899068,-427609.413516579719726],[810435.762380060274154,-427307.004828340839595],[809979.05253185890615,-427200.038166773214471],[809089.792234133463353,-426462.347746074898168],[808179.200299327261746,-426382.542817307461519],[807969.806788206100464,-426985.054871489352081],[808437.284694798057899,-427581.171417002682574],[808591.06489608832635,-428054.531176512304228],[809076.140443732496351,-428623.428159584931564],[810088.60679006355349,-428716.066352890396956],[811099.693926753941923,-429554.608256740611978],[811311.109147440409288,-430204.929912723484449],[811643.019217898719944,-430627.871089934546035],[811796.900910059339367,-431101.212304691842292],[812128.845636168727651,-431524.145764978369698],[812329.666040465817787,-432776.832410138275009],[810726.295377522124909,-434847.816785811854061],[810840.862838684814051,-438844.518608842568938],[811316.267716285423376,-439450.089252690842841],[811030.985320649808273,-439920.096901726443321],[810990.188604507129639,-441330.781690011033788],[810612.082145159482025,-441953.565340604865924],[810796.592885617166758,-442877.453563634131569],[813100.577765640569851,-442880.975428052304778],[813532.494765346404165,-443183.353259768919088],[813989.798244155128486,-443290.219952791754622],[815002.110111397574656,-444128.608317097823601],[815213.864283637609333,-444778.970654523232952],[815546.206789930467494,-445201.883931317192037],[815772.973590370151214,-446878.082740415993612],[815379.674693486304022,-447526.099670951138251],[815311.421736905584112,-448475.748676254588645],[815032.272078429581597,-448935.584421120525803],[815093.811762744444422,-452037.809690782276448],[816019.577401466551237,-453041.686731962603517],[816173.780757315689698,-453515.092820227087941],[816506.337512995582074,-453938.024007262836676],[816744.163037042715587,-455795.00816668960033],[817076.786080192076042,-456217.936415747157298],[817231.050546995480545,-456691.347330720338505],[817784.984471916686743,-457339.128334451990668],[818254.488151666009799,-456918.177948496129829],[818764.870030168443918,-456752.831253807642497],[819011.541538822697476,-457509.375132632383611],[820505.787569812848233,-459039.636033182323445],[821116.600580377853476,-458904.722224854340311],[821194.245521675446071,-457820.012865026190411],[821473.410688486532308,-457360.005728064104915],[821569.378157949075103,-456871.42372130334843],[821848.508018503081985,-456411.413267587078735],[821944.45165038225241,-455922.833448487042915],[822223.546248462516814,-455462.819724164321087],[822291.408708169357851,-454513.060838015808258],[822570.457714909454808,-454053.04660364438314],[822610.20651104778517,-452642.128837457916234],[822895.437208434799686,-452171.811222538701259],[822555.267920843674801,-451739.571082895272411],[822350.394022331573069,-450690.520591067383066],[821762.149064180091955,-450553.50493068434298],[821329.817606783239171,-450251.362899319210555],[820872.213592947693542,-450144.734231053560507],[819822.051655724761076,-449257.538886126654688],[819600.426227528601885,-447887.399244930304121],[820398.048869788297452,-446779.269811483856756],[820504.908216040232219,-446471.372466992179397],[819947.660536649054848,-445762.790039376879577],[819299.654544710880145,-445611.690907008771319],[819015.980238286661915,-445380.865588863496669],[819831.271502179675736,-445082.998520521563478],[819903.188789823558182,-444716.609192189294845],[820261.053899396094494,-444802.811301666835789],[820468.340504061779939,-445847.918922087701503],[820798.450829675770365,-446273.644092480419204],[820971.850939559633844,-447018.019740348274354],[820579.351200591074303,-447675.498056039505173],[820480.687262022751383,-448161.405484104820061],[820204.477075456175953,-448623.967552275222261],[820110.079892711131833,-449180.562982065544929],[820841.620667953859083,-449356.700495282828342],[821735.31605135241989,-450090.877177588117775],[822190.500572344521061,-450200.411746392666828],[823229.510961562278681,-451053.717160823580343],[823446.572740049217828,-452146.771658904384822],[823776.911241037771106,-452572.454844889929518],[823922.402225196477957,-452855.674440652423073],[823529.83953184611164,-453513.279322028975002],[823431.213743553846143,-453999.23918087920174],[823154.959252839558758,-454461.890361923025921],[823056.309554507955909,-454947.852331078029238],[822780.019898455473594,-455410.500280351086985],[822709.414366877870634,-456357.651809972536284],[822433.079278341843747,-456820.299378305673599],[822325.262530968058854,-457156.421442853170447],[823711.153771670069546,-458594.10539794183569],[823868.098857218283229,-459064.51950156269595],[824198.594593694084324,-459490.225928156636655],[824355.563670135685243,-459960.639226957631763],[824849.176617490709759,-460543.073796480079181],[828566.361233494244516,-460462.626142419525422],[828810.170168727403507,-461687.374390348501038],[831371.524917761096731,-461674.387907545838971],[831933.573992900550365,-461176.879823345749173],[832372.38955493865069,-461012.628554438066203],[833308.44556788506452,-460008.467120332003105],[833333.164602360106073,-459170.317772087757476],[832834.935439868131652,-459066.031326822238043],[833180.338701458415017,-458671.103670966404025],[833333.164602360106073,-459170.317772087757476],[833565.812395672313869,-459219.005219396844041],[833991.42669857875444,-459529.64015041856328],[836030.22293028968852,-459529.790368260990363],[836558.115786401787773,-459034.195670510176569],[837007.89037590357475,-458880.300702967855614],[837794.642417552880943,-458031.745031891041435],[838244.37114405434113,-457877.810206687194295],[838784.229278145590797,-457332.653721980866976],[838676.614792145323008,-453643.51093006314477],[837750.335231979144737,-452661.917665660090279],[837565.736209047026932,-452059.400416870543268],[836868.066105218254961,-451913.549041435238905],[836646.6182266731048,-451190.519583348068409],[835831.690834105131216,-451020.085174587962683],[836206.531444281456061,-450428.87048245256301],[835855.062914881273173,-450001.844306354178116],[835678.932567878393456,-449058.695051070884801],[835338.586367728305049,-448645.103464785788674],[835191.006234281579964,-448163.086021856521256],[834850.694887407124043,-447749.486414974031504],[834703.138475422398187,-447267.468491844891105],[833775.811072225100361,-446283.843666780041531],[833166.547127921599895,-446156.240362291340716],[830759.585702191805467,-443975.858905131870415],[830570.1858764749486,-443356.430052272276953],[830230.125568179413676,-442942.737576197716407],[830026.081144317984581,-441538.486714157799724],[829686.077323249075562,-441124.788979398610536],[829435.391156557365321,-438960.362416776246391],[829829.409395976457745,-438338.966558459680527],[829916.575800906517543,-437842.530993317021057],[830605.430063977488317,-436902.759387354017235],[830692.553213886450976,-436406.325909407285508],[830979.180381449405104,-435954.109520304424223],[831019.474171082954854,-434697.521849037380889],[830541.349930250435136,-434115.669318909174763],[830837.251634650630876,-433648.768429178802762],[830875.88226457091514,-432365.496358289441559],[829358.964774774387479,-430817.722944973269477],[828757.01979283709079,-430691.350604294566438],[828332.3609490202507,-430380.654930904973298],[827868.077607020037249,-430283.134897763840854],[827443.4524840132799,-429972.412820005090907],[826979.190955155063421,-429874.862797872221563],[826554.599584985873662,-429564.114386939210817],[826090.359917518333532,-429466.534374672512058],[825665.802244676975533,-429155.759557305893395],[824771.311095398967154,-429084.461795789480675],[823888.374409670941532,-428338.880801458028145],[823424.200337339309044,-428241.2108293492347],[822999.743848690879531,-427930.3568795818137],[822105.357387380325235,-427858.884134438470937],[821680.94454387226142,-427547.990251655864995],[821216.81732801545877,-427450.245511955756228],[820792.438246943871491,-427139.325304804253392],[820328.332924670423381,-427041.550584917131346],[818987.596615121234208,-425860.777913520403672],[817465.060725392540917,-425890.141165490669664],[817077.02270965767093,-420091.643879239971284],[816696.603875948814675,-419727.742284918553196],[816540.099003797164187,-418352.326135751034599],[816941.894066395005211,-417862.034938688273542],[816959.116205059690401,-416938.818767059594393],[816501.106026356574148,-416500.632123202027287],[816448.404049300821498,-416234.59436080371961],[816408.3283149007475,-414603.46742043067934],[816637.375570697360672,-414309.368691239447799],[816867.788165466976352,-415066.559349413844757],[817206.821103024762124,-415480.460989849525504],[817577.196752356132492,-419650.606306266912725],[817999.643329892540351,-420166.136612344358582],[818500.591253010556102,-420337.532916341151576],[819027.397645765799098,-419842.817783431033604],[819475.989302105619572,-419689.559127311455086],[820001.56075566727668,-419158.767667696054559],[820081.020048711448908,-418244.689522449218202],[819614.922385076759383,-417676.005484141234774],[819468.120182481710799,-417193.978003673139028],[819128.977950219647028,-416780.125315193843562],[818926.174073183676228,-415376.094849692075513],[818587.088334240601398,-414962.236465292924549],[818252.766557081486098,-411391.682711610861588],[819201.710348085383885,-410120.230288294900674],[821895.160285403602757,-409825.479189542529639],[822278.119369047461078,-409465.412983861693647],[822852.830569153185934,-409268.787159223749768],[822919.099975709337741,-408192.452191875432618],[823205.273067062604241,-407740.526017121446785],[823264.178371227928437,-406783.332893503364176],[823550.305253270780668,-406331.405223279609345],[823637.359210023656487,-405835.16982271784218],[823923.45053612801712,-405383.238072464126162],[824010.480922634829767,-404887.004686176660471],[824296.536688402295113,-404435.068877144192811],[824142.521845580660738,-400960.429828262072988],[824475.430687585263513,-401051.304061044356786],[824683.26517187175341,-401624.235102089704014],[825002.86699645977933,-402061.438604065333493],[825184.24776078236755,-402765.963773070834577],[824795.843135805916972,-403462.106741230410989],[824714.960894870106131,-404398.266678457672242],[824451.045632621389814,-404871.222089240036439],[824370.120084551745094,-405807.392381201207172],[824106.160158333019353,-406280.347136580792721],[824025.191377452225424,-407216.527820519870147],[823761.186721254256554,-407689.48194358299952],[823680.17470337334089,-408625.673061541281641],[823416.125390427536331,-409098.626566815422848],[823306.897586417966522,-409573.862348156282678],[822995.264185979962349,-410131.953137219010387],[822345.460033871000633,-410397.857102359237615],[821940.342874213703908,-410736.912171313422732],[819227.524743401794694,-411058.444327251869254],[819361.623493028688245,-415613.814149806159548],[819832.217652173596434,-416257.602470150915906],[819998.451272419304587,-416716.072481792420149],[820776.159680743003264,-417588.287476374942344],[820985.509250168921426,-418753.985759342438541],[820596.34444527188316,-419450.110831210156903],[820486.894496099790558,-419925.370683447050396],[819016.489941620500758,-421859.807282575930003],[818949.910314926994033,-423042.334622267400846],[819420.701644562766887,-423686.186904365429655],[819615.002811050275341,-424605.735911119088996],[820467.399973132298328,-425561.344311945256777],[821128.722365667577833,-425741.778209773357958],[821572.506923058186658,-426029.129732050758321],[822447.333324207458645,-426124.19019969337387],[822891.159931536531076,-426411.499786470842082],[823335.833052412839606,-426532.741847425117157],[823779.692640684195794,-426820.023717526637483],[824224.388399613555521,-426941.237160689663142],[824668.280895859235898,-427228.491238927061204],[825112.999368011485785,-427349.67612984176958],[826015.383184482925572,-428071.609174139332026],[826890.387996030156501,-428166.384896034025587],[827334.379293012316339,-428453.555669323308393],[828694.021301827975549,-428518.486568280146457],[828873.83833117573522,-427736.137879454880022],[829138.14115685026627,-427262.991305665462278],[829247.38103236653842,-426787.624182371189818],[829511.649088581674732,-426314.474533167725895],[829537.902262736926787,-425615.763262672815472],[829189.783454088843428,-425542.680184769444168],[829079.397739207139239,-425181.186807592399418],[828731.292969548259862,-425108.092339114693459],[828620.921887813718058,-424746.596905096375849],[828272.831224190420471,-424673.491042267123703],[828162.474775886978023,-424311.993556234170683],[827383.665408926201053,-424283.913304725952912],[827313.586260680225678,-424001.81245937111089],[828005.811783126788214,-423810.23408886656398],[828162.474775886978023,-424311.993556234170683],[828510.55563005595468,-424385.101916195475496],[828620.921887813718058,-424746.596905096375849],[828969.016848014085554,-424819.693870683957357],[829079.397739207139239,-425181.186807592399418],[829427.50673838192597,-425254.272382656752598],[829537.902262736926787,-425615.763262672815472],[830877.043640498421155,-425625.111004264850635],[830107.780435035005212,-426734.700460304389708],[830074.089099162141792,-428437.366993548232131],[832835.594375482527539,-431194.483363934967201],[833030.864952556090429,-432113.917604865680914],[833351.35351149039343,-432551.063368024595547],[833647.313231068779714,-435099.937921174278017],[833258.211056197993457,-435796.545258004451171],[833177.460275863064453,-436733.06167097366415],[832913.071120551438071,-437206.333107259124517],[832832.277179697644897,-438142.860909039794933],[832567.843329184106551,-438616.132197124301456],[832487.006162724457681,-439552.671433512994554],[832222.527690221671946,-440025.942587894853204],[832145.236373420571908,-441020.730690150230657],[832878.00019945029635,-441219.783036113309208],[833781.66519259440247,-441941.311800454219338],[834226.949810144142248,-442062.219583757978398],[836139.009739010827616,-443730.896405063162092],[836384.001538017415442,-444403.29089428705629],[837164.202661408344284,-445274.830392637755722],[837373.048013505875133,-445847.831049241649453],[837929.859021448995918,-445998.823591948021203],[838454.718027977622114,-446337.339307583111804],[838709.575019131880254,-447036.381808176753111],[839617.533542442834005,-448050.123297623416875],[842227.667929987073876,-448046.021484276163392],[843712.140611489186995,-446431.740080854331609],[843719.893046465935186,-444156.786660092242528],[843189.498604307533242,-443434.969517076620832],[842510.232136446749792,-443251.043996100430377],[841943.065568621503189,-442885.425380693166517],[841678.287826241925359,-441643.071911892329808],[841103.167673634598032,-441487.250066631764639],[840658.46357121958863,-441200.48735996108735],[839782.479250559816137,-441106.583392971835565],[839337.817203292623162,-440819.778773823869415],[838892.516166301560588,-440699.040931260387879],[838447.886998757719994,-440412.208514443889726],[838002.608650059206411,-440291.442091318196617],[836551.069743458298035,-439060.699378567398526],[836304.951931120711379,-438385.142790505895391],[835984.248113212641329,-437948.038661901955493],[835716.394092986010946,-435860.199264212395065],[836105.37688606523443,-435163.519566835369915],[836157.338761773193255,-433765.944247692415956],[836421.538173743174411,-433292.624650787562132],[836498.409050104790367,-432297.888973051623907],[835766.045875616720878,-432099.055212970648427],[835241.768536786315963,-431760.491008847777266],[834987.28923116333317,-431061.498883777298033],[833749.144152130815201,-429755.530706408899277],[833553.839875998906791,-428836.128972091362812],[833233.418286694213748,-428399.005338843737263],[833051.423218069132417,-427694.40400456514908],[833440.255879799835384,-426997.858687458909117],[833534.127282967441715,-426276.224843015777878],[833004.885297479806468,-425554.152706761145964],[832326.653177650645375,-425369.758370222290978],[832028.984333190484904,-425121.938932132965419],[833163.942323507973924,-424855.282819558982737],[833642.224443802959286,-424454.729894200572744],[833808.505528665613383,-423729.76314234820893],[834072.548361285822466,-423256.536994320689701],[834153.050600166316144,-422320.143087944656145],[834417.048803199082613,-421846.91657673678128],[834468.974575189175084,-420449.538423058576882],[834732.918217195663601,-419976.314259291684721],[834712.440804184181616,-417410.786292442993727],[834241.075685022049583,-416767.504177253693342],[834045.822752599022351,-415848.231057395983953],[831434.227484867791645,-413239.10359698056709],[831267.628218515194021,-412780.787621085939463],[830947.602506140363403,-412343.683786109206267],[830781.027517184847966,-411885.366001911927015],[830461.036018359358422,-411448.254780237330124],[830266.077215525554493,-410528.977790116914548],[829946.129972623544745,-410091.860539774759673],[829722.822547865449451,-408711.638504043745343],[829402.929661004804075,-408274.516537063173018],[829192.907788712764159,-407109.064468587981537],[829581.220427328720689,-406412.769348728470504],[829633.399943537428044,-405015.625640548532829],[830699.253084792406298,-403567.748687651706859],[830808.152934696758166,-403092.478171262948308],[831073.675072530517355,-402616.05121385428356],[830219.522534347837791,-401658.835785445291549],[829559.188355213380419,-401478.898753725516144],[829115.961541928583756,-401191.884443528950214],[828672.028957968810573,-401070.869401878793724],[827160.288583255256526,-399769.426494168117642],[826739.636816286016256,-395330.908093151054345],[823782.048351508681662,-395356.644042721658479],[823186.527355860103853,-395855.7142070698319],[822201.022976820007898,-396086.961245346581563],[822160.223621278069913,-397861.856512391008437],[822630.437111751409248,-398505.432871517376043],[822796.618464951287024,-398963.788667152984999],[824031.184183749952354,-400270.332538147165906],[824114.305287388735451,-400499.505883127858397],[823882.680422251927666,-400450.694031743565574],[823459.008182652411051,-400139.946521621779539],[822879.955895656719804,-400017.901697946945205],[822696.472330588381737,-399415.495979163853917],[821900.149775746278465,-398567.100600614561699],[821697.113659117836505,-397163.358782478433568],[821358.330855524051003,-396749.645680178538896],[821127.232133220531978,-394885.015505637507886],[820788.516522849560715,-394471.29747229849454],[820557.499695111182518,-392606.698212542571127],[820218.851343391113915,-392192.975247624621261],[820016.010663519846275,-390789.293969547201414],[819677.418761352077127,-390375.564810888201464],[819604.107739916071296,-390134.615531842398923],[820010.049037114251405,-390232.715691387362313],[820897.408536779577844,-391203.712981541699264],[821138.130140969529748,-393056.549031336558983],[821467.167053408222273,-393481.986035412119236],[821674.214493195642717,-394526.53512957773637],[822257.499327047844417,-394667.362428758118767],[822873.180141216260381,-395092.350649675354362],[824423.237437418894842,-394860.358634079864714],[824982.485272647929378,-394363.456108608806971],[826120.050160574610345,-394430.78123176418012],[826553.2814533514902,-394729.690147128829267],[827120.053462075418793,-394866.281185619067401],[827315.801969376741908,-395453.889741435064934],[827783.810630963649601,-396058.41449765546713],[827759.521681923884898,-397739.816742391209118],[827369.029834599466994,-398397.143729981326032],[827579.725861667771824,-399300.759078357485123],[829068.161091221147217,-400589.427069103112444],[829521.806773925665766,-400698.60898985672975],[829955.304177507059649,-400997.428279393876437],[830588.492401918862015,-401149.800752887094859],[831477.277358958963305,-402120.211538768082391],[831690.307974370196462,-403190.662743395601865],[832471.506911099189892,-403224.018961781752296],[832536.512569935643114,-402851.790472810913343],[832872.444197690230794,-402736.543389015947469],[832965.262836007284932,-402205.128667450684588],[833336.224111613584682,-402577.379081080143806],[832872.444197690230794,-402736.543389015947469],[832807.44857961346861,-403108.773166158993263],[832471.506911099189892,-403224.018961781752296],[832397.548422020743601,-403647.294586909469217],[831893.511777991079725,-404122.111828993947711],[831333.564354750444181,-404314.158770696900319],[831225.132660226663575,-404934.526841296697967],[830429.91783100052271,-406022.10932465386577],[830625.206894206814468,-407284.990597558149602],[830964.513059797347523,-407698.516435822471976],[831210.203327750670724,-409669.268049069680274],[832265.952204971225001,-410576.874878158792853],[832860.490618338575587,-410701.676250089949463],[833058.092398803215474,-411761.826289059012197],[833855.833261420484632,-412609.681323687080294],[834003.124984233058058,-413091.533901571063325],[834800.996886468725279,-413939.345217218447942],[834948.331759273656644,-414421.194171931827441],[835287.929680419620126,-414834.642550566641148],[835361.607869639061391,-415075.566530898504425],[835468.696792781120166,-415771.587409249332268],[835798.674235916580074,-416196.774914323177654],[836287.22125976823736,-422011.62143158307299],[835896.292438959237188,-422669.349062027933542],[835798.454747778479941,-423155.285870796418749],[835523.34916632855311,-423618.012041072419379],[835482.605922413058579,-425025.973636253853329],[835207.444676306564361,-425488.701701452722773],[835243.000783784198575,-428129.955151304311585],[836627.730467481072992,-429565.842000445176382],[836784.913366519729607,-430036.00012398767285],[837115.228964136098512,-430461.219841238867957],[837272.435826077824458,-430931.376789909321815],[837602.78590732824523,-431356.588806148094591],[837845.890788858989254,-433209.879005481372587],[838176.306829486042261,-433635.087576121557504],[838321.95190460968297,-433918.133853287028614],[837930.708413455518894,-434575.998286542017013],[837947.292757529998198,-436906.253713017271366],[837666.672264214139432,-437377.963382273796014],[838110.403275893768296,-437948.97925868985476],[839170.722122828126885,-438047.41100388293853],[839605.55003764142748,-438346.042915103898849],[840060.530341829056852,-438454.922378713323269],[840495.39158272894565,-438753.527202321274672],[840950.394143196404912,-438862.377288253395818],[841385.288643721258268,-439160.955054989201017],[842701.509048270294443,-439216.048782473022584],[843136.455892917234451,-439514.571688254654873],[844088.105408130562864,-439592.296382857952267],[844273.278791874763556,-438671.744909310364164],[845371.696083536488004,-438429.432394792267587],[845450.346920014242642,-437347.01252673228737],[845725.459241179400124,-436884.018334935593884],[845823.102287471527234,-436397.939046334300656],[846098.179407725809142,-435934.941509017779026],[846175.305344584747218,-434872.372150006587617],[846876.232330272789113,-434608.658346501062624],[846709.546340296627022,-429862.515476831293199],[846984.43613656971138,-429399.529747013759334],[847081.949633677490056,-428913.478065032802988],[847356.804257888696156,-428450.489001428417396],[847454.293814379489049,-427964.439174785802606],[847729.113256817450747,-427501.446714357938617],[847826.578875578474253,-427015.398783973301761],[848185.895402176189236,-426409.913785277632996],[848015.347853880259208,-425463.892475415021181],[842272.712559611536562,-425683.483440587995574],[841729.734619527123868,-425310.510287909128238],[841503.480510799097829,-424634.5386746385484],[841173.141452808515169,-424209.451608954754192],[841065.740958263049833,-423513.414286304847337],[841406.608307886170223,-423595.042650530638639],[841672.191619101096876,-424388.507574954244774],[842215.133938325569034,-424761.479227671865374],[843099.837678408715874,-424843.368650867720135],[843542.704593446687795,-425147.523758578521665],[844110.236930890125223,-424642.997489049856085],[846110.786276190308854,-424654.802878651476931],[846545.386413914500736,-424953.167763214267325],[847985.307279313681647,-425012.948205791995861],[849068.859784254338592,-426166.33891957171727],[848961.747429582756013,-426498.27654456027085],[847884.531472111470066,-427937.403478937980253],[847873.974660636042245,-429806.486899892101064],[847593.861071211053059,-430278.372330281534232],[847937.163216420565732,-430719.638219212007243],[847651.785749981179833,-431200.408882172021549],[847995.109643980278634,-431641.677677688887343],[847714.954806241672486,-432113.574265261529945],[847704.304048991994932,-433982.737642800551839],[847429.326830894453451,-434445.759287278109696],[847331.762714354903437,-434931.84096840210259],[846655.194657789543271,-435882.912187457142863],[846557.586882805800997,-436368.995199112221599],[846166.642912843846716,-437027.117735201085452],[846312.48779633664526,-437310.089584810077213],[846643.266217750147916,-437735.112199540599249],[846829.785086239455268,-438666.253904026583768],[847160.608518378692679,-439091.270316467271186],[847396.681255119736306,-440616.21971340093296],[847988.896867848583497,-441062.190252183238044],[848643.411812928388827,-441218.384625134000089],[849056.916045627207495,-441749.455353770521469],[849214.62972213269677,-442219.533145455701742],[850005.33122504025232,-443078.478465857857373],[850163.088393695885316,-443548.552227444772143],[850494.121942681609653,-443973.510921478329692],[850709.983729159575887,-445365.746060400852002],[851041.072780660935678,-445790.700066850637086],[851286.053911683498882,-447644.046682385203894],[851623.53159765235614,-448077.150839100824669],[851337.843198355287313,-448558.084914191626012],[851682.200870145112276,-449000.027552969753742],[850999.322233846061863,-449959.655088449770119],[850930.745546055608429,-450906.951747048238758],[850655.464301871950738,-451370.119850264687557],[850557.821763758431189,-451856.311862112022936],[850282.505299751646817,-452319.476851192477625],[850184.838810708024539,-452805.67096974060405],[849793.498242593603209,-453464.010740291734692],[850013.056228674948215,-454397.128702878835611],[850765.572764403303154,-454912.465762314153835],[854046.661753388587385,-454568.328773699933663],[854441.309600905049592,-454217.638579623831902],[855741.805309437448159,-453998.144211361184716],[856538.22677430335898,-453158.980994771060068],[856976.527212825138122,-452993.978765568055678],[857371.054614962078631,-452643.207938350387849],[857809.329349130624905,-452478.179436277365312],[858605.531079274020158,-451638.906268761551473],[859309.88042930024676,-451373.541872614820022],[859068.588765132124536,-449778.478468863293529],[858474.966756164911203,-449332.422846185450908],[857351.039455329766497,-449229.807448116247542],[857709.060061896801926,-448626.592555549403187],[857747.860542115056887,-447218.199704030877911],[858022.808956746477634,-446754.904881438123994],[858120.130249335546978,-446268.682919324142858],[858510.835540486965328,-445610.147550171706825],[858276.757716532796621,-443944.082473238056991],[857939.144932861090638,-443511.162581314449199],[858335.005825928295963,-442843.766276520676911],[858159.556821610080078,-442099.850487836229149],[857688.779174382099882,-441496.07999879057752],[857797.939271915704012,-441197.001053531304933],[858188.484923107665963,-440538.509268179768696],[857954.460635741357692,-438872.529175039904658],[857623.2879852168262,-438447.775204063218553],[857465.306002859957516,-437977.812056675087661],[857134.167834661435336,-437553.050443367217667],[856976.209846315323375,-437083.086247999162879],[856185.346648250590079,-436224.602256889047567],[856027.43214184534736,-435754.633921720262151],[855696.387008582358249,-435329.847766972961836],[855509.272359340451658,-434398.8561359650339],[855171.417299200431444,-433965.231669815140776],[855970.653926673461683,-432839.956665190227795],[855705.809425855521113,-430683.470797211572062],[855235.481098659336567,-430079.691263492451981],[855286.118716914439574,-428858.672918822674546],[856362.672273525269702,-427418.93566055415431],[856459.83204681542702,-426932.823150164913386],[856849.948685711366124,-426274.464415485097561],[856628.901954435859807,-425846.269556164508685],[853945.235508436337113,-425875.129021913278848],[853510.43092351895757,-425576.997998166363686],[852856.576839315355755,-425421.070900452672504],[852443.338374346727505,-424890.20934486889746],[852219.592751548974775,-423775.509589265217073],[851644.209838515613228,-423380.869562199688517],[849349.414027789840475,-423380.86050868302118],[847802.176795564591885,-421794.163872335921042],[847855.35263610992115,-420420.587302534491755],[848421.880508973030373,-420207.21964329353068],[848815.562970111961477,-419856.811798086098861],[849252.821702169836499,-419692.1084572126274],[849646.467719883308746,-419341.677888820704538],[850083.70073548448272,-419176.948185126355384],[850477.310358783346601,-418826.494863892323337],[850914.517616330995224,-418661.738901671080384],[851708.89499119319953,-417823.153045784099959],[851927.476803604862653,-417740.757489471056033],[851905.199500496732071,-418442.078199806448538],[851578.516894867527299,-419011.044874391227495],[850939.154867168748751,-419262.967718393134419],[850539.93862721521873,-419608.140252616663929],[849678.32192817016039,-419805.28798770258436],[849279.058412519865669,-420150.424617409473285],[848847.38780121714808,-420320.426021623890847],[848409.37268384185154,-420699.047353215981275],[848199.550224476028234,-421289.727157632762101],[849280.670009446097538,-422453.437264294305351],[851153.47398067463655,-422489.054643605079036],[853075.33637567574624,-424174.430844521441031],[853306.064012441318482,-424832.826313032826874],[853846.500255803461187,-425481.9778748373501],[854328.462448960286565,-425065.200646869430784],[856293.617246216745116,-424797.744558391277678],[857024.06637726270128,-425282.996423571137711],[857265.17064184800256,-425970.255129672703333],[857595.323984605493024,-426406.383128200133797],[857323.045222029322758,-426880.810338757757563],[857220.307214359520003,-427361.635570112499408],[855748.431131887948141,-429295.02977895148797],[855632.887454345356673,-429575.255454639787786],[856104.433602425502613,-430198.151287481246982],[856296.461784899933264,-431123.133213053573854],[856622.54366920737084,-431553.846360285009723],[856831.150463798781857,-432739.240512803604361],[856442.024513489683159,-433416.77470439352328],[856358.559713268419728,-434203.056742877641227],[857983.823593790759332,-435879.071581207448617],[859042.307063404587097,-435719.793690382968634],[858965.78913703688886,-432330.62083357188385],[859216.351468604640104,-432017.538268826610874],[859484.9739305638941,-433697.644398736127187],[859811.21371971280314,-434128.293456633982714],[859974.145501432009041,-434592.248146794328932],[860300.419676485005766,-435022.889770500885788],[860492.766337372595444,-435947.861383591778576],[860819.08514754800126,-436378.496954271104187],[860982.069920203764923,-436842.450919902359601],[861308.423069808282889,-437273.079050979053136],[861471.431953246705234,-437737.031705792353023],[861797.819440127816051,-438167.652361269225366],[861960.852510938071646,-438631.603759139135946],[862502.194688692106865,-439280.509745349700097],[863095.371631324873306,-438767.369346524414141],[863205.722407297114842,-437816.222203077632003],[862733.612457351177,-437193.519999802112579],[862521.430377573124133,-435960.697291123506147],[864116.246777600375935,-433864.782600219827145],[864130.253986606490798,-432000.880737861793023],[864399.010540405521169,-431532.23471860436257],[864442.474507450708188,-430129.360070486960467],[865512.60759222926572,-428683.576158000156283],[865627.943157670320943,-428403.266674690530635],[865144.164126208168454,-427765.122405633563176],[864606.45117459690664,-427507.368864598334767],[864029.188998537138104,-428007.221824516309425],[862736.920583787723444,-428232.768135521560907],[862337.691596322227269,-428578.321442246844526],[861905.877928613452241,-428748.754322698689066],[861506.612676759716123,-429094.284574976656586],[860860.416878174291924,-429206.953029147756752],[860795.968865989590995,-429579.4204540704377],[860459.540088325855322,-429695.390876857505646],[860367.472430968075059,-430227.146826222538948],[859995.05633271264378,-429855.526554906158708],[860459.540088325855322,-429695.390876857505646],[860523.998145199380815,-429322.924701356154401],[860860.416878174291924,-429206.953029147756752],[860903.392059340374544,-428958.6537401060923],[861279.564825327601284,-428361.97934402548708],[861886.323328128666617,-428152.704576639865991],[862268.864094149204902,-427791.432840961846523],[862717.32753249257803,-427636.722406709799543],[863099.831524033332244,-427275.428754711349029],[863978.480248739244416,-427093.142294342222158],[864512.210056646959856,-426550.957524440076668],[864520.219284044345841,-424724.217718804720789],[864051.97661071177572,-424157.017885398119688],[863873.994216865627095,-423214.477992699015886],[863533.301791094592772,-422801.706616743933409],[863355.362302473280579,-421859.173300621798262],[863014.715495830751024,-421446.394927633402403],[862866.3186388296308,-420964.81083428952843],[862525.706692442530766,-420552.024161754525267],[862377.333482622285374,-420070.439217424951494],[859739.878912294865586,-417490.24909710267093],[859591.626872388413176,-417008.649453797086608],[858332.741117970552295,-415728.720881663321052],[858184.551731157582253,-415247.114821375405882],[857844.212121773278341,-414834.236052650085185],[857666.710331767331809,-413891.707315081439447],[857326.416353364707902,-413478.821450175077189],[857178.278397710761055,-412997.215589635015931],[856838.019256617641076,-412584.321393024059944],[856689.904945334768854,-412102.714672815462109],[855890.68067071645055,-411256.204630837426521],[855742.609502872102894,-410774.594209907052573],[854943.516200978192501,-409928.040223279269412],[854745.409033307572827,-408657.210092793800868],[856340.030385984806344,-406600.018111409153789],[856436.197144960518926,-406265.479686456674244],[855885.339256098959595,-405596.73303206305718],[855384.357960800873116,-405426.75129354337696],[854859.410975208156742,-405922.830039098917041],[853982.080183558398858,-406104.495205353770871],[853600.013110652333125,-406465.457220425771084],[852873.546294056694023,-406637.485284432594199],[852155.269376796786673,-406113.221856048214249],[851918.211659422144294,-405341.209131661162246],[851222.680659193778411,-405196.22502686077496],[851111.799829221679829,-404834.981618189543951],[852218.237043000757694,-404725.767290786432568],[853152.374836895382032,-403589.877178055583499],[853045.08879643061664,-400741.573712985904422],[853377.207023459952325,-400333.5686790337204],[853416.022668892866932,-399792.625009959680028],[854148.185439008986577,-398896.516811919107568],[854186.959512460511178,-398355.578057094069663],[855117.207625330542214,-397217.335892598493956],[855614.893919357913546,-397106.7419307086966],[855949.523657042183913,-396701.226612901431508],[856444.072900117142126,-396591.289790486276615],[857376.876173011376522,-395455.62466369336471],[857415.734781901002862,-394911.288986184401438],[857780.050753348623402,-394463.244628997752443],[857361.816135437926278,-394065.075580560078379],[857225.50428008462768,-393072.59633722063154],[856844.614100300474092,-392709.921328622906003],[856761.803401499520987,-391983.271974527626298],[857017.140556025318801,-392006.734064967022277],[858083.753001555684023,-393017.888006840192247],[858225.417428628890775,-394666.200461844739038],[858182.577133017592132,-394914.407776638166979],[857897.844688241020776,-395367.031351515382994],[857786.731627047411166,-396010.606276082457043],[856479.177981170942076,-397490.722528162761591],[855899.037604419514537,-397690.978591839317232],[854698.324490026687272,-399272.310689834295772],[854670.982059367932379,-400690.453689759771805],[854385.992738937144168,-401143.025906038761605],[854300.101763389306143,-401639.445662575250026],[854015.076871305704117,-402092.013855847821105],[853987.622283714008518,-403510.193197156884708],[853702.54067432822194,-403962.762543666176498],[853616.594824000960216,-404459.191063165315427],[852823.126562808407471,-405548.103619874978904],[853073.568548945011571,-406162.072834863734897],[853570.801859262050129,-406004.563430499983951],[853952.855222545447759,-405643.603756685683038],[854400.634974590386264,-405489.198311767308041],[854925.578918652492575,-404993.139554698369466],[856628.701324957772158,-405018.935264655156061],[857265.221460358705372,-405738.496446462988388],[857225.245939669082873,-407118.196339911606628],[856694.801672136411071,-407657.221454280370381],[856088.930578828672878,-407866.227205621369649],[855606.514932463411242,-408631.991348576615565],[855773.560143250622787,-409412.572427457431331],[856572.681819885037839,-410259.073081590991933],[856720.779569480684586,-410740.672168019344099],[857060.995433479780331,-411153.561429434572347],[857209.116824381635524,-411635.15961461304687],[857549.367520434549078,-412048.040471639309544],[857697.5125725150574,-412529.637741620303132],[858037.798076823935844,-412942.510231179418042],[858185.966753030894324,-413424.106641269347165],[858526.287041917792521,-413836.970800223527476],[858674.479362036217935,-414318.566336483636405],[859014.834504909813404,-414731.42211142659653],[859163.05046827532351,-415213.016761329316068],[859503.440400920924731,-415625.864191631320864],[859651.680011207005009,-416107.458007861394435],[860451.402403056970797,-416953.790145449340343],[860636.740901538287289,-417555.797901396406814],[861216.962172256782651,-417676.24856247601565],[862240.879108170978725,-418536.424289594579022],[862672.127401019679382,-418337.2717662541545],[862776.887539145071059,-417730.763552333053667],[863168.712886541383341,-417108.513337592652533],[863030.707980150706135,-416788.883159889723174],[862690.180232761660591,-416376.118822776770685],[862453.334569323575124,-414511.803063358122017],[862112.874142384738661,-414099.03414158988744],[861964.558946471079253,-413617.476432747847866],[861496.755719591863453,-413050.255402053706348],[861563.390444505377673,-412254.751389171695337],[861848.427584277582355,-411801.978399960906245],[861960.768777712481096,-411151.227121559844818],[862867.919712054659612,-410165.852763090806548],[863315.772054539178498,-410011.144659674959257],[863697.709126187022775,-409649.893411290657241],[863921.623744607903063,-409572.527687949710526],[863869.090306779253297,-409811.620310317026451],[862277.905392441665754,-411913.32133876736043],[862521.637214182410389,-413600.285100201144814],[862845.161111252265982,-414033.710988532926422],[863039.967393248574808,-414955.506203589378856],[863363.535682561574504,-415388.925909161393065],[863587.918291715555824,-416771.648393152747303],[863911.54125355812721,-417205.063319339766167],[864254.17933804076165,-420431.540200621937402],[864577.897797339595854,-420864.955970625625923],[864743.302571358974092,-421325.848171368648764],[865526.682976501761004,-422192.60239791177446],[865692.131457889452577,-422653.4895726373652],[866015.942407647729851,-423086.881436233234126],[866211.022998235654086,-424008.717646572447848],[866683.543594908784144,-424641.001640094618779],[866713.144295000936836,-427216.488174540456384],[866447.336907693766989,-427687.770462034153752],[866371.743176817777567,-428627.034339992154855],[866105.890905556734651,-429098.31637322291499],[866000.663801577175036,-429576.612197703041602],[865734.776616897433996,-430047.891272108769044],[865629.525303996051662,-430526.188646895752754],[864962.819245039951056,-431486.046343172725756],[864946.16517473210115,-433347.330108480586205],[864680.153360108030029,-433818.605746990127955],[864574.820404469617642,-434296.913024030800443],[863381.708918852149509,-435914.963260900985915],[863595.883090388146229,-437136.98910628905287],[863919.91383362992201,-437570.498459913942497],[864085.431355626205914,-438031.479589982482139],[864409.496377113624476,-438464.981628929905128],[864781.710744984680787,-442153.19789863814367],[865105.881490635452792,-442586.703188818471972],[865271.480882060830481,-443047.695107501524035],[866516.309886435628869,-444348.04439700616058],[866723.373289430630393,-444924.294178769516293],[867283.584127473412082,-445070.379502081312239],[867726.604770143982023,-445359.226372699544299],[868174.783953215228394,-445476.079840759339277],[868821.184411547263153,-445897.475349575805012],[871345.308166690985672,-445581.013711561041418],[872547.429351769853383,-443968.412209951493423],[872705.510214470792562,-443249.292414377268869],[873187.165216749883257,-442838.162629618600477],[873616.555709858424962,-442664.738020499295089],[874419.591012240038253,-441832.504175261303317],[874956.288157770060934,-441615.691728651465382],[875087.593686262262054,-441017.639684972644318],[876154.871370603679679,-439568.237574889732059],[876259.865917052957229,-439089.810354311484843],[877050.633650157251395,-437950.041674877575133],[876716.068796527688392,-434893.747727016976569],[875470.961601535207592,-433594.466831480676774],[875275.185114965541288,-432672.666989363555331],[874950.873140503652394,-432239.450109490077011],[874785.025820420472883,-431778.627407927822787],[874311.902069532894529,-431146.575287467916496],[874430.314037088304758,-430875.805217637389433],[874695.930340902647004,-430404.348360458738171],[874651.42141065839678,-427621.187921905773692],[874916.953096203971654,-427149.741872048471123],[875021.841870568809099,-426671.385625981201883],[876196.701150150620379,-425074.161708989937324],[873915.625339626683854,-425031.068782597430982],[874175.37392063322477,-424720.454059739364311],[876540.41344499681145,-424494.130322698852979],[876772.683416985208169,-424542.052707528695464],[877212.212605881504714,-424861.273869548225775],[877606.686569487559609,-424487.805865244299639],[877903.784379296004772,-424342.426338973164093],[878488.788107002503239,-424767.217761516745668],[878824.224239735747688,-424871.407311545626726],[879882.913755827583373,-423699.06144905637484],[879673.64333666593302,-418652.658917190390639],[879204.913342154119164,-418086.01635030930629],[879055.953659155522473,-417604.622198433091398],[878254.968682203674689,-416759.37815658620093],[878106.052146611735225,-416277.980344385956414],[877765.053041135077365,-415865.59514248277992],[877616.160151595133357,-415384.196462195948698],[877275.195824233232997,-414971.802856594731566],[877036.333181582740508,-413107.753133003017865],[876235.712640976533294,-412262.430497775436379],[876086.898973338888027,-411781.032999698829371],[875286.409300032886676,-410935.666288065025583],[875134.193759780959226,-410401.23181077837944],[875704.324475406901911,-410137.14477598486701],[876728.717884094920009,-410996.158710593008436],[877496.447908045374788,-411072.203144842409529],[878921.186987928114831,-409456.129721064295154],[879031.495481048128568,-408812.290059627906885],[879315.887424163403921,-408359.15783430042211],[879400.945361159392633,-407862.539613759843633],[879685.301710462081246,-407409.403556306438986],[879719.329587683430873,-406131.923598196299281],[878792.744068345287815,-405153.628046344791073],[878643.88507750921417,-404672.292255895503331],[878303.117056249058805,-404259.970235387561843],[878154.281700568390079,-403778.633450668596197],[877813.548445957596414,-403366.302919338049833],[877634.698010446853004,-402424.133452732115984],[877294.010408630478196,-402011.795611433684826],[877055.15597385680303,-400147.984736824291758],[876255.199660115758888,-399302.776655920431949],[876069.306741770356894,-398701.087764257623348],[875489.703460663673468,-398581.304324946540873],[874898.929398459615186,-398117.823459119885229],[874698.744846841320395,-397061.941672944987658],[874358.265959524549544,-396649.55270698631648],[874209.623794088605791,-396168.20947129331762],[873869.179666280862875,-395755.811989073641598],[873690.642186380340718,-394813.662054474116303],[873350.243636137340218,-394401.2571693600039],[873201.652863129158504,-393919.913603455410339],[872861.289141437388025,-393507.500150765758008],[872682.833079606993124,-392565.357724593603052],[872342.514927135780454,-392152.936840299109463],[872084.976005301927216,-389990.315835208224598],[872475.438440538360737,-389367.95203755190596],[872411.082224940415472,-386567.58772443945054],[873891.998232572688721,-384648.836890020582359],[873956.200299104559235,-383832.407558156293817],[873031.381184105412103,-382853.938747703272384],[872882.87842549639754,-382372.644606682762969],[872542.771799314301461,-381960.269893819175195],[872394.292654097545892,-381478.974501257529482],[872054.220843334100209,-381066.591080593236256],[871875.879763362579979,-380124.548578688001726],[870618.76319518382661,-378846.236200575775001],[870470.374372329562902,-378364.934086933149956],[870022.431938893161714,-377821.511404313147068],[869396.154215580434538,-377691.589175734377932],[867885.467356811626814,-376356.930839300563093],[867670.855902119656093,-375007.220815196807962],[868060.997337686712854,-374385.068737172230612],[868146.097684534965083,-373888.681686956901103],[868429.964219128130935,-373435.924728611775208],[868515.040985531755723,-372939.539410743454937],[869208.266273175948299,-371983.531158512749244],[868397.721049870946445,-371124.787983731541317],[868249.463820880278945,-370643.496078470314387],[867909.756571238394827,-370231.051310522307176],[867761.5229433568893,-369749.758003509079572],[867421.850484170601703,-369337.304486882640049],[867065.391690019750968,-365631.104673979221843],[866725.829565806663595,-365218.649486184353009],[866429.001035818248056,-362433.929012148524635],[866089.527696570614353,-362021.469993268372491],[865951.855202990234829,-361702.037946222408209],[866341.614630221389234,-361080.006450630375184],[866437.081540267798118,-360745.532097987481393],[865970.636194252991118,-360178.757361060997937],[865822.539359827176668,-359697.486347994126845],[865483.144002577639185,-359285.022414676670451],[865335.070762736606412,-358803.749933481332846],[864995.710114708868787,-358391.277154524927028],[864862.302969481097534,-357229.306507916771807],[865236.968769478029571,-357307.24628686561482],[866161.400540871429257,-358287.8568043782725],[866339.237409120309167,-359229.787415224476717],[866678.659122319077142,-359642.229695263959002],[866856.538744478835724,-360584.164846125815529],[867196.005965610500425,-360996.599247205245774],[867463.230422022636048,-363320.583705187542364],[867802.775628052419052,-363733.013223916525021],[868219.017839657375589,-368360.535651681246236],[869600.438598026172258,-369766.550929890829138],[869685.632177814957686,-372892.049796509789303],[869401.819547779741697,-373344.831512409436982],[869316.77056774450466,-373841.224428557150532],[868526.59013202576898,-374930.774436095380224],[868695.569259298616089,-375732.022551728936378],[869493.815174623625353,-376577.478783825412393],[869642.156777172349393,-377058.783469763933681],[872274.691426535253413,-379635.990945707366336],[872423.15404396050144,-380117.279334372084122],[873221.871926057385281,-380962.551786940079182],[873400.311653215088882,-381904.584523598023225],[874657.955937734222971,-383182.676973333465867],[874866.485920270322822,-384585.467987484007608],[875217.794641565415077,-385011.19522217521444],[874924.614192567183636,-385478.865257188968826],[874839.634847390465438,-385975.349028173368424],[874555.659867085283622,-386428.292680873244535],[874470.656948530231602,-386924.778333259280771],[874186.646349819144234,-387377.717955969448667],[874101.619855078402907,-387874.205449254193809],[873711.280470726313069,-388496.608708409126848],[873954.665355423814617,-390314.226534833433107],[874323.826310232863761,-390390.631329755822662],[874424.475254246615805,-391096.489148281747475],[874772.048029662342742,-391500.024778223596513],[874913.468892670818605,-391990.169201830867678],[875261.076739654759876,-392393.695925888896454],[875462.483285743510351,-393805.42922796291532],[875810.148284872760996,-394208.949192312720697],[875981.619987025042064,-395159.896536442625802],[876329.331070016138256,-395563.408695998776238],[876470.833699529990554,-396053.556464215624146],[876818.57985370059032,-396457.059701349993702],[877020.158653473248705,-397868.826001845416613],[877367.961969541036524,-398272.322599861596245],[877539.560695591848344,-399223.288275510654785],[877887.410120444372296,-399626.777119349630084],[878028.994510048883967,-400116.928382406884339],[878376.878988814190961,-400520.408338376495522],[878648.779276073444635,-402943.187674069893546],[879251.478390254429542,-403430.929822815640364],[879824.447327953530475,-403536.583735580556095],[880335.338615461019799,-404094.837880194478203],[880477.039989933255129,-404584.985673308488913],[880943.753388247685507,-405125.890210532117635],[880978.197898987797089,-407329.0805189559469],[880685.579326392500661,-407774.425528290972579],[880608.874635695014149,-408278.870340581866913],[880316.220177752897143,-408724.21114609146025],[880239.492259526741691,-409228.658413411350921],[879547.235554078943096,-410162.914320577809121],[879470.464632797637023,-410667.364038887841161],[878677.228973317192867,-411737.587510743993334],[878840.569917986518703,-412559.792659793107305],[879648.598785097827204,-413396.131415345182177],[879820.962989376857877,-413992.358890712144785],[880403.52828934264835,-414463.411064570129383],[880874.992578149656765,-414550.272346227837261],[881435.822632345021702,-414976.452682674338575],[881873.154355101520196,-414787.681605204299558],[881967.042462695157155,-414170.278571201080922],[882259.784364145598374,-413724.878444137051702],[882336.483893971308134,-413220.396835769002791],[882629.189917434356175,-412774.992656741058454],[882675.673772633075714,-411809.649055957386736],[882968.333102619973943,-411364.243376491242088],[882954.36290129320696,-409477.203287837270182],[883246.953806491452269,-409031.801266778784338],[883293.348469957243651,-408066.490735800354742],[883585.892653892864473,-407621.087168646219652],[883632.24610521341674,-406655.788582416134886],[884324.026976899360307,-405721.351020337315276],[884400.56890176597517,-405216.896406939136796],[884693.005435018916614,-404771.480368188582361],[884769.524034126196057,-404267.028116360772401],[885061.92471107468009,-403821.607932674698532],[885138.420053955749609,-403317.158078425971325],[885430.784844403970055,-402871.733688472304493],[885507.25689345842693,-402367.286274872894865],[885899.239714663592167,-401770.070958969125059],[885584.964542953530326,-398659.768932523031253],[884777.312333545531146,-397823.910710994445253],[884635.493325306451879,-397333.839375413430389],[884287.482340138405561,-396930.532548436487559],[884145.686734465882182,-396440.460446042125113],[883338.244040034711361,-395604.535551235254388],[883196.491303360904567,-395114.460056534851901],[881929.813564050360583,-393845.840819981589448],[881788.123242187779397,-393355.759283549617976],[881440.289149459684268,-392952.395663207164034],[881298.622209477354772,-392462.313370083225891],[880832.267215037136339,-391921.490401032730006],[880957.178657757700421,-391398.740429428464267],[881450.11144455219619,-390909.876566786377225],[881677.770126304123551,-390836.134660185140092],[881761.926333233015612,-391562.632592493086122],[882143.49907290993724,-391924.60326649871422],[882281.649454642552882,-392916.832661778782494],[884500.938839148147963,-395009.198925825301558],[884608.976820862153545,-395540.647369870857801],[885909.822341457474977,-396767.647946541721467],[886017.921744354534894,-397299.09453267371282],[886859.391167261521332,-398093.481188179866876],[886967.53238313482143,-398624.927306563185994],[887427.425976394442841,-399060.651955356413964],[887567.042822001385503,-402287.853047750075348],[887235.844777710153721,-402696.715872739965562],[887198.349292665487155,-403237.781793200818356],[886867.114048195187934,-403646.639050355821382],[886829.596626191749237,-404187.708736593252979],[886099.152892604470253,-405085.652865145355463],[886061.593942398671061,-405626.727695027948357],[885730.259110761224292,-406035.565731640497688],[885692.678229762008414,-406576.644430458080024],[884962.015287048881873,-407474.54606306750793],[884954.66925030387938,-408476.472678438993171],[884623.222739064833149,-408885.294013225531671],[884615.838091041194275,-409887.234120965120383],[884284.342280824901536,-410296.052410418807995],[884307.16701351176016,-411758.865080446063075],[883975.609743632841855,-412167.682841459696647],[883937.912198813632131,-412708.788583933201153],[883606.317728209192865,-413117.600783215253614],[883598.817401268519461,-414119.581680370378308],[883267.173613019986078,-414528.39088175795041],[883369.127539038774557,-416642.469487641064916],[883326.624236765434034,-416890.812921217468102],[883042.147069080499932,-417344.067747392284218],[882935.878170669195242,-417964.927617479756009],[882241.351072273100726,-418205.80657894856995],[882267.657733278349042,-420500.520514307718258],[882736.59335880598519,-421067.072314872522838],[883278.068416894064285,-427540.429438723251224],[884079.9388957148185,-428385.476202857564203],[884259.363991705467924,-429327.811663268250413],[884687.438360788626596,-429844.610277760424651],[884596.85111466946546,-430483.552758989215363],[884047.267578618135303,-430084.996942860540003],[883075.624528843327425,-430022.575958112429362],[882941.843032521661371,-430802.872153688396793],[882657.005469098920003,-431256.180413074616808],[882571.814208614057861,-431752.936199339921586],[882286.941083181882277,-432206.240848636778537],[882281.546949905226938,-433923.949667486944236],[882750.877993832458742,-434490.583375394693576],[882900.083375495974906,-434972.022890355903655],[883241.655636631068774,-435384.364626042253803],[883428.175768291926943,-435986.164438118110411],[884130.225561625906266,-436130.512609505676664],[884317.635074397781864,-436813.38429516548058],[883613.007096835062839,-437057.550042417657096],[883077.944279335206375,-437602.162618077243678],[883103.948542265919968,-439888.562585360545199],[883573.491169551736675,-440455.205462272511795],[883752.937814546748996,-441397.667804263182916],[884094.674921243451536,-441810.017628361587413],[884243.977504727896303,-442291.480624505085871],[884585.74938755040057,-442703.822303318302147],[884735.075643443036824,-443185.284732282278128],[885537.846177752828225,-444030.392963124613743],[885687.215619511902332,-444511.852143949246965],[886666.164861555676907,-445524.300455100659747],[890092.531117126578465,-445428.674476568761747],[890617.979262307286263,-444931.026243029569741],[891066.768896771012805,-444775.348500128602609],[891661.19852929119952,-444169.939803297515027],[891256.672266166540794,-443682.46426732360851],[891107.107372002094053,-443201.069153531629127],[889381.889484376879409,-441491.072434524772689],[889151.995756675954908,-439788.662085136631504],[889633.914341672905721,-439021.449355314834975],[890367.428118442185223,-438766.959966093476396],[890428.783866151818074,-437689.938403894833755],[890713.534034739015624,-437236.434571121295448],[890634.339621415594593,-435144.165412104455754],[890285.556629012920894,-435072.62839711853303],[890173.468814628664404,-434711.606573925062548],[889400.675866495585069,-434689.087512614030857],[889282.186685243737884,-434307.404036654101219],[888933.433997897082008,-434235.832996392447967],[888821.386957652750425,-433874.803492695733439],[888472.648235842469148,-433803.221005424624309],[888360.615827385685407,-433442.189479448890779],[888011.891140071791597,-433370.595569082710426],[887899.873361813486554,-433009.561997758049984],[887127.189020287245512,-432986.914126480347477],[887008.773910524905659,-432605.218223240110092],[886660.079531208379194,-432533.590265038714278],[886548.102528078714386,-432172.549027426051907],[885864.74293018237222,-432178.172314759052824],[885251.315107479109429,-431604.778457892418373],[885196.500567543786019,-431335.409600832615979],[884698.750495525659062,-431233.070629416382872],[885041.929739057086408,-430836.918628389074001],[885196.500567543786019,-431335.409600832615979],[885882.838810814544559,-431329.790875482663978],[886493.986738359904848,-431906.733791791717522],[886548.102528078714386,-432172.549027426051907],[886896.787107337033376,-432244.179516808071639],[887008.773910524905659,-432605.218223240110092],[887781.436008275486529,-432627.87254940305138],[887899.873361813486554,-433009.561997758049984],[888248.588249199092388,-433081.158439670922235],[888360.615827385685407,-433442.189479448890779],[888709.34474927932024,-433513.774498254584614],[888821.386957652750425,-433874.803492695733439],[889170.129843285423703,-433946.377036466554273],[889282.186685243737884,-434307.404036654101219],[890054.957392033771612,-434329.929583873716183],[890173.468814628664404,-434711.606573925062548],[890522.242007234250195,-434783.146120727295056],[890634.339621415594593,-435144.165412104455754],[890983.126872743479908,-435215.693526097980794],[891169.994974553585052,-435817.38844488398172],[891511.849548483500257,-436229.527134197589476],[891711.585345551255159,-437470.867021315323655],[891320.314214964746498,-438094.082030456105713],[891235.362384459120221,-438590.930508513236418],[890950.594944771262817,-439044.451722826459445],[890871.030749411904253,-439623.309549711819272],[891601.733780245878734,-439773.110818333399948],[892028.228279806324281,-440081.858560955966823],[892924.060018867370673,-440148.715364318632055],[893811.749061357579194,-440889.902448547945824],[896709.606289382325485,-440823.839243743685074],[897234.631004512193613,-440325.954246385605074],[898113.827998852008022,-440141.424560490821023],[898895.770509036141448,-439289.44920426356839],[899774.883405550033785,-439104.812593897455372],[900709.231533332495019,-438068.095496318128426],[900678.802942141890526,-435762.419468093430623],[899620.513222451787442,-434650.374860177573282],[899010.957828560029157,-434525.756301894725766],[898584.449027447961271,-434217.247235039656516],[898119.386523025925271,-434122.13551131443819],[896770.797615447198041,-432948.959273833956104],[896189.526948558166623,-432829.992487318872008],[896002.457056788029149,-432228.384131832281128],[894738.688842365052551,-430951.617141932889353],[894589.082665086840279,-430470.325282696983777],[892404.05899997416418,-428328.560374659660738],[892298.816288336645812,-427626.988683064642828],[891799.559740095981397,-427520.875857419858221],[891922.956173720769584,-426661.559476344613358],[892192.376436725840904,-426926.894877789076418],[892298.816288336645812,-427626.988683064642828],[892551.738007605541497,-427649.511919870390557],[894319.235443044919521,-429305.708066892286297],[895182.110916013712995,-429326.994561062951107],[895783.283245931845158,-428594.473454563354608],[895709.998773107305169,-426937.966808453260455],[896080.292540168971755,-427013.812049430911429],[896326.758461510529742,-428831.74430240347283],[895935.987156730145216,-429455.041040029900614],[895840.542452046996914,-429789.945136545866262],[896310.347341084270738,-430356.086856317939237],[896460.014918721397407,-430837.359625390265137],[896890.911793994950131,-431356.53260763338767],[897408.100940604344942,-431517.684288363787346],[898312.665847005322576,-430531.559994205716066],[899059.707239564973861,-430355.736151010321919],[900087.060397037421353,-431213.17686750536086],[900982.388515627128072,-431279.487923687440343],[901408.872892691055313,-431587.911426477890927],[902583.401390449376777,-431635.464582786837127],[903107.830224049976096,-431137.394096705655102],[903986.363903147634119,-430952.493661962857004],[904522.227374945883639,-430405.184297205822077],[904468.428249670891091,-428668.337125325400848],[903964.266308452235535,-428550.14224163145991],[904041.376886531594209,-427239.45138985599624],[904326.847825535107404,-427511.854346469743177],[904468.428249670891091,-428668.337125325400848],[904700.89715329289902,-428715.78226756391814],[905127.400531540042721,-429024.080141325015575],[906974.342937895678915,-429032.660401369270403],[907176.091018933570012,-429495.452340214222204],[906785.773286520387046,-430119.071757161524147],[906691.352746179909445,-430465.497364639304578],[907323.219268919085152,-431173.379730479209684],[908202.875844434951432,-431258.39371512492653],[909500.674210499390028,-429781.99726981978165],[911239.637212224653922,-429538.582839475013316],[911620.998862373409793,-429175.897706967836712],[913359.863368648802862,-428932.210590410046279],[913741.153455894440413,-428569.467178001534194],[914327.334356596460566,-428364.792481205367949],[914207.979761010967195,-425696.862114026385825],[913710.142848575720564,-425595.598834219679702],[914052.362602390698157,-425198.724103594257031],[914207.979761010967195,-425696.862114026385825],[914460.92924290325027,-425718.974315116705839],[914846.619424585718662,-426077.283934561361093],[915709.654257250134833,-426097.239271422557067],[917505.390864141867496,-423893.673159895115532],[917542.077230535447598,-423349.108289069030434],[917872.993035404826514,-422939.41330966638634],[917789.295924976700917,-420633.471117400447838],[917327.715656031854451,-420198.676002844877075],[917155.59715946065262,-418745.68997774051968],[916772.360535766812973,-418384.603109011892229],[916600.300137792364694,-416931.637480426346883],[916217.124327164958231,-416570.542080318613444],[916013.799561824882403,-414656.784998069400899],[915630.696908885147423,-414295.681924830772914],[915208.302764973486774,-409156.401579310419038],[914825.359511556685902,-408795.297107392107137],[914684.790690392372198,-407803.229838333732914],[912690.620803809491917,-405932.724888667580672],[910894.120684022316709,-405975.735465084493626],[910048.380955994827673,-405185.644493253144901],[909543.263824073830619,-405141.266288892831653],[908929.846600878285244,-404569.12639756151475],[908874.598047050647438,-404299.905545591784175],[909127.138624209794216,-404322.109195773140527],[909512.142816751496866,-404680.487277102540247],[910017.242824885761365,-404724.866320948349312],[910480.898053385899402,-405156.409191063197795],[913482.073839014745317,-404874.58512829686515],[914010.110589698073454,-404221.643294492037967],[914046.782987622194923,-403677.196139263454825],[915771.739616062259302,-401557.424237404193264],[916448.326600309810601,-401472.133546932949685],[916435.123120148549788,-400740.812390247592703],[916765.433643665746786,-400331.232224380713888],[916738.975421067327261,-398868.611626717320178],[917069.224523249897175,-398459.030899054545444],[917105.497938118991442,-397917.897636440291535],[917833.555876509170048,-397018.315963244705927],[917686.620644137845375,-393791.537872068758588],[917225.845353813958354,-393356.862752365763299],[917116.519503722782247,-392825.677747201465536],[916273.443368640495464,-392033.211209832574241],[916164.159325254498981,-391502.025584827875718],[915781.626486392924562,-391141.014293360989541],[915672.364699464873411,-390609.829402191156987],[915289.868029167759232,-390248.807548358978238],[915180.628478933358565,-389717.62340389325982],[913649.35033140773885,-388279.455706254695542],[913141.728956710430793,-388234.946366429678164],[912757.033067167620175,-387876.731795080879238],[912252.536790914949961,-387832.468108115659561],[911179.107507475884631,-386828.35128000198165],[910950.21893816604279,-384530.057717174931895],[911347.62747096689418,-384037.088648099452257],[911290.333928358275443,-382114.013039407902397],[911620.266272961278446,-381704.628705073671881],[911625.384260544902645,-380702.928141560638323],[911955.26724360010121,-380293.540548629476689],[911991.602503496687859,-379752.51511773787206],[912321.448246829095297,-379343.121885634376667],[912357.76151948410552,-378802.100030372967012],[912687.570043537765741,-378392.701073586475104],[912692.576713203918189,-377391.02991415001452],[913419.636084324331023,-376491.853159670601599],[913455.883535834960639,-375950.842025074292906],[914182.805619570543058,-375051.634684134274721],[914219.01153492636513,-374510.62834724294953],[915342.916412423131987,-373121.572716479131486],[915347.67506037116982,-372119.94693379587261],[915677.209786794846877,-371710.497461246501189],[915593.064833652577363,-369405.307147593004629],[914213.68832615215797,-368108.164559749595355],[914159.122731668525375,-367842.622856795787811],[914411.008337612263858,-367864.714174148102757],[915254.973379207891412,-368654.237131867615972],[916113.995128152542748,-368674.149218528473284],[916513.90550777502358,-368184.112604560505133],[917007.036029562936164,-368071.968859396933112],[920116.324992386274971,-364235.762396423437167],[921037.488111583516002,-364094.120086285867728],[921369.328065766603686,-363687.083968107413966],[921862.261941504664719,-363574.764799546217546],[922787.261156422900967,-362434.861371578241233],[922823.24760407989379,-361890.485454570851289],[923945.105769627029076,-360500.85135853709653],[923917.398040046682581,-359038.776132295897696],[924246.318868970149197,-358629.159437722642906],[924255.691948870546184,-357706.285835911345202],[923795.766907953191549,-357271.987161792232655],[923741.027082052081823,-357006.508611065160949],[923709.323066207929514,-356545.964376695046667],[924043.407606892171316,-356428.480873710301239],[924194.30479469220154,-355524.119400712253992],[926016.907616854878142,-355524.450966074306052],[926441.856280967011116,-355831.844577361014672],[927101.153419757145457,-355849.305935530283023],[926993.204369332524948,-356389.502257414103951],[926479.634243858978152,-356284.963112035184167],[925853.221554998541251,-355865.471264786901884],[924610.577034894842654,-356108.226732572424226],[924675.526031822781079,-359031.563711048278492],[924407.709847577731125,-359498.516633816529065],[924342.637881555478089,-360442.713669777440373],[924074.776447609416209,-360909.665397570934147],[923977.958725955453701,-361393.308996435021982],[923710.062149719917215,-361860.257112481398508],[923574.866781728575006,-362535.43577879818622],[921894.958407552563585,-364467.250676442519762],[921463.102022216538899,-364636.91193494660547],[921070.126935429521836,-364986.611582864774391],[920638.244599362253211,-365156.246913661016151],[919451.81461893056985,-366485.778758237604052],[918839.29788006877061,-366726.204569000925403],[918094.009980045258999,-367798.449868442490697],[917996.900477420538664,-368282.077669644495472],[917728.638732530525886,-368748.932133247319143],[917603.541702883900143,-369371.777709649060853],[916369.364630124531686,-369656.800627616990823],[916570.27503103937488,-370693.299156369350385],[917042.379143598373048,-371304.078729880333412],[916994.860983966151252,-372515.38108606642345],[916726.463449582341127,-372982.23233104380779],[916660.671921364148147,-373926.500361646991223],[915995.101680019404739,-374883.205003210809082],[915897.834926266456023,-375366.847440912912134],[914834.896955984295346,-376813.353676292696036],[914737.566679619951174,-377296.995793979847804],[914468.978571974206716,-377763.820816566876601],[914402.964499786845408,-378708.117414988460951],[914134.331179816857912,-379174.941456624481361],[914068.274416199070401,-380119.248398177791387],[913004.713305208366364,-381565.668236381199677],[912938.54527933942154,-382509.989694137591869],[912153.479204482981004,-383637.037927608878817],[912335.703157978481613,-384402.11227171018254],[912665.135712133371271,-384828.324167694605421],[912901.548207462765276,-385508.634719636873342],[913630.403686143108644,-385996.93493166816188],[914417.117380084237084,-385781.771000482025556],[914601.738602770259604,-384865.245921969471965],[914840.777527686208487,-385143.289556974603329],[915065.511780214728788,-386530.684371727169491],[915395.07776930637192,-386956.839079531549942],[915557.151514842291363,-387422.866771266621072],[915886.751802423386835,-387849.013330904883333],[916048.849595655105077,-388315.039195475925226],[916378.484228542656638,-388741.177611415449064],[916571.997939595603384,-389667.897644396405667],[916901.677342594601214,-390094.029113117197994],[917095.234755057375878,-391020.753956131404266],[917424.958837176207453,-391446.878502551699057],[917649.982220566365868,-392834.31583132466767],[917979.761409075581469,-393260.434678491728846],[918141.973617824842222,-393726.460446060809772],[918471.787200756836683,-394152.571172006020788],[918634.023440184886567,-394618.59522722766269],[919106.920478446409106,-395229.446037759422325],[919310.936166393221356,-400126.863966273725964],[919041.946337619330734,-400593.878236301417928],[919007.384279685677029,-401999.148526044504251],[918738.339045717613772,-402466.164867597748525],[918815.344925480778329,-404551.076771857158747],[919312.482271948596463,-404652.123486198950559],[918971.000157494330779,-405049.055755535839126],[918815.344925480778329,-404551.076771857158747],[918329.518643452320248,-404749.630570920126047],[918633.162076158681884,-406926.15443460381357],[919661.61454079404939,-405850.502528396144044],[919915.269160375231877,-407026.329028023348656],[920389.91487634961959,-407656.636724199750461],[920186.479150375700556,-408127.053753357031383],[919688.775864617200568,-407804.662572741392069],[919241.245809759362601,-407689.570864271663595],[918704.759827952017076,-407341.992583533050492],[918136.805909970076755,-408252.756052111508325],[918414.915958661353216,-410104.397868878673762],[919122.494116536690854,-410562.771193957247306],[919235.746478939428926,-409078.709784389066044],[919783.160776519798674,-409186.986985614465084],[920230.559577037231065,-409476.766137293772772],[920714.674384042387828,-409059.645687811775133],[921718.481708816834725,-410134.88079328823369],[921885.783206632244401,-410595.03489417838864],[922211.232040774193592,-411027.035270405060146],[922410.103424915345386,-411947.971866580483038],[922885.013569187605754,-412578.225151731166989],[922830.855860691168346,-413770.960012381023262],[922446.226500105345622,-414460.079442858230323],[922599.380454545840621,-414712.720948163070716],[922924.934995272662491,-415144.723043549689464],[923163.459583547781222,-416248.946953982289415],[924200.605124242720194,-417072.159461472125258],[924648.48720437195152,-417187.100595538504422],[925092.010419573518448,-417473.983442058961373],[926175.770302284508944,-417472.38961418310646],[926829.430028238100931,-417364.424961042881478],[927210.023145669489168,-417001.337800412497018],[927657.51352732302621,-416844.478135854413267],[928038.069814630434848,-416481.36917179543525],[928597.400612745783292,-416285.277447426400613],[928701.600562052917667,-415664.032573911652435],[929090.45735425199382,-415039.859274779213592],[928887.348393197753467,-413799.334726595552638],[928544.778010881622322,-413388.233343489468098],[928362.318593072821386,-412446.618001841474324],[928019.793830778216943,-412035.509355384507217],[927805.645071767503396,-410633.130935071094427],[927463.176757338107564,-410222.016152326832525],[927312.524566354113631,-409741.18121270602569],[926841.962160374154337,-409176.233091881556902],[926841.331436821841635,-407458.896260865556542],[927124.159647014457732,-407004.749450485804118],[927207.474312122329138,-406507.823464147222694],[927490.266912221908569,-406053.6729146297439],[927594.378153463709168,-405432.499778095574584],[928153.23905751761049,-405236.443900873302482],[928533.418217149563134,-404873.359844708349556],[928980.479177794302814,-404716.471419291861821],[929360.621457632863894,-404353.365596135845408],[929807.656835942645557,-404196.450284910795745],[930187.762255409033969,-403833.322616763296537],[930411.268379365210421,-403754.853344236908015],[930483.02050025423523,-403999.670524561661296],[931412.088955548591912,-404954.140891314600594],[931296.543683153693564,-405473.181609520921484],[930310.88738284597639,-405672.375085676845629],[929939.097105559078045,-406043.298055910272524],[928110.944350511883385,-406292.751132576435339],[927564.774436974199489,-407078.69353820750257],[927730.558469177340157,-407893.054731610405724],[928080.208695966517553,-408295.291339067800436],[928255.406266450649127,-409245.732297374808695],[928605.102621079422534,-409647.961158686492126],[928797.371588683105074,-410690.745141276333015],[930780.226208387524821,-412466.568583510816097],[931252.093981640413404,-412551.665839886758476],[931671.571067172684707,-412867.937947016907856],[932767.02875460346695,-412851.001121466455515],[935143.332882366608828,-412754.902079254097771],[935711.511155415792018,-413139.558687271259259],[935790.407643429120071,-411938.341242667636834],[936061.905010472750291,-411473.60716662829509],[936028.039724118774757,-409143.98364597663749],[936299.461067928699777,-408679.2571729531046],[936361.587706539547071,-407731.901620978489518],[936632.963599689188413,-407267.174583065148909],[936727.091733455657959,-406780.561739729135297],[936998.43242697021924,-406315.831405498087406],[937092.536641191225499,-405829.220378790225368],[937761.27565812098328,-404873.861105509568006],[937890.46026508975774,-404205.508538031950593],[939577.113844806794077,-402261.093007740040775],[940012.828772100736387,-402093.467239340243395],[940403.76878958416637,-401740.428929325833451],[940998.907583471038379,-401511.374870276427828],[943354.461398840183392,-398464.771203117270488],[943448.249913030769676,-397978.150656560319476],[943719.154954270808958,-397513.321444998029619],[943853.998393477522768,-396813.563119573926087],[944342.153657039511018,-396372.32686186459614],[944777.622036187327467,-396204.554325073724613],[945332.860559211461805,-395702.625001730804797],[947759.346902883029543,-395669.162511801812798],[948379.385469788918272,-396088.426806893316098],[949623.901900825556368,-395848.120459877944086],[950027.963420175015926,-395217.66957814025227],[950088.952945721335709,-394270.366674073738977],[950359.549338737386279,-393805.417799335904419],[950355.417524455697276,-391936.848178651358467],[950625.948108966345899,-391471.903881192323752],[950686.844659947208129,-390524.631772801803891],[951353.780013276147656,-389568.7245832743356],[951447.182317591970786,-389082.086862721364014],[952230.016337924986146,-387959.788511514198035],[952080.170508092851378,-387648.520416043116711],[950823.982442632666789,-386365.740564404171892],[950663.05819842137862,-385897.101897192827892],[950329.966216278029606,-385474.838458123500459],[950169.065891992184334,-385006.198043928656261],[949836.008315926650539,-384583.926306438341271],[949642.599403931293637,-383654.681088627432473],[949169.260740834986791,-383054.446101206704043],[949275.863203137530945,-382754.784542377863545],[949660.119782205321826,-382093.992309439228848],[949349.812592301750556,-379509.34025946148904],[949016.894097310025245,-379087.071310314757284],[948823.570400659344159,-378157.863194759644102],[948490.696740583749488,-377735.586944128735922],[948297.416545193758793,-376806.383360262203496],[947824.339265428367071,-376206.141885677352548],[947735.956354588968679,-373143.109321222407743],[948006.113040732569061,-372678.296747917949688],[948122.759206177201122,-372070.143942674039863],[948448.726070367847569,-371944.227933069458231],[948496.344853535294533,-373135.890776921180077],[948100.583479011431336,-373629.920219401130453],[948335.548442347091623,-375924.402804558398202],[948718.633447055588476,-376284.440368578128982],[948894.20305467559956,-377736.447112170397304],[949738.542381868581288,-378526.770934097527061],[949946.768801824655384,-380439.382268036017194],[950367.532798574888147,-380834.633936323865782],[950006.538759212242439,-381285.145358609093819],[950119.316698227659799,-383398.102884474035818],[950151.86605022335425,-383858.7038384253392],[950227.520161991124041,-384098.935385502933059],[950570.161647382308729,-384509.367497202591039],[950774.904176846146584,-385159.379662947612815],[951336.761896906537004,-385563.527824912336655],[951916.686344831250608,-385680.032176188658923],[952105.921461700228974,-386280.616522183292545],[952576.925966215319932,-386844.558517779805698],[952581.148626389098354,-388561.577240690705366],[952299.599120456725359,-389016.187540862010792],[952217.382359280600213,-389513.192826514248736],[951539.353228346910328,-390458.780562881787773],[951489.672215402009897,-391416.41892185760662],[951208.015850345487706,-391871.017892354633659],[951288.553513125167228,-394671.240348916384391],[951006.808706617332064,-395125.848673539818265],[950895.414943555719219,-395798.271535595122259],[950395.577462103799917,-396277.507252039737068],[949949.005549389054067,-396435.097918847226538],[949569.622897344059311,-396798.763257479877211],[949123.025382383726537,-396956.327081665105652],[948601.63955330546014,-397456.038728270854335],[947429.619253514916636,-397412.531523075071163],[947002.967464456800371,-397105.669832593470346],[946538.69140727026388,-397012.270465359673835],[945952.455857319408096,-396590.543578858370893],[944689.792899483116344,-396817.121847228787374],[944583.263813331141137,-397458.280205164046492],[944301.234250616515055,-397912.757794836885296],[944218.631119041703641,-398409.753455608384684],[943539.54692349396646,-399355.009862967359368],[943432.989579185144976,-399995.793249510461465],[941736.050365093629807,-401978.61986204009736],[941289.201952041243203,-402135.929402583919],[940114.903612965368666,-403480.775186147424392],[939535.520341155817732,-403684.650235509383492],[938343.448889225721359,-405273.585002402425744],[938260.550222710357048,-405770.577436335966922],[937978.109223165665753,-406224.955964363995008],[937895.187006366555579,-406721.950668217963539],[937612.71044421044644,-407176.325542379636317],[937561.834226457634941,-408134.058199843449984],[937279.311468328931369,-408588.43207706726389],[937228.393584415083751,-409546.176652061287314],[936936.644885998219252,-410015.316861048107967],[937418.812018841505051,-410593.275455076014623],[937420.728320654947311,-412310.677494668751024],[937138.096021441509947,-412765.066513267403934],[937029.276420896756463,-413416.478452887386084],[936126.959724474698305,-414406.907278375525493],[935679.631704191444442,-414564.045726677402854],[935299.325018731760792,-414927.365667928068433],[934851.971468674018979,-415084.477228703268338],[934471.627916330820881,-415447.775408673158381],[933594.404426123714074,-415634.643138337996788],[933214.012417017365806,-415997.90735196962487],[932511.220329851144925,-416244.588392441801261],[932667.775009854813106,-416807.371659728407394],[933021.686536793364212,-417231.743132295436226],[932729.599518634029664,-417700.825603462231811],[932646.363004890619777,-418197.84264388185693],[932257.553423461504281,-418822.139154499338474],[932429.117799531086348,-419601.877896782534663],[932900.230832440545782,-420166.695907255809288],[932805.77287529327441,-420501.837344250758179],[932416.89075005624909,-421126.152533547312487],[932727.847544289310463,-423853.327842930564657],[933793.98844102898147,-424754.967048185120802],[934259.069573837565258,-424848.839869234943762],[935148.294381152023561,-425587.200690659461543],[936043.580502782599069,-425651.180562485242262],[936630.614548858487979,-426073.470498304115608],[938647.886665158905089,-425807.144929474394303],[940620.505451721604913,-423480.557686459040269],[940844.301096610492095,-423401.902345394075383],[940863.481154819717631,-424699.739042464643717],[939862.238843540893868,-424928.160426111717243],[939330.23184772580862,-425452.334148221299984],[939352.58857448596973,-427725.485356015036814],[939826.769826970528811,-428326.378967952507082],[939987.618532108026557,-428795.30840831581736],[940886.223261962179095,-429758.84153667622013],[941522.263287439709529,-429906.079307644162327],[941959.335145690478384,-430201.360413623391651],[942415.050586095196195,-430306.824280996574089],[942852.155495152226649,-430602.07804718305124],[943307.892965446226299,-430707.51240027602762],[943745.030994328320958,-431002.738792287011165],[944631.128301797318272,-431078.022311088396236],[945068.308841733960435,-431373.207441947772168],[946815.139801018638536,-431388.03646889567608],[947252.381645994842984,-431683.152418456738815],[949429.630979031557217,-431667.42494451708626],[949875.313238990260288,-431968.105892557301559],[950281.971690755686723,-431601.187106190482154],[950736.042824254604056,-431907.487511121493299],[951135.18286816845648,-431547.308479668165091],[952002.11147049558349,-431348.872775182477199],[952393.708215288585052,-430995.424272326054052],[952830.259042014367878,-430827.304929748934228],[953221.819219001568854,-430473.833977973205037],[954088.65635840781033,-430275.265550924174022],[956070.72726210008841,-427956.695112441550009],[957043.046957029262558,-427733.716436854039785],[957186.92908557865303,-426985.637878843815997],[957865.159683853155002,-426724.10383772442583],[957860.315451359725557,-424742.378249407745898],[958131.399520490551367,-424277.097230463754386],[958159.48806616908405,-422868.751353735802695],[958430.516553621739149,-422403.472896231454797],[958524.053556752158329,-421916.664773181022611],[958795.046795039903373,-421451.383281962189358],[958888.559920598752797,-420964.577233882620931],[959556.723581549362279,-420007.94653754850151],[959617.395121687208302,-419060.399002015765291],[959888.282682443619706,-418595.108275240869261],[959981.724029139615595,-418108.308343330165371],[960252.576359702507034,-417643.014473402930889],[960345.993734853342175,-417156.216593603952788],[960616.810866129933856,-416690.919642609311268],[960710.204310189001262,-416204.123725077370182],[960980.986189925577492,-415738.82369548099814],[961041.500440610339865,-414791.309895919112023],[961312.236898717121221,-414326.009507005976047],[961274.100947567494586,-411996.382396750734188],[961549.942953038145788,-411522.184852754697204],[961203.181683838367462,-411083.880874933442101],[961479.003258537733927,-410609.688985340006184],[961525.650502467993647,-410366.30246817326406],[961860.860706191626377,-410247.827740809763782],[961963.476402922067791,-409626.350508134113625],[962245.235955846612342,-409171.447569437616039],[962261.481471056118608,-407752.912358349072747],[962939.826007150229998,-406806.626227944798302],[962988.903614243026823,-405848.794985978514887],[963270.535211079404689,-405393.886704721720889],[963319.571173220872879,-404436.067430566705298],[963601.156623912393115,-403981.158224081504159],[963683.119926316547208,-403484.010675201949198],[963964.669779137009755,-403029.097848584176973],[964075.531216050265357,-402356.514073689701036],[964575.173956441925839,-401876.739900421758648],[965021.797396529233083,-401718.655988380603958],[965797.294031111174263,-400863.092595104069915],[966243.871245295042172,-400704.969291478919331],[966622.963478720281273,-400340.817448951420374],[967208.22666992933955,-400133.551948079082649],[968100.818806033115834,-398886.680975894443691],[967826.393996346043423,-396704.603335313324351],[967354.431379945017397,-396141.133007399970666],[967447.806649415520951,-395805.822493831452448],[967729.042475079535507,-395350.862520461610984],[967783.502473765867762,-394277.512849962455221],[968305.659830121439882,-393737.806416202220134],[968528.815403235843405,-393658.709249504667241],[968521.129393432405777,-394367.88295553374337],[968239.943676647613756,-394822.855608541343827],[968158.239889332093298,-395319.990780264197383],[967771.782210151548497,-395945.188351534772664],[967912.168952657841146,-396263.691573193413205],[968845.045811222400516,-397235.804265202139504],[968819.514997444697656,-398513.44669593841536],[968538.23428377660457,-398968.443219782959204],[968427.641210017376579,-399641.043623913661577],[967928.217114375438541,-400120.952221191371791],[967352.485602498985827,-400324.88952890940709],[965764.309334301156923,-402408.853209288208745],[965682.43300610803999,-402906.008946189540438],[965400.94123816199135,-403360.95768495334778],[965319.041360840783454,-403858.115686383738648],[964641.028520026477054,-404804.496835843543522],[964559.085393807734363,-405301.656977251113858],[964172.123776946333237,-405926.808218964084517],[964411.449684644117951,-407627.406089702155441],[964883.617782150628045,-408191.046026261057705],[964790.05426117090974,-408526.37827590922825],[964402.991125588072464,-409151.555475736618973],[964640.826810973230749,-409691.216755678527988],[965103.238379160640761,-409247.426441220799461],[965550.110608842922375,-409089.31572447239887],[967912.056335206376389,-406267.597981611092109],[968470.48576974554453,-406069.863943893986288],[968572.745845259050839,-405448.359135669539683],[968854.18884837499354,-404993.334118982951622],[968959.041228246991523,-404355.817485103500076],[970050.003177429549396,-404120.286776079563424],[970472.601125108776614,-403487.673120805120561],[970577.188407777692191,-402851.219824938860256],[973459.239028804237023,-399385.168513558630366],[974030.062071022111923,-399182.674271184543613],[977204.604427076526918,-395129.115103166725021],[977285.979076085961424,-394631.922958871233277],[978753.829976213630289,-392701.413771503488533],[978863.815069261705503,-392028.768801187397912],[979362.545885905041359,-391548.486196172423661],[979585.612443313933909,-391469.206530588504393],[979593.866307385964319,-390642.545386940706521],[979947.583738801418804,-390516.817965605121572],[979916.895823639701121,-389343.218688879685942],[980345.89498812390957,-388720.050536339520477],[980898.554663964197971,-388536.613118028035387],[981284.414256840362214,-388148.326290212688036],[981859.30259654589463,-388578.949021597101819],[982318.878350060898811,-388386.986228564579505],[982289.074281698442064,-386392.151436957356054],[982577.989106000168249,-385944.668005284329411],[982617.023159586824477,-384979.195362376864068],[982905.891265733749606,-384531.710510363278445],[982978.552585256518796,-384026.78071723843459],[986568.900838272296824,-379467.558596055896487],[987119.509419905953109,-379284.408787964493968],[988814.864193821558729,-377260.144891673466191],[988902.675146988360211,-376647.451576409686822],[989585.805333088268526,-375707.824595320329536],[989658.12843262066599,-375202.897813512536231],[989946.523115598130971,-374755.298786351399031],[989950.963259996264242,-373329.429583830351476],[990239.300367937306874,-372881.831593380891718],[990277.625714949797839,-371916.449431291490328],[990565.916044509969652,-371468.849884206545539],[990568.08179611642845,-370755.934110125235748],[990534.125402807840146,-370295.476870993268676],[990887.206712674465962,-370169.480201082536951],[990900.908202923834324,-368633.94165144499857],[991180.706938469782472,-368178.596476818260271],[991227.292448084568605,-367220.997211356239859],[991507.045015902491286,-366765.650748972548172],[991520.619324457715265,-365230.158394154743291],[991873.55504830321297,-365104.140320009377319],[991771.515009689028375,-363722.854318130412139],[991423.829343687975779,-363654.010510482883547],[991309.326956721255556,-363294.053113497328013],[990961.655246513430029,-363225.1977265792666],[990847.16742488835007,-362865.237972779665142],[990511.207255711313337,-362806.056475306220818],[988966.858294762554578,-361291.618300678732339],[989540.938018262386322,-361051.037536140298471],[990734.431136675644666,-362120.730558103648946],[990847.16742488835007,-362865.237972779665142],[991194.829364757868461,-362934.096011905814521],[991309.326956721255556,-363294.053113497328013],[991657.002826371463016,-363362.899575317685958],[991771.515009689028375,-363722.854318130412139],[991993.781573078129441,-363780.650876129977405],[993048.307573115336709,-364605.484065287630074],[992918.991829962353222,-360841.696304395154584],[992441.421197848743759,-360204.285385965020396],[992285.551048931432888,-359962.68481842771871],[992664.132742188172415,-359261.963867537677288],[992630.658797933836468,-356943.964113232330419],[992887.772097202367149,-356467.903496992134023],[992972.28913420625031,-355745.618076951475814],[992492.765181423164904,-355105.456130959501024],[992751.503422533627599,-354626.344046359299682],[992717.915108913555741,-352308.439241082349326],[992974.914803961059079,-351832.395479528349824],[993093.449154739733785,-351570.510765547107439],[992616.135397776961327,-350933.160972645971924],[992308.212395427981392,-348635.629141911340412],[991984.020843098987825,-348202.608484095311724],[991794.21701848693192,-347500.668718038476072],[992218.638079223455861,-346714.343533331237268],[992932.982382810907438,-346410.322826747258659],[993112.058324077399448,-346014.493264431599528],[992576.543069377541542,-345299.228813407302368],[991899.521874405560084,-345123.022487863549031],[991454.225330750690773,-344841.50535380380461],[989071.600920823635533,-344869.085202893591486],[988484.150917026912794,-345375.27216059184866],[987533.095305388560519,-345611.472695271251723],[987400.374765080399811,-346226.567001611983869],[987143.320901220315136,-346702.480132175958715],[987227.485644514206797,-348782.119594768213574],[987594.643461423460394,-348855.020257744938135],[987723.009944668738171,-349671.377452062501106],[988485.302205377607606,-349688.06566698953975],[988997.878740100655705,-350257.616782744822558],[989197.760053897509351,-350886.571316807065159],[990227.823658878332935,-351738.070211836311501],[990955.3816994773224,-351882.333646253042389],[990715.744025133550167,-352164.932389959983993],[990271.065581882954575,-352323.812572493567131],[989894.074601213913411,-352688.485069038055371],[989449.370434062206186,-352847.338524675287772],[988572.470357527490705,-353821.610615264275111],[988391.517991880769841,-353189.804836005729157],[988846.435766749898903,-352448.835980931587983],[988671.92050007591024,-351670.295462812413462],[988328.753067524754442,-351260.954581129772123],[988176.27656985190697,-350781.056061332987156],[987833.143760964740068,-350371.705971094430424],[987723.009944668738171,-349671.377452062501106],[987355.829669380327687,-349598.479589891794603],[987227.485644514206797,-348782.119594768213574],[986865.287309833802283,-348710.200378826935776],[986655.819874406326562,-347652.899835770775098],[985722.754370225826278,-346680.652305215306114],[985115.988544710446149,-346560.074192503001541],[984554.482875732006505,-346157.485096155724023],[984424.572794874897227,-345748.16712255688617],[984652.458856688346714,-345798.630702352849767],[985085.739236612222157,-346095.260480616649147],[985541.531177656026557,-346196.161785554955713],[986128.558448163792491,-346597.965449469629675],[986971.91660303180106,-346399.404769920744002],[987034.67423751950264,-345314.893999044899829],[987305.63466562749818,-344851.974391338939313],[987316.144589468021877,-344146.974116990575567],[986968.977965795667842,-344078.03141177148791],[986854.689379062503576,-343718.100247474736534],[986507.536664700834081,-343649.145964648632798],[986393.262686047819443,-343289.21234332252061],[985897.643167064408772,-343190.713912059727591],[986235.490206180722453,-342792.284987508377526],[986393.262686047819443,-343289.21234332252061],[986740.405632088426501,-343358.169289476238191],[986854.689379062503576,-343718.100247474736534],[987201.846234437776729,-343787.045616044022609],[987316.144589468021877,-344146.974116990575567],[990968.09003257972654,-343940.53115693986183],[991394.325408296310343,-344245.843562702590134],[991857.263776083593257,-344337.637880032300018],[992283.532528682379052,-344642.923292365856469],[992909.886749277706258,-344767.07356466393685],[993362.080914797494188,-345306.253276935254689],[993514.710873484844342,-345786.071221201040316],[993857.929164717206731,-346195.260286859585904],[994498.812840463011526,-353234.633533961779904],[994874.012388626229949,-353308.903008209832478],[994857.596547946101055,-353579.472431405971292],[994464.095793467480689,-354074.797043582773767],[994707.071285112760961,-356368.118015963351354],[995128.661280227941461,-356761.955507962498814],[994375.876117930980399,-357705.631133974820841],[994445.328013173188083,-359627.990659379924182],[994051.606577498838305,-360123.32803177786991],[994192.170974625856616,-361035.543644582910929],[995038.440728715388104,-361822.91276290937094],[995150.769795483443886,-362353.328243836644106],[996075.597585622454062,-363213.569175736163743],[996071.081842641346157,-364136.866724515857641],[995677.262331354082562,-364632.271148228377569],[995783.79452356568072,-365084.084533727844246],[996246.427427717950195,-365515.962888536218088],[996276.038076600641944,-366899.40828408516245],[995882.131287592696026,-367394.830452845490072],[995988.679243700462393,-367846.653798176499549],[996451.401091397856362,-368278.536855458165519],[996446.838732286822051,-369201.577389262383804],[996119.680466855992563,-369613.012716774828732],[996257.498340196325444,-372456.474553818057757],[995898.137657710001804,-372908.276018130301964],[996861.341189218568616,-373803.587351726775523],[996925.099130382644944,-375647.901077555667143],[996597.771775796893053,-376059.371209546341561],[996564.824965683277696,-376600.626231960661244],[996237.460305949440226,-377012.090907563804649],[996204.49156490387395,-377553.349751100176945],[995877.089626035536639,-377964.808968213910703],[995844.098989761550911,-378506.071568695188034],[995516.659803922404535,-378917.525409237481654],[995483.647252265363932,-379458.791772255208343],[995156.170764089794829,-379870.24019637866877],[995157.226781814359128,-380872.00092024623882],[994829.700941258342937,-381283.446451433235779],[994796.642242353060283,-381824.722891143814195],[994469.079148833174258,-382236.162968149408698],[994435.998540007392876,-382777.443256627011579],[991672.316459265071899,-386225.509385311568622],[991778.815494521171786,-386677.895292352943216],[992664.046618934720755,-387500.665448697342072],[992304.105379644199274,-387952.429887885286007],[992338.84431871061679,-389414.800173488329165],[992010.996178131666966,-389826.207704388885759],[992232.118196854600683,-393320.686495223082602],[992266.081734655308537,-393781.24061546678422],[992351.340455820667557,-395433.585208644624799],[992023.322177198366262,-395845.01567322894698],[991990.036134446156211,-396386.359525696490891],[991661.980609427206218,-396797.784659813565668],[991662.606800511362962,-397799.706108592275996],[991334.501931526348926,-398211.128535699448548],[991301.169765279977582,-398752.482918028254062],[990973.027602726477198,-399163.900090223236475],[990973.579081837204285,-400165.844349810678978],[990645.387602591654286,-400577.25883812608663],[990764.26993162475992,-402690.320370341418311],[990115.82959884905722,-402805.252578517131042],[988541.929714455269277,-404638.797882744402159],[987949.748053343966603,-404864.019005203037523],[986274.52204603177961,-407089.73443403939018],[986551.202255228417926,-407697.830775588750839],[987456.059660900500603,-407497.055298767634667],[987962.449349995353259,-407030.094539710902609],[988136.037485310225748,-407843.812534925527871],[987481.210723176132888,-408092.786256183870137],[986690.227607740787789,-408950.446300163574051],[986066.477316929609515,-408525.062508831499144],[985102.577647698810324,-408780.860295184713323],[985270.034393694950268,-409355.182093603594694],[985745.14130006195046,-409945.06284407019848],[985663.728797753457911,-410851.539662883267738],[984553.289589744759724,-411104.781075150647666],[983355.684547572978772,-412716.919200046919286],[983265.924135491251945,-413206.485138341260608],[982596.948848527274095,-414161.619112309766933],[982507.144881016341969,-414651.186774442612659],[982234.301764878560789,-415114.29776536609279],[982144.473968042759225,-415603.867575421987567],[981804.601043234346434,-416180.664842924335971],[982759.540944729698822,-416391.477216094208416],[982638.606591567397118,-417197.733329180453438],[981911.139407305396162,-416701.497339626250323],[981440.368644522852264,-416970.100628201442305],[980602.361008945270441,-418165.887538165145088],[980901.259411950362846,-420450.365969555568881],[981667.418714521219954,-421021.966072925715707],[981951.614815465873107,-420866.789226867025718],[983258.683202848187648,-419382.087608687696047],[983800.605997093953192,-419568.959909016615711],[982556.544569850550033,-421258.39013828500174],[982772.991446822532453,-422188.935535228054505],[985178.02308723225724,-422161.89742872887291],[985306.997146135545336,-422541.872771057474893],[986463.644199206843041,-422533.444050482066814],[986699.841996206901968,-422938.962230662524235],[986240.776279529905878,-423756.444772609800566],[987414.253399256616831,-423848.71075294946786],[987573.842567285406403,-423065.066911738773342],[987838.323128485353664,-422593.980789604538586],[987951.102182909264229,-422312.632683536736295],[987473.456964909797534,-421694.368518150120508],[987272.479922891245224,-420771.299810523574706],[986871.279503260855563,-420251.91435742500471],[986047.505722881760448,-420051.174280482402537],[986048.007055494119413,-419785.072556363185868],[990178.601093013538048,-419329.777613636746537],[990212.124959668028168,-417776.738542750361376],[990476.390258375788108,-417305.624446233385243],[990574.325583077617921,-416823.814528297574725],[990838.555842295638286,-416352.697658309713006],[990936.46707365103066,-415870.889620072033722],[991200.662292510271072,-415399.769962747057434],[991264.66482591687236,-414457.309982377802953],[991528.814994079992175,-413986.190309481113218],[991592.774837206117809,-413043.742071005748585],[991856.879953793133609,-412572.622363900067285],[991886.884260053979233,-411169.548882211558521],[992150.934313601464964,-410698.431885825702921],[992248.731540613691323,-410216.641190983180422],[992512.746551479096524,-409745.521359363861848],[992576.578232339117676,-408803.108100645185914],[992897.273528437362984,-408230.757659410766792],[993667.58035379590001,-407917.818701226322446],[993646.679929390200414,-406645.891389608499594],[994329.066754682920873,-406634.801261091139168],[994795.668464482529089,-407063.467156001715921],[997364.270301222917624,-406794.958761423476972],[997695.163378235301934,-406385.867016242060345],[999477.889968927600421,-406175.140074236725923],[999808.705597498570569,-405765.998169621627312],[1000732.288733096909709,-405618.854239011940081],[1001063.053057125303894,-405209.683337757829577],[1001557.082207525381818,-405094.404361364431679],[1003073.35704106988851,-403207.557992436049972],[1003320.329169202130288,-403149.88464170350926],[1003380.717960781068541,-402776.817740933096502],[1003715.441217843675986,-402657.306331158615649],[1003775.815208381973207,-402284.239389130321797],[1004110.522991541191004,-402164.718543926777784],[1004119.111471673473716,-401330.501909198414069],[1004380.641003671917133,-401254.384108362020925],[1004575.035288798972033,-401995.063599922985304],[1004110.522991541191004,-402164.718543926777784],[1004050.159061127225868,-402537.786689374712296],[1003715.441217843675986,-402657.306331158615649],[1003655.062482654931955,-403030.374385711736977],[1003320.329169202130288,-403149.88464170350926],[1003344.494731736602262,-404315.867544546723366],[1000991.905576482531615,-407377.901452838035766],[1002009.71058922004886,-407482.948848474305123],[1004602.35290849476587,-404388.300110785407014],[1004744.054311832762323,-403607.714963295322377],[1005400.911692401627079,-403356.967227591725532],[1005511.977845966466703,-402744.877265900198836],[1005783.757072194246575,-402281.343295375001617],[1005894.790703590027988,-401669.256495454639662],[1006442.071205794927664,-401460.259004292311147],[1006969.645589021383785,-400929.03211359429406],[1006953.190290746162646,-398818.487890874966979],[1007523.406386267160997,-398600.6019533983781],[1009488.795148883596994,-396272.198349659563974],[1010035.80250806058757,-396063.063291232741904],[1010146.557408643537201,-395450.976665909052826],[1010812.59701213799417,-394494.628016668721102],[1010901.163218823028728,-394004.960010776936542],[1011172.550468097440898,-393541.35375789826503],[1011261.092885984689929,-393051.687749809760135],[1012715.770352888037451,-391109.72839500074042],[1012804.22975504421629,-390620.063118202378973],[1013075.471128654084168,-390156.432490543578751],[1013129.222132415394299,-389206.279848201083951],[1013400.417838407913223,-388742.648629418516066],[1013384.729504194227047,-386871.548785372404382],[1013655.859056771500036,-386407.92229795770254],[1013535.956265580607578,-383155.474029271048494],[1013806.988813945092261,-382691.860138684336562],[1013686.956454280763865,-379439.528188577038236],[1013957.891930651734583,-378975.92683609580854],[1013976.686962163890712,-377565.434989040193614],[1014247.566556579084136,-377101.835536796133965],[1014266.301308569964021,-375691.367801927321125],[1014537.142431672895327,-375227.768829741224181],[1014221.731781726703048,-369393.615034232847393],[1013746.505868230597116,-368804.970232754712924],[1013388.188202488236129,-364886.458351119654253],[1013353.440089941141196,-364426.077079435053747],[1013369.532208200078458,-364155.45595012238482],[1013696.043474963749759,-363743.615472544566728],[1013693.443568333867006,-362742.00278765487019],[1014413.259537915466353,-361837.443201464950107],[1014445.379355491721071,-361296.211168367008213],[1015165.057764320983551,-360391.621924521401525],[1015197.136025964282453,-359850.394825065508485],[1015523.472947760019451,-359438.524466756323818],[1015451.022644478362054,-357516.252510719408747],[1015777.286043838597834,-357104.383966938592494],[1015780.413857146631926,-356181.426423027936835],[1015317.386057819006965,-355750.254553798469715],[1015204.274228003690951,-355220.032892024435569],[1014357.098470131633803,-354433.974673502147198],[1014244.028455381514505,-353903.751533273200039],[1012242.439234123914503,-352049.269489113707095],[1011735.600592911825515,-352008.503047738224268],[1007882.794648335431702,-348444.001184422813822],[1007769.321231012349017,-347910.565100002277177],[1005998.609489560243674,-346267.649817933095619],[1005885.894132294226438,-345737.397625393641647],[1005039.816585799795575,-344950.82673115626676],[1004927.143001373042352,-344420.57290816801833],[1004543.238323915400542,-344062.23686270712642],[1004430.586915907915682,-343531.983140662952792],[1004046.718266985728405,-343173.635914214130025],[1003934.089078390505165,-342643.382329524785746],[1003550.256483914563432,-342285.023920326377265],[1003196.425549322855659,-338532.638373125926591],[1001660.211850822670385,-337105.141972217010334],[1001153.952390649588779,-337063.988974114006851],[1000768.033952696132474,-336708.454011424328201],[999837.581656160065904,-336699.420553231844679],[997837.927263678982854,-334846.070813431346323],[997724.890650524874218,-334312.578447956009768],[997341.440338644548319,-333954.070939087832812],[997229.103332610335201,-333423.805075569252949],[996845.689023491577245,-333065.286377559765242],[996699.121465160278603,-332074.731235602812376],[996315.755503436899744,-331716.20180934848031],[996169.2277723782463,-330725.65234480710933],[995785.910130682284944,-330367.112176820926834],[995673.644944832893088,-329836.849746331223287],[995290.36329794046469,-329478.298286140605342],[995143.912572269095108,-328487.756646652414929],[994760.679290850064717,-328129.194438062026165],[994614.268401731271297,-327138.658354293147568],[994231.083416391978972,-326780.085365124687087],[994118.890035624965094,-326249.82620382134337],[993274.607359052519314,-325462.657460526272189],[993128.30782076891046,-324472.127678545948584],[992745.230900982394814,-324113.520861158671323],[992530.705914024147205,-322202.471788699156605],[992147.701861183973961,-321843.85504243185278],[991933.25276226666756,-319932.83205049764365],[991550.321599402464926,-319574.205349323223345],[991438.25486635917332,-319043.955734487215523],[991055.359748724964447,-318685.3177309964085],[990999.336724852444604,-318420.192645494709723],[990504.556063423631713,-318321.8917015689658],[990841.553133067907766,-317923.421829297731165],[990999.336724852444604,-318420.192645494709723],[993016.529718403588049,-318204.728063056769315],[993150.859264314756729,-317714.955378680315334],[992680.074812006321736,-317152.780630235502031],[992527.654964564135298,-316673.069090903038159],[992091.117921224562451,-316151.726843444514088],[992757.273884157068096,-315912.98887554713292],[993225.30712316208519,-315458.784788488701452],[993372.510695890407078,-314921.851382118184119],[992901.79732434975449,-314359.697465323028155],[992749.386912007001229,-313879.999150664370973],[991946.165077799232677,-313042.312858311226591],[991793.797629387350753,-312562.608970599656459],[988976.912645585718565,-309850.0805473512155],[988219.33284859592095,-309833.486666694807354],[988083.862562031019479,-309472.644440015545115],[986986.85383352835197,-309366.394523152092006],[986736.956825674977154,-308250.075712054385804],[986354.953862283495255,-308046.032748567813542],[985697.577065817662515,-308613.840790791495237],[985494.014454793767072,-309560.59405296028126],[984961.113194082747214,-309222.612220755370799],[982386.133527697413228,-309263.682616440346465],[982085.457448947359808,-308987.533047016244382],[984916.339840386994183,-308614.815214689355344],[985435.371756870648824,-308166.563237537397072],[985469.912237174808979,-306504.56839770701481],[984741.414786457433365,-306314.089310924697202],[983837.224740647245198,-305603.599510356783867],[983556.368108743801713,-305475.904556958994363],[982565.641777723911218,-306522.726841775176581],[982298.091572381788865,-306046.578452182526235],[983070.680502132861875,-304894.685777938109823],[983220.534803907736205,-304197.960064518381841],[983801.431894984445535,-304566.600533655961044],[984007.587233201717027,-304110.027932764147408],[983532.083028763649054,-303472.617876184463967],[983259.527124144253321,-301635.988059279625304],[982936.554696951177903,-301202.924292473879177],[982781.392935671377927,-300961.337139508745167],[983158.37190755980555,-300261.212992592656519],[983276.498782802373171,-299999.522096967499238],[982801.148443353129551,-299362.106992338784039],[982562.543764590052888,-297985.716377016622573],[982239.66574749047868,-297552.648298697138671],[982068.787728725932539,-297096.654170637950301],[981745.943709741346538,-296663.577278510550968],[981575.089821028755978,-296207.580007096286863],[981252.279777312767692,-295774.494344979117159],[981081.450112018035725,-295318.493942803004757],[980758.67400977620855,-294885.399405489093624],[980587.868503031437285,-294429.395896648697089],[980265.126417246763594,-293996.292520773713477],[980094.345058435457759,-293540.285841122502461],[979771.636926074977964,-293107.173673442797735],[979600.879786759498529,-292651.163815329491626],[979220.11317647609394,-292140.072263658570591],[978341.018802229897119,-291909.585418660426512],[978648.278978451853618,-291338.908697801933158],[978712.68010623625014,-290344.572518139786553],[977769.640390809392557,-290097.212184283474926],[978479.644042930565774,-289038.009121320734266],[978582.014369430136867,-288561.984777695324738],[978837.968093328876421,-288086.447080086625647],[978922.290462077711709,-287364.646994307870045],[978447.518166639958508,-286727.140478875022382],[978269.128574718954042,-286165.68050119507825],[979490.861990895238705,-285861.854498938191682],[979622.960869465954602,-285247.127254627470393],[979878.800024746917188,-284771.580111040500924],[979947.279180796351284,-283835.402421683596913],[980203.073613409535028,-283359.853536426904611],[980237.706119948648848,-281963.53351900546113],[980493.445892769144848,-281487.985056777717546],[980561.833881725906394,-280551.825346202414948],[980817.528883236809634,-280076.275100792001467],[980885.873475359403528,-279140.122739190410357],[981141.523730277665891,-278664.570689663640223],[981209.824989072280005,-277728.425630447920412],[981465.430424459162168,-277252.871763023198582],[981482.632534159114584,-276554.737600599240977],[981421.007476089405827,-274925.991817310627084],[982481.620258962037042,-273488.286939885176253],[982561.458648705389351,-272991.554844923957717],[983230.453698849189095,-272045.251264132268261],[983334.296902624308132,-271398.791542887687683],[984512.144740661839023,-271242.636674871784635],[984370.179846074897796,-270404.017492475220934],[982318.132041549892165,-270479.249842023651581],[981642.623462896677665,-270489.776698574831244],[980799.853448137408122,-269705.05760510021355],[979874.115093753556721,-269694.678200106602162],[979490.470718293450773,-269338.730486250133254],[979240.206377714406699,-269317.88917845080141],[979150.690005725133233,-268592.703612995217554],[978769.386650377651677,-268233.859160311229061],[978679.894830617238767,-267508.675898372603115],[979774.628708828124218,-267389.023852699261624],[980493.297950786887668,-266489.449212304549292],[980982.244526240043342,-266375.016675228544045],[981503.622798215132207,-265723.438147345907055],[981520.171513924142346,-265449.457659669918939],[981486.286216122680344,-264989.364300112996716],[981430.527569921105169,-264724.305424862192012],[980131.5267966237152,-263507.902691388386302],[979918.550987296854146,-261597.515413885528687],[979537.397304939106107,-261238.710618264303776],[979330.27322685206309,-259406.913756522262702],[979721.05786305188667,-258912.35426568085677],[979737.393668002332561,-258641.999565382429864],[979382.993152775568888,-258560.193915190204279],[979164.399206855450757,-257519.19700447449577],[978832.97139568766579,-257098.049691173568135],[978631.742536882753484,-256513.313738834345713],[978068.676188846700825,-256383.269496753782732],[977635.808400414767675,-256089.630142129724845],[976635.609215328469872,-256006.29117352567846],[976413.163325300090946,-254945.861286231491249],[975623.462678748299368,-254095.703582693095086],[975422.403281921520829,-253510.931481472478481],[974746.913729539490305,-253354.7249601186777],[974626.306924003059976,-253003.8516643033945],[973971.777404756867327,-252988.773041738400934],[973548.558055553701706,-252683.137758448225213],[972664.190137904370204,-252621.827186549722683],[972241.01387680193875,-252316.151280556921847],[969658.138401536038145,-252378.568254971905844],[969235.044203861616552,-252072.797782058652956],[968775.382126959157176,-251980.309939242695691],[968217.94146033457946,-251577.370320888381684],[967975.708517696126364,-250808.354848099406809],[967401.19930658407975,-250692.689545803325018],[966978.209293601219542,-250386.851288711244706],[966748.41587726213038,-250340.571110308286734],[966630.265435483888723,-249965.28874684634502],[965636.104206411517225,-249895.82719959662063],[965078.844719243468717,-249492.76248207304161],[964950.055476879468188,-249083.539962685201317],[965021.847360327607021,-248701.103656648396282],[966102.977801375673153,-248449.255453322111862],[966177.717435914906673,-247226.073888150829589],[966939.000411865534261,-247089.184951314964565],[966922.036534498562105,-246355.545527930895332],[967443.447218617075123,-245704.238678003981477],[967687.569620167720132,-245647.269454905122984],[967654.114055918413214,-245187.202213508484419],[967660.689668043982238,-244478.861786816327367],[968026.205326776602305,-243880.062027990701608],[968733.33164172351826,-243626.724132063071011],[968833.339280111365952,-243006.033952626952669],[969110.664900561678223,-242551.567497882992029],[969202.421000586939044,-242216.641664774884703],[968734.880994106875733,-241653.945503988768905],[968550.307903853827156,-240714.172191005956847],[968210.126449720584787,-240304.675167953799246],[968067.633372371434234,-239144.713874947425211],[967978.695861075073481,-238419.596527018147754],[967598.454513133154251,-238060.508142818405759],[967509.541502475854941,-237335.392556947394041],[967265.574474142631516,-237392.356544479116565],[966906.632908079773188,-237840.101708651840454],[966449.260138973826542,-237414.104886485612951],[966090.292312821722589,-237861.82787085705786],[964573.776634816778824,-238011.119578000652837],[964518.393043865915388,-237746.037625404598657],[963911.704752713791095,-237173.922319323348347],[963409.114891503588296,-237131.381227103847777],[963026.746730260550976,-236775.041507081215968],[962527.511049271561205,-236732.752715642825933],[961918.361541938502342,-236163.805582589760888],[961862.29180981090758,-235895.17527583084302],[961632.763065024628304,-235848.812430774996756],[961210.337107780505903,-235542.821834559785202],[958630.797123619588092,-235603.112635449884692],[958193.774657826405019,-235286.381136277515907],[957417.493441521190107,-236152.976934325037291],[956552.375701167853549,-236341.159573406825075],[955787.134784176712856,-237195.154087825038005],[953798.465342765673995,-237463.853251647989964],[953218.197735853027552,-237043.015313325769966],[952644.432965536951087,-236926.727326459775213],[952418.747443372500129,-236206.89830404552049],[952074.513644145103171,-236137.108250153512927],[951001.515813780366443,-236145.339573432080215],[950439.58795400254894,-235761.95796368306037],[950355.930824334383942,-237108.775494549772702],[948042.961024803342298,-237418.541564345359802],[947746.259471584693529,-236549.100543240609113],[947184.395248817629181,-236417.774183574510971],[946645.182720741606317,-236049.650532939471304],[946415.531268491758965,-235376.488040657219244],[945628.83207355835475,-234524.673072959529236],[945469.185738257481717,-234056.565234505105764],[945139.349125015549362,-233634.650939965358702],[945026.832101673819125,-232940.509863009356195],[945241.807630789582618,-232856.681898980314145],[945672.440959305386059,-232462.502735943038715],[945868.561824952834286,-231903.765716664143838],[945399.781852724845521,-231304.086517438059673],[945159.943758180947043,-229824.629828150267713],[944718.106749125290662,-229657.071266362967435],[943806.417594690807164,-230646.641445710411062],[943124.630838441196829,-230832.120417341619032],[942372.064209657604806,-230317.809015703387558],[942087.218619891325943,-228941.504356540186564],[941197.572318251477554,-229906.835844151675701],[939229.108516588923521,-230183.163437521725427],[938471.820889973081648,-229614.19400329925702],[938196.977544989087619,-227635.887707729474641],[936847.144380065845326,-226242.093577974534128],[936451.515581078012474,-226149.214268539508339],[936385.849835159955546,-226551.531555871886667],[935376.996417920803651,-227674.960859383078059],[934624.135324807837605,-227602.02759329834953],[934202.61969613970723,-227295.199259819462895],[932472.600176118896343,-227290.804716242331779],[932051.147351200110279,-226983.908957750245463],[930745.015528865391389,-226949.556090733240126],[930323.615660152980126,-226642.606422974757152],[929331.544988054432906,-226570.455429009656655],[929061.269592673634179,-225702.671143187762937],[928195.767114625661634,-226665.510635738086421],[927551.478022049181163,-226773.447576295118779],[927439.368635670631193,-226413.345829975703964],[926866.347638404113241,-226295.957109664013842],[926269.585737885092385,-225826.875064742140239],[926087.577371769933961,-224101.488819402060471],[925451.657328723696992,-224217.119379651092459],[924977.917069872142747,-224637.367430250364123],[924070.535552448825911,-224621.438549407728715],[923791.137331538833678,-222637.460859346814686],[923466.96929392288439,-222209.145200857979944],[923239.522900747833773,-220826.497375804494368],[922761.317771141882986,-220251.930663420818746],[920493.634449685225263,-220258.01895404671086],[919603.031909016310237,-219537.712394520349335],[918735.515550521668047,-219455.123056662385352],[917845.063134408206679,-218734.702521664847154],[916977.616802376345731,-218651.999060276139062],[916542.608790282276459,-218362.351121904910542],[913853.054112103069201,-218397.948772127303528],[913584.823671862715855,-216759.96270930301398],[913007.330933571443893,-216614.078280449466547],[912117.38105494750198,-215893.287109262368176],[911250.177237307303585,-215810.211994372366462],[910815.389892334351316,-215520.381923720036866],[908862.123112186323851,-215511.613982819253579],[908296.364577142521739,-216012.606887530360837],[908084.22411711816676,-216098.426441520918161],[907835.146083936444484,-216076.258765558130108],[907417.665288756368682,-215683.339317568344995],[907025.40928984247148,-216169.180511716083856],[906607.951433158828877,-215776.235532056976808],[906358.88359547953587,-215754.040245355223306],[905290.111258408753201,-215755.647308897954645],[904849.93673634447623,-215461.936905467708129],[904453.680697178700939,-215812.651210854615783],[903790.174737186869606,-216000.447140927863074],[903068.194107759394683,-215518.615437185857445],[902780.142737156245857,-214699.584110871277517],[901703.998287408263423,-214595.684053129691165],[901494.340534945367835,-213999.316542779968586],[901171.094425673712976,-213570.481675826653372],[901008.4638310323935,-213107.793543029518332],[900685.251831990201026,-212678.949004604743095],[900505.013633555849083,-211956.365720070811221],[900941.430334285716526,-211176.611040491727181],[900288.563452774193138,-211010.94718977320008],[899399.688159229815938,-210289.330118277750444],[897980.69803041650448,-210228.532625756459311],[897845.832636150880717,-209398.758957709971583],[897800.721245067659765,-207631.694213283830322],[902162.621527036186308,-207182.912252432375681],[902746.324231007718481,-206680.967775472672656],[903410.92364051216282,-206783.946774602634832],[903850.027294949511997,-207068.075414727180032],[904069.335863931220956,-207127.241701435094001],[904047.617016897187568,-205958.996461523580365],[904396.700105351745151,-205391.140422687545652],[904224.100691905943677,-204770.83578388375463],[903741.014346934622154,-205237.690045717259636],[903300.583747442346066,-205393.552913901250577],[902926.057205345132388,-205755.422561848099576],[901639.287500926526263,-205968.799694194109179],[901251.390483786584809,-206343.48961894819513],[899741.677992810844444,-205002.898867475567386],[899523.751684497110546,-203643.997251646593213],[900100.334248762461357,-202776.196056207088986],[900610.679313874570653,-203150.314690653118305],[901116.308003962738439,-202661.83012549194973],[901227.285423537134193,-201990.753509897564072],[901505.760499826516025,-201537.809748036874225],[901598.74874181416817,-201203.435807948204456],[901135.404516222653911,-200638.519222622941015],[900945.205173435504548,-200022.593242879229365],[899955.394490750972182,-199948.270333619089797],[899535.532677641720511,-199640.395942725648638],[898883.944086404750124,-199621.647429557342548],[898767.559958210680634,-198436.145890073792543],[898390.297996821929701,-198075.176339254248887],[898256.451706977793947,-197163.066930356289959],[898647.922833292628638,-196671.070848309784196],[898683.343684648396447,-196130.774175059486879],[899008.38287013664376,-195722.204558114608517],[899049.090025608194992,-195260.183361292612972],[898103.922173526952974,-194359.110821042908356],[898460.809608324780129,-193910.482246728061],[898439.166673998115584,-192528.579642861208413],[897985.044821089017205,-192093.896165676182136],[897931.061550314421766,-191828.61159937325283],[898582.267578061204404,-191847.404613871185575],[899001.884513324592263,-192155.29674055884243],[899956.824060062761419,-192216.347452837711899],[900108.672840083250776,-191297.283892403997015],[901078.694831430679187,-191089.840729122050107],[901844.165727559593506,-190239.208886213542428],[903658.063669292139821,-189981.975195752485888],[903723.358053820207715,-189586.043043521407526],[903597.851264808676206,-187745.752689809596632],[903518.961428004433401,-187511.489002990856534],[902737.525532276020385,-186657.417878914333414],[902517.097205479280092,-185268.744646771345288],[901282.065744835534133,-183983.308664115931606],[901030.497163191204891,-182134.563240505493013],[900242.816755680018105,-181272.998433577507967],[900520.491830350714736,-180791.213427637732821],[900186.948623115778901,-180360.239582932175836],[899935.534650394227356,-178511.50352784912684],[899470.466308967326768,-177910.424279549537459],[899575.891021100338548,-177611.575905564037384],[899842.878825954627246,-177148.324632890115026],[899747.948019202798605,-173902.439858240570175],[900014.838853824301623,-173439.192071756056976],[900044.927292924141511,-172033.541128068405669],[900311.762270839302801,-171570.290789983875584],[900382.293980252696201,-170483.060565445950488],[901139.523076695972122,-170349.97019185606041],[901561.544311533565633,-170321.222379950020695],[901413.488754388876259,-168675.860820724454243],[900812.430397457093932,-168101.096842693485087],[900560.92319302551914,-168078.501888645143481],[900231.520236499491148,-168195.287783447100082],[900129.428748532896861,-168815.226122976280749],[898925.410314378561452,-170427.982378954329761],[897543.675026842742227,-170657.29211968681193],[897170.099998083664104,-171018.945599829865387],[896201.532568715047091,-171226.071423618850531],[896072.146360127837397,-172009.84704380563926],[894172.099147165892646,-172278.578646830021171],[894037.447991738794371,-172763.188839585200185],[894499.666081498609856,-173328.277193208661629],[894698.874314268818125,-174567.148272657796042],[894316.824049755465239,-175189.291963258670876],[894234.842670064768754,-175685.205350173258921],[893956.785250650369562,-176137.944440002611373],[893935.269078817684203,-177671.306842268852051],[893245.897431117366068,-177915.182772881526034],[893174.609342106967233,-178829.585748698620591],[893636.965053719701245,-179394.719338638707995],[893821.880836652475409,-179995.233331216644729],[894392.60587613156531,-180113.989155728253536],[894923.358422166900709,-180503.972486097656656],[895136.332716199569404,-181038.902274747553747],[893186.567291191895492,-183584.674269410897978],[893104.451813119929284,-184080.598201861808775],[892434.66741250094492,-185021.887803729972802],[892352.50850079592783,-185517.810088636208093],[891682.588399741798639,-186459.067190454283264],[891734.384944462333806,-188087.31667643765104],[891404.403918224386871,-188203.909366570616839],[891301.630076519795693,-188823.81176365405554],[891023.145243164268322,-189276.51383681158768],[891002.756814277381636,-190692.644426464685239],[890724.21500646462664,-191145.343831516976934],[890616.347260081092827,-191795.413511049438966],[886486.873263630084693,-192136.825287951098289],[886632.956978582427837,-193782.514606965036364],[887046.665676587144844,-194179.178620586084435],[886623.022311985609122,-194710.793437188869575],[886725.287715065060183,-195162.881648420938291],[887102.140820634784177,-195524.176195551932324],[887240.475665904232301,-196514.966004049842013],[887617.377010300639085,-196876.248424347577384],[887724.944618906127289,-197406.912473546311958],[888101.881917488412,-197768.182802685449133],[888186.496232828940265,-198493.641346537071513],[887943.02546375838574,-198549.140249640040565],[887614.927883139112964,-198954.912008574261563],[887127.963958300184458,-199065.884581218328094],[886605.306404434493743,-199713.500983489531791],[886569.128515392309055,-200257.380571692396188],[885851.346249387715943,-201154.049406150821596],[885871.58414240332786,-202536.022937370318687],[886325.594557154341601,-202971.142527443735162],[886433.127799526788294,-203501.832631769095315],[886810.178118116222322,-203863.150859964865958],[886917.733457251335494,-204393.839401456702035],[887294.819793133763596,-204755.145614651293727],[887525.511299101519398,-207126.41950459376676],[889718.899059564108029,-209214.917182175820926],[889857.439180508838035,-210205.747231005516369],[890234.753804106963798,-210566.981436475994997],[890412.073943305411376,-212672.934337790851714],[890081.448657397530042,-212789.505168409988983],[890019.553682830999605,-213161.483392556139734],[889596.166099233319983,-213189.863058378250571],[889172.777617223910056,-213218.229222707188455],[888528.885741568752564,-213188.631385547720129],[888092.321968702948652,-212901.046089842304355],[887227.961614501196891,-212813.424138978676638],[886791.439812375348993,-212525.796860039816238],[886350.481047961162403,-212409.827907366794534],[885459.940137746045366,-211690.256914505123859],[885209.675339468405582,-211561.530820263316855],[884634.27744691609405,-212062.102408372564241],[883789.286810592515394,-212263.808655419095885],[883394.841449992614798,-212606.855480786034605],[881223.233643173007295,-212896.613568194617983],[880954.440653249504976,-212144.117517931066686],[880571.076370192691684,-211626.42874253494665],[879702.215924223535694,-211397.482102455978747],[880134.966211047372781,-210614.507110314123565],[879763.872322958311997,-209980.742611768248025],[879130.464766092482023,-209654.59417508795741],[878554.948098286404274,-210154.896802559000207],[878133.31272132624872,-210328.213759291305905],[877738.796938380575739,-210671.088730269169901],[877317.135585930082016,-210844.38009541737847],[876922.583578861900605,-211187.231591353571275],[876288.41382948809769,-211301.821334322885377],[876301.384382953052409,-210476.377079174533719],[877092.815536437090486,-210198.175978001381736],[876663.910689550335519,-209673.473742967733415],[876486.010241387877613,-208732.645539347693557],[876042.571416735299863,-208190.104210798424901],[875309.508502024924383,-208036.745683391549392],[875198.940189921762794,-207676.24777247334714],[875263.879259072709829,-207288.376884256285848],[876235.35681814502459,-207082.74272570820176],[876610.595994768780656,-206721.628040370706003],[877161.520951386424713,-206527.904242224059999],[877265.185986429685727,-205908.063354664278449],[877544.537173682358116,-205455.61844906170154],[877591.601366530056112,-204417.718411436711904],[876873.409379580290988,-204267.521176759357331],[875889.705956221208908,-203432.628661687689601],[875678.511165455449373,-202940.038678214448737],[876151.097701716120355,-202174.654497658339096],[876968.441919191274792,-201887.164670446800301],[876539.766658894717693,-201362.481034497759538],[876392.318047245149501,-200881.848044111131458],[875949.102579264552332,-200339.325572286790702],[875216.459539653849788,-200185.969620495976415],[875032.237380633712746,-199585.162483080523089],[874242.673346439376473,-198741.12685337945004],[874168.998484937590547,-198500.800931698846398],[874187.209114022669382,-198230.685296715848381],[874513.015684097423218,-197822.716124305705307],[874531.216706220409833,-197552.600846120738424],[874396.723225893336348,-196715.576545551040908],[871712.01004452095367,-196742.656890899059363],[871278.696837086812593,-196451.570153705397388],[870413.20511947281193,-196365.841790598933585],[869979.934117441065609,-196074.713236730603967],[869721.313147387001663,-195949.104920936428243],[869155.108061654726043,-196448.378567336127162],[868943.102598458644934,-196533.563450093206484],[868722.87460830132477,-196610.915552587859565],[868347.755655257147737,-196971.789976903062779],[867484.40052623488009,-197154.14540997473523],[867109.233309683273546,-197514.985530482197646],[866170.598915000795387,-197702.175343087612418],[865908.029916658764705,-196843.794497329625301],[865480.353424409520812,-196697.140188643912552],[864964.761426524957642,-197192.920086564874509],[863603.245804494712502,-197407.508451192494249],[863445.889964435016736,-196892.708427103440044],[863235.256246706238016,-194686.087712621520041],[862226.810566130327061,-194592.920064775506034],[861345.900169082568027,-193862.953148340893677],[861122.272824446903542,-193808.98098718537949],[861048.048182047554292,-194190.721521273429971],[859964.153923427220434,-194435.297825413406827],[859923.368942157598212,-196088.017548238276504],[859365.554237774456851,-196302.06926181729068],[858979.302892153267749,-196652.21464767595171],[857703.919764391961507,-196871.785437146027107],[857154.807112737791613,-197369.411271013057558],[855485.065609314246103,-197329.116986797511345],[855316.392227187752724,-196392.801840372179868],[855673.606159655260853,-195778.464354801981244],[854888.342257357551716,-194914.163641482155072],[854652.351684132474475,-193392.213927452161442],[854069.698252032394521,-192947.456198452098761],[853846.123054883209988,-192893.361728088581003],[850974.263175745494664,-193149.559071994066471],[850890.690070817945525,-194361.940667258488247],[850337.922848885180429,-194573.666782233107369],[849951.50749495474156,-194923.545623034646269],[843078.532349108136259,-195501.463411822158378],[842934.666100676869974,-196236.031846920377575],[842564.013124129269272,-196456.280910108907847],[841955.941164735122584,-196032.83329629531363],[841508.816882153972983,-195924.23068205625168],[840629.048306795419194,-195192.887962655717274],[840181.964945270563476,-195084.241115448414348],[839754.264761335216463,-194786.260233708482701],[838884.405543210566975,-194704.346482689783443],[838456.748046263004653,-194406.324375021067681],[837387.653145549236797,-194405.409015176264802],[837057.125199440401047,-194520.648596389568411],[836993.921881615882739,-194892.338092673773644],[835074.443075895658694,-194950.482558693911415],[834656.355293217697181,-194640.572512093262048],[832824.401046675513498,-194622.172635328490287],[832598.68287791707553,-193877.320030216040323],[831913.985485616954975,-193731.586429889430292],[831691.677426615147851,-192997.716651717812056],[830850.631228125537746,-192905.641706826922018],[830334.005619620205835,-193400.06065178650897],[829690.890098495059647,-193503.238564349914668],[829652.35700700932648,-192312.717145098868059],[829979.284275365411304,-191905.85997031009174],[830022.342491246643476,-191444.205495378439082],[829346.82857743895147,-190791.970284233335406],[828424.314937511575408,-190771.047010154114105],[827823.232587781385519,-190196.284791057260009],[827722.188807166763581,-189740.07477831732831],[828115.86465138848871,-189250.212056493590353],[828010.241199148003943,-186408.98241457043332],[828337.049526403076015,-186002.17590604457655],[828356.133468776475638,-185732.14360308990581],[828241.021715367445722,-183891.240671784325968],[828012.98556441499386,-183842.593810496706283],[827595.391619886970147,-183532.478231370187132],[826294.459489227156155,-183487.893451066251146],[825744.291520382510498,-183079.174933136819163],[825547.485531017882749,-182428.236182255786844],[825213.172499158303253,-182015.256215052097104],[825031.389916893909685,-181413.798727570741903],[824347.424054586212151,-181267.722393044008641],[824238.386826597270556,-180906.834181708312826],[824018.217167562688701,-180983.438210157677531],[823523.105135138030164,-181457.2583386466722],[823382.86439858248923,-182277.990862295118859],[820724.864482504082844,-182573.9645755062229],[820348.978806580300443,-182933.453280174697284],[820037.617316492367536,-183078.537595249537844],[819032.531345900497399,-182216.727768659795402],[818382.167443730169907,-182194.031321774789831],[818309.571307194884866,-181953.419104942557169],[817817.474490516120568,-181386.620137023768621],[816978.619089918909594,-181293.798213084519375],[816462.014846421428956,-181787.651183782552835],[815978.911004983121529,-181943.22560379593051],[815728.465992188430391,-181350.97451163790538],[816114.23994786280673,-180731.106862086366164],[816165.731041882769205,-179693.569359981280286],[815449.740149274468422,-179540.074249525961932],[813680.809375385404564,-177926.763628994987812],[813452.94108774792403,-177877.867946231970564],[813204.84296028863173,-177853.934127738903044],[812828.25655153254047,-177493.431345987162786],[812332.079254793468863,-177445.535782851511613],[811955.52816955326125,-177085.008899682230549],[810614.899422569898888,-177088.815468058950501],[810238.406654970953241,-176728.240518301841803],[809320.048711041454226,-176706.067508423613617],[808943.602759396657348,-176345.456405905308202],[807851.120166924083605,-176372.996755050349748],[804245.581328127416782,-176529.6379667360452],[803828.794609560165554,-176218.785836700204527],[803373.2097825743258,-176120.652645980211673],[802956.456761195440777,-175809.773724106926238],[802500.893793678376824,-175711.610745345184114],[801400.20851021562703,-174747.629727656953037],[801791.54597540339455,-174119.878585497295717],[801271.181216298369691,-173938.311997708457056],[800754.350333993439563,-174431.536248898337362],[800443.013531693839468,-174576.154779758275254],[799439.859463164815679,-173712.8956518114137],[798984.399546590982936,-173614.612811731552938],[798117.955550044309348,-172868.798035510990303],[796966.628419465967454,-172812.395597465569153],[796346.501677726977505,-173403.872870075982064],[796129.678577908314764,-172680.597651001997292],[795690.690119909471832,-172135.485624286578968],[794960.782397781847976,-171977.746312298520934],[794852.583786261384375,-171616.634542124520522],[794632.435262566665187,-171692.74703099540784],[794256.233515853877179,-172051.477549949253444],[793705.83093313977588,-172241.708651775756152],[793573.686345347901806,-173005.86672869278118],[792824.981334058451466,-173124.043105152348289],[792797.40862408245448,-172663.768610460072523],[792662.858724404592067,-171017.276214328972856],[792066.819552652887069,-170437.710876609169645],[791639.674276318983175,-170384.293815981625812],[791242.202611676300876,-170869.98690581304254],[790998.964800136862323,-170923.69914968800731],[790349.281353125697933,-170899.629518194909906],[789933.005613776505925,-170588.348638274212135],[789477.739426881074905,-170489.740498498664238],[788162.62596898782067,-169308.182845201081363],[787593.619715711567551,-169184.863661174109438],[787362.842177696991712,-168413.002198535337811],[786814.533457594458014,-168002.699512622260954],[786230.935194831108674,-167876.134865456726402],[786038.354528587078676,-166817.097400664089946],[785705.65984362445306,-166403.153157756867586],[785513.96913232235238,-165348.687679330847459],[784486.382422261405736,-164445.773651721625356],[783771.658683333196677,-164290.579461749090115],[783852.723453760496341,-163713.520783002226381],[784528.539853497524746,-162777.852982154698111],[784562.376529633416794,-161244.851377371989656],[784911.283502232981846,-161124.421629008982563],[784803.41591775463894,-160763.243630908400519],[784234.805056069046259,-160639.785095845203614],[783818.976189062232152,-160328.325254764058627],[783364.109454164863564,-160229.511759203625843],[782948.314227584283799,-159918.025147545879008],[782720.890887765446678,-159868.605476842378266],[780709.9526864226209,-159915.407410996878752],[780508.6738259436097,-159298.032538516010391],[780185.856995911686681,-158872.272946007695282],[779958.923062181565911,-158176.045868572080508],[779480.548713940079324,-158605.959174097137293],[779222.520632977131754,-158758.064132297964534],[778480.590137976338156,-158234.767685190832708],[778237.199964849627577,-156978.386003122053808],[776405.314839620725252,-156939.446039168251446],[775531.659526816802099,-156203.893032160383882],[774243.41207206051331,-156142.52609838618082],[773818.423842607298866,-155842.442224540456664],[772951.785444872686639,-155756.262619079439901],[772078.404513030080125,-155020.48517371318303],[771855.884468741598539,-154965.038507711346028],[771835.509574939031154,-155238.575469983858056],[771309.539946882519871,-155881.478290947998175],[770823.506682073348202,-155988.160667603369802],[770493.248825390823185,-156390.941440015099943],[767899.282609093352221,-156620.219529844005592],[767568.922546921414323,-157022.927845816884656],[767082.824523691087961,-157129.472920181258814],[766720.080232211737894,-157571.585308336303569],[766308.654710482456721,-157174.375257082196185],[764127.092681878129952,-157222.335860150051303],[763752.435982901719399,-156860.473837548401207],[760975.312711625010706,-156981.478484784514876],[760850.860965800355189,-155819.964248990319902],[759946.644531140686013,-154833.429301393858623],[759351.020309318555519,-154702.859863468358526],[758922.499799899407662,-154380.46459778866847],[758520.369754982530139,-154762.473218384984648],[757197.182987776119262,-153566.718389037443558],[755478.340063881361857,-153539.339445916033583],[754167.943768099998124,-152354.492608981468948],[753638.649197007296607,-152258.939853907766519],[753480.400213617715053,-153160.172175836516544],[753150.358026114525273,-153273.280889780027792],[752080.233812771737576,-153271.351388391689397],[751665.427406275761314,-152958.892141091957456],[750516.249435213627294,-152898.459775911382167],[749998.564535433426499,-153389.658181647071615],[749483.486744903260842,-153544.629670631402405],[749224.08677365758922,-152667.14689656093833],[748542.665060669300146,-152517.180011939752148],[748364.634847777546383,-151914.75955925846938],[748033.486744384281337,-151499.89571935593267],[747891.08795179775916,-151017.970630292780697],[747559.974560170667246,-150603.096194939134875],[747417.599212041357532,-150121.167494075547438],[746478.392718375776894,-149111.778026313579176],[745498.221637318492867,-149026.349228399136337],[745083.702930262661539,-148713.688486768631265],[744629.589376666001044,-148613.548883524024859],[744215.104425816331059,-148300.861378386092838],[743339.697208533878438,-148224.407011553121265],[742925.25599346740637,-147911.679597249953076],[742698.221806912100874,-147861.574832840560703],[742597.353602460352704,-144862.726106891554082],[742857.941429896280169,-144392.152027054718928],[742966.764656011364423,-143918.386794039804954],[743227.317535997484811,-143447.806682487862417],[743336.116354851517826,-142974.039796451572329],[743596.634355536429211,-142503.453702234168304],[743545.819676446844824,-138989.805832836340414],[744567.189610808156431,-139832.004608119663317],[745844.015080648474395,-139907.993755318573676],[746277.39759898011107,-140197.219457004975993],[746915.834612444858067,-140235.14685699189431],[749021.131020867731422,-140115.867767324351007],[748923.8361307537416,-139414.613349547289545],[748592.937685187556781,-138999.78058884415077],[748398.402869912213646,-137597.27107386753778],[748067.560561961727217,-137182.427584278397262],[747899.171471078763716,-136240.221134196588537],[747568.374481325619854,-135825.366906318929978],[747400.02763514558319,-134883.157953706395347],[747069.27602800144814,-134468.292965812375769],[746891.464404301368631,-133865.887110535753891],[746191.548171119415201,-133711.500551846198505],[746078.32645426352974,-132894.051526929455576],[746151.645792462280951,-132530.798006839468144],[746687.412740319385193,-132329.389837342314422],[747074.369222729816101,-131982.57374728252762],[748045.075894490699284,-131771.129072606767295],[748126.886062674224377,-130691.529722660707193],[748397.753123765811324,-130231.451067258400144],[748469.289320019306615,-129286.780222019078792],[748740.110814303974621,-128826.69630954839522],[748762.794558753725141,-128124.215874788482324],[750445.48809734696988,-128028.583936347451527],[751286.830340233747847,-127980.687456183091854],[751235.903454981860705,-127714.893404014612315],[750864.669976710807532,-127349.864825880184071],[750762.836749912006781,-126818.274425200172118],[750391.639345105038956,-126453.233490950762643],[750314.544313713326119,-125727.151723681905423],[750237.45328936423175,-125001.0709376851446],[749829.9822896507103,-124600.2786782328767],[750189.366402743733488,-124155.868632631041692],[750183.60126693174243,-123425.732530915935058],[749829.008891786797903,-123347.558371507999254],[749639.593392318114638,-122288.153988793274038],[749309.038379714591429,-121873.359935297921766],[749114.476027750759386,-120470.928103537211427],[748783.977075093891472,-120056.122992696182337],[748650.944493260816671,-119735.95610766421305],[749037.601670355303213,-119118.180293701472692],[749081.183891001855955,-117864.449535664229188],[748627.099879698245786,-117294.444369995340821],[748503.714323491905816,-116132.953862241483876],[748049.593905164161697,-116032.702934754925082],[748408.076627499540336,-115459.835015509583172],[748503.959366627619602,-115126.668985702170176],[748049.981875326484442,-114556.647919146591448],[747907.828721470199525,-114074.774699940535356],[747577.506149559863843,-113659.946202602601261],[747506.440222891513258,-113419.007701168768108],[747476.838247704203241,-111796.007393036212306],[747747.268292021006346,-111335.963677756095422],[747828.790724621503614,-110256.422520283187623],[748923.03905760019552,-110017.597293007856933],[748984.844996671541594,-108665.449382338076248],[748528.979317325633019,-108059.270599514944479],[748386.265654418850318,-107746.317320038782782],[749165.96486235386692,-106637.78236401148024],[749287.651138403685763,-106032.357898352158372],[749953.878977334010415,-105781.213447944479412],[749949.738880497519858,-104506.735333358781645],[750694.754647826659493,-104391.000776397035224],[750828.199584934394807,-103627.437413887586445],[751376.16119238792453,-103439.024123961979058],[751751.294845357653685,-103081.586318469853722],[752299.222056733327918,-102893.134834321797825],[752428.844412701553665,-102150.775400009180885],[752757.57410597638227,-102037.697983591569937],[752599.657700069015846,-99276.179692547390005],[753763.3749075231608,-99140.475304167557624],[753875.715094570303336,-98496.416101338269073],[754549.711558568989858,-97562.452414697108907],[754657.556528796674684,-96943.820178672845941],[754986.136191291618161,-96830.688090247829678],[755825.488308364525437,-96782.502038128979621],[755683.530513382516801,-93313.360912040836411],[756750.1555094049545,-91894.946146867834614],[756809.808569106739014,-90939.80981895570585],[757090.195161016774364,-90490.096235981895006],[757197.827473851270042,-89871.451285629853373],[757868.684094113763422,-89640.183363539908896],[757935.639815256232396,-88566.17207039076311],[758215.930060887592845,-88116.436359380313661],[758301.970617761951871,-87621.530043670965824],[758975.027179860160686,-86687.35762929552584],[759018.026770987082273,-86439.902573101440794],[758964.890136656933464,-85519.446961276436923],[759206.623137658811174,-85466.333272648902494],[760515.69666571659036,-83854.352844808046939],[760429.132733176811598,-81740.730662509347894],[760481.511683788266964,-81502.497440437058685],[761135.194391910801642,-80549.774371001767577],[761239.910567132639699,-80073.303032458308735],[761893.458383795456029,-79120.544259707108722],[761948.784434954170138,-77613.447801032540156],[762598.691610133158974,-77350.197081333652022],[762782.069257647264749,-76514.85436371457763],[763252.519700811943039,-76108.51474374847021],[763881.482552391244099,-75853.58961537804862],[764193.946799290948547,-75292.818716885187314],[764191.220819797948934,-72830.636646134778857],[765369.076191871077754,-72680.357028450220241],[765388.993836446199566,-72410.507946046651341],[765714.410340863862075,-72005.38004350909614],[765731.972928411327302,-71084.050813309382647],[765286.11062546481844,-70645.041195967700332],[765234.989399875048548,-70379.332449782596086],[765254.900864871102385,-70109.48447995375318],[765774.324496653745882,-69464.040142748082872],[766260.371373605099507,-69356.845523124429747],[766588.287715751794167,-68954.250774549276684],[767071.086471913033165,-68847.740554125703056],[767398.964826800744049,-68445.125846443785122],[767881.739695746451616,-68338.585806165079703],[768403.917452324414626,-67695.928583223649184],[768424.02181405981537,-67422.47221315279603],[768444.124696837039664,-67149.015906952015939],[768966.222677909303457,-66506.337219255117816],[769626.277587277698331,-66428.500831308265333],[769466.937283698003739,-64815.900947066103981],[768700.770679243607447,-63942.977611514244927],[769359.70149145135656,-62986.55497953282611],[769461.193364036967978,-62507.37034486662742],[770119.987656659912318,-61550.911098508258874],[769268.331930665182881,-60580.457236283786187],[768549.876495677279308,-60388.438821440737229],[768342.917014734703116,-59968.645089372090297],[769190.524216436780989,-58737.931474362550944],[769796.355707270675339,-58497.142669386128546],[770382.931890870211646,-57928.768504251929699],[770001.915058478130959,-57407.609948532721319],[769845.15157660713885,-56943.575933609921776],[769529.504399428027682,-56511.785398339256062],[769318.178622470586561,-55448.781369431882922],[767789.681571369990706,-55367.374190526279563],[767483.79736351442989,-52464.265426939098688],[767168.320682365447283,-52032.420097830094164],[766904.031040770467371,-49727.591826132207643],[765606.761525100679137,-48324.945182120645768],[764983.758723882143386,-48158.109037295078451],[764557.45329340104945,-47863.67675306066667],[764120.68427172396332,-47746.68398799024726],[763694.411931363283657,-47452.22375635366916],[763476.037613688153215,-47393.714780233422061],[763344.210771863581613,-46241.268240531033371],[762888.370346816605888,-45616.564240298095683],[762974.75584563263692,-44877.509636747818149],[763237.676565079833381,-44411.905961700067564],[763285.55786292895209,-43012.38594405472395],[763665.693362031364813,-42338.995101446169429],[763494.128610820509493,-41614.964718146940868],[763081.341567800263874,-41049.132623700628756],[763936.59581836045254,-40902.26942794246861],[763909.764395785983652,-40442.07593816373992],[764327.642392418230884,-40417.705025246534206],[764745.519563634996302,-40393.320783651193778],[764813.139026241493411,-40000.891380715896958],[765554.381549690617248,-39884.322376356110908],[765972.241763417492621,-39859.899006023253605],[765990.547539192601107,-39034.999802430895215],[766554.261975959292613,-38839.46325768592942],[766926.981677375151776,-38481.622285608566017],[767362.958302529761568,-38330.353589758873568],[767735.641394941136241,-37972.489637625134492],[768789.211101430235431,-37847.830557724482787],[769521.258310940000229,-37725.367779721782426],[769645.675146082183346,-37096.371700286108535],[769980.386264093336649,-36520.982974035803636],[770698.038421982317232,-36247.683050362604263],[770817.737383269704878,-35642.135648706265783],[771270.064731093123555,-34935.116919168212917],[771844.923160224105231,-35344.460184134193696],[772027.664842820726335,-34834.730079500317515],[771522.717497457168065,-34162.65711570030544],[771552.303406149381772,-33611.186283200891921],[773055.150439862743951,-33359.308708617842058],[773133.877083175815642,-32273.179212879498664],[773464.702492777840234,-31703.87108707970765],[772700.929350301623344,-31511.916296340950794],[772510.991969184717163,-30924.615898854721308],[772191.073376615066081,-30498.736813538427668],[771979.408668826334178,-27962.946707725557644],[771908.17213461198844,-27722.168181262248254],[771122.997771396767348,-26859.971171400451567],[771410.985858781263232,-26394.342119152988744],[771538.494447808829136,-25650.742043003047002],[772167.496600485639647,-26127.073345239023183],[772729.946556364768185,-25952.333934051144752],[772305.197507465258241,-25418.054837960386067],[772172.270024364697747,-25098.168750717886724],[772630.940989800845273,-24356.316719108122925],[771954.540660699363798,-24207.343047983897122],[771542.908882517484017,-23895.585391881275427],[770866.547175858984701,-23746.555505202013592],[771230.163854188518599,-23158.490764187125023],[770785.7712614715565,-22599.267671894991508],[770064.203452798188664,-22440.199706309067551],[769886.249919984955341,-21838.227521426797466],[768538.596004328690469,-20415.490309117809375],[767955.134302060585469,-20286.756477734372311],[767543.716098892036825,-19974.873262140274164],[767093.676667283521965,-19875.532885227683437],[766682.292139417957515,-19563.622595073706179],[766457.282402683398686,-19513.939559120732156],[766040.071163039305247,-19538.378407294421777],[765932.276012562448159,-17697.635394710916444],[766281.11478647752665,-17576.435726697429345],[766257.090385279734619,-15124.810902494469701],[766544.30011627310887,-14660.304194059250221],[766194.123077117605135,-14219.062005158692045],[766481.311429162858985,-13754.556607706104842],[766512.279869025573134,-12339.258322600284373],[766790.374814254580997,-11889.367836941079076],[766794.287191037205048,-10013.884408397720108],[767072.314304440282285,-9563.987764064995645],[767157.17552391893696,-9069.054670733341482],[767435.166962121846154,-8619.150244033728086],[767520.004388110595755,-8124.214659804773873],[767797.960118133458309,-7674.302495089042168],[767882.773753455956466,-7179.364471202797176],[768160.693704049917869,-6729.444465602046876],[768218.429908972117119,-5774.322459014029846],[768496.303495669970289,-5324.395176488733341],[768581.065544217126444,-4829.452364045007016],[768858.903420162969269,-4379.517317229632681],[768943.641676348401234,-3884.572042796085498],[769221.443773279432207,-3434.629178340823273],[769263.802067406359129,-3187.155344502130447],[769306.15823508030735,-2939.68141087485219],[769583.924649005522951,-2489.730665999207758],[769614.390487540629692,-1074.421967542454695],[769901.121065114624798,-609.840370409993056],[769561.820438087452203,-182.150113431535345],[769429.14322075585369,137.764359581296617],[769810.730444853310473,756.072732980813271],[769814.189805606030859,2747.996445624090939],[770378.314453712897375,2944.510105060875503],[770896.700953359715641,3481.997816630628222],[770908.781739652855322,5325.723296601605398],[770003.712270274409093,6321.918790247773359],[770290.874523180769756,6787.525065160328268],[770348.281101176398806,7742.661519154194139],[770625.744269441929646,8192.636409751130486],[770586.5050151378382,9820.654535969200879],[770479.873378160758875,10181.835945749109669],[769918.544542323448695,10305.888671125214387],[769064.577286134008318,11053.359936931072298],[768840.065601939102635,11103.002528504843212],[768687.692629054770805,14686.438596643653],[769256.359032644308172,14884.668746134793764],[770554.446888728183694,16396.53912698869317],[770510.860473164706491,19134.667853540533542],[770059.822814388084225,19703.867526124126016],[769917.731801612302661,20185.452364028311422],[769146.474202633369714,21035.33239228612365],[768923.010784523678012,22897.490680212322331],[767266.128250645007938,24618.843308901028649],[767168.067924717557617,25319.844551321664767],[766831.670628601685166,25394.359916638390132],[766725.219479993102141,25755.57677509513087],[766627.1895448025316,26456.58298601034403],[765413.733244862174615,27742.440992320414807],[765231.841146712540649,28360.025198883668054],[764260.210643171682023,28444.389216230942111],[763850.272447157884017,28756.396785937522509],[763401.889836321817711,28855.867210178945243],[761664.310408750781789,30475.576146645526023],[761216.00594243046362,30575.122036864806432],[759761.241117178695276,31916.098342136941937],[759572.71885678183753,32970.221810187053052],[758201.201927989022806,34414.589250108205306],[757127.209971827222034,34508.492789182761044],[756945.770719039719552,35126.197887269459898],[756176.160694295540452,35976.859993557205598],[756044.077986730495468,36296.920522780143074],[756495.297686600475572,37028.857338250811154],[756360.941415944253094,37538.746282917752978],[755385.884247409761883,37624.168865590996575],[754534.390901549486443,38372.612998485587013],[753563.609391261241399,38457.776292310969438],[753347.03601024125237,39195.997361897781957],[752787.120099190738983,39320.772887835686561],[752213.087938850745559,39792.886021480364434],[752003.436949904309586,41304.672134595020907],[751234.479869086178951,42155.634171525409329],[750933.924114474328235,45398.86231846040755],[750606.903839402715676,45813.58572001245193],[750465.70811263343785,46295.398295927669096],[750138.722332230652682,46710.134083674834983],[750006.867913481313735,47030.261055244656745],[750387.715011294814758,47648.02998975088849],[750455.358742085169069,48441.430050208648026],[750006.087468971032649,49011.345351854964974],[749864.934918577433564,49493.166996823798399],[749538.036998690804467,49907.920142338320147],[749370.399322039680555,50849.993399995022628],[748939.723571149981581,51396.510503659133974],[748558.048448088229634,51481.795508340008382],[748531.567314286367036,51942.043843933963217],[748873.702833996387199,52061.093035546698957],[748918.749301166390069,53432.397606294791331],[748365.895184735418297,54134.126803420433134],[747630.834517606766894,54298.467261778496322],[747428.870356397470459,55655.569968197945855],[747809.536415759357624,56273.272369322810846],[747772.568868271424435,57901.455616408093192],[747695.534475485677831,58627.496966545717441],[746446.764652368845418,59865.468333462784358],[746396.225977739901282,60131.260198791496805],[746046.442525945254602,60209.529743708160822],[745858.276357658440247,61268.921663976529089],[745090.75889005092904,62120.277560695692955],[745020.315975276636891,62361.220752903383982],[744993.93697704130318,62821.485743570679915],[744917.05474831641186,63547.550786325722584],[744109.850911121582612,64349.258523014133971],[744008.884350310428999,64880.865742976558977],[743642.641704395064153,65246.072069312845997],[743515.36308791837655,66237.955253812790033],[743149.168634850298986,66603.176596027697087],[743021.928883258486167,67595.067497318203095],[742437.535723944194615,68176.841921758663375],[742190.920955155510455,68202.436893138859887],[742140.482133272569627,68468.249964447139064],[741738.542505229706876,68869.27086839407275],[742092.206652908353135,69313.43968980187492],[742083.789718231768347,70695.067123280925443],[741642.993708712747321,71134.906974669996998],[741542.148711509420536,71666.541254112045863],[741176.14684704085812,72031.822807791570085],[741079.807450266554952,72484.875104130536783],[741467.624165768153034,72972.021509047408472],[741454.744082339690067,74432.247571220897953],[741776.72335134097375,74836.807722479614313],[741612.505748201394454,78328.640993164910469],[741253.709725544205867,78409.205270755104721],[740970.445189830381423,81307.713246641738806],[739635.336784446495585,82733.591456334412214],[739279.857921401504427,82813.490920670650667],[739227.420118737383746,83734.087982452372671],[739122.025172498659231,84095.587434572764323],[738787.297585766529664,84170.817751338719972],[738373.393236423376948,84147.26135689340299],[738323.056690207449719,84413.099466326690163],[737957.465331034385599,84778.483633287105476],[737861.281456231838092,85231.574015609527123],[738248.779417637386359,85718.638801507055177],[738006.735374286188744,90591.539897943264805],[737825.471182512119412,93158.943658424075693],[737460.110893603530712,93524.35091399938392],[737357.455701736966148,94710.831026077008573],[737174.22461120528169,97933.062785298898234],[737163.279844553326257,99217.114233193075052],[737724.876694640610367,99412.698061612274614],[738242.071488942601718,99950.861300384058268],[738220.997434151708148,102393.967738329025451],[738497.140937966876663,102843.333664211793803],[738581.845492749474943,103338.168941606258159],[738857.953276447369717,103787.543765318419901],[738916.382011013571173,104742.709253371329396],[739192.443287970265374,105192.093030191099388],[739250.829316115006804,106147.264057098320336],[739526.844049920095131,106596.656803380377823],[739585.187368678161874,107551.833413090949762],[740247.992179377004504,108485.168001003112295],[740301.577565063489601,109522.244882248938666],[739378.068387115374207,109730.213555273585371],[739729.693608467234299,110302.891561699027079],[739761.677172298892401,111718.41501717310166],[740037.534610466682352,112167.826192228836589],[740122.079419976565987,112662.685729348580935],[740784.544730424531735,113596.062258118632599],[740800.457458193879575,114303.831840909828315],[740723.777866201358847,115030.021717740673921],[740358.872482625069097,115395.372762158818659],[740255.892434252193198,116581.909060346981278],[740033.274457916850224,116632.060617353476118],[739626.464354579220526,116944.896754811998107],[736291.241835889988579,116880.519242354988819],[735884.535255189635791,117193.473531714174896],[735439.363724939292297,117293.931200841165264],[735032.690861779963598,117606.912788255940541],[734476.256145520950668,117732.505407301709056],[734301.098822863772511,118335.119231022836175],[733976.179859775933437,118750.339733679225901],[733809.976670021307655,119692.782277420716127],[733485.102923794649541,120108.017168029269669],[733345.029494299436919,120590.107773840092705],[733020.19022020988632,121005.355765103959129],[732898.013325288426131,122167.134127865094342],[728528.720289433491416,121959.557147113533574],[727723.500781795708463,122759.587976753668045],[727238.868715091492049,122810.664946483288077],[726872.289048650301993,123173.573747457936406],[725392.001762211206369,123129.659458933252608],[724979.339989831438288,123106.530276146819233],[724903.542106687207706,123832.837595049088122],[724539.323403794202022,124198.647151968092658],[724439.34120385569986,124730.497945179624367],[724075.158482281025499,125096.32178431210923],[723947.875066773500293,126743.42241360033222],[723725.504788656020537,126793.85680855208193],[723319.404250981402583,127107.218204109070939],[722742.050111925462261,127238.209642381523736],[722511.811170090106316,129217.308218949663569],[722187.515963595360518,129632.842308784252964],[722092.012361660832539,130334.358978115356877],[720612.556274640955962,130290.992609546679887],[720246.358372594695538,130654.100089502797346],[720004.209368844982237,130679.777510226675076],[719762.061520748888142,130705.45947960394551],[718740.653238386032172,131722.874132004159037],[718690.168722393922508,131992.177315819688374],[718452.387802443467081,131939.799807414819952],[718128.763429181068204,131538.313423600047827],[716003.587536859675311,131342.133042192755966],[715679.874016986810602,130940.708674604611588],[715274.683831445989199,130839.9647111252998],[714833.911270917044021,131277.416122473136056],[713937.269708946463652,131306.201479569601361],[713571.293874460156076,131669.499939108820399],[711507.543072000960819,131634.094792779622367],[709569.396078963298351,129218.516417215112597],[709093.67383431957569,129114.10188866405224],[708769.693388699321076,128712.853217073410633],[707468.972615864826366,128563.313746303363587],[707144.928657181560993,128162.106387011095649],[706494.538368737325072,128087.402067870527389],[706272.274820409482345,128138.136992516680039],[705866.663142214645632,128452.048945117421681],[705422.156171373091638,128553.544392530151526],[705016.578272847575136,128867.483592613483779],[704572.09329181117937,128969.008469779233565],[703291.534375919960439,130158.962916965290788],[702847.1091123764636,130260.547735722124344],[702283.635010779253207,130730.782288880218402],[702100.023425715509802,131787.489366549358238],[701776.463150626164861,132203.540845083218301],[701602.961791289271787,132806.631316844548564],[701269.721459809108637,132882.844262140628416],[701244.746080225915648,133343.294041363435099],[700182.262012397870421,133246.547323070757557],[699858.136077077477239,132845.515287073969375],[699452.911681656027213,132745.266403618530603],[699012.758084853063338,133183.261595750809647],[698528.682074994314462,133235.417219323193422],[698163.208672765525989,133599.155584140709834],[697508.853279903531075,133602.994077723182272],[697459.433876776485704,133869.033996606944129],[696659.155457182088867,134673.866649877716554],[696560.356465225922875,135205.955773263965966],[695760.209779744618572,136010.848655466572382],[695661.451981160091236,136542.947558613552246],[695298.416059398441575,136909.600138234702172],[695199.680153528461233,137441.704578801727621],[694801.142670228495263,137844.267957125935936],[695154.197659080848098,138287.249848627776373],[695125.195662211743183,139478.009684927179478],[694883.284480554633774,139504.159002515079919],[693644.378099163994193,140744.690694176097168],[692748.51428388513159,140774.948547326028347],[692166.818953997222707,141355.90520486611058],[692116.859627097379416,141625.54645675100619],[692067.563952155178413,141891.615824395790696],[691704.767468905542046,142258.377922546147602],[691655.481241197907366,142524.449580497690476],[691978.338816577102989,142636.031809065985726],[692085.864935450488701,143254.303606403496815],[693911.574335004901513,145633.129177554161288],[693948.004060490988195,147048.729277056496358],[694611.613975341897458,147979.861909913568525],[694706.182971696602181,148312.713174754200736],[694262.378584503545426,148884.728869539190782],[694069.38822907244321,151428.496553472738015],[693970.359455910511315,153270.499803994462127],[693988.517440337571315,153978.321931122976821],[694264.837487688870169,154426.829609531647293],[694350.646362617029808,154921.471324710553745],[694626.930584385525435,155369.988523584674112],[694695.519024033099413,156444.017694300709991],[695031.845687998807989,156560.486464548797812],[695007.043929776758887,157020.994209659780608],[694925.901638443232514,159570.87619952566456],[695202.049907366279513,160019.414641794166528],[695241.105996120371856,161552.384839320729952],[695904.223302252474241,161782.177856698923279],[695968.474509658990428,162153.17916139413137],[695939.208232946461067,163344.059174127556616],[696646.519645234686323,164230.343693886650726],[696662.506653218879364,165233.643455585232005],[697950.424934725626372,166839.767199072550284],[698187.613823953084648,166891.773595457809279],[698118.392907666508108,167133.057469530729577],[697795.71824275504332,167549.274234186450485],[697657.297580569982529,168031.848406408651499],[697334.657406575861387,168448.078595725237392],[697161.661949200672098,169051.305615131452214],[696607.823894607019611,169178.57861738774227],[696075.243628901313059,169592.687496736005414],[695888.074888397706673,170245.608750674553448],[695565.541004854487255,170661.88792378094513],[695435.953563878079876,170982.698375975975068],[695823.972068100469187,171613.687755807186477],[695490.992273258860223,172043.501548551226733],[695361.416707728174515,172364.314937001297949],[695740.430458155809902,172980.726988670357969],[695801.117762487730943,173935.962956699222559],[696076.875818842672743,174384.549313859082758],[696162.399718025117181,174879.248312306241132],[697982.306497911922634,177258.974183806101792],[698025.017891059513204,177506.333101818279829],[698000.066694465582259,177966.880302525998559],[698042.773903413675725,178214.240137674758444],[698327.301369075779803,178677.464680676843273],[697994.390301807899959,179107.22902097858605],[697856.037285155965947,179589.828630729520228],[695355.06317280291114,182197.806764928653138],[695126.117109592421912,184360.903272645227844],[695592.241566179436632,185119.84083939116681],[696279.847261951770633,185358.621946168830618],[696386.592133499449119,185977.031444250169443],[696670.975288076908328,186440.23727808467811],[696338.291954077081755,186870.062326946528628],[696269.170933949877508,187111.380481275322381],[696605.795094818342477,187228.304512184957275],[696668.189211692428216,188384.043285874475259],[696194.445495,188493.104104251251556],[696214.767397010466084,188762.982080395129742],[696534.862932636402547,189166.589103983773384],[696575.485906276502647,189706.34833980948315],[696895.544073236174881,190109.966260772547685],[696890.906856460846029,190840.427510693727527],[696957.631962921470404,191227.42338861853932],[698002.625971726258285,191440.682855259830831],[698424.630232011782937,192077.89399634450092],[697971.074569654650986,192663.921744569117436],[698040.120938200387172,193457.451454745896626],[698315.313125638756901,193906.128757388913073],[698382.737508506514132,194975.719675591419218],[699274.664388860343024,195988.189610521134455],[700113.55817079404369,196159.601162416423904],[701251.020933869644068,197481.625559386593523],[701812.611727229785174,197677.120944747963222],[702578.140786039992236,198757.73834698725841],[702684.405246862093918,199376.242555427743355],[703005.714790628524497,199488.144495202053804],[702950.218985260347836,201142.675597250665305],[705003.214823494898155,203716.078083082509693],[705239.691534070880152,203768.221560261881677],[705214.428260309388861,204228.81787652138155],[705089.168859617318958,205876.71648587094387],[704727.568912489223294,206243.231694525486091],[704603.4030836308375,207236.047326485277154],[704241.851250224048272,207602.579239612910897],[704192.403649658663198,207868.688020825822605],[704167.169139889301732,208329.297271820192691],[704503.273212138446979,208463.908995858655544],[704448.474906830117106,211954.335063515231013],[705810.685719865723513,212186.71748197983834],[706192.828670859569684,212527.186680906219408],[706604.995418378151953,212692.381756850838428],[707118.916302914731205,213197.516843931371113],[707090.231328526395373,216227.975835508463206],[707631.404997878707945,216445.003345765173435],[708095.473106530378573,216858.717513161187526],[708193.970414480660111,217328.786241076741135],[707862.790466628037393,217404.88674136204645],[707689.692718122736551,218008.130691540223779],[707367.778352279099636,218424.224175384559203],[707203.958009441383183,219367.460015752469189],[706882.088791640708223,219783.56927050781087],[706709.056652504950762,220386.835351609974168],[706157.237645628396422,220513.741075667523546],[705894.706614869646728,220763.711520316574024],[706566.442840809002519,220998.283914656552952],[707436.533856808906421,221971.994828280003276],[707568.524460526765324,222744.352290575217921],[708194.792631264426745,222963.165298447798705],[708324.456348849111237,223425.236734650592552],[707882.219572406262159,223997.01296201653895],[707787.601059236912988,224698.965922148316167],[706338.674354652874172,224682.06547273369506],[705935.805809091776609,224996.13496837974526],[705494.510489474865608,225097.6877974033996],[705091.675764453364536,225411.784730336308712],[704540.08536891604308,225538.76484710231307],[704332.637134445947595,226262.748911009344738],[703781.091406363411807,226389.762511386041297],[702943.749067277414724,227142.152492242952576],[702429.733694520196877,227239.824323207169073],[702339.016021690680645,226709.908139788894914],[702098.686654276330955,226735.939733560342574],[701735.440710742259398,227099.756804106844356],[701085.775432921713218,227103.432804362266324],[700985.118633023113944,228946.116113750438672],[700635.351815708796494,229026.771746700105723],[700431.323038725880906,230547.151406669465359],[699663.684014938189648,231415.27344357885886],[700332.265651012421586,232361.762195122923004],[700438.177809690125287,232980.370183205493959],[701216.153520722640678,233251.965393011487322],[701048.371457499102689,234277.323988583579194],[700606.786889391252771,234849.392708895902615],[700700.321854665176943,235182.438514415523969],[700974.374086330528371,235631.278923423000379],[701088.92871415335685,236300.84525135695003],[701570.851567973615602,236770.263044858322246],[701784.420439709792845,236844.858945389074506],[702433.598109737737104,236841.21595563320443],[702796.622170568676665,236477.395077678200323],[703276.928347320179455,236425.357724861940369],[703639.987783767632209,236061.561857016175054],[704529.375208256067708,236032.020175258716336],[704892.481671792804264,235668.260951913543977],[705132.655410363688134,235642.279508861975046],[705346.176571746123955,235582.741766142164124],[706352.302269601263106,234713.956693388026906],[707966.482139520929195,234957.256941858446226],[708027.6096977541456,236693.854335169133265],[708532.242860467755236,237144.607787287270185],[710579.636022620950826,237400.44832275112276],[711130.949528444558382,237893.102199309796561],[711496.798529560328461,237703.952064137061825],[711677.235900831990875,237153.250063529209001],[711985.011178925749846,236719.709601308248239],[712210.788641138002276,236030.759592288697604],[712722.898790479637682,235666.460149883467238],[713875.14950843853876,236978.814373786939541],[714898.837856305763125,237107.120018758345395],[715134.65882841614075,237159.453197799593909],[715455.368699564249255,237561.071522240439663],[715691.179467616486363,237613.415044734923868],[716335.996561814914457,237688.603311602695612],[716656.655653498601168,238090.252767962490907],[717301.445665830979124,238165.489690667716786],[717444.637470862362534,237667.33791915603797],[718672.310124080395326,239103.551233789767139],[719099.19852373492904,239253.317194566479884],[719601.015338278608397,239743.585311061993707],[719898.29104453814216,239634.439246375986841],[720315.370611260645092,239309.658633615385043],[721457.262986834975891,240646.306239929166622],[721670.668235615827143,240721.234358337940648],[724124.12044162733946,240859.571537834417541],[724533.026531122159213,240882.673382676730398],[724637.253579628188163,240520.812860111152986],[725344.099844051990658,240359.071360714471666],[725768.460374542162754,239811.329437221313128],[725837.971398475463502,239570.09742439124966],[727278.20618564914912,239714.626974853628781],[727643.164965221192688,240071.627295505604707],[728176.623008850961924,240259.210762252914719],[728281.104734561522491,240878.072089081048034],[728554.085971570922993,241327.512367333809379],[728637.646326239337213,241822.606934937735787],[729819.655708686215803,243423.217628632293781],[731566.209085094276816,243655.730469126894604],[731930.931793807540089,244012.860967185057234],[733175.122579765040427,244209.813588232733309],[734060.619635119684972,245224.964396389521426],[734124.341309654759243,246295.052936594380299],[735543.811576230218634,248196.920010012690909],[735558.976388743380085,248905.157357198128011],[735779.373884402913973,248854.887078019877663],[736182.343205048353411,248541.707435873162467],[736778.737032164586708,248405.717792574432679],[737203.380254839896224,247858.32681556371972],[737384.369631862617098,247232.10310110784485],[739154.84533696109429,247200.450733373698313],[739557.949530042591505,246887.381408179877326],[740187.115483466768637,246860.781983010383556],[740595.830161380232312,246884.396135712449905],[741004.544137028395198,246908.023328042152571],[740992.781152638024651,248076.901814414741239],[741647.150274422485381,249010.923248341743601],[741594.706640805932693,251925.102700170420576],[742275.145044259494171,252165.446996387763647],[742292.349310872843489,252991.056099139503203],[743325.137573203770444,252982.455001836060546],[744320.213288708473556,252115.831428314355435],[744596.31165930791758,252268.868822488759179],[745352.667332184500992,253100.280100266885711],[746300.262279327725992,253312.988667488360079],[746347.385389486327767,254986.821955052175326],[746852.400165769970044,255498.719304384867428],[747371.817594654392451,255700.286330605886178],[747488.315371540840715,256306.192226982791908],[747749.740884163998999,256766.602495121362153],[747871.591734811197966,257400.478606659657089],[748994.555410479079001,257541.238417502405355],[749044.864984873100184,257275.224199532967759],[749841.902047210838646,256473.099156068376033],[749942.560930900042877,255941.082199443510035],[750304.288746766047552,255575.727845642861212],[750405.599156248499639,255040.369316760508809],[751421.086923361988738,254024.772684536961606],[751661.064713332918473,253999.658724510925822],[751766.004128591157496,253637.972680866427254],[752427.201332660275511,253488.042483720841119],[752602.142618217156269,252885.258687064400874],[752924.848690550308675,252470.214039611775661],[753144.730556857655756,251712.773716904281173],[753643.529176532989368,251867.97154536479502],[754007.416994006256573,252225.745181045553181],[756671.699601760366932,252445.78477889727219],[757320.259730272809975,252444.917270083620679],[757684.528718826011755,252082.622166662913514],[758333.110167620237917,252081.806055545108393],[758483.223147625685669,251565.532070802524686],[759390.535306056379341,251745.150972480972996],[759754.277152195223607,252103.086736208642833],[760180.317032393766567,252254.228540009877179],[760680.098295179079287,252746.134388904290972],[761386.018663438619114,252662.209828811319312],[763097.475975717999972,251040.968250958016142],[763317.972245757700875,250991.171600641479017],[763369.269309076131321,250721.65658721307409],[763949.998529066797346,250143.5711345167947],[764841.575613476685248,250118.14794314673054],[765856.44960283592809,249100.449524225172354],[765957.796128535061143,248568.588899034948554],[766320.184765269747004,248203.708771545847412],[766422.187201845343225,247668.507490031799534],[767439.518097533844411,246654.241362422704697],[769723.282428512116894,246752.015076199837495],[770367.472605258808471,246829.921426536893705],[770686.264412445481867,247232.933446280891076],[771160.050562635762617,247340.319986071874155],[773188.664244405925274,249927.395944484480424],[773225.614224555902183,250467.566844567103544],[773541.659927609725855,250873.212838941370137],[773328.264209677581675,255558.651685114396969],[773644.161958989221603,255964.313422710867599],[773569.727092193323188,258346.894178082875442],[773885.538207077188417,258752.569154494005488],[773783.054666463169269,261598.730334108171519],[775050.998332697199658,263213.502643715706654],[775929.483813467319123,263345.137567461177241],[776247.637305714655668,263748.329863956838381],[779339.976398215047084,263975.472474267648067],[779358.266524992533959,264245.591440873220563],[779673.736198820057325,264651.423946962226182],[779692.016652744961902,264921.544624440779444],[779361.484467788715847,264995.806779123377055],[779185.381682503037155,265598.268944444949739],[778862.067677243496291,266012.685469740012195],[778693.163892756216228,266955.262444059248082],[778369.894953277427703,267369.695633503433783],[778229.05163405276835,267851.668469292577356],[777469.790570661076345,268701.93502401857404],[777280.00811591045931,269761.865513449476566],[776935.423471749061719,269839.394824792863801],[776953.739812130341306,270109.521714272093959],[777269.11457130801864,270515.311312286590692],[777277.73266568989493,271516.201830680074636],[777593.057685711886734,271922.003234407282434],[777634.426311297807842,272383.620405520196073],[777198.335117361275479,272822.685961310460698],[777017.370409897645004,274658.123576902900822],[777776.80550427082926,275631.926990391744766],[777795.080559178139083,275902.066181168542244],[777813.354068037471734,276172.205980637460016],[778128.530344892758876,276578.033425144851208],[778146.794120511040092,276848.174983323144261],[778359.298831606749445,276924.060291879985016],[778590.194215058349073,277202.711041962553281],[778118.756549277692102,277308.824948164168745],[778090.718875728663988,277769.476594025152735],[778006.605263282894157,279151.44120625895448],[777786.504712880938314,279200.997001522453502],[777218.550768427085131,279674.493421342747752],[776980.834390019765124,281646.17371007258771],[776222.356308433925733,282496.60436852730345],[776046.537243791972287,283099.187955669884104],[775716.48431960074231,283173.556790478643961],[775611.015100139775313,283535.120351135614328],[774936.766371450736187,283687.093929149443284],[774747.257789093186148,284747.180117367592175],[773553.717057863832451,286033.776545356027782],[773395.07962312514428,286814.713984149158932],[773766.513953561894596,287433.814208305033389],[773857.645969531266019,287767.498527617834043],[773414.242592446855269,288337.255604885867797],[773238.602164822514169,288939.905522407440003],[772908.715221371268854,289014.351148630143143],[772803.353151593124494,289375.954525357286911],[772473.480208793887869,289450.411725960439071],[772463.944000458926894,290181.27954753569793],[772809.714105405961163,290626.737833667953964],[772412.77557883085683,291027.264873558131512],[772311.272469117888249,291559.235771182226017],[771949.766738011618145,291924.064840862934943],[771825.191283048712648,292838.10108251858037],[772204.38099331734702,293326.668390049308073],[772213.151011197944172,294327.727337663876824],[772527.978264567558654,294733.470373599033337],[772564.589502020040527,295273.812762591755018],[772879.379188875900581,295679.567283398064319],[772915.96802300948184,296219.914485957764555],[773230.720188508392312,296625.680461756710429],[773221.094285713159479,297356.587928509223275],[773193.184370506322011,297817.32137851085281],[772144.492707635392435,297714.625288653944153],[771827.190300623886287,297311.43799663108075],[771427.523011884884909,297208.852688888669945],[770774.199338314589113,297860.755994340172037],[770672.101514423615299,298396.340350349899381],[769660.441437232191674,299413.790156478993595],[769179.034405413083732,299463.681184931017924],[768815.594025088474154,299825.779858828522265],[768169.379926720401272,299826.078602719237097],[768083.167491662781686,299371.111866885563359],[767617.677277737297118,298936.569171864888631],[766272.853477845084853,298705.643229204462841],[766186.179322562180459,297431.515269879659172],[765535.898247499251738,296824.837233118189033],[763642.33140290400479,296848.46606915188022],[762361.568485789466649,298022.066803718800656],[761931.325187625479884,298133.426292791671585],[761519.908591696992517,298434.226535689958837],[760682.62050575518515,298521.347073426295538],[760271.246824598056264,298822.188801584590692],[759733.494772324105725,298961.498017898469698],[759501.742151528829709,299692.902371620526537],[757751.052354809129611,299734.162251194298733],[757339.788049118127674,300035.102029489236884],[755496.649093146668747,299994.378311316366307],[755391.707132024341263,301182.025630221818574],[755030.945786422118545,301547.36552934802603],[754934.852561541716568,302000.848879032593686],[755314.339672559173778,302488.951354180579074],[755351.60783642786555,303029.281118172919378],[755666.694373156293295,303434.637661691114772],[755708.600400719791651,303896.297712210100144],[755274.232120631379075,304336.226473114045803],[755146.202620901283808,305329.197621554078069],[754785.55032438179478,305694.557354428805411],[754684.823613685905002,306226.734434817917645],[754108.942485610488802,306809.04989768913947],[753460.249426802503876,306810.114156058523804],[753382.69417243427597,307537.026501477579586],[751286.470922158216126,309649.785313910164405],[751154.738460067659616,311298.398334949277341],[751795.715823634411208,311375.390143534168601],[752492.658517839736305,312262.956814910576213],[753133.582937869010493,312340.016106803959701],[753156.455905617214739,313039.363588892796542],[753408.410260017262772,313508.0436686828034],[753508.579664282966405,313985.070566189941019],[753760.498660219716839,314453.761022632068489],[753843.466934955213219,315221.222532644460443],[752966.385597208631225,316256.652875573665369],[752810.762621595291421,316718.576561281923205],[752071.79001598409377,317591.21611710410798],[751874.071232978836633,318767.327670095255598],[752241.541283179307356,319451.106448880920652],[752372.976282119285315,320077.341706139792223],[754498.976823146105744,320355.373352622671518],[754879.02652088063769,320694.861739642685279],[755397.444483926636167,320911.665129080181941],[755495.720552415703423,321756.425224774808157],[754989.974522014847025,322478.174859281920362],[754354.915614760830067,322659.264740351703949],[753503.976489790482447,323388.375203022791538],[750924.384548104833812,323389.003908380749635],[750668.695921721518971,325379.258530796854757],[750363.638711207546294,325815.119397068570834],[750204.451880528242327,327428.812750579381827],[749798.306042323121801,327404.892094056762289],[749564.282800093409605,327351.895650439837482],[749247.154419744387269,326949.172450212878175],[748036.119484558119439,326799.541114017600194],[747600.035865281475708,327236.427981561457273],[746142.959360547130927,327190.189112162799574],[744205.313526868470944,327010.375154081499204],[744139.117051415378228,326610.449294934864156],[743803.213213279494084,326490.974588261335157],[743772.670639525982551,324956.240333364345133],[743416.43978332891129,324363.255582241690718],[742843.177132018143311,324159.430473825079389],[742481.273094251402654,323801.78758016298525],[741547.957054409082048,323605.833217546227388],[741442.618608920252882,322970.507759904547129],[740783.117628849693574,322022.305304173496552],[741115.129414733848535,321592.289499583013821],[741271.61967230134178,320810.721018599520903],[740813.897585847298615,320049.470711120811757],[740240.399163093417883,319845.768765826069284],[739878.290303657646291,319488.211751099966932],[738853.527392286574468,319365.787966856150888],[738619.319920812500641,319312.995157853234559],[737921.90561964106746,318426.131900420412421],[736468.371467281016521,318302.831064286874607],[736358.548196726827882,318684.333289111789782],[735127.42706496885512,318750.800985396315809],[734268.303443455370143,317776.40167205297621],[733844.268677089828998,317626.058061846066266],[733481.921875105705112,317268.688160935067572],[733057.861893105669878,317118.371206740965135],[732695.478462827391922,316761.024916037626099],[732007.710190530051477,316595.587274992780294],[731456.768216760247014,317026.377771743456833],[731237.524342286516912,317076.754861632420216],[730901.259514807024971,316957.62791677180212],[730869.012519199866802,315423.039790691866074],[730410.626654607593082,314718.724345482944045],[729936.42921841214411,315089.547835910343565],[728827.644843260059133,315152.014391233271454],[728329.431308580329642,314661.128634909749962],[727905.230907040531747,314510.985577495652251],[727542.629898060811684,314153.792400082049426],[727330.518285768921487,314078.732431095617358],[725876.45435038744472,313956.640899091551546],[725558.233986711245961,313554.547468714008573],[724682.926388290594332,313426.338633248000406],[724364.655176381929778,313024.276416978915222],[723558.742708992213011,312900.090717803221196],[723123.126996199833229,313337.765955019684043],[722884.32583782740403,313363.432594138605054],[722774.555899431579746,313746.223397597321309],[722045.029890710720792,313778.259528694092296],[720012.116668407572433,313663.276566434884444],[719902.767747030593455,314044.908243135665543],[718671.38083201542031,314112.961333103652578],[717810.718108849716373,313139.701031427364796],[717598.541301098070107,313064.803257011401001],[717548.966348611284047,313331.058100026159082],[716542.562912708614022,314353.117805439804215],[715655.702823547297157,314381.941153580497485],[715294.231522807152942,314745.617088819271885],[714242.380427230847999,314725.844805048021954],[713512.958616553340107,314758.370018230343703],[713299.926895324373618,315503.424369554966688],[712971.158495279843919,315579.440714830590878],[712990.627552952617407,315849.576262953516562],[713306.625492043560371,316253.933041182172019],[713197.091222621733323,318828.812629132065922],[712790.671116283163428,318806.072291388059966],[711571.406485067680478,318737.929067091783509],[711502.417844303650782,318979.385035225539468],[711023.969261378748342,319559.384278046549298],[709675.251393233193085,319619.925826122635044],[707843.095105891930871,321379.783174456213601],[707626.158985504996963,322140.053263695910573],[706604.763523532426916,322223.645031440595631],[706452.694474958931096,321321.875470419297926],[705922.460015965276398,321135.117379457398783],[705547.695199398323894,320766.924134265747853],[705134.567730734706856,321091.48634426650824],[704839.23144793510437,321201.05254669644637],[704340.415817397530191,320711.076253673469182],[704040.366390785435215,320568.585040395788383],[703077.381030511111021,321440.184960689686704],[701563.070571702439338,321482.61375824426068],[701064.149053988978267,320992.763969040533993],[700782.659312205738388,320851.371634175651707],[700233.00845663016662,321283.534095125389285],[699388.631954007199965,321363.059521728835534],[698988.687971019535325,321677.587394002301153],[698550.6753462231718,321779.468987738946453],[697287.663713206420653,322971.522364080068655],[695849.825151281896979,322955.852326872642152],[695531.649937941227108,322844.065298191271722],[695426.737617555074394,322225.065660405962262],[695068.258716019801795,321633.437216950580478],[694706.372703694389202,321506.307623038825113],[694467.808516127057374,321532.509710225625895],[694107.148990533896722,321896.813149134221021],[693462.272388580138795,321900.902729357243516],[693250.126963475253433,321826.404906652984209],[692505.569815948489122,320987.071400391927455],[690575.023177967872471,320756.383561727881897],[689186.710693655302748,322068.306218447047286],[687051.266697883489542,322078.862775841145776],[686918.899566744104959,321301.120478976110462],[686160.526346396538429,320220.514349458389916],[685604.262291737133637,320025.578131305752322],[684740.037860884680413,319052.674635537550785],[684629.451738679315895,318403.782362943398766],[684270.347417342592962,317812.473005549109075],[683696.010413922835141,317611.317265505960677],[682950.581532206968404,316772.567718660342507],[682650.224804005702026,316630.583384407567792],[681688.517345466301776,317503.776792114891578],[681469.525658221566118,317555.011287305213045],[681401.109033845597878,317796.630558240285609],[681082.196713986224495,318213.700824376195669],[680906.78437347325962,318833.345767684688326],[679957.355051993275993,318924.194757895253133],[679557.85180959419813,319239.328220900206361],[679119.948947476339526,319341.876222402905114],[678720.47958591079805,319657.037263804813847],[678282.598840447375551,319759.614541369897779],[677883.163275945466012,320074.803116434137337],[676851.474954277626239,320082.903368894592859],[676844.15658755437471,321368.664662681345362],[677396.566583183011971,321561.846839007164817],[677760.249334941268899,321917.640188587771263],[679403.633251892635599,322131.073121955210809],[680650.839754250249825,323593.411128172185272],[680760.367988363374025,324235.27455404837383],[681042.32454261276871,324699.579440667992458],[680161.98613262642175,325705.428774017724209],[679464.796696344972588,325868.731466323486529],[679283.442685762303881,326930.619538213824853],[676216.91086057049688,330152.546099001599941],[675094.474045929382555,330161.537682944152039],[674986.420190875418484,330980.739902326837182],[674311.433872343041003,331139.208736500761006],[674140.863206184469163,331743.448729085794184],[672961.745601034723222,333039.991728336375672],[672893.541516790981404,333281.690723595558666],[671869.865297994925641,333298.959236939321272],[671457.131414369912818,333596.876477899786551],[668881.364001755369827,333611.05514052149374],[668661.957792953704484,335145.140277665748727],[668292.275817571906373,335673.568162054230925],[667665.092580897035077,335852.012017743720207],[666822.507594031863846,336589.923813513712958],[664775.757994224899448,336625.524292950576637],[664363.299879378289916,336923.682164612226188],[663534.15235152177047,337023.109156179125421],[663121.737039355444722,337321.308609306928702],[662910.095022272085771,337381.625944111670833],[662915.63092419912573,336211.836284451768734],[662642.827744198148139,335763.466573530051392],[662557.78011067234911,335268.436316390172578],[660757.046815642737783,332891.179330224811565],[660671.895561972283758,332396.173912997648586],[660398.92019734333735,331947.866753963055089],[660288.088119433959946,331303.663366682420019],[658137.96690359339118,331060.179896633489989],[657774.056600578827783,330704.917055411962792],[656131.57573467597831,330494.263688254519366],[655767.59489711583592,330139.059640916180797],[654937.150775136076845,329970.417084637971129],[654573.122073225327767,329615.248510897625238],[654148.712242021225393,329467.54142772621708],[653784.646958762547001,329112.396789242164232],[652760.241128985537216,328996.890490796999075],[652441.887856187531725,328886.172522154927719],[652377.771028196322732,328514.953812347259372],[652059.402452057925984,328404.245789843902458],[651995.27070312295109,328033.030455854255706],[651952.501846454921179,327785.566338366596028],[651296.549318179138936,326855.564695099135861],[651189.591131076100282,326236.899889389635064],[650552.713686831761152,326015.555002588720527],[650424.319791561574675,325273.156105565023609],[650105.85321223619394,325162.499547460000031],[649765.5615324084647,325044.266637965862174],[649770.20051387976855,323758.435846093343571],[649129.538443708210252,323686.568332662805915],[648426.490236081299372,322804.556461424566805],[647957.649390624603257,322702.295593162300065],[647637.344754966790788,322302.111890728818253],[646183.978650193777867,322189.107225122803356],[645371.352243584580719,322147.91417153691873],[645323.306024206220172,322414.475355729286093],[644107.162381493952125,323664.122244449332356],[643987.814418929163367,324658.385969356226269],[643201.478753262897953,325467.563719244441018],[643130.196343954419717,326195.272689473058563],[643012.061560244648717,327033.226448791159783],[641017.888146170880646,327084.723885617859196],[640468.23598639073316,326594.761037227348424],[640059.167200177093036,326431.530423850868829],[639679.052754056523554,326092.792590599856339],[639269.958467151038349,325929.587860834086314],[638889.807950119604357,325590.874886125326157],[638480.688152688904665,325427.696080240071751],[637712.590703898807988,324602.357190538139548],[636865.89541454880964,325346.8470475244103],[636442.522502503474243,325468.34481985430466],[636030.440799859119579,325767.392512980033644],[635607.090627920581028,325888.918624995858409],[635195.04227937606629,326187.994652622553986],[634983.377563710906543,326248.770115506311413],[635048.012677082791924,326619.896365863445681],[635366.552672444842756,326730.178192040533759],[635399.989776041940786,327570.856476038810797],[636132.812507265014574,327693.034732151194476],[636469.522365242941305,327809.672099504969083],[636492.845008670119569,328635.638027332781348],[636324.326695733121596,330837.196384439826943],[635753.005367106641643,330973.180023088236339],[635355.005887686624192,331289.739677251200192],[635136.471198879182339,331341.778863940446172],[634791.492825142922811,331423.935544022126123],[632941.982648524455726,333431.805367068795022],[632965.970876221545041,335177.523526202072389],[633239.795662767137401,335625.259453835664317],[633280.057535368367098,337042.491616782033816],[633656.261028343462385,337657.771957091521472],[633483.8520469161449,338559.127303801709786],[632772.629418855998665,338728.720637629157864],[632236.616419830126688,339436.530850971699692],[632307.910842595738359,340230.56253366562305],[632581.631125594954938,340678.304535541334189],[632652.461410498828627,341749.786376797186676],[633155.140753209590912,342276.254453897592612],[633367.229793773614801,342349.764144793094601],[633266.123900373117067,342712.687101069139317],[632938.607732416130602,342790.791427687567193],[632871.262119100196287,342403.679842363402713],[631938.12217105308082,342215.730844542500563],[631191.07443615864031,341379.821446513931733],[630766.839214434614405,341232.879211722756736],[630266.215663929935545,340745.712186134885997],[629056.851150611066259,340823.56226159731159],[628841.283317890716717,341598.163474516652059],[627753.180735086789355,342596.752772329142317],[627047.251636824337766,342436.032717393711209],[626546.545507310191169,341949.006169863918331],[625035.402949293609709,342000.556670592864975],[624637.999531705165282,342317.486714756931178],[623202.691567214787938,342310.028709946258459],[622990.551799378823489,342236.68825563963037],[622626.068446523975581,341882.391759195306804],[622078.685615341295488,341693.179730599396862],[622024.697269013733603,340320.151175289880484],[622470.768058367189951,339730.037314734479878],[621420.355899239191785,338307.084304137621075],[621422.105977862724103,337137.25058498501312],[621203.737242244882509,337189.532644798106048],[619949.700712674180977,338389.449091323884204],[619655.583658844116144,338501.011552530224435],[619038.593009661417454,337901.765196763561107],[618895.898414907278493,337087.495812834007666],[617557.29974157072138,336886.150371394993272],[617192.505447728326544,336532.025400957209058],[616574.378996415995061,336439.116792020853609],[615846.745041309623048,336477.246036712953355],[615643.532205466646701,337210.241119025740772],[615217.872447794652544,337361.026699511159677],[614351.504350726958364,336394.548731374263298],[612709.336680820444599,336189.48926464660326],[612344.393043073709123,335835.504674819065258],[610702.132935903035104,335630.704760204534978],[610337.118970780167729,335276.779146997898351],[609912.468643735162914,335130.538468033773825],[609547.418174167978577,334776.636981851246674],[608523.253584664082155,334664.685741482186131],[608304.907158944057301,334717.1880619743024],[607907.736243303632364,335034.620464577106759],[606960.301507346564904,335130.931054172688164],[606755.223748740158044,335872.752159574942198],[606209.417734968941659,336004.073190284718294],[604956.755103405914269,337205.461163550673518],[604662.759495193022303,337317.369527908100281],[604161.023243776056916,336831.242105674871709],[603736.365594653063454,336685.205397479701787],[602987.195220766006969,335850.984950168349314],[601487.439356909366325,335654.130950574704912],[600941.952597289928235,336090.64483127638232],[597882.579762053093873,336009.478391977841966],[597648.25265158212278,335959.270737792714499],[597326.814133874257095,335560.300964810769074],[597092.47686179052107,335510.103694823337719],[596854.469054390210658,335538.139108958363067],[596497.086522705154493,335905.259425051568542],[596021.090338209760375,335961.357359607238322],[595628.689597599906847,336364.557445598184131],[594507.143974259961396,334965.994188629672863],[593632.519753952161409,334846.768274162255693],[593310.929254240589216,334447.90320114674978],[592911.492667989339679,334350.889982320484705],[592481.253057682537474,334793.120232454617508],[591599.33144693239592,334830.492616106814239],[591242.088987837661989,335197.758906145871151],[589211.547757246764377,335181.984749184630346],[588439.827022788929753,334221.7575905934209],[588205.437503017601557,334171.724244977871422],[587967.432267496013083,334199.925588642130606],[587183.082385711255483,335009.834564291988499],[586539.192691489355639,335019.341646174609195],[586304.812269578920677,334969.343043166270945],[585598.310863817925565,334090.700274469156284],[584317.634297223761678,333953.444113370962441],[583995.738955299486406,333554.816142827970907],[583761.323272076784633,333504.864866432675626],[583543.079400843358599,333557.791893005429301],[583146.526761565939523,333875.996405043057166],[582022.232789545319974,333950.403546684305184],[581153.207234689034522,332986.204608991567511],[580600.076940805069171,332797.176556451129727],[580595.796977921854705,330341.430468858336098],[580311.078682926250622,329880.326764314260799],[580646.843090297072195,329433.408067223208491],[580274.483058638987131,328830.451315769110806],[579699.275534620392136,328633.963925056857988],[579333.226939511136152,328280.945485100266524],[578801.71333713142667,328099.466443711949978],[578691.298572460422292,327481.394482832751237],[578327.762616573832929,326893.018201209488325],[577538.829407858662307,326623.702006975654513],[577940.52869728684891,326088.877076409407891],[578027.870602599577978,325385.425708886876237],[577621.659675943781622,325366.996480438858271],[577594.514995391131379,324541.150602773530409],[577044.583759100874886,324353.506757611175999],[576541.291526801767759,323868.51830309710931],[576247.280502456473187,323981.069209437759127],[575850.645773263298906,324299.472988939087372],[575632.287376668769866,324352.530629435379524],[575544.021438127732836,325541.880454106256366],[575189.285360187990591,325912.377543504000641],[575096.155941810691729,326446.055951452581212],[574102.499840711476281,327479.628614982997533],[570850.051679525757208,327411.875309322786052],[570461.726245224941522,326932.271546352829318],[570061.57864538312424,326835.965419569169171],[568778.757289789617062,328165.207740943471435],[568302.646176421898417,328222.337612983072177],[567911.016787784523331,328626.256964978587348],[567556.901830315589905,328189.076212067680899],[567157.123679541051388,328092.875840696506202],[566727.60910538258031,328535.953673065581825],[566489.566056435462087,328564.554886342782993],[566443.187975020264275,328831.43276243575383],[565877.320365490624681,329422.279837922309525],[564992.256674880743958,329461.625636135286186],[564209.165582621586509,330272.920618302247021],[563565.108098649303429,330283.588656610925682],[563159.053458648966625,330265.620704199071042],[562924.512344519142061,330216.05407649022527],[562601.869366655708291,329817.977398234885186],[562367.318170577520505,329768.421183639788069],[562040.018437215941958,329848.342106503376272],[561838.402711425791495,330587.513698146445677],[561032.909281615167856,330696.881504026183393],[560529.310793078504503,330212.496718116861302],[558407.509067837381735,329993.401074469671585],[558171.759708723402582,330858.712720256939065],[557764.349872363382019,331015.4605471281684],[557260.646878109313548,330531.203138887067325],[556977.964242987451144,330392.977397695300169],[556433.880040789255872,330831.382699115842115],[555997.57412910007406,330938.175717635953333],[555044.205073124496266,331822.700697941763792],[554838.367908841697499,332579.098268334462773],[554293.080078083672561,332712.644089040055405],[553897.272995612816885,333031.760506486636586],[553461.065469043212943,333138.643112766381819],[552639.30777755449526,333901.488899544405285],[552203.141656604595482,334008.415683007740881],[551807.426683968165889,334327.601361527980771],[551371.282973130815662,334434.557187325088307],[550849.91882557340432,334855.192500913515687],[550737.575617526774295,335268.605004576034844],[549707.735286260256544,335287.009187791263685],[549312.122664309339598,335606.276681877556257],[549008.565346830175258,335719.03595696791308],[548366.412012252840213,335055.514067291398533],[548376.720255985623226,332148.25863288535038],[548099.92786330182571,331702.356522293644957],[548033.83567560929805,330664.704018027929123],[548500.955286986194551,330550.054325192933902],[548472.277620228356682,329732.963657807093114],[547188.606418543145992,328245.613112795865163],[546656.712472176644951,328065.475093056098558],[546589.530650464934297,327694.787303039105609],[546376.762716823490337,327622.732199433085043],[546009.80594097240828,327270.671475103823468],[544669.387610183563083,327077.003906480618753],[544553.460442137671635,326438.037787732086144],[544276.39636034949217,325992.240629923879169],[544160.43496048101224,325353.284249377436936],[543438.836199903511442,325249.1339592107106],[543442.143559524673037,325980.347160472592805],[543794.383484705816954,326419.706444559851661],[543405.996647953754291,326827.453330379968975],[543340.417237121495418,327555.737746785802301],[542992.15375134034548,327641.341929623275064],[542778.060222347150557,329742.142368049535435],[542091.181796946097165,329911.054764322296251],[541924.810138892498799,330834.56726017955225],[542692.736922359326854,331904.667507396778092],[542769.656868054764345,332698.153141726390459],[542328.118228665785864,333289.791245501022786],[542614.063920013140887,333750.063643086643424],[542710.639788377447985,334082.206950872438028],[542179.64851530501619,334793.790428680367768],[541589.727742450661026,334938.94913703534985],[541194.318900036509149,335258.468922569300048],[540900.908183361170813,335371.850004541105591],[540396.78214712603949,334888.238710551988333],[539778.197016422869638,334799.060498122358695],[539679.730644846684299,335162.705710138194263],[539134.737198749440722,335296.905468865646981],[538182.887725587701425,336182.735784946125932],[538010.909828651347198,336818.206918328534812],[537697.268339702044614,337238.938719817146193],[537612.177788391476497,337942.751128753414378],[537618.091539771179669,339112.621136310219299],[537895.055995214614086,339558.326726511470042],[537991.695563406334259,339890.45250967546599],[537549.798240594216622,340483.35504201927688],[538361.374115762999281,341594.153168479388114],[539291.545288104680367,341774.464422093646135],[539658.226302047958598,342126.377351592527702],[540894.671583143644966,342304.76066589995753],[541261.293815328041092,342656.721321244258434],[542092.016896286513656,342817.964990733482409],[542458.591569395153783,343169.96162333781831],[543006.921133816591464,343355.751926116179675],[543069.338280546246096,344728.504199052345939],[542638.339646548614837,345306.528678257309366],[542507.015387671068311,345791.382502329710405],[541768.208002525498159,346656.162362466391642],[541599.887123521533795,347277.888183938572183],[540654.085215323837474,347379.153304263076279],[540259.057932394789532,347698.741604527691379],[539700.548470924608409,347836.402158379671164],[539531.004591943928972,348900.498103197023738],[539217.572273825062439,349321.241748639906291],[539033.169025510316715,350845.635555870772805],[538687.881383329164237,350930.800806826562621],[538668.325382441165857,351392.23650914238533],[538622.571413159719668,351659.275552858191077],[537634.15829312405549,352695.562516012287233],[537393.643327003461309,352725.078824090538546],[536754.102848867769353,352658.852469923265744],[536431.304589642677456,352261.354814604390413],[534981.025482369004749,352161.025663324049674],[534877.169572510640137,352545.561898226093035],[533527.894091790076345,352625.141741196857765],[533133.205164009472355,352944.96942622109782],[532915.535027043893933,352998.776916116126813],[532838.924243170651607,352616.890077198971994],[531915.63390982884448,352427.512145105632953],[531388.194872560910881,351943.188836648711003],[531118.620919333770871,352066.144295043952297],[530716.971452525700442,352377.401264734740835],[529765.487420424236916,352490.925355693849269],[528468.17291892983485,353958.784571031690575],[528330.444336541229859,354435.185282659716904],[527600.088739100145176,355309.510645566275343],[527462.403095528366975,355785.927293584565632],[527156.538223767536692,356215.641739858663641],[526977.477704469580203,357286.742014717601705],[526163.283589778118767,357389.33061728469329],[525503.087998480419628,356783.371861960855313],[523918.013230410346296,356861.201667679357342],[523681.829873287118971,357679.477378203067929],[523173.520806879503652,358074.04736222489737],[522959.490222100925166,358132.348951127030887],[522341.959162109065801,358044.003965166921262],[521468.794467216590419,357081.85823667346267],[521327.954386684985366,356310.598611113382503],[520796.945256108418107,356131.497848856437486],[520032.81805510079721,355289.850970341998618],[519624.859360872360412,355621.247173767886125],[519332.112875246210024,355735.150860256399028],[518828.078297007421497,355252.30102097132476],[518403.211780084471684,355109.088361784059089],[518036.375223404436838,354757.743776255520061],[517753.865686242992524,354620.358795822539832],[517199.344467943825293,355070.976621196663473],[516808.627922596759163,354696.803117701667361],[516401.627617722202558,355027.585021831386257],[514968.281962887733243,355032.349140125967097],[514944.482740214501973,354758.804267280967906],[514429.34271371352952,354125.219695749052335],[513960.852330450201407,354027.867594473005738],[513637.406468601082452,353630.94090244511608],[513403.150422274018638,353582.277465523628052],[513468.225275776698254,353339.679126868315507],[513780.694560863659717,352918.280186102085281],[513910.865486410621088,352433.091599555453286],[514223.369518826657441,352011.707399750885088],[514353.563753939757589,351526.527754813199863],[514666.10249502887018,351105.1583863942069],[514828.876471584953833,350498.676808564690873],[515155.310431060788687,350417.522794807446189],[515174.012806029699277,349956.051708446640987],[514939.692760115314741,349907.361364802287426],[514616.16081500047585,349510.425263249373529],[514381.830721727164928,349461.74530127766775],[513976.387725417967886,349445.345992966205813],[513845.900556021078955,349931.636368927953299],[513378.058100839029066,349484.099787085317075],[512142.045838319172617,349308.381632152828388],[511762.929792886367068,348945.809514348686207],[511343.08327950432431,349287.16498041752493],[510963.944799257616978,348924.616653935285285],[508916.921935375779867,348716.644983733363915],[508549.636084826139268,348365.594003583886661],[507718.949531376594678,348206.533254471374676],[507351.616212984547019,347855.518372662423644],[505852.344564551138319,347669.919501250551548],[505310.792604953807313,348110.590103930735495],[503801.571919428301044,348176.551864254986867],[503296.650962243555114,347694.349538976501208],[501867.506267995981034,347574.927250802284107],[501843.719105413358193,347305.048998480604496],[501522.202953842177521,346905.843800920061767],[501529.207713659212459,344981.672906598774716],[501207.617420772498008,344582.484233226219658],[501183.805465764598921,344312.614845809002873],[500778.198242719459813,344296.636482324101962],[500372.590516212570947,344280.671059360203799],[499651.822391219087876,344178.987963545077946],[499511.086602877068799,343416.812608490581624],[498979.255869155284017,343238.642192694824189],[498611.537550365494099,342887.894849313946906],[498398.793761159293354,342816.63182199629955],[498359.879858962784056,341979.488352803105954],[497849.295246256748214,341477.090151550655719],[496505.868939809559379,341274.550528116466012],[496409.753172607626766,340188.395994802354835],[496141.634603608341422,339732.853069982898887],[496010.869392198685091,339111.207537626381963],[495089.553197734872811,338921.609127136296593],[494711.358025102235842,338581.721821001439821],[494192.053875729907304,338390.302721179672517],[494039.479177584697027,337665.581784188223537],[493396.130076417583041,337428.463766470958944],[493324.827535514545161,335909.075184557645116],[493056.49887149425922,335453.614665579807479],[492954.699404912360478,334970.463224111299496],[492622.959358999098185,334407.446120976179373],[493041.351502989709843,334289.160451823961921],[493180.027846561453771,333769.486391112499405],[494895.903536001394968,333961.926456567482091],[495364.982262363424525,334408.722267310484312],[495494.866143583727535,333922.311651184223592],[495462.492014392802957,333096.567607245000545],[494805.4278384175268,332876.876043091993779],[494668.149520145962015,332136.00853091373574],[494135.775796350033488,331958.05701112980023],[493767.579091651830822,331607.48463607497979],[493554.618080569955055,331536.309168319567107],[492913.871059511729982,331472.296367021219339],[492589.160462598083541,331075.985089559224434],[489512.191249009803869,330918.112484051904175],[489106.156880313530564,330902.506389093003236],[488868.395431856857613,330932.559989113884512],[488514.140368946362287,331302.699036622419953],[488038.637181346013676,331362.833179046283476],[487050.618165782419965,332399.869459942623507],[487005.359772826777771,332670.412252356298268],[486904.983991724904627,333047.268689782184083],[486082.062313573085703,333160.152078562474344],[485206.036155056965072,332202.502451523730997],[484780.047993338608649,332060.440532338572666],[484411.608050067909062,331710.137429295282345],[483985.595137647818774,331568.102631839748938],[483617.119019851321355,331217.823951209255029],[483084.553377302363515,331040.334760234109126],[483015.58137163327774,330669.968918824975844],[483033.088411100499798,330208.532746022625361],[482964.1084894593223,329838.169931228156202],[482431.475667525664903,329660.710021206177771],[482062.899367949517909,329310.482116635132115],[481636.781112721306272,329168.528602888283785],[481130.245535508089233,328687.286212811653968],[480837.28074694814859,328802.045866514788941],[480443.294885878451169,329123.43793815234676],[479501.656878986686934,329228.69689738820307],[477343.49782574234996,331597.171722422121093],[477178.215891484986059,332219.668498591461685],[476232.022694777464494,332325.707436279510148],[474868.074723659723531,333661.057120976853184],[474155.17948765004985,333508.649625669408124],[473648.558311851578765,333027.685268739063758],[473355.763759128050879,333142.622414405399468],[472962.100127865734976,333464.260236007743515],[472526.704524306522217,333573.918310810928233],[471710.032357443415094,334342.000495106505696],[468331.591645636886824,334346.974297084845603],[468227.975509926734958,334738.437116934452206],[467990.34888704738114,334768.882271406881046],[467636.818787262192927,335139.618249004532117],[466012.861497280362528,335158.419871299120132],[464843.214312335359864,333729.355056262982544],[464202.49012696929276,333666.786297790764365],[463796.543440630484838,333651.987430561042856],[463069.629027287999634,333698.849840881302953],[462871.620694417390041,334448.150826222554315],[462545.156731030961964,334530.633591325429734],[462528.384768364659976,334992.119103980949149],[462582.419879803084768,335230.847455892304424],[462846.689940932556055,335691.122433573473245],[462820.422226708789822,339860.578941979503725],[463084.575116743508261,340320.878490826522466],[463149.460036715085153,341982.081910077948123],[462720.097648956463672,342618.242019476718269],[462577.712236487248447,343086.627044770983048],[462280.88531368621625,343526.534875879820902],[462073.776785048947204,345518.411047696252353],[460715.529435514996294,345626.371935447561555],[460159.856261630775407,346086.633952547621448],[459964.470776176080108,349687.225104632147122],[459861.321259710181039,350078.255062496988103],[456892.46948018897092,350101.519177769951057],[456499.729444479569793,350423.722189255175181],[455066.162427855248097,350435.241337137587834],[454042.504269144323189,350335.713018738722894],[453673.821361677080858,349986.238513247692026],[452985.135791713662911,349835.8349141011131],[452445.585886931279674,350278.772001228004228],[452153.384000102756545,350394.218324074812699],[451646.685663238691632,349914.052446256449912],[448687.067942793131806,349678.924701290321536],[448565.532927366090007,349034.710560391598847],[448139.22698150202632,348407.548411974392366],[446617.275878302229103,348287.009539935213979],[446570.671309323923197,348040.200403040158562],[446290.809927550842986,347596.444323444040492],[446164.669159158424009,346928.641489828296471],[445678.459017241839319,346468.45198532595532],[445132.359274023678154,346287.983898245089222],[445045.637622776383068,345213.953479364747182],[444765.654996820143424,344770.242617407871876],[444735.137502370867878,344061.895272488589399],[444500.490803131251596,344014.505190229858272],[444174.674468373472337,343619.379750915162731],[441677.193524496397004,343454.028621416538954],[440961.631163067475427,342583.355142646585591],[440321.281447841960471,342521.985047669499181],[440251.165260274079628,342151.807851907622535],[439718.533205751504283,341976.115228367445525],[439349.213402005028911,341627.081887040985748],[438416.99228364857845,341453.895904764416628],[437997.657207522017416,340838.514593914791476],[437904.038532814069185,340344.994195401202887],[437233.807803616975434,339425.965430884389207],[437156.003498881822452,338470.917995354800951],[436485.611883980513085,337551.94431383209303],[436391.901612801419105,337058.450167634466197],[436006.467198952566832,336449.03099217248382],[436186.273217227251735,334633.653293208044488],[437159.774324579862878,333696.299585320462938],[437748.34233529609628,333546.300977771810722],[438157.26452036772389,332988.698739162064157],[438284.669411212089472,332502.824351812945679],[440282.859914045780897,330289.707881715497933],[440378.535360785725061,329123.796826293284539],[440353.071059112844523,328850.758002663089428],[439052.754670928406995,327269.032557554659434],[437599.318769807752687,327179.824576035374776],[437386.390037072997075,327240.97971441358095],[436984.101457340118941,327552.261904125160072],[436558.264952795230784,327674.596804770466406],[436156.010355532809626,327985.906587826553732],[435868.94256997393677,328113.018301080621313],[434964.479470717255026,327158.02502955426462],[434428.647805730171967,326963.502570266951807],[434329.524363598786294,325904.280164106981829],[433971.307252412487287,325303.109903022123035],[432868.583973724220414,325081.986690979741979],[432767.461623251438141,324003.02962799242232],[431998.696768830879591,322922.669050612312276],[431033.072978771000635,322729.263968389364891],[430557.828355329518672,322307.019738877716009],[430460.009924832382239,321854.343070942442864],[428921.52962433884386,321869.827906038903166],[428819.17960506665986,322261.009209905285388],[428713.555995133472607,324374.311413402901962],[428363.23083101992961,324748.888755839841906],[428276.276304681843612,325283.627690879337024],[427925.987467842118349,325658.220268686010968],[427748.66545890760608,328883.57006195402937],[428920.219182380591519,330311.944155832752585],[428924.333390027633868,332235.904939098632894],[429248.455330369877629,332633.223978406516835],[429252.494280755927321,334557.22633875842439],[429966.854003914399073,335429.80336859927047],[429945.414201416424476,337084.136176601517946],[429302.111663365853019,337101.598615892289672],[428915.315390144707635,337509.823999158921652],[428556.887535057147034,337076.477909878536593],[428156.523740250908304,336984.6352767823264],[427732.327313960471656,337432.436201355303638],[426445.773769943683874,337467.61768072261475],[425672.306580179021694,338287.489436317235231],[425197.446869482111651,338349.976634077320341],[424845.295092725777067,338721.917613073135726],[424033.95480062160641,338773.216422497527674],[423640.699190649378579,338298.047116365516558],[423240.344162264838815,338206.358141381526366],[422816.363421680987813,338654.328995471762028],[422173.16183469776297,338672.152507773891557],[421361.587307347101159,338645.248685587139335],[421266.569776320131496,339009.823419445718173],[420940.527990369475447,339093.378239879268222],[420903.37667773355497,338267.777033038670197],[420352.057890661584679,338086.880842990416568],[419970.083292763971258,337727.081330449611414],[419418.50420625921106,338181.891679168213159],[419134.639433124626521,338046.718772401625756],[418764.655232211574912,337698.293904570571613],[418338.200063710508402,337558.447870359348599],[417956.153769190772437,337198.710392721812241],[417551.323973877937533,337532.601483908016235],[416928.144835976767354,337575.075260734476615],[416913.020802908751648,338036.638129800383467],[416810.221888097992633,339318.643796238407958],[416461.885109549562912,339408.049780175846536],[414604.001797540695406,339308.185531665105373],[414083.35421119077364,338678.757766054710373],[414031.668421593029052,338135.751765749359038],[413513.8451272729435,337503.477977294183802],[413109.889443806780037,337411.354727150523104],[412265.746473012201022,338308.083943763864227],[411622.559887286333833,338326.440823424316477],[410086.162284739722963,338344.211026163829956],[409894.222526541445404,339083.112602768465877],[409489.110373573377728,339244.616901133849751],[408980.391281776071992,338766.197583895234857],[408553.876115229388233,338626.677857766975649],[408183.630894825095311,338278.557876530219801],[407493.853577634668909,338130.631990127789322],[406955.487086768669542,338575.451665793778375],[406257.687253597425297,338678.966821198235266],[405748.827045508951414,338200.678827319585253],[405535.544943280750886,338130.971606807841454],[405509.371567737078294,337857.902342674264219],[404597.040227360266726,336754.141573655593675],[404362.133786743564997,336707.494500100438017],[403718.890921555226669,336726.250411120185163],[402912.540579583495855,337584.053356984863058],[402553.192451778741088,337151.359711480268743],[400865.863386484037619,337019.730949158896692],[400538.539566699240822,336625.74600334558636],[399256.984344734984916,336507.11223348841304],[398538.18439826957183,335638.874919863068499],[398137.293069922598079,335547.968066301837098],[397085.704537628625985,336668.158367334166542],[397042.373820935492404,336939.033156215795316],[396401.603795637958683,336879.876027963648085],[395879.974578460212797,336251.204625043086708],[395853.562478257459588,335977.932981613499578],[395212.740208812290803,335918.836058498651255],[394885.215730108320713,335524.999880866555031],[392385.839731600019149,335369.333474015118554],[392058.215012458327692,334975.571791816153564],[391588.25704603921622,334882.745939030079171],[391228.516283414617646,334450.458865598775446],[390842.903032970498316,334859.833988271071576],[390031.527103221276775,334913.2988621549448],[389636.910550614935346,334439.194352828315459],[389401.91494052571943,334392.824150535627268],[389464.674382332188543,334149.63739925675327],[389888.848945581761654,333566.496051264111884],[389816.611796228506137,332312.368806570768356],[389142.539992541191168,331395.934801934286952],[389051.212670765875373,330326.010240281932056],[388538.43502811138751,329809.291656448447611],[387299.26329038728727,329645.736188674985897],[386928.180514726962429,329298.261557041492779],[386257.359486501431093,329080.284538270148914],[386511.320015137142036,328823.611053711967543],[387194.157886019500438,328646.748994897527155],[387114.991279660025612,327609.987273322127294],[386832.607477766869124,327167.620922771457117],[386736.884622250800021,326674.536444834782742],[385670.049756778113078,325284.455428027722519],[385588.235552277474198,324329.84231326833833],[385305.719989452161826,323887.522768366441596],[385299.691520353313535,322256.37538466101978],[384249.469658844987862,322263.828033254889306],[383898.137400375038851,322636.847444483079016],[383492.326069739065133,322702.970959786849562],[383097.065564004587941,322229.120874572487082],[381001.316805968934204,322087.924585975299124],[380672.981876396457665,321694.502293456578627],[378577.130114108382259,321553.705128290399443],[378248.707546251476742,321160.346889479260426],[377778.149146535957698,321068.040838677901775],[377449.68912923411699,320674.704813356278464],[375353.649465218768455,320534.43858984374674],[374829.905206583265681,319906.257889945700299],[374844.098641348828096,318248.927447288937401],[374200.017105943232309,318269.169046459661331],[373848.884277929726522,318642.452585182210896],[372967.194151785399299,318694.958223156572785],[372616.109306243364699,319068.277285282092635],[372140.866288191173226,319132.731181653798558],[370321.938724456063937,321078.413052493182477],[370225.971256626304239,321999.318268508359324],[370618.76769922755193,322475.916914794477634],[370645.407413580513094,322745.483903608517721],[371351.576017365674488,322837.665345013665501],[371497.439959526527673,323315.032512187084649],[371073.813822365715168,323898.732308070699219],[370917.707124811480753,324506.890138152928557],[370374.347144489060156,324648.296362556458917],[369563.533280145493336,325422.866203715035226],[368940.001776741992217,325467.683556182542816],[367110.3532757202629,325342.144669728062581],[366720.853057380241808,325014.308067317178939],[363748.753535931347869,324777.352737099980004],[363667.962002031912562,322771.029658519779332],[363402.414663631818257,322310.158789741573855],[363289.013086317223497,321262.569037989364006],[362760.278274871234316,321060.031031293154228],[362370.532652414229233,320732.339570339827333],[360540.164893827168271,320607.747536096256226],[360438.733478487236425,322235.735472280939575],[359595.288487379380967,323250.692883117939346],[359025.664381498645525,323399.4692951454781],[358215.485664432344493,324174.75440069794422],[356968.418384000717197,324265.529682805412449],[356564.860425767954439,324601.32116110768402],[356180.720302378991619,324243.478527772822417],[354462.161057229561266,324069.752793411142193],[354266.995001784118358,324834.221830779162701],[353959.336856539011933,325259.414947517681867],[353797.679852739092894,325892.80249674571678],[352665.822450679552276,325930.54354291484924],[352339.975848832400516,326015.845724957122002],[352246.861731730925385,326380.893671809113584],[352208.55952912097564,327765.68048884900054],[352112.267236875835806,329048.091441618860699],[351546.992483025649562,329196.15660188003676],[351156.424334290961269,329521.546312886755913],[350939.260116146469954,329578.453959813632537],[349485.818329131463543,329499.301836629048921],[349156.74062660173513,329106.663446856080554],[348515.427596315683331,329049.920337834220845],[348301.706852497009095,328981.177580425399356],[346748.960898465127684,327216.791211053554434],[346214.554391597339418,327045.036652667738963],[346063.623553990444634,326280.505009629996493],[344935.584529382933397,326180.769299683102872],[344529.399093192012515,326169.774353283282835],[344552.165529316582251,324053.871623097278643],[343831.436021167319268,323186.177792333532125],[343866.521170602587517,320608.753419738146476],[343933.217998334788717,320371.064056473551318],[344231.121804061811417,319934.263223817979451],[344364.53700192947872,319458.892188414174598],[344721.807439731841441,318935.110320099105593],[344137.670762064517476,318374.981122560915537],[342094.184469258296303,318183.058026976708788],[341711.435771796212066,317847.789554409333505],[340666.370802734047174,317646.222189000283834],[341179.668825741391629,316893.320551272539888],[341098.931028848746791,315101.442446298140567],[340450.26458804262802,314871.537926414399408],[340315.584235511254519,314269.272851372312289],[340036.160880903946236,313808.466248764772899],[340399.099235628324095,313276.209534656372853],[339814.505105944932438,312716.305821596528403],[339396.541992968646809,312568.278208316420205],[338224.77370287431404,311288.414930140716024],[337702.229700737865642,311103.430808330420405],[337621.31913168344181,310742.108104680664837],[337383.650600569148082,310774.982739536790177],[337033.430901732004713,311149.256786270299926],[335575.779311179125216,311149.975384567223955],[335649.160344306263141,311519.468813260027673],[335970.281667398288846,311622.232154998113401],[336022.99308458523592,311864.478872608277015],[336299.875722523080185,312313.804272355220746],[336385.689739702735096,313540.592178878490813],[335882.645971496647689,314268.220304384594783],[335146.109717895800713,314479.924565457447898],[334949.474499936564825,317029.784740311617497],[334391.200838969380129,317190.32570709020365],[333575.032715772511438,317958.60358276165789],[332220.872546599362977,318069.675764043116942],[332057.359945868665818,318969.73209840094205],[332447.531369614473078,319602.911713984503876],[332539.032058397191577,320622.663671770016663],[331856.180746275640558,320819.234355203923769],[331458.72997396584833,321136.67211007385049],[331031.47404404822737,321259.684591049794108],[330634.057531936326995,321577.149459568841849],[329607.779211676155683,321617.616971862211358],[328559.694897423207294,321551.375476476212498],[328229.768838434596546,321159.30471265653614],[327421.949662472703494,321060.181773497140966],[327000.892603927000891,321511.27013443649048],[326763.455504097975791,321544.346564403618686],[326549.857872708409559,321605.930045180837624],[326152.566863583342638,321923.53602204361232],[325884.540107168548275,322050.79766817681957],[325339.763218422362115,321567.640551398159005],[324933.60228889103746,321892.387263204262126],[323287.484110253804829,321984.628443916270044],[322890.288215879583731,322302.337599206890445],[322341.223165678966325,322460.857120394124649],[322162.415781387593597,323645.794274314597715],[321368.44865954015404,323783.692304362251889],[320822.887550589395687,323300.101361542299856],[319999.729827041213866,324077.020006618869957],[319572.69129953609081,324200.420721556060016],[319175.656846254132688,324518.252672192058526],[318748.641532596258912,324641.681527836597525],[318351.641463782521896,324959.540568935801275],[318083.758888145035598,325086.970318835694343],[317547.359467535396107,324611.67553027253598],[316118.486103762115818,324509.071512761991471],[314493.529264411597978,324468.845842924783938],[314418.258846669516061,326121.486383876297623],[314071.43880254967371,326499.209860979230143],[313945.72076262824703,328802.47374048421625],[314340.345226420846302,329277.368525316182058],[314373.149871551955584,330739.603401440952439],[314700.78317238407908,331133.996694235946052],[314744.945379025943112,332134.599607366195414],[315861.581044121005107,333472.451601287175436],[315882.7159171247622,335396.417426755011547],[316210.176160595845431,335790.866570681973826],[316242.710462966817431,337253.196006393292919],[316570.109045123972464,337647.6612397225108],[316604.547631060297135,339031.191218435647897],[316153.290089499671012,339522.996365355269518],[316512.67574589519063,339956.086271649342962],[316540.397713140177075,340225.585622141195927],[316303.338481238752138,340258.864059901097789],[315954.513730966951698,340633.82363159727538],[315480.415251712081954,340700.406967860239092],[315131.626734248886351,341075.390871008334216],[314657.549640558601823,341142.005226047185715],[314308.797262869309634,341517.013357510557398],[313429.047433608910069,341573.655768260243349],[313080.343211070809048,341948.69930006377399],[312675.327520782593638,342017.087195950909518],[311884.015076891286299,341073.700669270008802],[311648.904216616123449,341028.763546103378758],[310923.283328912570141,341084.318523470312357],[310764.97856268734904,341714.203609222255182],[310459.175667761417571,342140.519163303310052],[310325.492248837370425,343089.420455147977918],[310019.734965058567468,343515.752430562570225],[309936.032807083858643,344682.785237014584709],[310149.674998824484646,344750.893784672894981],[310916.600206196832005,345567.811492881388403],[311494.626786887063645,345752.161663326609414],[311975.941064978949726,346497.868350004544482],[311823.501868965628091,348208.040450237982441],[311507.876605510595255,348648.214215823914856],[311907.967310101434123,349268.251855515758507],[311736.255568943335675,349739.403369584586471],[310001.057662726088893,349829.317420092353132],[309612.187841966398992,350156.050210960558616],[309048.380898191186134,350306.036367492284626],[308872.89357691881014,352756.193188027711585],[308037.094408927368931,353772.956869601563085],[308049.772446437040344,357934.073291640612297],[308607.591227996512316,358112.026765238493681],[309384.985889101866633,358940.92576605459908],[309787.099513293884229,358602.791337476344779],[310003.573562356701586,358545.163682808517478],[310238.3629269907251,358590.077281631994992],[311157.295699596870691,359687.667483253811952],[311178.914339967188425,361615.152738080942072],[311537.802901160088368,362048.195811445824802],[311158.136845714179799,362463.133685373177286],[311117.207990376628004,362730.998971398454159],[310880.581194827100262,362764.387236990325619],[310532.501310203282628,363139.582061569322832],[309485.872374065453187,363153.213978595100343],[309358.104221174900886,362616.74543492909288],[308882.836715848359745,362747.732466633082367],[308300.401926278485917,363195.655464988492895],[308065.051157583715394,363047.387111831631046],[307505.024418416607659,362571.738095899112523],[307262.758286120835692,362708.429587394348346],[306854.949774021457415,363022.149139322224073],[306289.949248432589229,362542.373393469839357],[304427.609041805902962,362640.1468840870657],[304024.994183522532694,362950.018934429099318],[302574.087932028458454,363083.734807808767073],[302926.871197370113805,363682.430054288997781],[303029.498168229707517,364620.504543142043985],[303418.89166284824023,365281.506345837784465],[303240.273214395623654,366669.686434565694071],[302710.843158053583466,367077.363020203134511],[302292.519690972869284,367209.955810888321139],[301890.097536348330323,367519.910786478896625],[301367.232005950878374,367685.698152470693458],[301265.120579381240532,368038.438312920625322],[300220.775742733152583,367974.51034512341721],[299891.272909584164154,367582.997394340054598],[299656.61930980096804,367538.271388108434621],[297820.887594568659551,367557.983042911975645],[297432.858048098743893,367885.149910486768931],[296892.207696133118588,368029.776661939977203],[296709.698001491895411,368760.956205551221501],[296169.093360383412801,368905.615279562829528],[295781.14697905513458,369232.837490400357638],[295467.461356928164605,369351.359573454479687],[294191.092842301179189,367935.430785300559364],[293977.767152678861748,367867.575420724519063],[292956.567933524551336,367912.463549131469335],[292559.182701450074092,368228.39315449364949],[290921.707765276019927,368327.752670364512596],[290516.766088985896204,368649.796803765115328],[290011.47464263800066,368208.774702278489713],[289832.090776335040573,369398.074128094420303],[288608.814930103369989,370858.324283026275225],[288024.919816931767855,371034.253726954921149],[287627.7545820363448,371350.348734790692106],[287343.230054472398479,371480.901583491882775],[286431.27715640043607,370536.086441875086166],[285748.14708594646072,370383.690169786277693],[284794.535204057523515,371286.449507992714643],[284178.404723324056249,371341.136176207044628],[282727.787332891661208,371347.919904411421157],[282380.779523165430874,371723.922346500330605],[281503.306115971063264,371782.797128409729339],[281156.346572868991643,372158.834865668963175],[278324.422272730385885,372174.77523763210047],[277926.987100432510488,371703.966381967184134],[274049.71849398833001,371580.456523690954782],[274020.817082817957271,371307.363874842878431],[273494.810784336703364,370683.487683360406663],[273260.13356983428821,370639.248203283990733],[273280.023512893356383,369715.504290239652619],[273320.136886675434653,369447.496409952291287],[273734.973018696648069,368991.101969694544096],[273686.163515245018061,368069.145435166079551],[273358.292553849809337,367675.664225716725923],[273349.636786062736064,366482.470992612245027],[273114.880840008263476,366438.235918385558762],[272784.517424468474928,366047.431195969169494],[272144.836333019717131,365994.520456831145566],[271813.811263304145541,365889.868083892564755],[271706.330091650655959,364978.202396873326506],[272124.049300529470202,364390.961773799615912],[272244.827487372269388,363903.292946685862262],[272558.734953502716962,363462.073736722872127],[272264.02729293575976,363007.800297842128202],[272214.137591965089086,362761.605045462783892],[271574.288721717253793,362708.724372252530884],[271243.776582171849441,362317.974348467134405],[269558.987230166269001,362203.739579823450185],[269228.400433250702918,361813.043885319086257],[268827.844296997238416,361726.197867872018833],[268410.196576804155484,362179.40718113532057],[263955.550228890206199,362164.397504402324557],[260788.684353822492994,358402.729978415241931],[260318.792371971765533,358314.735078626777977],[259987.820265898219077,357924.294482327823061],[259347.689265050314134,357872.031711419345811],[259272.459881285263691,357502.834067718067672],[258494.312245903682197,357257.905945096979849],[258625.693245380738517,356226.166389985766727],[258929.414471055235481,355798.54250053857686],[259017.82107178264414,354169.231525189650711],[257993.496742162125884,354085.4930701314006],[257100.796816793852486,353141.678536083840299],[256941.33740242375643,352360.251805332372896],[256119.221518927341094,352199.60567795712268],[253742.040182118857047,354697.096820353937801],[254085.941408394370228,355225.167053094017319],[253566.670562676561531,355905.824771657178644],[253124.567053361388389,355499.373599136306439],[252839.456468863034388,355367.894649645488244],[252307.392711613705615,355819.320769076468423],[250470.203873504156945,355845.872517745592631],[250137.573603311175248,355947.056409465614706],[249960.909026321314741,357142.507986101263668],[248369.938246095378418,357259.141598597052507],[247824.277966670371825,356786.479210906429216],[247535.338756076118443,356643.876680215762462],[245765.138094536756398,358457.540923307591584],[245553.752281882043462,358521.938941539323423],[245514.20203171056346,358790.00519183272263],[244722.552220505895093,359660.859460975101683],[245083.781136674777372,360092.092990455043036],[245116.891065903299022,361937.574522729206365],[244702.883864455565345,362394.871873311290983],[244663.360349749505986,362662.951500104623847],[244021.91641833120957,362689.788733569148462],[243675.852670654159738,363066.816338794771582],[243034.432130963890813,363093.703627664246596],[242944.704512215597788,363459.661793053965084],[242620.599289580801269,363547.823363078001421],[242572.29878702579299,364277.780894944502506],[242228.641290411324007,364657.606002312619239],[242180.364952479343629,365387.57349043386057],[241775.430031494732248,365379.855806702165864],[240756.909511114587076,365292.010558371839579],[240365.721558397839544,364953.315311505808495],[239961.994472942780703,365276.961673156241886],[239433.908698281215038,365438.207887097960338],[239272.588632959959796,366034.021320065367036],[238979.31141560873948,366473.509095990157221],[238813.278885484556668,367086.786704466212541],[237766.992241039348301,367240.396245721785817],[237609.698973421327537,368313.033796799543779],[237316.529494772636099,368752.570763073512353],[237182.46553149932879,369503.691841151856352],[237575.432125831895974,370143.593801907147281],[237681.294656514801318,370899.214449782855809],[237259.118842335563386,371532.393088735174388],[237540.845857102860464,371991.217517394572496],[237655.341711948858574,372284.939670649881009],[237165.690036499814596,373019.393396829254925],[236558.570822085661348,373205.067148187430575],[236162.788310969306622,373522.781270186300389],[235740.617066987848375,373651.922125968849286],[234931.654228876810521,374424.086877091263887],[234720.588946464762557,374488.676676393952221],[234715.739522847987246,376605.814191372483037],[235440.533464324282249,377467.775922426197212],[235483.472971877636155,378851.624833198846318],[235070.344913214328699,379309.319772371149156],[234991.783250692416914,379845.636448682518676],[234648.758678001409862,380225.730769154150039],[234609.488147577038035,380493.892609837115742],[234520.107028559199534,380859.978377872204874],[234196.503261038684286,380948.372444414591882],[231554.15711098947213,380962.763127621961758],[231168.275365156005137,381292.003712677222211],[230736.874424552108394,381409.979404653829988],[230228.468883858731715,381843.843813479528762],[230067.447663098981138,382504.295156853680965],[229765.312200600717915,382932.731864913774189],[229622.119781592598883,384001.132962653879076],[229069.093441517848987,384152.466796465800144],[228683.371337318909355,384481.794844035292044],[228467.735828167933505,384540.825309183448553],[228428.606066605483647,384809.019150682550389],[227673.308627609279938,385644.028559582540765],[227579.915163817669963,387025.512670401658397],[227975.791100043046754,387498.023356403049547],[228036.092795694596134,387958.000480142771266],[227623.521409744076664,388415.984630294959061],[227584.41828653414268,388684.192527258303016],[227524.987425749015529,388928.304483257757965],[227127.169068028888432,389492.954132519138511],[226543.95966724056052,389652.775778598152101],[226158.466252893005731,389982.201065718138125],[225323.260658862069249,390093.166303625213914],[224422.067029307741905,390979.148333283839747],[224242.149902591743739,390105.449290306831244],[223922.190531471249415,390005.408135305042379],[223813.617394647124456,389478.414798295474611],[223310.665404370753095,389595.384856171091087],[222781.058204538712744,390048.21623559051659],[222496.436289538280107,389917.371776891173795],[221983.058213385083945,389446.215912843705155],[220782.695253428828437,389562.897794412099756],[220600.064791442651767,390314.908737695834134],[220276.803141342359595,390403.667973300209269],[220189.853709504037397,392029.62352108763298],[219483.349469048000174,392921.873605426226277],[219357.682275170140201,393401.686778503935784],[218643.509780674328795,394303.867315025709104],[219458.658668176154606,395387.237384093052242],[220511.443351106077898,395577.222644094144925],[220633.934002826106735,396478.072118483949453],[220219.153925849066582,397094.249971368291881],[220093.494246129324893,397574.07822669739835],[219720.724063395085977,398127.950315631576814],[219332.485021560336463,398244.25371274194913],[219098.153883873106679,398201.003952713159379],[218767.025290607358329,397811.472198336559813],[217559.495382313878508,397712.283738707541488],[217144.841574563615723,398167.359039798320737],[216269.592547055071918,398230.767280806321651],[215925.293802144384244,398608.699477787129581],[215453.955778697039932,398679.057705720362719],[214905.221651140192989,399282.741354300698731],[214858.352671233238652,400016.338922700553667],[215262.182907181413611,400023.198087255470455],[215223.36857658700319,400291.479411216860171],[214677.322098836390069,400898.312887764070183],[213395.647261068050284,400955.203058983373921],[213051.506634764635237,401333.225393676781096],[212815.896251859812764,401368.457021195441484],[212084.511739005160052,401270.610690665664151],[212023.797253671276849,400430.757074830646161],[211806.899634318280732,400368.392315909848548],[211440.778418403555406,400017.540537236665841],[211006.961450564209372,399892.835283279826399],[210640.804200400423724,399542.008435133669991],[209929.842724678281229,399412.733771278522909],[209301.641313611908117,399975.849101364787202],[209144.017054720403394,400487.219938256195746],[209538.390396155533381,401064.385213496396318],[209627.540720262535615,401881.83182030840544],[209214.341318190621678,402445.64993881562259],[209078.647126154071884,403053.861887212202419],[208655.423466709326021,403206.780628501030151],[208148.81333699595416,402721.405971693398897],[207755.137955169338966,403074.500765684468206],[207536.340827113483101,403129.647675582207739],[205517.683071576728253,403096.712659425393213],[205179.636837806378026,402991.436278057226446],[205128.925930896744831,402165.986016368377022],[204489.594714784994721,402194.837035954289604],[204112.096293940034229,402610.141726807341911],[203748.183269351662602,402182.882599838776514],[203279.569649672135711,402096.960533753503114],[202948.068047911918256,401707.824681577680167],[202713.750655005889712,401664.876485642336775],[202667.701149124855874,400843.663019258819986],[202228.750991330569377,400679.248877305653878],[201728.573786348744761,401128.203260636073537],[201290.97078182909172,401238.706760269240476],[200913.650357937527588,401577.446324385586195],[200694.85936968709575,401632.710554002143908],[200631.225452067068545,401871.323332781845238],[200340.083444162533851,402311.878584870370105],[200176.330374562501675,402925.903897737793159],[199251.274468279909343,403065.040720927005168],[198857.35060737884487,403384.02607418037951],[198436.563765830738703,403514.453543900279328],[197944.35520319576608,403913.082517749164253],[197761.50167209218489,404599.428522779140621],[197470.519976458133897,405040.06381820741808],[197343.406336793355877,405517.34162087138975],[196912.694677257968578,406113.859086436685175],[195450.870544701523613,406254.33856827794807],[195296.601620068016928,407334.49428889201954],[194933.211676573439036,407885.164311387168709],[194538.691682088683592,408007.647723966627382],[194304.465524670842569,407964.852302470942959],[193972.851592692692066,407575.925217316660564],[192766.101529901468894,407479.091939326899592],[192319.048268557788106,407972.099709481408354],[191954.903013468021527,407545.153123604948632],[191082.823019914794713,407453.561751387256663],[190751.097462673671544,407064.721147520176601],[190351.495458443328971,406980.312046633916907],[189938.125995383888949,407436.328136675641872],[189467.275485800928436,407507.661774972977582],[188713.559562584705418,408342.467436945997179],[188478.154202371602878,408378.155229674302973],[188501.484457922400907,409109.697505737014581],[188830.817747815744951,409501.160908282967284],[188854.123485606600298,410232.713277596689295],[188815.893677345564356,410501.107662107329816],[188271.888557729718741,411108.80118645937182],[188033.375782886199886,411144.978144650580361],[187962.325353758089477,411961.4172649247339],[187524.243177676864434,412120.661001443571877],[187032.943217472464312,411651.136168119905051],[186322.44650884254952,411523.170456592808478],[185817.5012184138468,411977.992959612456616],[185195.511245068977587,412027.612064011045732],[185085.554395145503804,411500.818444581062067],[183776.932485697034281,411607.608695098781027],[183380.750590208161157,411949.166506465990096],[182994.636165406263899,411596.267818787076976],[182461.780559698381694,411431.23450197285274],[182307.618201157136355,410693.325462483160663],[181774.7157260531676,410528.322715642396361],[181400.670046920218738,410186.580804714816622],[180974.336028064775746,410054.60827919858275],[180600.254642065468943,409712.891771022870671],[180387.076719479868189,409646.91751581459539],[180151.721274718875065,409682.760847267694771],[179808.816417213733075,410061.726051042031031],[177152.414415367151378,410063.447994113725144],[177107.962899497710168,410794.0265314730932],[176767.505704338487703,411175.820293671509717],[176691.565655849786708,411712.689855437725782],[176351.145059339294676,412094.499031809449662],[176276.326971790345851,412552.450784348475281],[176705.52516345542972,413061.788494056498166],[176331.815601904701907,413480.982864623772912],[176293.859572332003154,413749.425677523482591],[176287.417579723027302,414211.593434881302528],[175884.039943502662936,414205.977330880472437],[175077.284038129640976,414194.783717712562066],[172850.330112427152926,414232.674469778547063],[172457.389842042844975,414552.523590983299073],[171516.292399159952765,414696.351221948454622],[171365.04330149537418,415770.373425688128918],[171075.267065009422367,416211.674608580535278],[170936.721791629039217,417613.656218430493027],[169828.073330344137503,418968.509291664464399],[169765.083810707117664,419207.325642760726623],[167514.889282372081652,419138.109098613727838],[166785.630392825492891,418282.309772116306704],[166386.252766221325146,418198.647254826675635],[165940.590503853571136,418692.650220214214642],[165575.886390826490242,418266.409190558129922],[164369.850900861783884,418172.272362027084455],[163754.972737951873569,418855.470593199424911],[163716.790951306000352,419127.554737032973208],[164120.011671161162667,419132.782775437517557],[164159.721126253018156,420303.115341714234091],[164518.135939460480586,420848.446974288497586],[164973.758678216690896,421055.978947500872891],[165499.99958591995528,420600.567604344396386],[166209.406644623406464,420483.994832263037097],[167225.333106391044566,421549.589446871657856],[167360.70111663537682,422194.26265007519396],[167648.297577980032656,422632.157403645804152],[167753.709238142357208,422961.659622381441295],[167342.713597018824657,423552.714754571090452],[167199.769035838660784,425544.842292249260936],[166857.101859144342598,425640.805110835470259],[166813.273599548439961,426371.555025005305652],[165655.458852037554607,427667.596457351290155],[165617.763593972253148,427936.116889024095144],[165605.644022765161935,428860.622588444908615],[165202.733565231232205,428855.34716385306092],[164968.804491766321007,428813.085046414227691],[164636.866595289262477,428424.831615847593639],[163766.060357717942679,428335.10342322231736],[163434.072947169304825,427946.88374717021361],[162966.168478817882715,427862.430192326661199],[162237.124916501285043,427006.804751267365646],[160560.260770420805784,426906.975715284293983],[160228.137299704656471,426518.846689826401416],[159760.159800660156179,426434.513192602840718],[159427.999173766758759,426046.407279760518577],[158625.819647307769628,425957.904196861025412],[158214.191634443763178,426415.060420845693443],[157576.227999563765479,426446.291857211850584],[157601.279426095250528,427177.934177574526984],[158328.228302393108606,428035.973335195798427],[158389.820306599431206,428574.77463496621931],[158719.549073843285441,428965.543879104254302],[158775.308262483042199,429966.617065786151215],[159104.98779909973382,430357.402848911995534],[159135.760978703328874,430626.812399559014011],[158900.85976439184742,430663.060873824870214],[158559.14975487117772,431042.698207644105423],[156075.173401813430246,431090.17134746524971],[155122.434146474115551,432153.836942310153972],[155047.047093679575482,432694.371009616879746],[154707.834366034483537,433076.85987579729408],[154632.937298897013534,433614.003005932550877],[153885.38066782936221,434453.88449668494286],[153810.525298482680228,434991.041608492378145],[152860.768710042582825,436057.875972415378783],[152388.236114335013554,436131.069258509378415],[151844.41951763513498,436737.419911072240211],[151769.160195140284486,437278.191867122368421],[151430.167205931880744,437660.790575106919277],[151355.431878638861235,438197.9836414794554],[151016.475527753907954,438580.597906787239481],[150979.118174607079709,438849.198200783343054],[150892.501387225638609,439216.118838312686421],[150356.687207055045292,439367.109148105431814],[149566.642169743892737,440156.595368954527657],[148144.692260799114592,440202.779351037694141],[147025.696405598631827,440120.493963565328158],[146890.473786670569098,439480.424518079205882],[146055.369351505476516,438397.499997986247763],[144945.532928203610936,438316.091694125207141],[144731.220201625779737,438376.585372777655721],[144349.339154698303901,438708.688566380937118],[143920.734919461974641,438829.700468468945473],[143004.913603716966463,439745.793231587507762],[142853.964648829598445,440387.094508963520639],[141645.388452048384352,441848.787737180420663],[141207.809741983801359,442035.797904781065881],[140681.47609649549122,441556.58905965910526],[140287.392463950614911,441899.621795893472154],[139456.445589923183434,442016.322387930413242],[137852.217988549120491,443722.400596217659768],[137316.756323228997644,443873.953406329499558],[137230.568522145651514,444240.991212386463303],[137225.539754195080604,444703.349609430413693],[136990.967221567931119,444740.012402838852722],[136650.293087376048788,445120.309540102083702],[136181.168431122758193,445193.661355408257805],[135025.878078394802287,446490.080006342264824],[134388.998465838027187,446522.491939516214188],[133772.531524878955679,446578.898344651272055],[133378.791589418688091,446922.16885437828023],[132992.39792891824618,446570.649754703103099],[132566.818218121712562,446440.25329282542225],[132180.387083985930076,446088.761125262069982],[131786.676050467649475,446432.079266426560935],[131358.457530134328408,446553.529962305969093],[130977.175149476446677,446886.07226807391271],[130548.98002618085593,447007.551171769504435],[130046.635074783727759,447445.765905017207842],[129891.58278765900468,448107.98922732193023],[129499.962168652768014,448676.095718473137822],[128920.747755331831286,448840.527004930132534],[128539.598154115825309,449173.152808701503091],[126833.167256069762516,449281.797982746735215],[126638.206212155302637,448365.393441804626491],[125921.216712786859716,448284.83118117362028],[125518.925840112569858,448280.821445079753175],[125461.714259911517729,448525.58063604059862],[125164.663462251832243,448956.83860226982506],[125021.66269587194256,449568.747693038079888],[124379.597986432447215,449751.281296319328249],[124204.379825801501283,450501.361082054150756],[123270.83199830466765,450633.798444776621182],[122889.886229209063458,450966.602756393374875],[122059.707981934509007,451084.463344871415757],[121272.1697893608507,451875.83887341665104],[119760.619028059663833,451987.3169136432698],[118855.327191117379698,451042.150547494704369],[118461.276506882888498,451386.6700148510281],[114744.301843729728716,451478.22367613890674],[114631.805067298671929,450951.793638112430926],[114229.599207595761982,450948.143966008618008],[113593.009022498314152,450981.608050361450296],[113051.318719759074156,451590.154002941446379],[113006.403546395114972,452786.918183595989831],[113351.375825566457934,452892.079879919998348],[114147.753919357914128,453939.230786602012813],[114252.801348809793126,454430.871512268087827],[114649.469825198408216,455031.184724971477408],[114532.801913045812398,455820.817173529649153],[113329.801268162904307,457284.501975641644094],[113981.655961837299401,457483.34400074579753],[114356.064055280643515,457823.28529563092161],[114781.439142119896132,457953.085791996214539],[115951.244963182485662,459225.326418443350121],[116163.901805805144249,459290.252856425999198],[116151.113437443549628,460677.627884058223572],[115830.426403334466158,460769.110980963974725],[115659.517806998948799,461503.67881036066683],[115125.082848673235276,461656.190326571057085],[114586.84635592577979,462163.438577747438103],[114505.694733654774609,464825.191570996597875],[114414.040950146387331,465219.43418609543005],[112894.495514944079332,465273.175692260556389],[112661.081139455229277,465231.864334857906215],[112295.980354302635533,464806.91745393833844],[111923.361690432706382,465225.287823608028702],[111455.135604444876662,465299.57920963561628],[111115.780477912936476,465680.667090893548448],[110647.576303100126097,465754.988979095534887],[110308.257748666001135,466136.100930627027992],[110074.165928525471827,466173.274932625528891],[110017.328857015803806,466418.160652684106026],[109721.218657858800725,466849.882518075115513],[109599.515598182100803,468264.678183535113931],[109152.881579849650734,468870.263890230678953],[107325.187048731502728,468995.600048662512563],[107234.550181703074486,469386.573021003219765],[107198.20260039983259,469655.408376753446646],[106861.422215251091984,470039.362994362367317],[106785.49143232840288,470960.974908491654787],[107978.267769715719623,472361.706440612673759],[108034.483187419784372,473746.674536658450961],[107596.059416042582598,474246.607672715443186],[107958.431530815898441,474674.422463408554904],[108017.926148492988432,475675.85042842454277],[108347.934318347775843,476065.535403243498877],[108411.374008841215982,476604.420234103163239],[108741.345249650825281,476994.120348654454574],[108773.054710558906663,477263.566521884757094],[108701.102122859767405,478425.17724089481635],[107609.157120779796969,479792.181557920761406],[107481.30589415068971,480265.150988649576902],[107199.987908765251632,480713.925850142608397],[107050.704730217956239,482251.918334027635865],[105714.458646359300474,482397.651801227475516],[105320.536008604845847,482714.214425688202027],[103509.601195114111761,482770.565032481739763],[102794.436844554104027,482691.284515817125794],[102658.375235645085922,482055.524574364593718],[101826.62114656358608,480980.412176402518526],[100644.675506825296907,480833.824065222288482],[100123.264148553047562,481292.285465017950628],[98792.242338605195982,481418.16270576918032],[98702.561582654408994,481806.669101127714384],[98490.199529102508677,481742.018584755365737],[98116.089942682578112,481402.442460095218848],[97563.312510747069609,481234.222462890727911],[97513.237220026494469,479946.91366073169047],[96309.393757889731205,479937.640946523169987],[96196.404237660899526,479411.180035907716956],[95698.264920196306775,479533.349498139345087],[95318.913504877549713,479867.113663701340556],[94892.187464918722981,479989.856850973155815],[94512.871125355202821,480323.647417032450903],[94086.168564351362875,480446.418723253242206],[93302.202080285918782,481239.847768244799227],[92750.570056222291896,481398.634990926075261],[92611.62730179396749,483041.654955832927953],[92069.664369131118292,483555.240496174083091],[91682.836590488805086,483204.422661336313467],[91258.087465277378215,483075.359835290815681],[90883.824598519757274,482735.992548927722964],[90057.855347193806665,482604.078773549816106],[89543.491377477141214,482137.779214607842732],[88455.436737452502712,482256.053513439954259],[88076.359977403641096,482590.048559018119704],[87649.798369236392318,482713.042064264358487],[87270.756797623311286,483047.063475004804786],[86041.862117228214629,483164.571029660000931],[85662.876958722597919,483498.642940258025192],[85449.622545665464713,483560.179562461969908],[84647.290865427232347,483554.754466331971344],[84608.349835683533456,484286.322037074249238],[84072.276784999208758,484899.317406501097139],[83200.925756978816935,484972.248771944257896],[82862.952073791326256,485354.198389330762438],[82228.19449566899857,485389.263523139292374],[82144.136873201074195,484999.488147539610509],[80815.454629510029918,484854.474497222166974],[80300.844070394159644,484388.538604406348895],[80015.347285601441399,484512.694686699076556],[79636.563517090267851,484846.954449485579971],[79210.162634433916537,484970.238059583352879],[78831.414072618194041,485304.524240765487775],[78405.036705519029056,485427.83593734522583],[78026.323266168183181,485762.148463394667488],[77813.145316047579399,485823.816524107009172],[76777.334683324254001,485856.68164040875854],[76439.580657486061682,486238.808598536183126],[75639.754921401166939,486312.43593577464344],[75238.63774197830935,485847.381733298127074],[74439.723493074721773,485764.164278108859435],[74033.097279905210598,486224.411004514491651],[72997.331428763674921,486257.587690065964125],[72596.251646823846386,486255.265900637838058],[71986.830139456156758,486320.324016090889927],[71598.717412357378635,486643.634798089216929],[71182.055665461099125,486778.392968445376027],[70261.749900479626376,487689.376374707149807],[70097.491235495865112,488935.400367608759552],[68763.023906347880256,489078.223969290789682],[68375.078924665402155,489401.646540105517488],[67958.543352382461308,489536.51670238020597],[67167.19637501379475,490320.475959381496068],[66349.758409475951339,490453.265321903454605],[65961.917926788228215,490776.768527840671595],[64951.817809413209034,490840.074360828031786],[64718.325222410720016,490878.104192799015436],[64381.072526752395788,491260.58155570004601],[64147.589511167687306,491298.622218331613112],[63940.607511117159447,491367.5644466499798],[63147.161263941445213,492148.922536057012621],[61931.463562999691931,492282.868976021825802],[61389.995880376009154,492728.138771876052488],[60204.877290863645612,492582.899735334911384],[60078.882963274045323,491040.062565625295974],[58886.273431872999936,489510.441750175901689],[57703.5525695358956,489346.706850416201632],[57144.291859595818096,489806.819448479742277],[56730.359187797454069,489944.93519132520305],[56340.285206687854952,490265.860356889956165],[55525.42902543539094,490402.226176944910549],[54726.254813661507796,491190.253383685078006],[53817.397317249837215,490278.301844296511263],[53671.110606310598087,489354.825326785503421],[54138.76674803163769,488612.23240546323359],[53529.165430711233057,488402.916417299304157],[52999.141947700067249,487914.895738930557854],[52949.103538088173082,484769.271433866699226],[53405.416622628734331,484636.303036037716083],[53064.358853370511497,484261.453993085364345],[52949.103538088173082,484769.271433866699226]],[[976536.185139394830912,-308378.271741944074165],[976606.943935772404075,-308015.382944261305965],[977143.668638336122967,-307801.184240017668344],[977702.493492163717747,-307297.62625148013467],[977972.997062594746239,-307417.841588943789247],[978599.151548541383818,-307834.727784530143254],[978849.282958944444545,-307676.414776867371984],[979408.043566008331254,-307172.785499454475939],[980767.830697387107648,-307242.546230253705289],[980421.059392562368885,-307855.48222217411967],[980373.960561224026605,-308097.408814293332398],[980868.276346592814662,-308196.072780517570209],[980531.286397190531716,-308594.260991842544172],[980373.960561224026605,-308097.408814293332398],[976536.185139394830912,-308378.271741944074165],[976450.034415049944073,-308910.263249330339022],[976077.141138580394909,-308542.265764295705594],[976536.185139394830912,-308378.271741944074165]],[[981531.695980307878926,-308446.862241210998036],[981667.641328508150764,-308696.783172450726852],[981578.638868503738195,-308934.450487754831556],[981233.287748827482574,-308777.544485927966889],[981531.695980307878926,-308446.862241210998036]],[[975324.053324953420088,-309392.151299912424292],[975410.253674923093058,-308860.165336870995816],[975783.134923455188982,-309228.182340429630131],[975324.053324953420088,-309392.151299912424292],[975374.693572958,-310586.035777431156021],[974064.656492771347985,-312220.939982268086169],[973819.304236957337707,-312278.044350322219543],[973758.861961865215562,-312650.676041132712271],[973426.255192641750909,-312769.365485260845162],[973365.798026554402895,-313141.996624362189323],[973033.175813434529118,-313260.676631401001941],[973025.21825749555137,-314086.774960457812995],[972673.536926541128196,-314212.253644087992143],[972663.82036725920625,-315045.788514463289175],[972403.883488783845678,-315121.245746851433069],[972211.858052552328445,-314380.699953816423658],[972673.536926541128196,-314212.253644087992143],[972681.517199909547344,-313386.154878266330343],[973033.175813434529118,-313260.676631401001941],[973093.643030615057796,-312888.04672669491265],[973426.255192641750909,-312769.365485260845162],[973486.707518913201056,-312396.735028885188513],[973819.304236957337707,-312278.044350322219543],[973768.816317106015049,-311084.139453890791629],[975078.757856011739932,-309449.277940254367422],[975324.053324953420088,-309392.151299912424292]],[[969806.931920189759694,-315281.118927281408105],[969645.126610115519725,-315820.246629343775567],[969282.048765681800433,-315579.320625660708174],[969343.342136804945767,-314545.280064879334532],[969597.195472829625942,-314471.641697643557563],[969806.931920189759694,-315281.118927281408105]],[[969902.626465418608859,-322186.325871551642194],[969642.267083901911974,-320676.026924008096103],[969167.003701446810737,-320038.02564853761578],[969113.234363857773133,-317172.732965637987945],[969821.208651377703063,-317306.056391964957584],[970172.987712659640238,-320180.712359141733032],[970549.568206143914722,-320686.171399753424339],[970601.751951188314706,-322148.898194330336992],[970539.092848781729117,-322233.50119154114509],[969902.626465418608859,-322186.325871551642194]],[[981461.170379198039882,-317869.909276617516298],[982157.927899121888913,-317620.846638997492846],[982534.003821258316748,-317256.491168869892135],[987947.994840892730281,-316731.780896951269824],[988532.552615378284827,-317151.363548762514256],[989899.769525386043824,-317181.253965819894802],[990131.813827183679678,-317504.380800760234706],[989969.542957821046002,-318033.653402024763636],[989454.031420236569829,-318008.780883262923453],[989028.586940140230581,-317703.479748070531059],[987713.120945975882933,-317674.647303894395009],[987287.729203443857841,-317369.292149698769208],[983561.948045470635407,-317517.704546910594217],[983045.180658455006778,-318018.435233188269194],[981871.104322035680525,-318230.652407946705353],[981461.170379198039882,-317869.909276617516298]],[[980723.449056772864424,-318714.567169053480029],[980809.549887523637153,-318182.506738594034687],[981182.811207398655824,-318550.402964142034762],[980723.449056772864424,-318714.567169053480029],[980654.858186918310821,-319138.357174461591057],[980159.180519544985145,-319618.405923122365493],[979715.52502872038167,-319776.90120431559626],[978846.433876291499473,-320743.62897211429663],[978614.691001926665194,-320011.701701241370756],[978272.514608488068916,-319602.220494672597852],[978196.557582992245443,-319362.280134102387819],[977701.871286478475668,-319263.50577593757771],[978039.24943684739992,-318865.358530098921619],[978196.557582992245443,-319362.280134102387819],[979722.342874047579244,-319211.412214138603304],[980051.238489101873711,-318803.06053185329074],[980723.449056772864424,-318714.567169053480029]],[[977256.302976080449298,-318737.100429492129479],[977167.134221036918461,-318974.755723990208935],[976821.602094972622581,-318817.722024089249317],[977120.367365642683581,-318487.114945165638346],[977256.302976080449298,-318737.100429492129479]],[[970029.560358257032931,-323127.329100182920229],[971401.311691778479144,-323164.992504567489959],[971835.984979063388892,-323459.027603714144789],[972288.537566073006019,-323563.311822021962143],[973183.626584711368196,-324286.599496563721914],[973805.292735426803119,-324429.793627177190501],[975631.621639224467799,-326250.825175391568337],[975793.000743540353142,-326718.920908512664028],[976125.734894969733432,-327140.330328345124144],[976287.13788274594117,-327608.423693738412112],[977633.504882687935606,-328982.328410902584437],[976715.486811621463858,-329340.247229208354838],[976949.231990620610304,-330799.534659134747926],[977422.358400575583801,-331398.510392789321486],[977384.100189792690799,-332618.932503391988575],[977110.759448494296521,-333093.111520920705516],[977450.041059240000322,-333522.595878429478034],[977700.979097223724239,-335046.469646254729014],[978780.165018813451752,-335111.649742940964643],[978948.589903099811636,-334218.794527024321724],[979598.135225386358798,-333965.523175910930149],[979712.81553311215248,-333357.287700479151681],[979986.075439092819579,-332883.053800674737431],[979506.410834427340887,-332276.076935090939514],[979548.759666520636529,-330918.362033208017237],[979787.910899130045436,-330868.328299692831933],[980006.547024058527313,-331501.732509284163825],[980800.399720025015995,-332352.106378679338377],[981002.398616298101842,-332937.161593344411813],[981568.600766435614787,-333067.159341790538747],[982139.980639479239471,-333452.786472471430898],[982184.456483550253324,-332387.850980022398289],[981748.926797297550365,-331836.91805663210107],[981519.825196055229753,-330448.236193362041377],[981186.846211510594003,-330026.947349796828348],[981025.252140026539564,-329558.902250032522716],[980588.130655077751726,-329005.736329702835064],[981708.283239032374695,-328771.207298655819613],[982306.546163852792233,-329464.974055006052367],[982468.185018371790648,-329933.003690906276461],[982801.204311305540614,-330354.260672301927116],[982996.652898920350708,-331282.603399170329794],[983470.076321586733684,-331881.370238975214306],[983501.755270055728033,-334152.536226499069016],[982975.328334043500945,-334678.049384870158974],[982542.320539811975323,-334846.984885557147209],[982154.548992575728334,-335201.05682367173722],[981294.229862193227746,-335401.270680540066678],[979613.392351513379253,-337360.773686975298915],[979300.474780077114701,-335872.79186157498043],[977784.26462781871669,-336133.054908656107727],[977760.543652232037857,-336696.412427237431984],[978607.079988305224106,-337603.303264550922904],[978802.271832840749994,-338531.761291669216007],[979135.344909374951385,-338953.140121980570257],[979330.580187988118269,-339881.601410823292099],[979670.076612603850663,-340311.055815442639869],[979312.66186389955692,-340930.955077998922206],[979933.998943380312994,-340968.401821868086699],[980474.408482010709122,-340475.359682364272885],[980713.918328268453479,-341168.906091429409571],[981508.301396018592641,-342019.311558186949696],[981737.432597067789175,-343408.129165284568444],[982070.701260727131739,-343829.454068600723986],[982303.288888372830115,-344502.566523376037367],[982847.526513413875364,-344869.586026555509306],[983499.492923749727197,-345019.070471863029525],[983916.05219787848182,-345545.520101330592297],[983996.956398837268353,-345779.557690651447047],[983770.259803799446672,-345727.602283042739145],[983334.65020211157389,-345433.892650802794378],[982453.673880351707339,-345361.297552848409396],[981556.805227586999536,-344638.488098636327777],[981103.475634859059937,-344534.49252805771539],[979284.358118282165378,-342953.3546598253306],[978831.106263458612375,-342849.284499561705161],[978395.699343990650959,-342555.423289441969246],[977278.983607273781672,-342462.953814679873176],[977628.450641425210051,-341857.13788057025522],[977465.334538282942958,-337874.467023967590649],[976992.019318787497468,-337275.458795709710103],[976696.272897951072082,-334965.944315206317697],[976363.361154888174497,-334544.52030839206418],[976215.520816284581088,-334263.227493452548515],[976596.827153145684861,-333601.926480432914104],[976642.75496243708767,-333358.63574457418872],[976609.19117579027079,-332898.298107482143678],[976385.625457135029137,-330331.425704194116406],[975965.413163708290085,-329937.169965613109525],[976323.99736785388086,-329486.146020010812208],[976329.516621757880785,-328563.141432917676866],[975408.097633606637828,-327701.827755698352121],[975296.651129232603125,-327171.413350953953341],[973304.25619397580158,-325311.628926707198843],[972798.632914945133962,-325269.411146337166429],[971493.090776805416681,-324054.472232621686999],[970990.599949900177307,-324012.453429068089463],[970605.861986771924421,-323656.098580517456867],[969927.714814663864672,-323666.01685184368398],[970029.560358257032931,-323127.329100182920229]],[[978938.532896258751862,-328011.185220944578759],[978716.746749268844724,-327419.558371050807182],[978240.838924770941958,-326781.839673235954251],[978149.210019147023559,-323456.296569580503274],[979491.906714013079181,-324710.277056925697252],[979610.289177292492241,-327971.244202473608311],[979547.651393742649816,-328055.893526170228142],[978938.532896258751862,-328011.185220944578759]],[[977796.124097001971677,-332166.636584781750571],[978095.207491997629404,-331835.974399186845403],[978231.26182433811482,-332085.977943456033245],[978141.989100949489512,-332323.664809895621147],[977796.124097001971677,-332166.636584781750571]],[[980437.229430923471227,-338915.615646813705098],[980736.424608120694757,-338584.876710657146759],[980872.5801652520895,-338834.868389706942253],[980783.291593854431994,-339072.5861733831116],[980437.229430923471227,-338915.615646813705098]],[[982675.471036991570145,-340140.139836033864412],[982974.646367646986619,-339809.347330628079362],[983110.854175107320771,-340059.319286931073293],[983021.592765756300651,-340297.054677407140844],[982675.471036991570145,-340140.139836033864412]],[[927889.489203373668715,-349126.465766411391087],[928025.536539905471727,-350039.236800205369946],[928485.391809087363072,-350473.362660766113549],[928603.887952724006027,-353238.249188360932749],[928275.24383188597858,-353647.955657896935008],[928303.55393629707396,-355113.191016206226777],[927775.393542116857134,-355763.462189031008165],[927529.090996188810095,-355819.730010743252933],[927578.789925659890287,-355579.203899842104875],[927843.637183227692731,-355109.606990327301901],[927815.603590571205132,-352786.462649921770208],[928198.498459488153458,-352107.34992756950669],[928047.72523415600881,-351844.962502694281284],[927574.996954608242959,-351225.0440470315516],[927460.899997617700137,-347582.054788849956822],[928239.07611955050379,-347441.677552791894414],[928285.112229965510778,-348633.138532165961806],[927889.489203373668715,-349126.465766411391087]],[[963472.433339167851955,-353286.629362871288322],[963727.557144510094076,-353308.077369335340336],[964338.799977729446255,-353880.722995865275152],[964394.342450990807265,-354146.034049781854264],[964142.564148105913773,-354124.884071920183487],[963528.7036117836833,-353555.504664417938329],[963472.433339167851955,-353286.629362871288322]],[[962713.196283477591351,-355553.556523327308241],[962353.990032513043843,-355681.020773237978574],[962257.573164871311747,-353475.520042773801833],[962616.718848017277196,-353348.060334821871947],[962713.196283477591351,-355553.556523327308241]],[[884070.355601458228193,-387902.605648750148248],[884040.069099245476536,-387441.852402754768264],[885235.791281899204478,-387288.599896280968096],[885324.577071615611203,-386371.84141795092728],[884854.772825653082691,-385778.620632530830335],[884698.621837497805245,-385306.274132486549206],[884365.274436195963062,-384885.350151746883057],[884221.017072700313292,-384593.503456476842985],[884608.985524985822849,-383943.854485397401731],[884671.567255100584589,-382994.396467389538884],[884946.837386123253964,-382533.436672918207478],[885039.707952010794543,-382044.715507025539409],[887306.652044971939176,-379138.823279169446323],[887399.40013103489764,-378650.100144745374564],[887674.474571446073242,-378189.10141044028569],[887767.198796249460429,-377700.379808638535906],[888042.237817562418059,-377239.377184515120462],[888134.938180789002217,-376750.657106301630847],[888409.94198083342053,-376289.65077154658502],[888392.705787226906978,-374138.651717625383753],[887923.117703775060363,-373545.606844254361931],[887736.503374321269803,-372612.66592463105917],[887403.319914126535878,-372191.86772224138258],[887095.042022353503853,-369416.235360836843029],[886303.186737071489915,-368563.040520928858314],[886147.107995360624045,-368090.785816821327899],[885355.383287101751193,-367237.54613411903847],[885168.980937273940071,-366304.624201896891464],[884377.41207202419173,-365451.341655047552194],[884221.424325805273838,-364979.078472458233591],[883888.513933994458057,-364558.223918276897166],[883520.297645659884438,-360861.416506084846333],[883187.495530939428136,-360440.560660146933515],[882927.690116619342007,-357440.619979839248117],[883299.236874630558304,-357517.40522767737275],[883611.986524153733626,-360416.800962802954018],[883951.988161208224483,-360828.814798469131347],[884056.706399990944192,-361529.998275000893045],[884171.343385014333762,-362716.935961835668422],[884552.268596054520458,-363078.737433415895794],[884690.564272776828147,-364070.680925713852048],[885071.538014838355593,-364432.472356507438235],[885209.873577628401108,-365424.422681450087111],[886508.227451786049642,-366651.003154448873829],[886616.257046390441246,-367182.295936994894873],[887456.115174413076602,-367976.409797882079147],[887594.630933429230936,-368968.368159334815573],[887975.809222517767921,-369330.094660658156499],[888090.772943385294639,-370517.083579256373923],[888121.23130456416402,-370977.757398879097309],[888236.203831820748746,-372164.76285392412683],[888617.479771139216609,-372526.482238124532159],[888756.086367966956459,-373518.470088482485153],[889215.290688036708161,-373954.025223481701687],[889294.840947880293243,-376259.059246269869618],[888964.424646613537334,-376667.870447353227064],[888927.198416163562797,-377208.810099459486082],[888198.558825648040511,-378106.653229504590854],[888161.291040637413971,-378647.597460263932589],[887432.514270163490437,-379545.409803770831786],[887395.204937916481867,-380086.358734672772698],[885869.528849804424681,-381962.118600217625499],[885832.138778340886347,-382503.074718238902278],[885433.905358027084731,-382995.274761692329776],[885567.107328819576651,-383908.725176215113606],[886026.512533523607999,-384344.432579708052799],[886105.360099779791199,-386649.700817107863259],[885774.560315096867271,-387058.469784959917888],[885737.127190707600676,-387599.451029424148146],[885406.290089228656143,-388008.214383941551205],[885368.603279533563182,-388552.603701862448361],[884438.566405180143192,-389690.155229203926865],[882657.370958744199015,-389885.633160833735019],[882323.690702301217243,-390291.793384807999246],[882076.609812680049799,-390347.237741822085809],[882095.65025875007268,-390073.453587286581751],[883823.324503309559077,-387958.081252533884253],[884070.355601458228193,-387902.605648750148248]],[[882785.880181032698601,-356619.164476267411374],[882897.382251648814417,-356979.990676636632998],[882550.607009986648336,-356908.343391553731635],[882439.114729307359084,-356547.514608264376875],[882785.880181032698601,-356619.164476267411374]],[[881199.387836645008065,-352097.357499996200204],[881385.129004649817944,-352698.719064739940222],[881724.89446767012123,-353110.759888281463645],[881903.804617219138891,-354052.449689572385978],[882243.615618167445064,-354464.482501946389675],[882408.821794876013882,-356086.887975048506632],[882047.179029095103033,-356012.141883851320017],[881845.997131497133523,-354953.235699341399595],[881506.18846652272623,-354541.191003073414322],[881297.043316573137417,-353138.874932368227746],[880957.291087749414146,-352726.82326644071145],[880852.746392018394545,-352025.670358345436398],[881199.387836645008065,-352097.357499996200204]],[[865167.131314196623862,-356652.627508017874788],[864832.612512628315017,-356768.642324955551885],[864896.365644044009969,-356396.407030537258834],[865230.874403408844955,-356280.390921233571135],[865167.131314196623862,-356652.627508017874788]],[[866417.385038526845165,-353784.423171311209444],[866379.838132507284172,-355181.529054112092126],[865804.33536452811677,-355381.22770874510752],[865424.152112014126033,-355742.371640675002709],[865201.169486228027381,-355819.731304066255689],[865243.672716717817821,-355571.586828761966899],[865925.355906872078776,-354630.695758132089395],[865991.032110024709255,-353835.592320205003489],[865417.025118814082816,-353137.8272707365104],[864676.389855695771985,-352983.705004366987851],[864565.40350092551671,-352622.743973450036719],[865325.851063563721254,-352646.39988844160689],[866417.385038526845165,-353784.423171311209444]],[[880253.059579932014458,-350771.704922089294996],[880364.463915172149427,-351132.533221990335733],[880017.85230574326124,-351060.825324635021389],[879906.457760040764697,-350699.994439328904264],[880253.059579932014458,-350771.704922089294996]],[[971467.901455667219125,-345585.28019105567364],[971767.471214552642778,-345254.725895661278628],[971903.504597805440426,-345504.821849838946946],[971814.002665728447028,-345742.491568972240202],[971467.901455667219125,-345585.28019105567364]],[[928561.791753649362363,-346856.241280311485752],[928207.198276208131574,-346981.180649475601967],[928056.757115371874534,-345334.26569921837654],[926756.174584038439207,-344111.918136952444911],[926701.39539374387823,-343846.481342285871506],[926952.876193465664983,-343868.329528134432621],[927415.297632782254368,-344299.036526306590531],[927834.451746351318434,-344191.56216429034248],[928561.188424141262658,-343294.330762982193846],[928807.253294293768704,-343238.048156480595935],[928765.970432018046267,-343486.374347087228671],[928079.197090554516762,-344444.22366886382224],[928559.785351946717128,-345023.05227100790944],[928561.791753649362363,-346856.241280311485752]],[[877152.560153303667903,-347448.901709233119618],[879364.431494726450182,-349541.199589181924239],[879418.277104277047329,-349806.833685010438785],[879166.824938564328477,-349784.093123643426225],[876725.555290763848461,-347480.102364505350124],[876617.314466143841855,-346945.592691378726158],[876237.016581724048592,-346583.620988188544288],[876183.239379309583455,-346317.981844428693876],[876437.994236441794783,-346341.083577077253722],[877044.968090158188716,-346917.626906421326566],[877152.560153303667903,-347448.901709233119618]],[[972997.278860622667708,-343253.107757019635756],[973383.232770904549398,-342777.568381517194211],[974731.584694548160769,-342852.049985182820819],[974639.919233256368898,-343223.264301905466709],[972997.278860622667708,-343253.107757019635756]],[[929932.126693290076219,-342140.201951048919],[929598.452040747157298,-342257.820924623811152],[929660.3415623329347,-341885.31279671768425],[929994.006167203886434,-341767.692572475585621],[929932.126693290076219,-342140.201951048919]],[[876123.040820482652634,-345396.785117986088153],[875628.44598655286245,-345294.220452531939372],[875724.375718502211384,-344593.398097257944755],[876062.842701426590793,-344475.595121199032292],[876123.040820482652634,-345396.785117986088153]],[[930023.928144206758589,-340934.714329047361389],[930357.565671829157509,-340817.085781307192519],[930295.703895896091126,-341189.594101984577719],[929962.056320604286157,-341307.221398759109434],[930023.928144206758589,-340934.714329047361389]],[[927686.206769868615083,-340439.68419678445207],[927333.47095713193994,-340563.988628642866388],[927344.455751488683745,-339737.768924431467894],[927697.169021815410815,-339613.464780942769721],[927686.206769868615083,-340439.68419678445207]],[[875972.546363337663934,-343093.822987809195183],[876035.885576865170151,-342721.574900030391291],[876369.963889012229629,-342605.291378760884982],[876306.634626053157263,-342977.540764805162326],[875972.546363337663934,-343093.822987809195183]],[[876643.787277848343365,-341567.834224606049247],[876309.737727820989676,-341684.123773534141947],[876373.056334371096455,-341311.878290554508567],[876707.095841621980071,-341195.587448770180345],[876643.787277848343365,-341567.834224606049247]],[[876900.118069573887624,-336692.402909987082239],[876845.66095551266335,-337849.862443037913181],[876496.205683247302659,-337971.572300957632251],[876405.825825485982932,-336589.876574965659529],[876900.118069573887624,-336692.402909987082239]],[[876234.354336377116852,-335307.940411661809776],[876345.57312634610571,-335668.754336638259701],[875999.375878584920429,-335596.954839504032861],[875888.166876827832311,-335236.138320683443453],[876234.354336377116852,-335307.940411661809776]],[[967892.992014021845534,-325201.496034637500998],[967546.433171763317659,-325132.066340828430839],[967432.763104165904224,-324772.031961416592821],[967859.709475075360388,-324741.169706091692206],[967892.992014021845534,-325201.496034637500998]],[[968998.086759013473056,-323487.860399077413604],[969073.889758795965463,-323727.859655456035398],[968646.975705857039429,-323758.760636550723575],[968733.605866038007662,-323226.760875018546358],[968998.086759013473056,-323487.860399077413604]],[[843213.770417168037966,-373777.07184564898489],[843103.264607868972234,-373415.871712246211246],[843450.177032595383935,-373488.549541819898877],[843560.692641295143403,-373849.747131293872371],[843213.770417168037966,-373777.07184564898489]],[[845482.713922290247865,-375053.739656436431687],[845745.523056593025103,-375317.365300768404268],[845819.258151432848535,-375558.1421975241974],[845390.691078353207558,-375585.112050404131878],[845482.713922290247865,-375053.739656436431687]],[[818948.114617038052529,-378247.567622366186697],[819302.677863281453028,-378126.092787499364931],[819284.772022872813977,-378952.419583934475668],[818930.18614408664871,-379073.894685781095177],[818948.114617038052529,-378247.567622366186697]],[[845571.094943358912133,-377056.028807164344471],[845906.271115845884196,-376940.478496974217705],[845841.836022906354629,-377312.685452980804257],[845506.649809420458041,-377428.23446878202958],[845571.094943358912133,-377056.028807164344471]],[[851218.643470389652066,-377898.43475400051102],[851107.899375095148571,-377537.285258930001874],[851536.528708174242638,-377510.133059550775215],[851565.724551140912808,-377970.907242681889329],[851218.643470389652066,-377898.43475400051102]],[[818986.34375488886144,-379995.580017082858831],[819481.611786589492112,-380100.269196540117264],[819238.043575478601269,-380379.82167711108923],[819014.422724946867675,-380456.425385162059683],[818986.34375488886144,-379995.580017082858831]],[[814427.443357095122337,-381905.611875769973267],[814244.495421239291318,-381303.196965383889619],[813897.591416320996359,-381229.76013977144612],[813869.688708253903314,-380768.902088130067568],[814121.521563429385424,-380792.875705632322934],[817321.320218026754446,-383836.622998798266053],[818600.467279700678773,-383680.355086447380017],[818935.767530275974423,-383275.817646167532075],[819182.89897486474365,-383221.537468881113455],[819443.665646841749549,-388100.594738211191725],[819110.92177782789804,-388507.709287423524074],[819175.075784024898894,-390160.74927309260238],[818943.646209767786786,-390111.858724223449826],[818520.392586573841982,-389800.989322138193529],[817920.243149613495916,-389674.149935015535448],[817684.439271292299964,-387855.604925386840478],[818077.225036865798756,-387234.855735765944701],[818108.197701297118329,-385817.000609354116023],[818393.967306835344061,-385365.269416463852394],[818490.840805936953984,-385031.076178590941709],[817918.282420883886516,-384331.101318633009214],[817292.366924036294222,-384198.747318536334205],[816869.323570033651777,-383887.844535695039667],[816406.697013433207758,-383789.987565015850123],[815983.687383400276303,-383479.058433113852516],[815521.082697092089802,-383381.17151996109169],[814963.752740851137787,-382971.416574255679734],[814765.684852154343389,-382319.438228563521989],[814427.443357095122337,-381905.611875769973267]],[[846080.300212116213515,-379705.201415656018071],[846427.390609594760463,-379777.807862801477313],[846538.018645763164386,-380139.002278609666973],[846190.91844853607472,-380066.39837291080039],[846080.300212116213515,-379705.201415656018071]],[[819098.66033186938148,-381838.972924761706963],[818603.3339492471423,-381734.267550489399582],[818846.942156177945435,-381454.723425670934375],[819070.58101935160812,-381378.12193607253721],[819098.66033186938148,-381838.972924761706963]],[[852375.639124859357253,-381118.765409961459227],[851765.765811504912563,-380544.187677193724085],[851711.705532260122709,-380274.806034188193735],[851967.021532188169658,-380298.383846169221215],[852574.228092913865112,-380876.207547904341482],[852627.589876164798625,-381142.018465064989869],[852375.639124859357253,-381118.765409961459227]],[[866619.802557229413651,-380218.913168746454176],[866754.100744982599281,-380470.13032909372123],[866662.491211697459221,-380707.147261120029725],[866316.965284529025666,-380547.182615654659458],[866619.802557229413651,-380218.913168746454176]],[[852777.00339171057567,-382420.584223333513364],[852656.81605710030999,-381602.805700226221234],[853023.847447484266013,-381679.406567445665132],[853144.057182548334822,-382497.182567226118408],[852777.00339171057567,-382420.584223333513364]],[[853284.125737212016247,-383319.125585775647778],[853173.298419708153233,-382957.97454018186545],[853520.519583849352784,-383030.400996603828389],[853631.356700310483575,-383391.549498263688292],[853284.125737212016247,-383319.125585775647778]],[[852025.495078915730119,-384301.917627064220142],[851898.933248188113794,-384798.040638315666001],[851574.81197959871497,-384909.912146027956624],[851454.6938421218656,-384092.104639231576584],[851087.610374244162813,-384015.458911230845843],[851179.508603020804003,-383484.005701989168301],[852025.495078915730119,-384301.917627064220142]],[[857091.234214110765606,-383634.092534406343475],[857587.011732071056031,-383737.384538065176457],[857530.432975447969511,-384890.839840375701897],[857003.378992307116278,-385427.358283009903971],[856779.846985695767216,-385504.594268442073371],[856799.131412712624297,-385234.154196606948972],[857130.707211598288268,-384826.111988346558064],[857091.234214110765606,-383634.092534406343475]],[[849975.843399064848199,-386861.691149700665846],[849946.718766770209186,-386400.876404981361702],[850375.630704575683922,-386373.761241818661802],[850392.495127124595456,-387659.726051719393581],[850034.093020446947776,-387783.326284375332762],[849975.843399064848199,-386861.691149700665846]],[[854787.547410165541805,-386651.184033615398221],[855122.906570564606227,-386535.395105596107896],[855058.645001301541924,-386907.680350862268824],[854723.275798648828641,-387023.467997869767714],[854787.547410165541805,-386651.184033615398221]],[[867306.742470256402157,-386150.642881043895613],[867671.449011537129991,-386572.982581598858815],[867507.327762724715285,-387130.27745952719124],[867140.478925749077462,-386863.995870927872602],[867306.742470256402157,-386150.642881043895613]],[[791736.670486519346014,-386347.68351725966204],[791845.862080135848373,-386709.334800262586214],[791498.996622388483956,-386635.31557831709506],[791389.814838872291148,-386273.661795804975554],[791736.670486519346014,-386347.68351725966204]],[[791254.193331438116729,-383969.082691893388983],[790907.400468274136074,-383895.050595648004673],[790798.248756607063115,-383533.401181048364379],[791227.069361423607916,-383508.172503729758319],[791254.193331438116729,-383969.082691893388983]],[[788411.578998315730132,-393576.480929290293716],[789349.54762482654769,-392445.617053527093958],[789596.936260443180799,-392391.8781437780126],[789576.033591829705983,-392665.628873688110616],[788638.065687422757037,-393796.510764507227577],[788390.647905177320354,-393850.232537850330118],[788411.578998315730132,-393576.480929290293716]],[[788205.612176108756103,-396541.902951727621257],[788096.469279896351509,-396180.189462448353879],[788443.549829417839646,-396254.304580559488386],[788552.70253770344425,-396616.015579694707412],[788205.612176108756103,-396541.902951727621257]],[[773043.001904828590341,-432578.597584508475848],[772934.086237162118778,-432216.65381203830475],[773281.964317815378308,-432291.211094447178766],[773390.88971214031335,-432653.152418339683209],[773043.001904828590341,-432578.597584508475848]],[[765291.836395676597022,-434502.874049516685773],[765387.631946728681214,-433971.787711175333243],[765757.395076886401512,-434346.003444231231697],[765291.836395676597022,-434502.874049516685773],[765224.737141915364191,-434874.856182089773938],[764887.525922170374542,-434988.458254052558914],[764861.38946430303622,-434527.275513388391118],[765291.836395676597022,-434502.874049516685773]],[[764939.799212850281037,-435910.830351354670711],[765436.52715432504192,-436017.578189420048147],[765371.155919446144253,-437175.521502824209165],[765018.210054417373613,-437294.40447586227674],[764939.799212850281037,-435910.830351354670711]],[[764247.544102923595347,-439979.229582147498149],[764313.049617135082372,-438821.259247839334421],[764666.041806420194916,-438702.393192611634731],[764744.410715850070119,-440086.008584894763771],[764247.544102923595347,-439979.229582147498149]],[[764756.528910197434016,-441338.481005655019544],[765002.399303131271154,-441059.769906277651899],[765227.311001645284705,-440984.030224196612835],[765253.449173979228362,-441445.243216946604662],[764756.528910197434016,-441338.481005655019544]],[[764192.000505778123625,-444381.453786797181237],[764886.218668415327556,-444147.760663133405615],[764998.184689326677471,-443527.735217386449222],[765287.089291778509505,-443076.904299351212103],[765279.587469393271022,-441906.45838146598544],[765776.533135320874862,-442013.20208639127668],[765741.620490874862298,-443621.914278660202399],[764395.184949011192657,-445132.476240191841498],[764170.198353279847652,-445208.204747529933229],[764192.000505778123625,-444381.453786797181237]],[[764452.516886450932361,-447003.852288191264961],[763843.97332119976636,-446424.916572660789825],[763791.570900636841543,-446155.044542829331476],[764047.840601114672609,-446180.315871685277671],[764653.699170610751025,-446762.46191646711668],[764705.426138591603376,-447028.775558986933902],[764452.516886450932361,-447003.852288191264961]],[[763692.530822667758912,-450398.587296897254419],[764457.251866459148005,-450281.911843056848738],[764386.161532412632369,-450675.236998144828249],[763621.417620270978659,-450791.908730855036993],[763692.530822667758912,-450398.587296897254419]],[[764226.667409156332724,-451620.166388781683054],[765732.868627506308258,-451670.168642423464917],[766239.265007055248134,-452249.195342131773941],[766311.823135740938596,-452490.577306805935223],[766058.808652022271417,-452465.681805077067111],[765676.660061837523244,-452103.072242949507199],[764130.629587443778291,-452151.340774559357669],[764226.667409156332724,-451620.166388781683054]],[[754351.469479676801711,-453531.721897194162011],[754242.950550563400611,-453169.532557910133619],[754591.223323231213726,-453244.591170144209173],[754699.750934912823141,-453606.75927099189721],[754351.469479676801711,-453531.721897194162011]],[[756698.548501146025956,-453466.678298333776183],[756831.29138409672305,-453719.1564862683299],[756737.164345536613837,-453955.568459250498563],[756391.346076122950763,-453792.645795718475711],[756698.548501146025956,-453466.678298333776183]],[[759924.23742654628586,-454239.489200642798096],[759426.912628190242685,-454132.51323030522326],[759774.190330677549355,-453739.503646981960628],[759924.23742654628586,-454239.489200642798096],[760272.576397116295993,-454314.402802463795524],[760381.263569874223322,-454676.53069611050887],[760878.617292137583718,-454783.472410942486022],[760531.340105940238573,-455176.514784529223107],[760381.263569874223322,-454676.53069611050887],[760032.914774197852239,-454601.6195235234336],[759924.23742654628586,-454239.489200642798096]],[[754957.708444138988853,-454118.083387437858619],[755381.230332561419345,-454431.151758028834593],[755961.753103214781731,-454556.197818097891286],[756142.708442935021594,-455159.802345732518006],[757394.592381952679716,-456449.704099109803792],[757467.005384887801483,-456691.143309143022634],[757213.939055617433041,-456666.080568102246616],[754777.673795532668009,-454337.663372268085368],[754725.509835197823122,-454068.051028442569077],[754957.708444138988853,-454118.083387437858619]],[[747568.448939300025813,-458448.090889158309437],[747875.967412440455519,-458122.291523240099195],[748008.578203412820585,-458374.86788814276224],[747914.260522337746806,-458611.228673364967108],[747568.448939300025813,-458448.090889158309437]],[[767782.085916093783453,-456389.688274903863203],[768089.094837511191145,-456063.451173291134182],[768222.075888645020314,-456315.826496560533997],[768128.119796426151879,-456552.325635493383743],[767782.085916093783453,-456389.688274903863203]],[[768265.658938532578759,-457287.762215474620461],[768572.679435796220787,-456961.511158139561303],[768705.676652126130648,-457213.88421603187453],[768611.720930687733926,-457450.389116961974651],[768265.658938532578759,-457287.762215474620461]],[[767892.651919315452687,-458589.580042902147397],[768065.392167511861771,-457877.010756750009023],[768428.491406360641122,-458302.342245332023595],[768259.176526879891753,-458858.769506221171468],[767892.651919315452687,-458589.580042902147397]],[[802878.180351642309688,-399287.500654782517813],[803182.953645948320627,-398960.62050695338985],[803316.16213846206665,-399212.505121274152771],[803223.304780506179668,-399449.118925496411975],[802878.180351642309688,-399287.500654782517813]],[[815231.295315132942051,-398698.912985491682775],[815364.750215813401155,-398950.678343311825301],[815272.100608878652565,-399187.376181025465485],[814926.820486867451109,-399026.066002778592519],[815231.295315132942051,-398698.912985491682775]],[[814104.685040918062441,-399489.56856085191248],[814012.009189854259603,-399726.258636740210932],[813666.733016067650169,-399564.915438382304274],[813971.250124571262859,-399237.789474667340983],[814104.685040918062441,-399489.56856085191248]],[[804231.972904042690061,-400124.055516617721878],[803294.583476264378987,-401256.042487264552619],[803047.068671893561259,-401310.036900478065945],[803067.73301420500502,-401036.241259930597153],[804005.123192675993778,-399904.272463556786533],[804252.609021433047019,-399850.261031968577299],[804231.972904042690061,-400124.055516617721878]],[[815097.517015275661834,-401048.459182142280042],[814601.544680080725811,-400943.582639766391367],[814945.781470417976379,-400549.347007700882386],[815097.517015275661834,-401048.459182142280042],[815593.498129734303802,-401153.3177191161667],[815249.261846898240037,-401547.572196387336589],[815097.517015275661834,-401048.459182142280042]],[[802088.802996971877292,-402715.750308628426865],[801841.257300465949811,-402769.72307611029828],[801861.973050676402636,-402495.698549177031964],[802397.634750882629305,-401850.591424285259563],[802645.16164699906949,-401796.608857885934412],[802624.464309020084329,-402070.632896623341367],[802088.802996971877292,-402715.750308628426865]],[[809913.627047307323664,-401641.720706640568096],[810218.282077574171126,-401314.674232897697948],[810351.661109138512984,-401566.49497235956369],[810258.902962894877419,-401803.163358351506758],[809913.627047307323664,-401641.720706640568096]],[[800650.016268623643555,-402914.023492533364333],[801411.822452140040696,-402795.290268628450576],[801342.187381616560742,-403188.630634710600134],[800580.358328234986402,-403307.360190273961052],[800650.016268623643555,-402914.023492533364333]],[[815884.053645043750294,-402360.410506549815182],[816017.549470253987238,-402612.178521423484199],[815924.878689670818858,-402848.888980889169034],[815579.501382174785249,-402687.589240915956907],[815884.053645043750294,-402360.410506549815182]],[[800084.999845297192223,-403704.954093398759142],[799748.832353399484418,-403819.380898730654735],[799814.748878395999782,-403447.315286396653391],[800150.906333091668785,-403332.887167224602308],[800084.999845297192223,-403704.954093398759142]],[[796944.626848025480285,-407389.962120987707749],[797541.144453492248431,-406788.957749703316949],[798147.718808092991821,-406582.593821548565757],[798525.785997487953864,-405987.825434850761667],[798561.817422486143187,-404452.312295051058754],[798917.244432015460916,-404331.35229667526437],[798978.784241297282279,-405984.714123475365341],[798242.727220661472529,-406877.844368147430941],[798201.391450598835945,-407422.274053653178271],[797665.290017682476901,-408067.245428253780119],[797417.631490577245131,-408121.138672518834937],[797344.663418233860284,-407880.030430171347689],[796944.626848025480285,-407389.962120987707749]],[[807807.873599843471311,-404235.251674131955951],[807941.211612852639519,-404487.10421514272457],[807848.38663303735666,-404723.762112091644667],[807503.07265036192257,-404562.252815724292304],[807807.873599843471311,-404235.251674131955951]],[[817284.220623288420029,-404126.072715372778475],[817417.756941424217075,-404377.831446250842419],[817325.094450606615283,-404614.555635244469158],[816979.65572544245515,-404453.288485179946292],[817284.220623288420029,-404126.072715372778475]],[[806559.892462772899307,-404800.997379114676733],[806214.593935317010619,-404639.455042999645229],[806519.426171673927456,-404312.483067003428005],[806652.740086186793633,-404564.348364971345291],[806559.892462772899307,-404800.997379114676733]],[[803307.112551854690537,-406740.9215534592513],[803680.673613507999107,-406292.451768634433392],[804187.394508287892677,-406475.898884536873084],[804092.968775186571293,-406799.029713932832237],[803307.112551854690537,-406740.9215534592513]],[[818065.735291541088372,-407345.535983733891044],[818030.85994413937442,-405580.257537724857684],[818308.165209945174865,-405539.313610944605898],[818529.551840471685864,-407163.963502991595306],[818065.735291541088372,-407345.535983733891044],[817972.280708203674294,-407876.868994814460166],[817601.638990613515489,-407504.178980948810931],[818065.735291541088372,-407345.535983733891044]],[[802924.687449623132125,-407100.267783939896617],[802831.75393946073018,-407336.896118253469467],[802486.444320655311458,-407175.254145578714088],[802791.42533325147815,-406848.359720483422279],[802924.687449623132125,-407100.267783939896617]],[[802651.656862565898336,-408188.896567660034634],[802484.563604580005631,-408745.481199786008801],[802118.553214933373965,-408477.382308522064704],[802288.604625512612984,-407764.723780719330534],[802651.656862565898336,-408188.896567660034634]],[[795676.298565798904747,-408455.648477331968024],[795583.229592168703675,-408692.228924719907809],[795237.984768182039261,-408530.399513739568647],[795543.164860401186161,-408203.666518160549458],[795676.298565798904747,-408455.648477331968024]],[[796069.97350212011952,-408018.637667264207266],[796375.121857456397265,-407691.887193877715617],[796508.267443672288209,-407943.859776494035032],[796415.217152691096999,-408180.444940808054525],[796069.97350212011952,-408018.637667264207266]],[[817106.406614615116268,-408300.783906716911588],[817239.971724327537231,-408552.554835438844748],[817147.269377244520001,-408789.287081289337948],[816801.732434014673345,-408628.008143981278408],[817106.406614615116268,-408300.783906716911588]],[[816029.520349503494799,-409319.713351534213871],[816123.066695316461846,-408788.387074023892637],[816493.696317987982184,-409161.122350098681636],[816029.520349503494799,-409319.713351534213871],[816037.258691466995515,-410051.127662032144144],[815635.695800113491714,-410541.355956796032842],[815736.284659571363591,-410994.701481382013299],[816116.457865998265333,-411358.596609719679691],[816197.07048950123135,-412085.610724193626083],[816702.817646514391527,-412215.743481670739129],[816649.661707947729155,-413980.320192482555285],[816361.469773051328957,-413700.769828936725389],[816197.07048950123135,-412085.610724193626083],[815961.65961511223577,-412041.055208412813954],[815545.111550897010602,-411721.224125146865845],[814966.234666156582534,-411611.665016214130446],[814795.696753680706024,-411134.115579715231434],[815186.454248786205426,-410545.729279922437854],[815282.679978354717605,-409932.651232166099362],[815801.254482260905206,-409392.351552930602338],[816029.520349503494799,-409319.713351534213871]],[[801250.523883155081421,-409744.209466440486722],[800905.17750309233088,-409582.522879077238031],[801210.255057103116997,-409255.65737364103552],[801343.505529444315471,-409507.586781912948936],[801250.523883155081421,-409744.209466440486722]],[[809085.24436622695066,-415753.251100377761759],[809432.960870568174869,-415826.843666884233244],[809542.783559182658792,-416188.457698646408971],[809195.057243630406447,-416114.867622683639638],[809085.24436622695066,-415753.251100377761759]],[[812981.657083380152471,-415981.461549643136095],[813329.423866541357711,-416054.952962611801922],[813439.336009902879596,-416416.537961104535498],[813091.559415869298391,-416343.049040876678191],[812981.657083380152471,-415981.461549643136095]],[[807271.877574689569883,-416387.660820849356242],[807009.159908514004201,-416123.181989686214365],[806935.991021044086665,-415882.105158969992772],[807365.84335206495598,-415856.36176560993772],[807271.877574689569883,-416387.660820849356242]],[[804986.402910396805964,-449134.058572941517923],[805292.384614396258257,-448806.994609229150228],[805426.020230797934346,-449058.988700667978264],[805332.76018287113402,-449295.73305183229968],[804986.402910396805964,-449134.058572941517923]],[[804696.956923491903581,-450722.089394458918832],[804791.410198163823225,-450190.623891851108056],[805162.713364489725791,-450563.834768660191912],[804696.956923491903581,-450722.089394458918832],[804627.015271609532647,-451115.636045566468965],[803862.463465673150495,-451234.587202076043468],[803841.168419981375337,-452068.895569611107931],[803577.790495170745999,-452141.151838867983315],[803394.197205909295008,-451397.370565887656994],[803862.463465673150495,-451234.587202076043468],[803932.428084456943907,-450841.044098334445152],[804696.956923491903581,-450722.089394458918832]],[[806879.305172959226184,-451054.780867372697685],[806997.290598094230518,-450513.506678328965791],[808648.061303689493798,-450586.570395285089035],[808388.803466464509256,-450893.164177673053928],[806879.305172959226184,-451054.780867372697685],[806809.423124624183401,-451448.340741438500118],[806044.864162979181856,-451567.415635748417117],[805950.443821725901216,-452098.898056948906742],[805579.080531081883237,-451725.702240789309144],[806044.864162979181856,-451567.415635748417117],[806114.768998825689778,-451173.859415891056415],[806879.305172959226184,-451054.780867372697685]],[[805187.460262589971535,-452313.009725658281241],[805094.167563575785607,-452549.760429673304316],[804747.735000501852483,-452388.073518929362763],[805053.803918363060802,-452061.004284077323973],[805187.460262589971535,-452313.009725658281241]],[[814939.725840167375281,-426968.443600054131821],[815800.13675048132427,-426916.432541977846995],[815706.372486125677824,-427447.851086513896007],[815051.180485730408691,-427334.751342703588307],[814939.725840167375281,-426968.443600054131821]],[[813583.391498908633366,-427418.559057754580863],[813246.691112491069362,-427533.365472230245359],[813312.411731107160449,-427161.146175886271521],[813649.103211912792176,-427046.357281934411731],[813583.391498908633366,-427418.559057754580863]],[[822866.623377454001456,-442148.759594161005225],[822749.999566805898212,-441766.483450449246448],[823522.833294935291633,-441792.82029065937968],[823639.479373466572724,-442175.089959920966066],[822866.623377454001456,-442148.759594161005225]],[[823878.213012120802887,-443125.444388908159453],[824126.450038654962555,-443071.050099765299819],[824106.02678175130859,-443345.204468232463114],[823569.485867528594099,-443991.456701791379601],[823321.230007101083174,-444045.841020149120595],[823341.67167140066158,-443771.685960778151639],[823878.213012120802887,-443125.444388908159453]],[[820663.196677991305478,-443962.073910048464313],[820736.709133791038767,-444203.148506567347795],[820305.952699284418486,-444229.31833792332327],[820399.729106358019635,-443697.775073753902689],[820663.196677991305478,-443962.073910048464313]],[[822459.726425699656829,-444098.331801095220726],[822890.478681429056451,-444072.093277020205278],[822796.79434620286338,-444603.656646064599045],[822533.271777140558697,-444339.397153499478009],[822459.726425699656829,-444098.331801095220726]],[[831923.235538047272712,-458148.924815156962723],[832228.815235349116847,-457821.216955407464411],[832363.052945001167245,-458072.972948843264021],[832270.171261837589554,-458309.929224678489845],[831923.235538047272712,-458148.924815156962723]],[[825867.862166327191517,-422882.177414477569982],[826172.689494499471039,-422554.703045104863122],[826306.538488797610626,-422806.422099825635087],[826213.864804495475255,-423043.250391227076761],[825867.862166327191517,-422882.177414477569982]],[[826354.438637194572948,-423777.874782070750371],[826659.277388901682571,-423450.386543772707228],[826793.142617168836296,-423702.103088618896436],[826700.46931912668515,-423938.936976930534001],[826354.438637194572948,-423777.874782070750371]],[[870526.686021912959404,-387369.565323269576766],[870661.113909789826721,-387620.761052539746743],[870569.507466812618077,-387857.820463916810695],[870223.756781265488826,-387697.943826977920253],[870526.686021912959404,-387369.565323269576766]],[[867229.474831331055611,-387842.475222290901002],[867137.807904810993932,-388079.511252279626206],[866792.098116167704575,-387919.546395184472203],[867095.111041163792834,-387591.245201496698428],[867229.474831331055611,-387842.475222290901002]],[[850334.853923163027503,-391385.498785621253774],[854020.868801778648049,-391310.602325984044001],[854157.986494431854226,-391686.150277477805503],[850397.329060017014854,-391859.739339262363501],[849882.7718372362433,-391277.011108848149888],[849735.051622444181703,-390795.43045337399235],[849268.458754272898659,-390227.920543089159764],[849364.63259947579354,-389893.485204911092296],[849649.501756825251505,-389441.066732291772496],[849756.892988275620155,-388820.634186048118863],[850092.343126942869276,-388704.969094602507539],[850334.853923163027503,-391385.498785621253774]],[[856367.645616178400815,-391177.458544312976301],[856703.110408515320159,-391061.626148621959146],[856732.456846095388755,-391522.448093526181765],[856303.380599485128187,-391549.766005494864658],[856367.645616178400815,-391177.458544312976301]],[[829133.945486752316356,-391632.603593089617789],[829041.595314111793414,-391869.382030450564343],[828696.306513794930652,-391708.436330119380727],[829000.283075775485486,-391380.99067935970379],[829133.945486752316356,-391632.603593089617789]],[[856791.96825030783657,-389628.6708298366284],[856181.554976177867502,-389054.243861708033364],[856127.392019236227497,-388784.857943438459188],[856382.879634603159502,-388808.355092154932208],[856990.625237544882111,-389386.029118632839527],[857044.088334872154519,-389651.844185910886154],[856791.96825030783657,-389628.6708298366284]],[[856738.011437355889939,-390228.500195989385247],[857073.449099968420342,-390112.659387624415103],[857009.211805936647579,-390484.966710135398898],[856673.764100691885687,-390600.806241259910166],[856738.011437355889939,-390228.500195989385247]],[[832397.102725999313407,-396021.408859732502606],[832469.990123354713432,-394987.42251158709405],[832725.989902413333766,-394916.349949354829732],[832927.961372508667409,-395728.43420966604026],[832759.450407941592857,-396266.199130439257715],[832397.102725999313407,-396021.408859732502606]],[[831726.432792081148364,-398923.788735974172596],[832030.522406593081541,-398596.253151022305246],[832164.298569825361483,-398847.854025125037879],[832071.9362781138625,-399084.669342160224915],[831726.432792081148364,-398923.788735974172596]],[[833989.410841163247824,-399891.342061313742306],[834082.153786225710064,-399359.933608348190319],[834453.078862747177482,-399732.142768035992049],[833989.410841163247824,-399891.342061313742306],[833924.468263560556807,-400263.567493711831048],[833588.607749645947479,-400378.838646618649364],[833495.834060915745795,-400910.248745352379046],[833124.908411378506571,-400538.008899879292585],[833588.607749645947479,-400378.838646618649364],[833653.560367921367288,-400006.614503364195116],[833989.410841163247824,-399891.342061313742306]],[[835334.632780643180013,-400733.285089787852485],[835427.333166399854235,-400201.86264001368545],[835798.31779436103534,-400574.038212034269236],[835334.632780643180013,-400733.285089787852485],[835241.922828032751568,-401264.709432109259069],[834870.937728680321015,-400892.516053577826824],[835334.632780643180013,-400733.285089787852485]],[[834482.243836795212701,-401480.390690939908382],[834389.897779459832236,-401717.228020948066842],[834044.299582589650527,-401556.402099672646727],[834348.402850411133841,-401228.805995414440986],[834482.243836795212701,-401480.390690939908382]],[[849915.481318632373586,-404384.80883058643667],[850178.883929022937082,-404648.425061897491105],[850252.797300331760198,-404889.24519737099763],[849823.294827114557847,-404916.356433447450399],[849915.481318632373586,-404384.80883058643667]],[[848134.302705962909386,-405485.564081989985425],[847637.843187800957821,-405381.89655273896642],[847981.297816349659115,-404986.794087088375818],[848134.302705962909386,-405485.564081989985425],[848381.765194680658169,-405430.738447255687788],[848716.834911789745092,-405025.373999465547968],[848964.287102208123542,-404970.537821383797564],[848944.771972610615194,-405241.015517987834755],[848579.781977544538677,-405688.941544556582812],[849456.734299566480331,-406521.165799223643262],[849510.07531274179928,-406787.053522939328104],[849278.227652071160264,-406738.673961121879984],[848853.745130192488432,-406428.700757869286463],[848254.254922560648993,-406303.566229771415237],[848134.302705962909386,-405485.564081989985425]],[[849939.637543198885396,-406759.9522699227673],[850275.791177841834724,-406822.673846470948774],[851821.16997344524134,-408366.666049343766645],[851823.001689472584985,-410129.894800374226179],[851128.83073287201114,-411062.68033706623828],[851051.005357685266063,-411566.96245663886657],[849956.028121821582317,-412987.765057360986248],[849878.140103342360817,-413492.049503053887747],[848681.440057106781751,-415044.276955629058648],[848859.334359674481675,-415534.711044581432361],[849438.381615346414037,-415642.769074312353041],[849855.901295367162675,-415961.571669622033369],[850327.151697129942477,-416049.50082572014071],[850744.705354181118309,-416368.277572928986046],[851317.907792744343169,-416475.159782297618221],[851827.97916777106002,-417034.558733630867209],[851898.343738432158716,-417279.809193146880716],[851645.730145156616345,-417256.529063054360449],[851262.048533782945015,-416896.466826613352168],[850756.840377033106051,-416849.878223617386539],[850373.194044226664118,-416489.79246252233861],[849438.135021786787547,-416470.269962127902545],[849054.535540925920941,-416110.148337409307715],[847942.23151377227623,-416140.931647897756193],[847961.807958172284998,-415870.426796947140247],[848294.495542545919307,-415462.491280966147315],[848333.627719343174249,-414921.484765638248064],[849467.779981523752213,-413537.507982119335793],[849506.851017197710462,-412996.507823659921996],[850640.705880536464974,-411612.456296819029376],[850679.715780324768275,-411071.462556767684873],[851412.747334267245606,-410175.411883980035782],[851369.270177847705781,-408330.01121497747954],[849992.988517883350141,-407025.838685749738943],[849939.637543198885396,-406759.9522699227673]],[[841946.245309532387182,-412854.042050931777339],[842788.158159996615723,-413648.426054532232229],[843040.679669944918714,-413671.870566108147614],[843168.552040827344172,-414839.057634344440885],[843515.666406164178625,-415243.489003459981177],[843656.080752213136293,-415734.065399284940213],[844121.573737121536396,-416276.293210643634666],[843998.572435963200405,-416783.669164035469294],[843242.54748248308897,-416898.551111491280608],[843102.802842546254396,-415249.740921327262186],[842721.762921769521199,-414886.586831726366654],[842586.50351548101753,-413893.767722533841152],[841746.939218088169582,-413096.511023894709069],[841693.742012583883479,-412830.577373072039336],[841946.245309532387182,-412854.042050931777339]],[[843604.548768533044495,-410302.87969294906361],[843044.471970369224437,-410495.424107454426121],[842661.996072407695465,-410856.087900604761671],[842213.92296925932169,-411010.108666001644451],[841831.410261924960651,-411370.750411494227592],[841607.362244045711122,-411447.749108323943801],[841627.311131485155784,-411173.635277597233653],[842161.564267103443854,-410526.883058906591032],[842656.71084655856248,-410417.443094036076218],[842992.083332981797867,-410012.203932904521935],[843669.308766702772118,-409930.569921336718835],[843604.548768533044495,-410302.87969294906361]],[[843930.504790082690306,-408620.488493832177483],[844041.209731214912608,-408981.802810777968261],[843693.405909792520106,-408909.108922413433902],[843582.710773064638488,-408547.792086495261174],[843930.504790082690306,-408620.488493832177483]],[[843153.091616940218955,-408574.690584014111664],[842805.304158282233402,-408501.97419141640421],[842694.635165744461119,-408140.651618915377185],[843042.412819957360625,-408213.370530168467667],[843153.091616940218955,-408574.690584014111664]],[[842265.028902778984047,-408167.521798025816679],[841917.257901012082584,-408094.782896727498155],[841806.615059053292498,-407733.454687072953675],[842154.376256299787201,-407806.196106730669271],[842265.028902778984047,-408167.521798025816679]],[[841348.229800203349441,-407299.374162167077884],[841000.486796052660793,-407226.612446522514801],[840889.873206698452123,-406865.280017594282981],[841237.606406308477744,-406938.04425159987295],[841348.229800203349441,-407299.374162167077884]],[[840511.237313347635791,-422487.473537177254912],[840535.258741658646613,-420987.061795820540283],[840821.186830446589738,-420534.702155280450825],[840933.435011781286448,-419891.122446226305328],[842245.03929296170827,-418412.225930047221482],[842693.36633293167688,-418258.194900330039673],[843076.073199928738177,-417897.505566984589677],[843300.225159731227905,-417820.478370417200495],[843280.548985462868586,-418090.980968653399032],[840941.715734652825631,-420937.952104439376853],[841008.236585281556472,-422591.425954202248249],[840511.237313347635791,-422487.473537177254912]],[[859627.310720601584762,-430954.726644123729784],[859931.57435126369819,-430626.458036089024972],[860066.131527182878926,-430877.868142712803092],[859973.960911136004142,-431114.95172688853927],[859627.310720601584762,-430954.726644123729784]],[[873575.013480873196386,-398768.70940691389842],[873669.96202817116864,-398235.386493694211822],[874471.749341948074289,-398376.325397808221169],[874226.616549373255111,-398662.006333267840091],[873575.013480873196386,-398768.70940691389842],[873558.440818138769828,-399602.709214922972023],[873296.381980293197557,-399676.278136332344729],[873109.315703397151083,-398933.822140192089137],[873575.013480873196386,-398768.70940691389842]],[[864949.101382004213519,-404047.780312392162159],[865284.838077589287423,-403931.721871424699202],[865338.489018178777769,-404197.542489917017519],[865719.907418760703877,-404560.02146072027972],[865773.568085479317233,-404825.842052027524915],[865521.143506238469854,-404802.826454048219603],[865137.381711604772136,-404443.203121133090463],[864884.9660112838028,-404420.175759251927957],[864949.101382004213519,-404047.780312392162159]],[[863881.741372476681136,-408380.242567200679332],[864213.76504345680587,-407971.939151061349548],[864252.208731224178337,-407430.921040817163885],[865784.015428351704031,-405557.212916573043913],[865803.197709595202468,-405286.707396574318409],[866283.61295194120612,-405386.343640361737926],[864705.370318133500405,-407425.599924315174576],[864619.785445917514153,-407922.118388981500175],[864334.934050689451396,-408374.93412937305402],[864227.940986890578642,-408995.602703973592725],[863892.066429797094315,-409111.639388978888746],[863881.741372476681136,-408380.242567200679332]],[[870553.248625048319809,-413020.856916441465728],[870719.822942364146002,-412307.284120108291972],[871085.246832988807,-412729.643920390226413],[870920.816260201507248,-413287.118679798848461],[870553.248625048319809,-413020.856916441465728]],[[871161.761216146871448,-415758.46999587235041],[871328.355028133722953,-415044.870291202736553],[871693.862266533775255,-415467.225884442857932],[871529.409357160213403,-416024.723174045560881],[871161.761216146871448,-415758.46999587235041]],[[871510.994032650138251,-420191.47993091045646],[871013.777384725166485,-420088.652857542911079],[871357.011979277478531,-419692.895000124641228],[871510.994032650138251,-420191.47993091045646],[872008.219294357695617,-420294.288949424459133],[871664.985294431447983,-420690.065809612977318],[871510.994032650138251,-420191.47993091045646]],[[873290.656977044418454,-421002.029833991313353],[872511.784390410524793,-420976.556516129814554],[872440.762822391814552,-420694.693055550917052],[873132.318929017405026,-420500.799813954974525],[873290.656977044418454,-421002.029833991313353],[874069.535274453344755,-421027.458221243461594],[874140.592169546056539,-421309.314262918371242],[873449.004487460828386,-421503.260544533492066],[873290.656977044418454,-421002.029833991313353]],[[873009.607107550720684,-424077.965670014498755],[873313.392808886943385,-423749.414489473681897],[873448.153069276944734,-424000.674982575175818],[873356.271029558614828,-424237.835605659580324],[873009.607107550720684,-424077.965670014498755]],[[916356.463151762960479,-394708.157428219798021],[916520.323642218136229,-393994.127186636731494],[916886.829310614150017,-394415.175900056259707],[916724.557583393529058,-394973.124960057146382],[916356.463151762960479,-394708.157428219798021]],[[910049.265405243495479,-401660.637923219997901],[911527.035920487134717,-399737.44506253261352],[911631.765704859397374,-399116.441323279694188],[911967.050231367815286,-398999.221214332443196],[911980.022950634127483,-399730.532201581052504],[911649.592993783415295,-400139.991506789345294],[911612.840412842924707,-400684.752455626032315],[911082.16930993727874,-401334.218896087666508],[910587.75843705155421,-401446.169091283052694],[910254.54180458013434,-401853.070552709803451],[910007.325186340953223,-401909.032888922200073],[910049.265405243495479,-401660.637923219997901]],[[895701.576829625759274,-406761.231385410123039],[896632.068316702963784,-405622.717700924433302],[897308.916431850404479,-405538.387745753163472],[897245.647050534840673,-405910.949209832004271],[896686.381226080004126,-406105.72100569907343],[895906.473335687536746,-406957.296336304221768],[895682.752022770233452,-407035.193196988955606],[895701.576829625759274,-406761.231385410123039]],[[896381.336091662291437,-408338.044416489719879],[895768.386091065360233,-407765.291412232152652],[895713.397010412067175,-407496.010436670912895],[895969.349447746528313,-407518.763587653636932],[896579.63652843167074,-408094.772030790278222],[896633.914900614530779,-408360.483576339785941],[896381.336091662291437,-408338.044416489719879]],[[897063.52719757007435,-408331.879353837750386],[897834.869931559544057,-408353.940465288877022],[897953.468120675068349,-408735.448252458532806],[897182.103162688901648,-408713.393749272392597],[897063.52719757007435,-408331.879353837750386]],[[896989.938924569985829,-413159.055928201181814],[897321.153177351574413,-412749.910943158378359],[897358.320362695725635,-412208.763057961303275],[897689.497484620427713,-411799.612678238481749],[897726.642744519398548,-411258.46873484866228],[898057.782536427956074,-410849.312767786672339],[898094.905963236815296,-410308.172749694669619],[898426.008530857041478,-409899.011381962802261],[898413.826091550057754,-409167.62146929895971],[898757.767975617782213,-409230.487329844501801],[898931.308056750916876,-409706.981006039422937],[898544.063880717847496,-410297.81036282342393],[898467.990229307091795,-410802.374607966456097],[898175.831729421392083,-411248.118699609534815],[898099.734721674118191,-411752.68555771879619],[897807.540328846895136,-412198.425482348538935],[897714.979161953902803,-412812.126624587865081],[897199.329628151026554,-413355.613548291905317],[896971.345071264193393,-413429.631448180647567],[896989.938924569985829,-413159.055928201181814]],[[897833.457790763233788,-419009.957935663580429],[897541.150073714321479,-416386.366351066972129],[897199.527036447543651,-415974.467302266799379],[897049.93084066384472,-415493.277008587087039],[896580.529984767432325,-414927.251179544487968],[896654.918463368085213,-414011.291396345361136],[897002.021365591441281,-413890.475455715088174],[897138.169332866091281,-415052.762839936418459],[897479.77072451391723,-415464.659507806878537],[897629.382174628903158,-415945.845036176324356],[898098.859118078486063,-416511.840745063440409],[898157.122127220383845,-419151.0270815671538],[897873.062651912565343,-419604.608919593214523],[897767.434601787826978,-420225.624158974562306],[897431.503991510369815,-420342.509472050413024],[897443.090820464072749,-419633.238955803157296],[897833.457790763233788,-419009.957935663580429]],[[892066.97147863835562,-420275.369961785152555],[893138.340906801982783,-421284.063705463602673],[893192.571575107052922,-421549.82403077755589],[892939.760133365052752,-421527.315250704356004],[891865.887365047587082,-420521.688250163279008],[891811.005206632893533,-420252.561303130874876],[892066.97147863835562,-420275.369961785152555]],[[897107.032017427030951,-420926.965536962612532],[897462.18236914568115,-420803.38477671664441],[897448.672875576419756,-421630.179262763995212],[897093.499981855158694,-421753.760499545547646],[897107.032017427030951,-420926.965536962612532]],[[902097.485196500550956,-421391.565020559937693],[902232.777950912714005,-421642.535953897575382],[902141.406496662762947,-421879.891178398334887],[901794.413147374638356,-421720.762469175970182],[902097.485196500550956,-421391.565020559937693]],[[901403.513097593910061,-422160.934364092710894],[901312.122917341766879,-422398.284959867189173],[900965.128310954081826,-422239.134043055877555],[901268.232234108727425,-421909.95378487452399],[901403.513097593910061,-422160.934364092710894]],[[897136.255771307041869,-422949.064275928249117],[895005.559351322706789,-425556.661349627596792],[894757.854808056610636,-425612.352547274902463],[894630.276875263545662,-425201.867821881663986],[894068.786402984056622,-424795.217234596319031],[893370.660178036312573,-424652.117586007632781],[893732.983858636929654,-424074.187789560761303],[893838.847129614790902,-423453.200626848847605],[894174.881764408550225,-423336.383265861310065],[894302.43390246713534,-423746.845469930209219],[895023.330829320359044,-424268.973996543965768],[895320.262086580973119,-424123.209695832105353],[895701.848064859397709,-423760.997363821370527],[896307.960890273796394,-423550.178917336394079],[896682.463878642185591,-422952.537567400024273],[896788.177623511641286,-422331.514266075508203],[897124.164081020629965,-422214.643106661387719],[897136.255771307041869,-422949.064275928249117]],[[901117.80617377650924,-423800.086595884757116],[900620.16678698931355,-423698.34414091083454],[900962.691557004232891,-423301.812341309036128],[901117.80617377650924,-423800.086595884757116],[901890.046155311632901,-423821.927126953843981],[902008.841304239351302,-424203.460800192202441],[902506.512495895382017,-424305.152934477198869],[902164.001305472338572,-424701.728072650264949],[902008.841304239351302,-424203.460800192202441],[901236.579096404602751,-424181.626877836417407],[901117.80617377650924,-423800.086595884757116]],[[892585.711723584332503,-425987.969825129723176],[892494.137533712317236,-426225.26827095716726],[892147.167846451513469,-426065.86562541173771],[892450.570210391888395,-425736.892219559522346],[892585.711723584332503,-425987.969825129723176]],[[886099.772652013460174,-420692.160602430754807],[885835.354300393839367,-420429.197127499559429],[885760.74580046068877,-420188.529792254907079],[886190.735441113938577,-420160.272348063706886],[886099.772652013460174,-420692.160602430754807]],[[903727.246401388547383,-426374.853800450335257],[903862.608412339584902,-426625.822038727230392],[903771.220298166619614,-426863.200273709197063],[903424.085205768118612,-426704.103991434094496],[903727.246401388547383,-426374.853800450335257]],[[988095.986328558064997,-354735.63750329107279],[988182.227362625999376,-354203.369509353942703],[988556.56232113938313,-354571.180309657414909],[988095.986328558064997,-354735.63750329107279],[988009.735550870071165,-355267.907278061960824],[987635.400027064955793,-354900.0789354222361],[988095.986328558064997,-354735.63750329107279]],[[958878.723320510354824,-356474.193875656172168],[958996.31549246783834,-356847.06729385140352],[957797.854859184124507,-357012.626890257117338],[957759.209154479205608,-358672.286116799572483],[957415.83066058147233,-358811.212902425322682],[957340.127551510930061,-358571.077201354317367],[956869.737128457170911,-358007.45423336623935],[957013.716627644374967,-357489.923772781156003],[958006.755602769204415,-356391.922606030246243],[958878.723320510354824,-356474.193875656172168]],[[987341.814849922782741,-356179.845036661776248],[987428.102230429416522,-355647.575473493838217],[987802.449620907194912,-356015.412138961313758],[987341.814849922782741,-356179.845036661776248],[987255.517726217280142,-356712.116389253118541],[986881.169678431004286,-356344.262177862459794],[987341.814849922782741,-356179.845036661776248]],[[944211.149196091690101,-360672.298037923814263],[943715.331214745878242,-360572.223894730093889],[943764.419901660410687,-359414.240443145448808],[944113.962372992071323,-359290.755710717989132],[944211.149196091690101,-360672.298037923814263]],[[957114.756681190803647,-359390.01402789860731],[957448.681573552312329,-359271.694788597291335],[957464.348073345143348,-360002.709786556835752],[957136.337522571324371,-360413.152100805775262],[957101.716665731044486,-360957.850005699321628],[956574.900607983465306,-361608.897365148237441],[956082.241443165810779,-361722.491088327369653],[955751.441963856341317,-362130.385581955604721],[955505.101158887380734,-362187.169743358739652],[955546.001527638523839,-361938.718095456482843],[957012.609213201561943,-360011.161453462613281],[957114.756681190803647,-359390.01402789860731]],[[943862.501825692132115,-362358.116910975542851],[943335.022931995103136,-363008.646965343970805],[943088.629618627834134,-363065.203260902082548],[943106.34703799826093,-362791.053426829748787],[943633.82643456000369,-362140.533727224101312],[943880.200842076796107,-362083.967733594647143],[943862.501825692132115,-362358.116910975542851]],[[944778.754220402450301,-357761.112209412211087],[944444.779956938000396,-357879.114169144013431],[944506.39360394293908,-357506.485202141629998],[944840.357910318532959,-357388.482006918522529],[944778.754220402450301,-357761.112209412211087]],[[961625.255249237758107,-356290.596097351401113],[961959.068647026200779,-356172.166944601223804],[961897.940395999583416,-356544.875435724214185],[961564.116947143804282,-356663.303372308146209],[961625.255249237758107,-356290.596097351401113]],[[941930.47231088927947,-363703.810059882467613],[942264.614473048015498,-363585.86597004509531],[942202.889903461444192,-363958.503769906121306],[941868.737691871938296,-364076.44663265615236],[941930.47231088927947,-363703.810059882467613]],[[953882.470147684682161,-364399.43873054208234],[953984.819640984991565,-363778.292455431888811],[954318.879664413398132,-363660.047604229825083],[954367.083947310224175,-364851.604708610509988],[954038.847701648017392,-365261.987147225474473],[954266.223987457924522,-369490.376650438003708],[953738.491601511021145,-370141.876689369208179],[953491.994833867298439,-370198.626679515291471],[953467.587139481678605,-369029.096931945183314],[953748.595419441233389,-368574.542365111992694],[953601.571361535345204,-364853.979844079818577],[953882.470147684682161,-364399.43873054208234]],[[937118.206221520202234,-371256.43504811450839],[936783.830098031205125,-371374.257239285157993],[936845.762679063947871,-371001.621145904646255],[937180.128660888411105,-370883.79773468215717],[937118.206221520202234,-371256.43504811450839]],[[938779.401833766372874,-369656.357275671907701],[937855.100772180710919,-370797.442028626217507],[937608.545742852962576,-370853.900337996485177],[937626.385302746668458,-370579.966969248140231],[938550.68729467142839,-369438.900323583860882],[938797.213176405988634,-369382.425193007744383],[938779.401833766372874,-369656.357275671907701]],[[939859.320572315598838,-367362.392478769063018],[939525.064157385611907,-367480.279742555576377],[939586.89036149403546,-367107.643203738960437],[939921.136727117933333,-366989.754713112604804],[939859.320572315598838,-367362.392478769063018]],[[940663.148948820191436,-365822.283109807991423],[940135.368299663183279,-366472.705115152697545],[939888.900904267909937,-366529.203808967547957],[939906.696580769494176,-366255.050333386985585],[940434.477724135154858,-365604.638596955861431],[940680.926215604296885,-365548.130200307874475],[940663.148948820191436,-365822.283109807991423]],[[949915.476400117389858,-370875.637448651948944],[950279.113994456361979,-370427.935131813050248],[950702.161527450545691,-370819.981620563310571],[951206.254890927346423,-370862.792281382658985],[951670.31488606100902,-371292.777922068722546],[952947.045380096766166,-371123.766071135469247],[953278.180145223508589,-370715.910356406471692],[953524.687317810254171,-370659.164104707480874],[953507.148228347301483,-370933.348687880381476],[952979.717280361684971,-371584.308449311123695],[952058.21942618698813,-371728.149086041434202],[951694.596591911045834,-372175.904932881414425],[951271.481108769541606,-371783.884331517270766],[949910.461862818920054,-371801.695857186685316],[949487.41213261988014,-371409.620987153146416],[949123.719241724349558,-371857.305316873185802],[948877.176879435777664,-371913.971116335887928],[948894.813087639748119,-371639.791075576387811],[949422.431365707772784,-370988.992932710680179],[949915.476400117389858,-370875.637448651948944]],[[937416.188573512481526,-373426.967763248074334],[937758.19303502922412,-373837.679573066940065],[937908.990051453118213,-374318.232642127375584],[938344.878993051592261,-374841.593206220306456],[937897.890145098906942,-374999.131697932200041],[937822.48856483399868,-374758.853462629660498],[936433.091102063772269,-373359.745053512044251],[936463.467134983860888,-371959.033491557580419],[936815.949707309133373,-371834.834973450517282],[936891.323616261943243,-372075.112162282108329],[937233.282541017513722,-372485.831845668784808],[937416.188573512481526,-373426.967763248074334]],[[938663.755280807148665,-377220.603678446961567],[938049.774552582181059,-376649.591154671041295],[937962.190339617896825,-375920.314830216637347],[938751.296056252904236,-375951.465771537274122],[938915.884151771431789,-377242.239233001018874],[938663.755280807148665,-377220.603678446961567]],[[938677.871787623735145,-378741.914844746701419],[939012.424767958233133,-378624.039029710751493],[938950.488768365117721,-378996.711387518327683],[938615.925645872368477,-379114.585988793056458],[938677.871787623735145,-378741.914844746701419]],[[937790.700218112207949,-379635.04009928664891],[937773.142615149961784,-380472.813858454057481],[936609.498089735978283,-380738.813652858429123],[936251.142201281618327,-381353.795200340799056],[936189.368671751464717,-382300.910941913723946],[935918.588282135315239,-382765.521766388148535],[935988.083535404643044,-385683.575953499006573],[935365.659047187073156,-386298.241120128135663],[935206.25051773362793,-385832.256009990000166],[935191.942209737142548,-385101.054430480406154],[935521.276834446121939,-384691.067506955179852],[935460.558299742173404,-382768.056390049227048],[935789.819402549299411,-382358.07116385223344],[935793.159287325222977,-381356.341527299722657],[936519.017424152465537,-380455.872766348649748],[936536.698591073276475,-380185.322304425062612],[936871.303741307696328,-380067.498656462470535],[936933.305059020523913,-379694.832823652483057],[937156.364573164377362,-379616.265838364604861],[937639.533015174907632,-379153.355409981217235],[937790.700218112207949,-379635.04009928664891]],[[934738.732601866940968,-386746.505572093999945],[934238.742289371439256,-387225.097693776304368],[933363.387638777145185,-387411.915554348612204],[932983.877453607390635,-387775.080334593425505],[932108.474687431007624,-387961.817067653231788],[931728.916058131144382,-388324.947906432033051],[930744.50661048211623,-388534.813848768826574],[930617.355112886754796,-389296.152543650532607],[930282.468258952838369,-389413.828282935777679],[930236.452854733797722,-388218.74309949518647],[930766.038410636712797,-387568.151557829114608],[932117.702879207325168,-387396.03890234377468],[932449.890357324387878,-386988.644571941869799],[934230.411644515348598,-386786.573485404776875],[934562.521877206163481,-386379.128559415985364],[934809.376685058814473,-386322.720607357041445],[934738.732601866940968,-386746.505572093999945]],[[913792.727737394394353,-381982.267189915583003],[913701.906907930853777,-382219.613228221656755],[913355.712048970744945,-382060.851050328812562],[913657.533390697324648,-381731.509429344325326],[913792.727737394394353,-381982.267189915583003]],[[938190.877966560539789,-379887.658351681602653],[938492.078680575010367,-379557.761005679727532],[938627.732472614618018,-379808.267562312306836],[938537.35442948853597,-380045.77989261993207],[938190.877966560539789,-379887.658351681602653]],[[931041.052317804424092,-403311.41847979585873],[930808.884214586694725,-403264.442377226310782],[930851.844602061901242,-403017.274167407420464],[931529.205666339374147,-402070.038219219015446],[931529.469288520864211,-400338.427619459980633],[930598.788903290987946,-399356.86646611080505],[930329.924725799239241,-397204.176590924151242],[930717.460564124514349,-396571.216449613682926],[930803.308641527197324,-396076.912658665387426],[932387.486246884567663,-394001.243956777849235],[932968.776366475503892,-393792.224925140151754],[933351.253024040372111,-393431.636370093328878],[933795.098867020686157,-393272.006729870452546],[934177.538729941472411,-392911.396068225265481],[934864.319853278924711,-392664.340529664536007],[934683.932841596659273,-391961.925494492927101],[933246.490181733504869,-391921.393584343662951],[932817.95471803646069,-391617.05683023709571],[931817.017843209789135,-391541.620314881380182],[931697.107529861736111,-391167.429127586423419],[933207.570416156202555,-390999.712461482791696],[933729.201836644671857,-390500.630946999648586],[934212.879680116428062,-390661.689260105253197],[935244.854003986809403,-391742.916877545649186],[935213.766982786939479,-393130.867392621701583],[934289.59203767508734,-394164.871429459308274],[933842.943329320522025,-394321.92362702236278],[933065.993615505751222,-395175.575682128255721],[932480.538869880721904,-395381.344473629025742],[931585.119302856386639,-396625.780175888503436],[931981.249025394092314,-400651.373012360825669],[932451.787944570183754,-401216.093457634793594],[932453.229488800978288,-402933.330833540530875],[932170.674132234067656,-403387.573718526226003],[932112.84790509485174,-404469.086919021152426],[931863.592974111554213,-404547.558151180273853],[931602.945023543317802,-403716.46230538765667],[931041.052317804424092,-403311.41847979585873]],[[972448.388509510667063,-386988.685507769987453],[972782.919185929815285,-386869.95993619057117],[972721.832151756971143,-387242.823483139916789],[972387.291422316804528,-387361.547866527806036],[972448.388509510667063,-386988.685507769987453]],[[971623.797915507340804,-387511.259969948907383],[971958.34782529855147,-387392.554493385774549],[971897.234034193330444,-387765.416024267324246],[971562.674071474932134,-387884.120312312850729],[971623.797915507340804,-387511.259969948907383]],[[969552.216245669871569,-389057.178435986454133],[969913.251755205215886,-388929.119634569913615],[970077.767351607792079,-392056.110508455487434],[969716.645876776659861,-392184.176902655744925],[969552.216245669871569,-389057.178435986454133]],[[943668.554604760603979,-415197.971265907865018],[943910.405553576187231,-414916.066096710972488],[944134.038613700075075,-414837.361527189437766],[944166.318276443169452,-415298.116805521014612],[943668.554604760603979,-415197.971265907865018]],[[942729.049165324424393,-417650.789262472593691],[944239.84386220423039,-417680.994447961158585],[944359.999366175499745,-418062.692913939536083],[942640.302620475413278,-418183.061453330621589],[942729.049165324424393,-417650.789262472593691]],[[941809.099849430378526,-419495.231266311369836],[942051.075004002428614,-419213.348249185422901],[942274.790692797629163,-419134.671857762266882],[942306.998200973146595,-419595.451203052478377],[941809.099849430378526,-419495.231266311369836]],[[941259.982066231779754,-422640.419221078569535],[941590.202807543915696,-422230.139068758289795],[941625.927877894951962,-421685.169626674673054],[942156.1395532079041,-421034.363163968082517],[942403.62162698188331,-420977.802136057754979],[942385.897267909138463,-421248.468687089101877],[942055.726758154458366,-421658.764547060825862],[942052.436971624614671,-422664.231303231907077],[941521.921501760836691,-423315.342404467985034],[941274.393181830411777,-423371.888060705736279],[941259.982066231779754,-422640.419221078569535]],[[982591.449509928934276,-415610.483822933631018],[982892.548708131420426,-415279.475994412088767],[983029.322309497161768,-415529.631573631544597],[982939.379266203846782,-415767.529080267529935],[982591.449509928934276,-415610.483822933631018]]]]}}
]
}
