{
"type": "FeatureCollection",
"name": "country",
"features": [
{"type":"Feature","properties":{"featurecla":"Admin-0 country","NAME_LONG":"Bangladesh","cartodb _2":"Co-sponsor of Yoga Day resolution and OIC member state"},"geometry":{"type":"Polygon","coordinates":[[[1195260.33582650241442,-392284.373853621480521],[1195097.63309926725924,-391298.184354197815992],[1194798.114759089425206,-390341.408967582567129],[1192800.656647848896682,-383181.076393775176257],[1189813.521272408310324,-375959.289556519710459],[1190950.103838212788105,-374760.391719134582672],[1192482.310603444697335,-374641.743974319775589],[1193602.923116029938683,-373990.25447788805468],[1193502.860528805293143,-371176.005164144269656],[1184342.553995705675334,-335644.836912626517005],[1184015.708244408946484,-333759.779939316096716],[1182397.499377574771643,-330431.280893515329808],[1181853.002979214303195,-328617.228599659749307],[1181499.02492565009743,-322188.753713403013535],[1180029.428701291326433,-313755.822772903135046],[1179434.642935048090294,-312090.091616825549863],[1178177.013871382689103,-310523.010490215558093],[1175204.357340932823718,-308359.714579677616712],[1173864.168004402890801,-306813.97684845328331],[1172851.023464277386665,-303527.199760859541129],[1171210.390106425387785,-295023.9831956003909],[1169568.009618907468393,-293292.055557090439834],[1166056.001569288084283,-292208.841099126671907],[1163881.496225884417072,-289488.725392153137363],[1162775.786369779147208,-285836.601225933176465],[1162191.442979897372425,-278152.467074969550595],[1158238.192671123426408,-262766.425670315395109],[1157951.724311869358644,-258371.615008608496282],[1158228.726085542002693,-256673.295480632514227],[1159728.392504002666101,-252683.170339077041717],[1160250.946397137129679,-250641.809377741505159],[1160089.892696740105748,-249524.405352202593349],[1159522.653930527390912,-248494.090069302095799],[1158836.832723160739988,-246710.244584926433163],[1158710.45060992706567,-245624.303739453753224],[1158805.804464173968881,-243430.743365090660518],[1158623.210334403906018,-242430.123172683874145],[1158196.17116032820195,-241910.233191785751842],[1156757.553605158813298,-240975.827042632416124],[1156188.986970359226689,-240290.165698108263314],[1155986.051038496429101,-239541.130996843945468],[1156011.119035290088505,-237999.874487907160074],[1155781.467660248978063,-237187.130548906570766],[1155130.401910055894405,-236281.790361817402299],[1153692.828200972406194,-235105.879478904447751],[1153080.464619013713673,-234277.510214578534942],[1152465.810260714497417,-232688.439279437618097],[1151411.391146233538166,-227367.609290972905001],[1146435.533154205419123,-215128.221774357021786],[1145834.84296079678461,-211479.561937172111357],[1146616.331758158747107,-206689.608492018363904],[1146251.40222268877551,-204774.377555876533734],[1146171.301836280850694,-204353.953303968854016],[1143984.236517008859664,-203391.589749567065155],[1142380.780264172703028,-204537.37393256300129],[1141527.874208490597084,-209740.687797050311929],[1140122.502846886403859,-211357.125944691244513],[1138583.851942826295272,-209574.472453640366439],[1137193.182144838618115,-205442.359742591972463],[1134913.656101495726034,-202525.926977959548822],[1130737.296438353834674,-204372.351322647009511],[1129248.192777052288875,-206376.440934097627178],[1126333.503774728160352,-211274.23818485555239],[1124710.062632138142362,-212959.054833905393025],[1122387.956559551646933,-213766.986473532189848],[1120744.002254485385492,-213087.824461970623815],[1116085.085415708599612,-208623.912576348317089],[1114642.147814420983195,-206675.807761535514146],[1113244.555425080936402,-205263.374965968541801],[1111832.879240221343935,-205444.897096706030425],[1111324.152228484861553,-206942.648082539701136],[1111313.261094444664195,-209337.22261347156018],[1111823.316079966258258,-213533.714929139212472],[1115573.168381971074268,-226075.361186437046854],[1115778.937312930123881,-230418.316906241612742],[1113801.69493011222221,-234499.490440787631087],[1112599.140695667127147,-236078.483086606342113],[1111067.110267462674528,-237394.963503410719568],[1105640.310547397006303,-240295.707276670262218],[1104117.417340263025835,-241863.157298525853548],[1101762.814637530827895,-245677.977048880362418],[1099230.825903117889538,-251085.75729565959773],[1097751.142093681963161,-256676.177401348948479],[1098672.847238993505016,-261035.266337534558261],[1100469.654262531315908,-264417.939120178285521],[1102637.255044483346865,-271889.556100514484569],[1104235.568736568791792,-275159.380926954734605],[1104711.367043456761166,-276414.807014570047613],[1104362.06939049414359,-277457.207117934827693],[1102959.26073639607057,-279252.827076000336092],[1102709.257795975077897,-279313.688500410178676],[1101731.428173336666077,-279311.21643387794029],[1101395.102229269454256,-279356.212917371303774],[1100924.495086082955822,-279834.321827209496405],[1100925.101395403500646,-280356.798009588499554],[1101041.580280185677111,-280866.843312699173111],[1100950.67831106716767,-281310.742680365568958],[1099454.870222344994545,-284052.471414181403816],[1098803.59744347888045,-284921.491000769427046],[1097211.438849162776023,-286631.557279814558569],[1096521.385348320007324,-287549.581094207474962],[1095330.157331885537133,-288451.27436676051002],[1092612.721529633039609,-289285.481882259249687],[1091270.325418523047119,-289903.442702118714806],[1090554.775612536817789,-290125.555591745360289],[1089823.694996128324419,-290027.344510386814363],[1089074.155842419248074,-289832.98743585817283],[1088344.735394433839247,-289754.65988727362128],[1087446.584263564785942,-290215.420838837861083],[1087045.0858430985827,-291161.078159179596696],[1086750.20719308196567,-292241.59650075173704],[1086214.140694333007559,-293103.439241163025144],[1084621.029977279482409,-294177.467471553245559],[1084273.250378279015422,-293823.867942245036829],[1084195.129919884027913,-292730.637150055496022],[1083452.083972555119544,-291567.932983931910712],[1082002.390928910113871,-290999.341601107444149],[1080619.603574230568483,-290861.558302297722548],[1079226.209766034735367,-290460.379003174661193],[1077786.771467994432896,-289092.464889819326345],[1077260.972755754832178,-287977.998486363561824],[1076871.893074747407809,-284736.815273883286864],[1076574.797733783256263,-284347.411387732427102],[1075582.28402320179157,-284163.340386299998499],[1075268.488741331500933,-283829.800823464698624],[1074513.436327944975346,-281051.628057654714212],[1071510.943308162735775,-273169.816925265418831],[1070945.737074231496081,-272081.444897993467748],[1069976.437424594303593,-268735.036746734811459],[1069731.134092204272747,-268720.281255161680747],[1068103.992427447810769,-267355.387604449293576],[1067953.070648031076416,-266796.316997431160416],[1068039.184225881937891,-266149.371087391162291],[1067947.906333915423602,-265407.577228252310306],[1067213.104651460424066,-264579.572290565702133],[1067189.241606171941385,-264679.067341731744818],[1066902.516383642796427,-265471.216471556050237],[1066941.6808274933137,-265562.7951498843031],[1065958.311284114839509,-264014.141895158274565],[1064303.274618739029393,-262022.605609689751873],[1062219.233872073935345,-260630.524893326713936],[1059960.024616316193715,-260896.562740620400291],[1058947.748907117638737,-262572.733603358676191],[1058615.175986463204026,-265196.458252650569193],[1059026.389122077496722,-270105.949369321460836],[1061672.601298280991614,-279217.830976464902051],[1061581.948212362360209,-282884.672799984924495],[1058088.796974496683106,-282240.746440989430994],[1055388.44425767310895,-279125.188348589988891],[1053698.716551496880129,-274675.241731904214248],[1049924.311761863064021,-257096.81641532399226],[1049392.776643217541277,-256002.325320537289372],[1048774.832593756262213,-255155.680708921747282],[1048527.914628775906749,-254308.503892303793691],[1049175.244590774876997,-253241.676798727392452],[1050117.381098387064412,-252151.566557450190885],[1050490.899415171472356,-251244.005009734071791],[1050102.580623246962205,-250620.378149404801661],[1048748.181009943364188,-250377.063197786017554],[1047363.741111363633536,-249481.732439345913008],[1046146.56940746109467,-247342.137148343492299],[1044409.523332854616456,-242758.436431104317307],[1043709.647681667935103,-240047.345591774239438],[1043401.842544797575101,-239227.926649825181812],[1042659.998824310605414,-238273.255776020523626],[1040795.202073966502212,-237306.066932524903677],[1039890.849972321069799,-236570.574800059373956],[1038813.268858048017137,-234835.764110645541223],[1037679.39082179358229,-231292.052709878451424],[1036748.808429246302694,-229399.385566315235337],[1033363.818094877176918,-224097.311946023895871],[1032751.924375888076611,-222211.289299048425164],[1032892.257312091998756,-219529.510822084586835],[1034161.008716550073586,-219261.516851445194334],[1035609.107462160754949,-219260.560979473259067],[1036362.426344145904295,-217400.164153798192274],[1035591.937668568803929,-215787.760518728435272],[1033862.874181168852374,-215297.118402288091602],[1032188.186990780523047,-214552.458200555265648],[1031570.971107952296734,-212184.992603435181081],[1032361.334354840102606,-209986.383194002788514],[1033923.982925025280565,-209299.605648431985173],[1035842.421350753866136,-208977.87960436832509],[1037636.705254979082383,-207879.546534813125618],[1038534.262078030384146,-205987.685098926827777],[1040098.25075093342457,-199806.457814111869084],[1040228.949161930591799,-197704.953435049857944],[1039701.142861551605165,-196357.9339951093134],[1038356.867693280568346,-193881.559895512968069],[1038154.39216100727208,-192374.216229391342495],[1038474.365923705045134,-190803.00508456263924],[1041451.326659936341457,-184390.53657594815013],[1042405.322784632211551,-182846.812015518575208],[1043651.243872434832156,-181532.436932239856105],[1045364.45468252513092,-180665.832983104104642],[1046724.22632499714382,-180664.557343717257027],[1047089.251976086292416,-180786.523134714283515],[1047904.485475460533053,-181058.871928230888443],[1049018.524377863621339,-181148.523812682338757],[1050169.379470605403185,-180239.749740970815765],[1050848.938758467324078,-175653.432342105428688],[1050671.506727444473654,-171427.782510653312784],[1051682.286421567900106,-168504.76451574487146],[1055860.936483153607696,-167807.620795498864027],[1063676.933965433621779,-168859.702530769834993],[1067459.58742170385085,-168867.748832239216426],[1071585.438640532549471,-168037.901984897849616],[1073872.259733150247484,-167138.111315034155268],[1075278.664505475200713,-166036.953164768405259],[1076116.888279713690281,-164428.165788577025523],[1076710.890616653952748,-162021.560112603474408],[1077229.31096992501989,-154944.805659406207269],[1077582.706344813108444,-153599.188913393911207],[1078671.209895886480808,-153912.028820401697885],[1080822.737716717412695,-158214.65480667896918],[1081872.079145563999191,-159844.47511163764284],[1083786.446469090878963,-160846.778345309343422],[1085786.421170024666935,-160963.86643785823253],[1087499.418458344880491,-160151.7191342311271],[1088521.332181951031089,-158366.242468978569377],[1088300.905864876462147,-156456.361033614608459],[1087488.458812310360372,-154259.542140261648456],[1087034.557017044629902,-152196.755225010827417],[1087917.269684763858095,-150646.559465251659276],[1094471.792220271192491,-151513.963150731520727],[1095531.816215910250321,-151477.761251864343649],[1095863.861750717042014,-152181.86724328857963],[1096236.993728733621538,-154649.992127526697004],[1096559.038191615603864,-155613.158121495536761],[1099898.764713246840984,-158423.025305837218184],[1101992.120118762133643,-158773.785008720471524],[1103199.620973726036027,-157846.696260605705902],[1103770.359263541642576,-155853.61702722904738],[1105170.652408449910581,-146287.839145249163266],[1105082.764764398569241,-144105.920096671790816],[1103660.974768078653142,-139809.058209976414219],[1103840.257902967510745,-137802.831005733838538],[1106004.776361526921391,-136904.325944952142891],[1106993.415235203690827,-137659.268439363630023],[1109357.579513513948768,-139013.079134793311823],[1111353.865098974434659,-139614.15209001142648],[1111143.918227960821241,-138119.673679440806154],[1108553.865556640317664,-134578.678467266290681],[1108558.832358308834955,-133261.266943934111623],[1117043.717339257476851,-133271.630115470557939],[1119987.989609614014626,-132781.008579525427194],[1122466.630937774432823,-131391.005686452117516],[1124189.669785672565922,-128541.192980821957462],[1124288.696713361656293,-125387.763813865065458],[1123183.956486724549904,-118712.850587497843662],[1123505.470210687723011,-116570.675240377109731],[1124641.802712018834427,-115242.756205591693288],[1126116.407212618505582,-114189.978811184861115],[1127185.075899485033005,-113159.099641526758205],[1127483.992886114865541,-112870.708190109275165],[1128398.319963346468285,-111165.425728899834212],[1128786.99008085555397,-109453.475516901220544],[1128923.333127425285056,-105656.953985094733071],[1129514.06491393619217,-101290.623910069567501],[1133399.432285251794383,-86488.705434541770956],[1133522.525498320814222,-84756.426039806188783],[1133416.278443795396015,-83038.185694844287354],[1133075.378683778457344,-81271.317161525512347],[1133063.883576698601246,-81247.232788606721442],[1131439.365467349765822,-77842.749256329843774],[1131434.768275374313816,-77827.683526775275823],[1130855.86926038376987,-75930.33971891348483],[1131236.888090263819322,-74032.453607354109408],[1134056.960406135767698,-72500.92135317804059],[1137995.064220198430121,-73451.415981914309668],[1138013.007206355920061,-73455.743604231145582],[1145183.226119879866019,-77002.837540660912055],[1145201.727200074354187,-77011.982374355182401],[1145371.686987169785425,-77799.44157733132306],[1145377.417961839120835,-77825.993577343906509],[1145843.807674524839967,-78347.835733284897287],[1145853.280091757653281,-78358.433913788321661],[1146621.169227300444618,-78635.808752314565936],[1147620.434437650255859,-78683.449597321567126],[1153603.84877410903573,-76081.774331883250852],[1157107.049294960685074,-74829.507637737624464],[1158307.017049414338544,-72522.558278383454308],[1158500.077171821380034,-71268.614522247662535],[1158008.728602418908849,-69377.663199041227927],[1158000.406554759014398,-69362.26227106229635],[1157095.535846213111654,-67687.475934122601757],[1156068.324557818705216,-66839.535837600793457],[1156056.461001329356804,-66835.566555065175635],[1153501.795487040420994,-65980.518380897148745],[1153504.183150845114142,-65977.933536136275507],[1153524.028054918861017,-65956.449939711630577],[1154266.278313628630713,-65152.832500882206659],[1154240.703709651716053,-65124.706304420709785],[1153814.456839859951288,-64655.909259735846717],[1153787.545065576210618,-64645.489285760479106],[1152817.811060279142112,-64269.970604943518993],[1152810.235864020185545,-64265.310873067821376],[1149389.167988151777536,-62160.127511258870072],[1149384.747634966159239,-62129.698817147793307],[1149336.478431480471045,-61797.424904538005649],[1149322.851389737566933,-61793.76601077572559],[1149293.878406012197956,-61785.98665102031373],[1147515.207683963468298,-61308.267131403816165],[1146718.649133334401995,-61171.284693247267569],[1146715.250531833386049,-61159.209953702324128],[1146707.848363191820681,-61132.910559448646381],[1146423.255334963556379,-60121.71749734506011],[1145854.033481674967334,-58098.868535165165667],[1143232.679955116705969,-56821.043962269526673],[1140304.289492873242125,-55853.519009328942047],[1138498.725658241892233,-53723.410894395383366],[1137583.1796804824844,-53171.582800474185206],[1132302.289481562795117,-52905.511968760125455],[1130467.841344473417848,-52601.814524982168223],[1129057.219490169547498,-52120.793596484909358],[1127770.147502033505589,-51373.645251839254342],[1126264.942605096148327,-50274.996560732324724],[1124605.554030702216551,-48472.135763116973976],[1123902.322806492215022,-47947.135638383391779],[1123088.603629376040772,-47838.985696527102846],[1121745.297420852119103,-48378.625050095739425],[1121177.087735444307327,-48209.180123808124335],[1120437.890789163531736,-47750.204260042250098],[1118980.577860474353656,-47811.558045995996508],[1118158.672455753665417,-47606.260060658663861],[1117526.901989715872332,-47057.637194719289255],[1116397.890175088308752,-45575.887488475505961],[1115588.069666618714109,-45019.400025386486959],[1112800.210696944501251,-44166.200436545273988],[1109519.448554935632274,-43652.546231371423346],[1106272.612834817962721,-43783.585083315636439],[1103668.171723282895982,-44846.590152822471282],[1101832.757562380982563,-45620.662454804572917],[1096171.579175535356626,-45229.003177797378157],[1085561.358246772317216,-47471.686066012400261],[1080671.06260641105473,-47428.271412410103949],[1079163.892682060599327,-47764.686333949299296],[1078571.040714523289353,-48427.293708963567042],[1078079.117253758246079,-49810.118664190777054],[1077420.589920877246186,-50437.906611157290172],[1076506.03212336730212,-50237.670065993726894],[1075156.589679881930351,-49700.16818879130733],[1074008.486768703442067,-49834.419823450087279],[1073635.407228574156761,-51654.744344166239898],[1072692.253490369068459,-52764.484239236531721],[1070375.835362887009978,-53303.666473612378468],[1067803.318993288790807,-53392.90801001307409],[1066067.898387285182253,-53115.346922379590978],[1064352.403136048931628,-51923.904637527070008],[1063576.373846015892923,-50724.929838232899783],[1062771.0309637140017,-49935.557191308769688],[1061018.237009368371218,-49951.322366798078292],[1060188.158853571629152,-50402.776909500316833],[1058618.559278771514073,-51911.94717257215234],[1057459.767141019226983,-52303.706920159907895],[1056392.727658659452572,-52538.837146826153912],[1054421.840183365857229,-53351.327207322014146],[1053458.436891195597127,-53577.876677570115135],[1049490.414230455877259,-53448.622661696084833],[1034285.233663960476406,-50102.868827292688366],[1029242.292883373913355,-47953.412968417687807],[1028166.357897441601381,-48072.250030110677471],[1026066.750741131021641,-49377.965272110755905],[1024848.468417086987756,-49679.701073297575931],[1019263.196962034096941,-49920.105441750274622],[1003382.095427854219452,-53742.494583402563876],[1000284.058106829645112,-55131.653493129757408],[999429.734018578892574,-55315.732266603132302],[988216.521398146636784,-57726.259101950308832],[985378.092183060594834,-57595.75115536883095],[983860.356303105247207,-56981.522796729230322],[982533.674015084514394,-56129.223196114326129],[981178.449880329309963,-55450.936645317655348],[979554.64615620020777,-55365.903358699571982],[979046.262476568343118,-55684.785355673215236],[978061.977443569339812,-56899.112916901962308],[977516.231582144624554,-57278.045878288590757],[976649.090874362853356,-57405.693995780064142],[972875.718397306860425,-57043.962693174973538],[970632.772911058505997,-56206.844773633682053],[969464.66191711765714,-55932.053595059645886],[968039.979969184962101,-55997.138568911585025],[964089.669426110922359,-57331.415083360327117],[955804.744295653305016,-57186.680952512251679],[945759.721111377817579,-60110.078767705126666],[942222.400043430970982,-60255.646808710633195],[934179.366172958165407,-57494.81647202574095],[918185.281936707091518,-55127.850884337509342],[895256.304004931240343,-47251.636336871044477],[891460.29357971646823,-47659.320006759546231],[887985.561880354769528,-49350.648586038616486],[886405.61378106335178,-49176.777132567585795],[885087.960941967787221,-47099.767688451582217],[883936.558335452456959,-43235.08605100405839],[883330.222812589490786,-39494.058515189615719],[883539.427835806505755,-36294.218790386963519],[883612.020983740221709,-35183.155507154806401],[884202.31243541976437,-32189.474757977117406],[885301.254450191394426,-26611.268832142941392],[884924.970142603153363,-18282.057330789761181],[885330.87460398755502,-10461.453797447993566],[884018.569834009627812,-6189.564054241514896],[881372.507827472407371,-758.464225717652653],[878865.900883711292408,9025.881402910119505],[879064.29702743794769,11778.263357692758291],[882855.035185495740734,19666.952652048606978],[883110.670703941257671,22320.227042032507597],[882273.517095515970141,22899.624990199601598],[880695.963213516864926,22936.232263877482183],[878752.006721461075358,23951.124202585262537],[880655.94911758613307,24755.769287759008876],[881980.268666599411517,26008.56059442798869],[882182.183999594533816,27540.774969565576612],[880729.641380778048187,29184.571451995128882],[880608.519600424100645,29290.993814786255825],[880462.63556997384876,29304.058523427615],[880299.984724667621776,29258.688698316484079],[880136.030168423079886,29155.929523866765521],[880121.335137350019068,29143.476413123200473],[880090.40431934397202,29141.387597446420841],[879458.038650055765174,28382.409020552800939],[878828.452302755787969,28041.965425815666094],[878205.102372797438875,28223.429826773855893],[877605.60760475252755,28973.825570829216304],[876755.459869057289325,30372.088679455860984],[874524.695674737216905,32903.926992702618008],[873895.215604797704145,33875.935394247833756],[873616.453935276484117,35794.049232545308769],[873766.008538147783838,37190.79569277272094],[873545.757201077067293,38545.547841337778664],[872113.880963401054032,40300.43879005551571],[871220.27265291812364,41747.662217527809844],[870655.649400922469795,43537.827422267597285],[869963.952101907576434,45141.882694274085225],[868710.984964681556448,46015.140152371808654],[867820.881359339342453,46024.52359577887546],[865845.706466783070937,45709.614976780816505],[865107.400445648469031,45769.393818066004314],[863854.848422205308452,46253.476843861477391],[863602.881158863543533,46465.95747834820213],[863717.123397040064447,46926.212271296877589],[863615.54909874976147,49336.035952563972387],[863519.124956594780087,51623.194288391619921],[862875.305865229922347,53225.014425579392991],[861051.294710818096064,53453.685145548406581],[858947.538145524333231,52598.352925028724712],[858318.96577595314011,51628.611740731706959],[858745.808750162017532,48293.300591020059073],[859509.684526493307203,47060.224219472453115],[859457.957371024764143,46512.464849358744686],[857384.162850532797165,46988.782693549983378],[856667.184614365920424,46884.270519773686829],[856010.144384320941754,46497.248977827250201],[855400.454335269634612,45861.26366873572988],[854471.296401285682805,43789.084449311703793],[855221.106359714409336,42451.718429898959585],[856905.804228620021604,41766.051991319174704],[858760.204309497028589,41647.578816687011567],[857645.482766092871316,40823.496908556771814],[856231.495853821747005,39985.568428650578426],[855199.456372468848713,39000.991643361776369],[855295.931104876217432,37689.491901317982411],[856317.325713813421316,37263.85072866086557],[857680.756968300556764,37617.134420351874724],[858986.790491370949894,37663.098962697011302],[859824.556425592047162,36337.490222316526342],[859102.979597797733732,34410.503942459916288],[854982.628509416827001,30478.18657966000319],[854333.96390569221694,27421.872731354847929],[854545.378171842778102,25934.579658584523713],[854363.686704982304946,24518.925441814484657],[853692.356177738169208,23460.819512625741481],[852385.549969391548075,23088.845032690194785],[851328.592207314097323,23569.819192404320347],[850381.081300142686814,24676.792716804422525],[848811.997007005265914,27061.106296271846077],[848326.465042774099857,27281.59178028786846],[847816.324175774818286,27403.093600017728022],[847312.498687676503323,27427.62575607898907],[841933.815708691603504,26615.019925047032302],[841934.184228464029729,26609.314430933452968],[841929.396633708034642,26603.276013602691819],[841929.765144085977226,26597.57062985099401],[841426.302723223343492,26375.997491116988385],[840925.039191855117679,26280.629236375465553],[840436.302121106768027,26312.130489198458235],[839959.002310240175575,26487.616283098359418],[838298.114425410050899,28643.708601878850459],[837134.102854555589147,28551.702591758566996],[836007.948621532297693,27385.16211561374439],[834444.482565946644172,26333.957609327851969],[832818.537899244111031,26419.031956153634383],[830749.779448243323714,27197.922792863981158],[828849.903820134466514,28337.327126497079007],[826285.619742106995545,30981.631060338619136],[822658.00951711111702,32373.343216181641765],[821759.737214445834979,33324.915645317640156],[821006.452704702387564,35425.698113200785883],[819879.408612612402067,36729.604728403704939],[818345.29669343738351,37601.275352995216963],[811561.338196745724417,40063.962590765113418],[810236.715035040047951,41407.872065616014879],[809367.167298885178752,43335.851780508659431],[808122.003643526695669,49983.778059018091881],[807266.994609392015263,51689.367129629550618],[805070.172997964546084,54881.50886539084604],[804315.521830814657733,56645.036114989932685],[804075.417194653651677,59609.0372408626572],[805207.992293000686914,59828.071793349139625],[806689.807844873517752,59243.94636543924571],[807530.304292272077873,59760.141488520268467],[807375.024226050591096,61262.868284112955735],[806611.004579964326695,62011.727222712281218],[804193.660205115680583,62537.935552837669093],[802494.26180520944763,63143.256427540916775],[802333.939267564914189,63900.989695728872903],[802593.499483831576072,64879.420023502621916],[802049.094085483229719,66174.848757093917811],[801120.948185044107959,66833.673172155191423],[798901.249227599357255,67269.874411371434689],[797790.062886453233659,67636.973217214166652],[796838.18577894824557,68351.913826078744023],[795216.838827376021072,69976.85497403802583],[794066.790017006802373,70479.358093201954034],[792401.692069401731715,71563.473893541493453],[791435.864564407500438,72432.598429598278017],[790509.760158066637814,72651.167114951400436],[788924.764834040077403,71747.102022550898255],[787744.0394872718025,70466.771388479217421],[786612.397476707003079,68542.244778357548057],[785920.156332393409684,66426.741034349397523],[786095.40959617937915,64552.76713236879732],[788274.471824390813708,62485.11016727743845],[791197.919007851392962,61683.185055059708247],[793744.592881215969101,60549.55720475497219],[794862.837199182948098,57455.841222277515044],[795555.49627072585281,56598.851812576736847],[796364.139392549404874,56379.112695020623505],[797239.770123878726736,56667.623399104370037],[798132.70058865705505,57346.787265929960995],[797917.912526481435634,54956.33423730009963],[798682.354588709305972,54281.47874624216638],[799873.349424808868207,54314.564730587444501],[800969.42434018838685,54044.036574850149918],[801631.125581286847591,52022.566300218029937],[799700.132349387393333,50494.55094852775801],[795373.175075690029189,49106.594979872505064],[792479.323107598931529,49880.905819458857877],[787816.250086033716798,54031.249036443099612],[785105.905903339851648,54359.986218292746344],[783180.71366520866286,52886.401979113441485],[781907.924989314866252,49143.990533159405459],[780369.144340651459061,48444.4691104307567],[778645.627425447106361,49103.0220997946235],[777604.728037936729379,50615.912379332097771],[776849.606044359505177,52449.510319112639991],[775950.865447033778764,54097.01776789228461],[772277.081603220198303,55270.209535882575437],[764042.025379753904417,51673.841772439896886],[762217.385448473971337,52849.751083442417439],[762912.512518351431936,53675.157361398683861],[766472.197754896478727,55740.144482922587486],[767689.187915617949329,56900.164863434300059],[768488.549103962024674,59009.325461263804755],[768155.927547506173141,60358.579102494419203],[766755.843252708786167,61346.999812474161445],[764409.94467795570381,62365.823027871680097],[763770.31767255149316,63152.997797416217509],[763764.245212645386346,65100.025539770489559],[763003.509350977488793,65404.725350331835216],[762107.359438940533437,65644.250172689586179],[761826.382079050061293,66389.544335183527437],[761975.766732749878429,67360.539037005175487],[762355.283809151849709,68276.30809815225075],[760010.368741589831188,68688.784423426390276],[758922.954208826180547,69117.791952027444495],[757803.071742259315215,69751.184099739664816],[756951.450637691188604,70738.219347139136516],[756313.74038111360278,71949.677116740072961],[755583.011833499418572,72989.653475201921538],[754360.205521433847025,73451.235128485481255],[752255.755396403139457,73294.813542038798914],[751432.917992965201847,73350.276482717876206],[749096.142061976366676,74183.221467498471611],[747030.160798079799861,75421.605007737831329],[746172.615369169623591,76174.131435465300456],[745035.098007356515154,77317.284275973201147],[743733.953130627516657,78262.152868480392499],[742352.262678279075772,79717.995664640984614],[740728.286857594968751,80369.779369749347097],[737145.753518306999467,81225.383893176898709],[735756.461933034122922,82652.813870833968394],[735345.704977224580944,84811.604636501157074],[735305.448156102793291,87157.498023568827193],[735036.000469389604405,89186.871921851678053],[734098.303520266781561,89746.594530914662755],[732905.403051783447154,88356.146154851216124],[731804.452772613381967,86243.660846226543072],[731155.106282532215118,84609.18076232697058],[729519.772056971793063,77421.355449877810315],[728347.796291180886328,75167.876097465283237],[728348.116482745157555,75162.16708738336456],[727886.146519220084883,73658.730034258434898],[728111.527629373944364,71844.494503931869986],[728933.758593276143074,70418.807086187094683],[730256.017948964028619,70097.912134049009182],[730676.457529042381793,70780.143931091908598],[730810.681851152912714,73341.898082927698852],[731117.621264493442141,74115.129364588327007],[731812.762235153350048,74217.277032408965169],[734192.581268308334984,73326.456586707921815],[739990.216291081393138,72527.230719534753007],[742702.27635572408326,71433.491718916746322],[744258.797385385259986,69099.967333059714292],[746595.155124397482723,63254.808554064235068],[746972.136494077043608,60464.434723182137532],[744741.120601807022467,60680.069893319574476],[744006.538854478509165,60443.290981676916999],[743025.650467437924817,60272.654851830047846],[742092.189338293042965,60265.157317958692147],[741416.977589131798595,60524.438940349093173],[740350.068677026429214,61139.423094854377268],[739811.355595549102873,60633.417585255090671],[739390.868554386077449,59590.100904962084314],[738708.913755004177801,58606.397238563418796],[734195.212830413482152,55384.287856046910747],[732770.438566490774974,53923.801477078559401],[731387.056680154055357,51721.356317438861879],[731112.130688249249943,50090.996320298334467],[731497.870063214562833,46075.42678868863004],[730766.412084424402565,44385.09370688792842],[729076.448926298180595,43202.299625824169198],[723368.347574199666269,40879.666280108700448],[721347.940108762937598,40326.657096054201247],[720284.818328174762428,39838.338597807851329],[719633.713118571555242,39092.289605764926819],[719050.022354195127264,38246.928779193767696],[718220.650256497319788,37451.03667082481843],[715034.543714709579945,35151.357601473777322],[714293.022466342896223,33782.236675350606674],[713377.10401374893263,30118.954770595708396],[713100.305962913786061,29508.305462842035922],[712987.197754187393002,28929.522005973172782],[713170.586357978754677,27845.900691377530165],[713561.485095569980331,27317.60455997297322],[714201.458938756026328,26963.290516038381611],[714776.647329207859002,26376.415009640884819],[714992.556022487930022,25174.351859860627883],[714422.44858944916632,23024.500614461103396],[712018.860917389276437,20906.150048242514458],[710290.733573419740424,17107.321032611751434],[708783.909830232616514,10738.520518743802313],[708290.700049655279145,9904.422910518927893],[707782.98268201155588,9527.614425893323642],[707511.384316234034486,8997.580104574120924],[708541.006662275758572,4146.538590370982092],[709324.284594759810716,2505.721168740658413],[709236.894734716159292,1539.065518032721229],[709290.838478437392041,545.732543781557865],[710963.855212392634712,-1155.442807176458018],[711485.364620321313851,-2071.786036571519162],[712287.167369906441309,-4135.148586476409946],[713643.418972784769721,-5429.587901117954061],[715509.523541699629277,-5235.926518382359973],[717441.18575669080019,-4253.961043847783003],[719036.475604318431579,-3192.871750334812077],[723439.472158187883906,-1638.557469279578299],[726778.205613607191481,-3142.41430546067204],[733209.366522570257075,-9849.175483784239987],[740762.660429944517091,-14353.685342423859765],[743580.288443728466518,-17182.940971721851383],[744401.587705223006196,-23956.372370734145079],[745882.396973570110276,-25246.393546491442976],[749760.180663957144134,-26937.464424674009933],[750906.492059395182878,-29082.199621428881073],[753750.463603291427717,-31014.698563868318161],[754613.897006050567143,-32562.695357763706852],[755655.977909906301647,-33510.492873600072926],[757751.719168970827013,-33801.713432635624486],[762034.182960317586549,-33707.834865705364791],[764053.338419452193193,-34552.297475284940447],[767409.238837930955924,-36469.327857139978732],[769536.410835864604451,-36837.048363672438427],[770693.072771889157593,-36436.87402252908214],[771542.467292278073728,-35499.171235590591095],[772339.186220592004247,-34375.518894089764217],[773343.379721843404695,-33422.826708356886229],[774133.659318859921768,-33250.134623866615584],[775044.067612799932249,-33350.915360187100305],[775999.866608325741254,-33340.127428751060506],[776966.968216513399966,-32818.877193927946792],[776789.685232879244722,-30882.143584593322885],[779905.89814182149712,-31893.887472707960114],[780815.418812250369228,-32589.958958102135512],[782119.869427367695607,-33978.309803386749991],[783462.112359761027619,-35037.825999665321433],[784460.359113630256616,-36427.105737210993539],[784741.777543623931706,-38781.398687095264904],[783271.234847303130664,-42804.114753189533076],[783342.589732300839387,-43475.680849787771876],[784468.314623300684616,-44204.453897170547862],[784813.986951855011284,-45111.601258912218327],[784955.663985539693385,-46174.146186364967434],[785457.138480577268638,-47335.414213986216055],[788010.045462598674931,-50154.780416628891544],[788752.828670133487321,-50734.419935027799511],[789796.300647277268581,-50946.532936036950559],[791905.226689472678117,-50956.800514304086391],[792531.028779785614461,-51405.840851772387396],[794316.342396616702899,-53033.30673230040702],[796706.846744465758093,-53214.783961763918342],[801594.539822393096983,-52676.377880313353671],[802391.515111586428247,-53532.648733753499982],[802678.850367415696383,-54569.002886730304454],[802487.514565413235687,-55697.65414406133641],[801847.076495734625496,-56807.936535920693132],[798242.911277851555496,-59805.72829013565206],[797443.065989014226943,-61045.744217225801549],[797424.558444660739042,-62541.824908738482918],[797794.038630325580016,-63991.4186868279794],[797569.860966123640537,-65104.783334451829433],[795760.796457143849693,-65609.792004525515949],[797362.709074695245363,-67872.448726669012103],[794787.421306304866448,-67868.217164235014934],[787765.199001733679324,-65851.477253047909471],[787077.261045972234569,-65503.268873940171034],[786410.002337017445825,-65325.61367341902951],[785620.600171817932278,-65544.70655848790193],[785003.040431283647195,-66372.044348880954203],[784122.152232530061156,-68813.044212506967597],[783343.819861067226157,-69483.794497793409391],[777308.334051991230808,-69229.632393767518806],[771150.726022124174051,-67330.477783248701598],[768067.507104852469638,-66915.599313305152464],[764530.491639941581525,-67024.691695835252176],[763646.130466466653161,-67408.324110853296588],[762480.92906195553951,-68879.139550266918377],[761801.707889535464346,-69388.169608833472012],[760680.063207169412635,-69728.084343655529665],[760205.072439211187884,-69715.503275413677329],[759724.71034392749425,-69519.956723539798986],[756981.275812519597821,-68939.64137820895121],[753761.960256179445423,-67870.694772400514921],[752085.237836845917627,-67525.896145813647308],[748691.428468305850402,-68315.428641972728656],[747809.615782491164282,-70215.355726122608758],[748434.488389043719508,-76427.456762429312221],[748004.931726466398686,-83721.850186634954298],[747015.113335967762396,-87050.898539198795334],[744855.570475116954185,-90102.560095284978161],[744702.876875873887911,-93028.912420335080242],[743619.389830167521723,-95655.722299113098416],[740374.415317686041817,-100434.276889327011304],[738729.541545912274159,-103790.830146048640017],[737847.281414354452863,-104547.533503077167552],[736146.047903415979818,-104488.146875618491322],[731854.115604387247004,-103590.727796740990016],[730631.562016205629334,-103587.053191052298644],[730431.683000681456178,-101585.334649849755806],[729401.045498481718823,-99480.806552826499683],[727881.903404957265593,-97695.291913830922567],[726175.108612704090774,-96664.392401475270162],[724207.842525048064999,-96586.714413169989712],[722380.058868475141935,-97337.097749069464044],[717531.805894455406815,-100339.380493749966263],[717558.26064728887286,-100824.649242916610092],[718136.562681779381819,-101374.301996817361214],[718652.014238051138818,-102302.420343670324655],[720183.985366271459498,-106058.051682000324945],[720589.99738384434022,-108131.608518679888221],[719687.983184333657846,-109601.014945519491448],[718367.037536150310189,-111058.848581301950617],[717507.154249506536871,-113118.445835380945937],[716186.980344850104302,-112966.959458609941066],[715566.996884041232988,-113773.669884916947922],[715347.825869761523791,-115128.340760582883377],[715293.654612680198625,-116634.385151088747079],[714640.281985337147489,-117697.669361290303641],[713369.875971081084572,-117989.812381808282225],[712279.209569272468798,-118512.612619681385695],[712060.726910445722751,-123374.415538055502111],[710849.989246555487625,-125366.579326487932121],[710122.980624194606207,-127409.887144686334068],[709759.491152347181924,-130767.789446584079997],[711721.093624061206356,-131234.727985478006303],[713407.980707588721998,-131845.08245638886001],[714542.708495152299292,-134048.427192623115843],[716097.378335867542773,-135493.088901878189063],[716451.768626432633027,-136138.115054948779289],[716764.50985743815545,-141899.111073598149233],[716899.03589601314161,-142447.276772780955071],[717323.540740024880506,-142836.530286394961877],[718274.677403810783289,-143950.176785325660603],[719286.635085456189699,-145504.265907316410448],[719532.371543574379757,-146263.972391452261945],[722482.308263863087632,-146738.599041105655488],[749810.826640881132334,-159161.778231943753781],[757651.425891783903353,-164694.622338544373633],[760002.882503925589845,-165058.043697150162188],[766576.142207144061103,-164985.159992502682144],[771671.330177851719782,-166387.302459799393546],[773897.576659152749926,-166119.763566417415859],[775277.421589432167821,-163684.611976151267299],[776206.636687545920722,-161092.459477319614962],[778426.558806949760765,-161446.003926854376914],[781863.347070606308989,-163291.165369731548708],[784371.513186161173508,-166281.907508870295715],[785190.692108232178725,-170618.609364979696693],[785411.631859295186587,-171066.659761555958539],[785775.728304848540574,-172863.9253492334974],[786035.716782478732057,-173260.959098581748549],[785750.346732835052535,-174294.765606898465194],[784680.097961349063553,-176094.08243144719745],[784411.595474431174807,-177060.978569673519814],[784395.712212563375942,-177069.803220165980747],[782864.863322711666115,-177920.192346428055316],[780672.874336686450988,-178891.751067561650416],[779713.957541454699822,-179922.141923480870901],[779217.406705058645457,-181309.086769005341921],[779301.011294361087494,-182372.585481094429269],[779910.180916877929121,-184593.887508319399785],[779865.287705471273512,-185885.526497064187424],[779350.833027680870146,-188224.546852622763254],[779279.569419656298123,-189248.487877312931232],[779851.764250609790906,-190480.926953490823507],[781857.354306775727309,-192021.311438015924068],[782254.123727964935824,-193395.798706587665947],[784731.90414689166937,-193833.714613430958707],[784841.11892675794661,-194878.557360778184375],[783754.08298492571339,-196518.401106701232493],[782637.686819638940506,-198735.671466457104543],[783401.378237569937482,-199991.121685951540712],[784134.944158300640993,-202070.48662074378808],[784557.207090352079831,-204403.164329884457402],[784370.310771029558964,-206408.063811515021371],[783458.293770782416686,-207731.024672013067175],[779827.679905643337406,-211737.772683512303047],[778530.77078794199042,-212891.042995526047889],[776606.233502830262296,-213407.699439099116717],[774484.292300347588025,-213342.596278988261474],[772500.111195303266868,-213561.336197636206634],[770952.933308465289883,-214954.695673312060535],[770683.225681929732673,-216027.416092984145507],[770851.695780778885819,-217023.139213083137292],[771129.664961756090634,-217998.184777284681331],[771177.516923536779359,-219003.784056465548929],[770726.74058566452004,-220319.075991737830918],[769370.408210219466127,-222749.652572106890148],[768934.362062253523618,-223960.90349262394011],[768974.482340977876447,-225018.542403683211887],[769807.204808818176389,-226649.087814687751234],[770013.774497843463905,-227665.585936268500518],[768450.417994901305065,-237851.86809506334248],[768669.172501549939625,-239079.749346971686464],[769654.474871156155132,-239504.085920331679517],[770713.902385610388592,-239657.615267419430893],[771258.794269597274251,-240041.456953541288385],[771139.129939701408148,-241437.926962077413918],[770850.99237033969257,-242296.944311834144173],[770956.335748842917383,-243021.425431980693247],[772007.869573782547377,-244034.850918024661951],[773065.169618161860853,-244417.552038211229956],[775062.789176274556667,-244077.86284543731017],[775883.314092634478584,-244201.949082433682634],[777506.086842519696802,-245763.286429150844924],[780141.803640841390006,-249909.751629983453313],[781967.208414838416502,-251662.230573079403257],[785073.682502791285515,-253531.015435274748597],[786209.920830821502022,-253976.881859685381642],[787893.348912065965123,-256880.380613487242954],[789138.660806385916658,-256305.190343655005563],[790230.307457066024654,-254389.353653324185871],[791505.903319219243713,-253261.959613085724413],[792930.379733676905744,-254283.289150544791482],[792840.386300586163998,-256678.499721945292549],[788660.863285357947461,-270122.73983039543964],[786420.136838280130178,-274212.653762023546733],[785617.363872775924392,-276400.68749474233482],[785827.2636958216317,-278795.590435399848502],[786971.208060152013786,-280863.213220283039846],[788416.153544406406581,-282013.109533220529556],[795253.67882336222101,-283779.789525643282104],[796325.979892416507937,-283727.311852895654738],[797121.520653301849961,-283298.632476723170839],[797774.789456557948142,-282617.599432592687663],[798615.974199430900626,-281979.742505804810207],[799943.967237688950263,-281688.10690166184213],[801696.109598643728532,-281932.611126710020471],[808997.863386809825897,-283974.041366495599505],[809884.160391935729422,-284347.355440865620039],[810806.051842572283931,-284520.680296290433034],[813587.368925962364301,-284251.097902348963544],[814205.230723032262176,-284737.952172692632303],[814244.966099271783605,-285649.885047818766907],[813794.007789088180289,-286858.318261221807916],[812954.751705506932922,-287958.539454710436985],[810356.841285287053324,-290389.499916470900644],[805162.895282397628762,-296648.52111111494014],[803950.975158823770471,-299510.533080618828535],[804027.742624349193648,-305195.90192109165946],[803265.115405014948919,-308400.709987624606583],[803331.547121024574153,-310566.749571574211586],[803813.52135332103353,-311784.782890199217945],[805902.605004449025728,-314118.70135332463542],[807075.628992263344117,-315782.374588005943224],[809570.937353949761018,-320860.785085629380774],[810855.719504862790927,-322248.019122115685605],[813775.754444741643965,-322993.972605292045046],[815013.82583672425244,-324039.662767256842926],[815337.613737895502709,-325516.567535180423874],[815298.96276895806659,-327675.004193973552901],[815027.184971343260258,-329847.664190105278976],[814671.886587518616579,-331348.7616991957766],[813683.280950334738009,-333106.258108653186355],[812612.957094970624894,-334573.316490441560745],[812004.731525014503859,-336121.247737292316742],[812375.745416801190004,-338117.342555399867706],[813794.070043132291175,-341237.015266275964677],[814230.402006399817765,-342638.500159153307322],[814798.5996846514754,-345070.014566956902854],[816208.3085691339802,-347329.929125077673234],[817372.545533496071585,-350097.967719815089367],[818005.021494425251149,-353047.556895465764683],[817533.815228514256887,-355628.590687975811306],[815334.082147770212032,-357299.573306631762534],[818600.509561590151861,-358356.825980280176736],[819886.7977290651761,-359264.858614883618429],[821060.766649336786941,-363300.022933947271667],[823220.297989341546781,-367573.170750965888146],[823802.992113488609903,-370118.806914860149845],[823675.613825433305465,-370998.559527665318456],[822882.849768411484547,-372509.952117549546529],[822676.160695328842849,-373664.18321853748057],[822752.931977823143825,-374743.6993330756668],[824341.679219572106376,-380555.234753890079446],[824983.110864607035182,-381875.553217127278913],[826871.103929822565988,-384714.196701147244312],[825449.590219067409635,-385822.761162752576638],[826570.6018508967245,-388077.522077892441303],[831429.192543166573159,-393676.368613862083293],[832411.299717657617293,-395474.721523195446935],[833111.061911885277368,-397629.075570481421892],[833479.004148967796937,-400291.746436486952007],[831818.286409603431821,-402655.32677713863086],[831793.184259768226184,-402731.766312457621098],[832239.314646851504222,-404789.730756467324682],[831924.002849430893548,-409910.635883485723753],[832508.867743968381546,-411605.16170854360098],[834994.244425144745037,-414596.472543307114393],[835885.152568971388973,-416868.513044884020928],[836003.973065503174439,-419464.134133851854131],[835191.035450501134619,-424169.318091014923993],[835063.528902418562211,-426468.532952362496872],[835397.41213415004313,-428318.915716925461311],[838512.477372500579804,-437183.26340584969148],[839010.209221166209318,-437857.455624382710084],[840137.023757005110383,-438736.587194414518308],[842473.420746796415187,-439784.308752824203111],[843867.677552343928255,-440072.414294986636378],[844442.263780852546915,-439539.264766359468922],[844809.76448030944448,-438530.870189921522979],[845725.428661789861508,-437379.656454989453778],[846645.357684580027126,-436702.729233251942787],[847119.547125471523032,-437129.514932848280296],[847260.355341519229114,-438431.536797517270315],[847470.514917390304618,-439358.559422400547192],[851245.315235792193562,-448211.937836910772603],[851102.24240844254382,-449428.004959403187968],[850088.593290884396993,-450373.380447560106404],[849817.87102822016459,-452384.120176341501065],[850570.048646167037077,-454398.372721117164474],[852585.966618959559128,-455401.636754239036236],[854584.713769187452272,-455058.40080100344494],[856599.220545552787371,-454031.166524076310452],[858294.184085607877932,-452635.100232699536718],[859409.813152994029224,-451171.689350155706052],[857180.220057016587816,-450264.426451274077408],[856798.395122570800595,-449040.855015493696555],[858314.448492305236869,-445106.392374918446876],[858554.67875899351202,-442374.15712101891404],[857220.579194364021532,-438123.697228379780427],[856992.596515932469629,-435331.009583278326318],[857690.432458557770588,-435286.682109221408609],[858353.76553410012275,-436691.037169871444348],[858872.801596181234345,-436621.858266224502586],[859319.409421676537022,-435680.309002085938118],[860756.449648632435128,-431475.233145707752556],[861332.953537779045291,-430326.466340070532169],[862306.75029357126914,-428926.283360817411449],[863934.146117954980582,-427063.816677616443485],[864247.357953059836291,-426026.726256283174735],[864133.998111904133111,-424257.609095034480561],[863581.471622789977118,-422742.652963489992544],[862829.159516342799179,-421398.686868543503806],[862444.19799935107585,-419995.053640956932213],[862982.498697338509373,-418261.175552611064631],[863746.62820683629252,-418212.234120788576547],[864322.425037231878377,-420091.720364111708477],[866485.373381404438987,-423699.929102278954815],[867073.843449376174249,-425899.557804154290352],[866962.644054834148847,-428501.306908878614195],[865835.895325021701865,-431981.991691954899579],[865410.457232603454031,-434034.436036042694468],[865410.753835788695142,-439043.226036574342288],[865743.984388713724911,-441869.945976429036818],[866404.876059288391843,-443482.20225392607972],[869238.266581293544732,-446293.067076812963933],[870392.501995675149374,-446110.234654768777546],[873935.501098961336538,-442626.245933299418539],[875218.988080207025632,-440793.473832852148917],[876075.642287730006501,-438635.659074750437867],[876288.36230123299174,-436058.509791747201234],[875862.271649916190654,-433396.312546756409574],[875391.209421770181507,-431600.534694592060987],[875390.428552040015347,-430027.425149816204794],[876416.065587261808105,-428017.014851206738967],[877710.105343398754485,-426635.502147080434952],[879005.259036168805324,-425534.058758607425261],[879980.144808320561424,-424182.165056800236925],[880553.531988339847885,-418236.728088210395072],[880319.118654515594244,-417488.136038127995562],[879499.106137883849442,-416551.768678277323488],[878063.153793763951398,-413924.371977310685907],[877604.207329469849356,-412702.263754420157056],[877137.75151817582082,-412140.539540570927784],[876868.176604611799121,-411624.750228626886383],[876715.328643079847097,-410830.178938595578074],[876943.077756543410942,-410444.737273320846725],[878195.036002926062793,-410128.15688700665487],[878674.36099094839301,-409595.209397108003031],[879347.833072982379235,-406744.530669023108203],[879335.212452206062153,-405131.854636087373365],[878699.024162437417544,-403903.391509699751623],[878007.995477428310551,-402994.858281105465721],[877392.475715478183702,-401692.715761483530514],[876943.899262262624688,-400366.137243099918123],[876738.907439652946778,-399416.879313196288422],[876441.388367202947848,-399115.386289997724816],[875940.386052741669118,-399956.945599713013507],[875546.794098639744334,-401415.168669698527083],[875555.795957746915519,-402978.282223986287136],[874792.52999427227769,-403027.893105002993252],[873029.787044229800813,-389106.123223177390173],[873409.669767612125725,-381743.19647672685096],[874171.729170551523566,-381693.66401992138708],[875340.26466138381511,-384012.475255621189717],[875601.081691713188775,-386209.644674338633195],[875437.313422066392377,-391191.003182175511029],[875852.524785066954792,-393432.498674425587524],[881215.012953520170413,-404118.617041983117815],[881243.320467373589054,-405581.118166526488494],[880327.611233771429397,-407941.518507973407395],[880126.584998385049403,-409120.747240592376329],[880582.298778516240418,-414031.186641102074645],[881533.606330546550453,-415686.601698571292218],[883379.900461374199949,-414526.090047314413823],[883795.870966846123338,-412898.720969047688413],[884155.461066243820824,-405792.496410799270961],[884318.546790450112894,-404683.501089178433176],[885236.146679670433514,-402494.454045059450436],[885392.365008962457068,-401155.423255661735311],[885168.82699410256464,-398652.758771367371082],[884847.46331720915623,-397607.304303589102346],[884237.466042210231535,-396268.988253636925947],[881826.512577202636749,-392626.53068510821322],[881613.928754589869641,-391180.795172040292528],[882708.092335129855201,-389129.701995665032882],[884594.441219039494172,-387487.385669940209482],[885134.567121699103154,-386489.305065314751118],[884036.95180820452515,-383999.292353594559245],[884350.227460175170563,-383007.142776774591766],[885467.845107687870041,-381713.503246934269555],[886683.33160912618041,-378592.265448800520971],[887545.366020336165093,-377130.054872839013115],[888618.97757908643689,-376200.559138069918845],[887767.9704048873391,-378208.873815722414292],[887257.492406680132262,-380411.578629750409164],[887047.939465484349057,-382716.451015446858946],[887086.523258295492269,-385086.334311901766341],[886378.253454651683569,-386976.784115351096261],[883492.049318178091198,-391328.729454836866353],[883660.163862349465489,-392863.237589179771021],[885159.482933148741722,-394414.207219343748875],[886569.338342046714388,-396391.254466049314942],[887627.271404269034974,-398644.525216408306733],[888134.695170407183468,-400974.790447969862726],[887741.41221013572067,-403441.347663610067684],[885562.970593580743298,-407977.996173364692368],[885157.924124064506032,-410278.122199883102439],[884774.174720216426067,-416757.976875874504913],[885728.553895366610959,-424741.589524143899325],[885520.888934954651631,-426590.5903397037182],[884851.086453530355357,-428343.357841700897552],[883081.252185716293752,-430701.603409715986345],[882342.190513838315383,-432178.520410196913872],[882205.544296443462372,-434737.220431426540017],[883698.756429838482291,-439232.92197529762052],[883641.595563950249925,-441198.863960858376231],[886887.784083190141246,-445480.326071802119259],[889175.100798891857266,-446722.597636837046593],[891011.091059755417518,-444575.93009862548206],[890720.980796786840074,-443636.496370818815194],[889390.714350312482566,-440758.105381618137471],[889627.34489480254706,-440118.569152798736468],[892169.159782271482982,-439467.059990251553245],[893323.446238285861909,-439422.383434360672254],[894620.653002589941025,-440132.264148425427265],[897213.340844694292173,-440629.41174299409613],[899353.501442249631509,-438895.436483735218644],[900318.586893019499257,-436647.223721995134838],[899353.798614562838338,-435603.793676115863491],[897216.032161183888093,-434697.123509266180918],[894750.352105117868632,-432405.810638613533229],[892566.006655382923782,-429761.003290558583103],[891254.989511157735251,-427804.235575992090162],[893740.434334431309253,-421500.601304005540442],[895360.313753045047633,-423535.943295938486699],[895640.267873383359984,-424575.215708397794515],[894659.413592389435507,-426579.754441176599357],[894799.739647612092085,-427804.651377118949313],[895264.239017714047804,-428953.80249327654019],[895775.120826712460257,-429783.40396952314768],[897087.177100759581663,-430727.03283300390467],[898898.958736321423203,-431311.749811289715581],[900859.18563288403675,-431587.9275080053485],[902590.704498660517856,-431598.80880628869636],[903852.823710812721401,-430903.947352385381237],[905328.947685755905695,-429751.518666480202228],[906593.613633674802259,-429350.103551758569665],[907247.007814471260644,-430906.734542233753018],[907753.111666859360412,-431401.698152340308297],[908844.18864380591549,-431179.043313999776728],[910684.285184943117201,-430295.367915493203327],[911629.901211170013994,-429670.847339291940443],[911952.14596752030775,-429192.40408261975972],[912119.146301269880496,-428665.672849684022367],[912648.744852997129783,-427883.82378688105382],[915144.674004210741259,-425354.562255732133053],[917416.045841780607589,-424748.110443054116331],[918135.73042418109253,-424409.766107729868963],[918721.509937947033904,-422602.026648061699234],[918044.787615762790665,-421214.876994510588702],[916952.131742015480995,-420036.865057885763235],[915977.594602694734931,-417987.245624832285102],[914435.009802597458474,-415890.274781252548564],[913946.257570103392936,-414901.709284307144117],[913841.725853614509106,-413733.383061165397521],[914235.595380251528695,-411708.487049685558304],[914298.115380929550156,-410641.878822969971225],[913660.724289448349737,-408081.247025272110477],[912310.543278722674586,-406441.414674699946772],[910419.270855230744928,-405394.092893688881304],[908174.989385823486373,-404605.405853616190143],[908119.150789332808927,-403777.444473665731493],[910073.549910352332518,-403645.495237524970435],[911689.02462260867469,-403983.725544688757509],[913208.955858459114097,-404029.904565433796961],[914873.625871350057423,-402981.184724835969973],[915641.142772441729903,-401505.09705426718574],[915815.409870368195698,-399608.277730925648939],[915411.176131921238266,-395771.022754304111004],[913714.631991697242483,-388401.351250241394155],[912367.310504829045385,-384547.15800321806455],[910960.148738271906041,-382283.388827242190018],[914687.452732900273986,-373759.853252679458819],[914912.205788740888238,-371381.021428729465697],[914415.396245792624541,-369516.834574824257288],[913701.494114110595547,-367671.960047382104676],[913343.144559599575587,-365369.098730547062587],[916613.521927310735919,-367609.084982836386189],[918430.123639732482843,-367995.625431155203842],[919113.158129853778519,-366186.456637150608003],[919545.384970932151191,-364398.965493451047223],[920844.685115354484878,-362515.87656343501294],[923908.11586688098032,-358929.721928897721227],[924218.6691285953857,-358560.383672791649587],[926897.696647530770861,-356486.706835324002896],[925715.267056191223674,-357607.676622890983708],[925188.754695541691035,-358864.092215993267018],[924904.911933784373105,-360230.303174365020823],[924431.461828235769644,-361650.249220383993816],[916783.801760969799943,-374538.901402385323308],[915093.859219351317734,-379729.341491552593652],[914827.085662692203186,-381247.967468354152516],[914757.164256735239178,-382445.881010334647726],[914970.14602659700904,-383597.439030148496386],[915453.732361971051432,-385015.326248131983448],[916055.297566035646014,-386063.606654131959658],[917513.4975315380143,-388070.421904223039746],[917854.666685204952955,-389122.873153564753011],[918270.057968442910351,-391878.81547571712872],[919537.773572664009407,-396384.684899975836743],[920322.552935753948987,-404540.112163359473925],[920713.748049994348548,-405824.350394854496699],[921791.613175134290941,-408273.181405613839161],[922067.836717236437835,-409352.831293018185534],[922853.841902093612589,-411473.556489145150408],[924559.198718028492294,-413223.817584626085591],[926470.899503240943886,-413797.806176915997639],[927924.019730735220946,-412364.086462598002981],[928077.869599199621007,-410924.828738320036791],[927481.820988993626088,-405943.120613656996284],[928013.28125559585169,-404970.699891548953019],[930591.851222856435925,-402035.067084158130456],[931437.504573718877509,-400737.907071470865048],[932671.578189717140049,-395200.585368585947435],[933829.178975962335244,-393190.046514341840521],[936420.003034665831365,-392056.151994286919944],[935917.28470208728686,-393424.68296952865785],[935001.855874636908993,-394189.009511503274553],[933889.105699474806897,-394781.624772004201077],[933000.606672934372909,-395937.228076056693681],[932738.101731231319718,-397619.000690557993948],[932370.432163183810189,-398878.609387237927876],[932951.121482237940654,-402152.079058348375838],[932793.410441634710878,-403889.968814160907641],[932183.075142307090573,-404691.74267854669597],[931308.843445106991567,-405213.36181207629852],[930393.852847649366595,-406122.01439376338385],[929704.007501811720431,-407485.241376852500252],[929711.387537281494588,-409180.101005215081386],[929221.427962524583563,-410755.582491946988739],[932595.628380513866432,-411869.742586006352212],[933631.427353422972374,-411969.814448475837708],[935089.874219088698737,-411597.397997881518677],[935624.342550935223699,-411035.826694539457094],[935888.8695310682524,-410230.757574200164527],[937056.227446573204361,-408101.502392256341409],[937719.298149424022995,-405636.552289551589638],[938370.774102337658405,-404460.906198677897919],[944031.948502941639163,-397441.884639788360801],[945663.730099981068633,-396323.684192652232014],[948404.544413360068575,-395764.613555793126579],[949786.344845350133255,-394573.085992310254369],[950891.097364375949837,-391967.868156011856627],[952388.471095729153603,-387065.371778934611939],[952906.840899907751009,-389985.246041633829009],[952352.54871825047303,-392981.162665786221623],[950926.865717201959342,-395573.052948245895095],[948862.562255687545985,-397242.34064197272528],[948299.077635243418626,-397137.382558866345789],[947454.802162527455948,-396753.787243316473905],[946515.513704183860682,-396575.748332458897494],[945639.486419556080364,-397057.777055329177529],[945151.886927719344385,-397792.773750426014885],[944499.12095339410007,-399176.802531252382323],[944041.443389402935281,-399859.931828],[940074.914691530284472,-403998.444008911668789],[939185.912726033246145,-405633.8167829439044],[938927.036107915919274,-406999.168145374685992],[938822.261602749116719,-408399.000267089228146],[938444.421043382957578,-410116.277723932173103],[937649.124989627511241,-411532.565364931302611],[936536.359428971190937,-412509.703655314864591],[935394.461147310095839,-413312.436569758981932],[934493.08987536188215,-414179.77559389534872],[933532.802260642522015,-416755.703386432607658],[933671.6953332091216,-422782.38406237505842],[933170.982399986824021,-425792.361247909080703],[934407.608651656541042,-425851.443511295423377],[935829.631921741995029,-426878.80774882377591],[936724.696553212357685,-427002.078929080918897],[937626.086994892684743,-426487.252886449277867],[938807.611906397622079,-424903.774614516005386],[939767.96936062478926,-424511.308608099352568],[940691.785803060163744,-423474.684196837653872],[942208.209296916611493,-418842.437110586266499],[943143.483206719625741,-417375.291225107153878],[942719.937450789031573,-418557.963241389428731],[942818.470378897618502,-419242.904045383795165],[943139.034876108868048,-419844.49088609899627],[943381.513779881759547,-420777.114437456591986],[942919.090573663357645,-422129.855259280069731],[941956.995242812437937,-423219.05405134888133],[941428.20625175058376,-424350.293940851872321],[942309.235226543969475,-425844.34112099558115],[940520.378724995884113,-425616.484313523047604],[939912.477832144941203,-427069.734080515569076],[940493.276977841858752,-428860.705205485341139],[942220.365000278921798,-429649.153897622250952],[944077.965661439113319,-429885.596578192198649],[948073.591670298133977,-431219.908944827737287],[950208.933973993640393,-431436.022989607125055],[952139.083754746476188,-430897.450935293803923],[953498.580832950421609,-429815.526705025229603],[958842.642806499032304,-424552.410652366350405],[959787.391448945272714,-422997.324177238566335],[960439.933357932022773,-420780.121576170495246],[961102.839609792921692,-416581.450863753154408],[961255.785351671162061,-412337.877172408276238],[961548.058072805521078,-410286.665575466526207],[963248.662689034710638,-406113.58610756485723],[963554.239220633753575,-404138.33196394710103],[963784.651312457863241,-403705.845816527551506],[964986.125006311689503,-402118.593970591435209],[966667.726993745891377,-399122.197749840037432],[967026.851764130289666,-398137.82931898633251],[967327.785456636920571,-396696.444281170784961],[967425.061913860030472,-393244.118708640686236],[967647.208153027691878,-392115.892674803850241],[968015.892794712795876,-391854.261050625995267],[968536.861433570389636,-392069.960869697912131],[968942.699372300412506,-392090.473147744312882],[969097.793632422341034,-390501.357593437365722],[969271.682932865223847,-390109.040436131355818],[969467.555239998153411,-389905.031162489904091],[969596.387383806635626,-389705.851386588998139],[970326.927144812420011,-388857.426876098674256],[970749.974774127593264,-388067.329024540900718],[970830.714862883323804,-387202.46720866614487],[970366.150024476228282,-386132.82630231382791],[969824.658983591012657,-385746.901407697645482],[969141.497291454579681,-385497.760693136951886],[968242.988275587442331,-384830.074069306370802],[967902.207828106242232,-383254.170475120539777],[968579.708686811150983,-378286.6404876698507],[967962.390105544356629,-376025.535169178911019],[969701.816185322823003,-376343.158277000125963],[970127.623873302596621,-377695.788171062769834],[969749.885366555419751,-381208.650046906375792],[970064.054321339121088,-382646.260858947061934],[971488.45463345956523,-385699.14351046649972],[971251.56849110533949,-388365.690063433954492],[969134.152010757825337,-393812.90053445805097],[968736.22653556917794,-396595.13714104652172],[969452.999468371737748,-397420.708705586090218],[971032.219540203572251,-398283.540242126677185],[972841.160207103821449,-398939.696808902837802],[974222.315505030448548,-399156.329504138033371],[975357.769419858930632,-398540.52952532825293],[976257.76791311672423,-397236.311788173101377],[978833.531576787121594,-391862.808460930304136],[979336.332802884397097,-390089.923371474316809],[979470.270121011300944,-388574.500300072715618],[979850.949625276261941,-387556.565581226255745],[980870.859049683785997,-386528.187692465260625],[983500.337605544482358,-384825.962033692514524],[985482.735594119993038,-384183.452655378787313],[987628.527011433499865,-380151.106544632697478],[990286.267312451847829,-371437.440837760455906],[990554.407288518501446,-366860.448095485218801],[990293.249663739115931,-364574.041510593844578],[989618.326625936781056,-362376.959799021366052],[987289.81970288103912,-358610.933519868412986],[986405.741698052850552,-356646.233393209811766],[986196.900862699607387,-354148.227891690854449],[986745.222951790201478,-354406.255543231731281],[988355.134047827334143,-354816.64267909922637],[986335.067666279850528,-351113.970909328316338],[984845.423152215778828,-347530.452606175153051],[982759.030233370605856,-344501.448307064827532],[978933.759554006857798,-342476.216894543089438],[976962.678414075868204,-342267.486694082326721],[975154.362645192071795,-342679.385489450593013],[973699.97642880352214,-343689.042263711744454],[972798.838946192990988,-345268.556304625992198],[972659.777879270375706,-346476.370365501730703],[973135.405747749260627,-348633.955246587167494],[973127.359275812283158,-349796.139571154781152],[972702.027336691506207,-350532.094449315918609],[972036.062025307677686,-351077.562469451921061],[971449.260935623547994,-351789.018340698152315],[971232.447404628037475,-352970.855367556796409],[971120.027331769815646,-351302.112666046072263],[971837.183550956426188,-345089.717234525654931],[972309.149577007861808,-343378.70718661887804],[973226.027452667010948,-342711.060494094446767],[975538.811817314126529,-342194.92449944576947],[976404.218707618187182,-341630.227321279468015],[977318.749984298250638,-340243.830717056582216],[977535.875095503753982,-339423.500061678758357],[976870.285820161807351,-335589.750445140758529],[975359.169214017689228,-332120.504600812040735],[974715.71404542948585,-328696.570341831829865],[974324.324992123176344,-327581.708946244034451],[973087.751691069221124,-326026.692519057891332],[971200.521748774102889,-324627.280667959828861],[969426.919944165856577,-324444.036963535589166],[968614.659347900887951,-326540.866398358892184],[966548.058621866162866,-325668.955242867697962],[963551.025141159887426,-324908.946054962812923],[961969.573160499683581,-323897.5275211284752],[964089.014947405434214,-322253.867888187116478],[965424.963386779767461,-323463.482914560008794],[966767.82745314319618,-322792.672815083176829],[967077.508473039488308,-321279.110838236287236],[965331.738468634546734,-319963.695029138994869],[968160.084446851280518,-319099.63019258400891],[969170.950670585385524,-315935.682730843371246],[969837.314183289650828,-312186.677154836652335],[971615.769770549843088,-309576.920822231506463],[973056.23762218921911,-309350.171351951139513],[974583.988570309360512,-309632.017639616562519],[976120.069833007641137,-309682.638886540487874],[977588.149534843862057,-308802.700402526010294],[978036.913771109189838,-307726.081418291490991],[977565.289319168892689,-307001.454592017515097],[976279.847358418512158,-306137.463789202796761],[975933.880984273622744,-305756.062436643289402],[975500.021605634829029,-305661.213818733522203],[975098.362774601439014,-305663.40888102183817],[974831.050977779901586,-305556.389242851291783],[974481.940466866595671,-304786.601900521258358],[974563.062483645859174,-303488.427095585211646],[974288.990536308265291,-302943.614522764808498],[972047.745153378578834,-300436.527198684052564],[969893.133668465074152,-297267.765295044344384],[968218.261959210969508,-293896.872043018171098],[967611.084795141243376,-291519.300475431315135],[967435.190423574531451,-290822.74833923386177],[967784.694188789930195,-288954.164031341439113],[969020.904027135460638,-288363.019435458816588],[972862.457618513260968,-288192.049540567270014],[974790.570669280132279,-287577.017865149304271],[976150.3272493428085,-286736.714876610727515],[977192.585417543072253,-285558.079983364092186],[978218.99991420225706,-283937.765248512499966],[978917.321566344820894,-283886.560356344620232],[978972.698562135919929,-284641.50946790445596],[978039.991347646573558,-285486.975384540448431],[977646.382927260710858,-286618.189638102077879],[977963.324447944527492,-287521.157788374635857],[979199.153881547390483,-287728.752460323623382],[979800.281177854514681,-287034.04790547437733],[982286.813444161438383,-282879.952285477134865],[982475.62015340058133,-280223.056845351471566],[981537.949795578373596,-273727.723448199336417],[980881.520703512243927,-271616.584546062455047],[981892.192482645972632,-272527.044816967158113],[982753.11525926750619,-273556.907174266467337],[983223.146741806645878,-274154.744021915947087],[982561.875746410805732,-270282.129462188167963],[981996.296678269281983,-268498.692120652995072],[978672.971850415109657,-264171.460443206713535],[977781.15163859538734,-263505.119281313556712],[971044.65738147275988,-263247.877117906580679],[969410.094740717322566,-262802.258229685947299],[966476.377131696790457,-261583.487862762151053],[963188.563108655740507,-261112.430279199325014],[962216.631603757850826,-260130.238832263567019],[961479.044879145571031,-258810.389623492636019],[960433.954441559384577,-257503.665213662781753],[958745.840992692043073,-256297.39080918658874],[944955.394555995240808,-249271.237690267094877],[943908.780068109626882,-248144.224158164579421],[943917.761676170048304,-246861.03400130890077],[947554.489908165880479,-248905.823083483584924],[951528.41759428253863,-250053.9879207155318],[971769.158907494740561,-252480.689152935403399],[975302.066974859219044,-253699.413432044297224],[975357.165301952161826,-251947.30308081797557],[975844.194305764976889,-249946.739141810947331],[976564.022955098422244,-248281.407052659749752],[977311.146285953349434,-247558.064491413009819],[977529.46032354363706,-246331.502161364420317],[976587.099773538880982,-236450.301945302897366],[975693.781310437596403,-235626.106556207145331],[971897.778553426614963,-235759.568698685005074],[970195.27106307388749,-235594.84248047368601],[968458.360694130533375,-235071.097857112297788],[966952.008850230136886,-234051.644314836332342],[966007.682078807032667,-232399.588262959790882],[968712.200713169178925,-233869.317389743751846],[970062.495083468500525,-234231.538152578636073],[971787.452108216588385,-234250.099221559124999],[973375.426887304987758,-233989.411980318953283],[974584.171034200000577,-233440.180009756761137],[975029.116468710824847,-232468.123084152757656],[974336.150200016330928,-230965.267149100283859],[977956.851528857718222,-229145.695141654170584],[979623.62217211117968,-228833.251542212063214],[980479.060539852944203,-229822.530777247273363],[980914.226564063457772,-229627.825127208488993],[981036.430253985337913,-229591.706146859243745],[981036.420489856041968,-229478.792221757059451],[981185.073318548267707,-229011.643846076272894],[981870.037745194043964,-229719.848234807344852],[979399.997068001655862,-231108.010196610790445],[977949.465226667118259,-233798.28487259359099],[977781.812320449156687,-236954.193233908037655],[979651.839401272940449,-241197.832053825695766],[980128.450010499800555,-241560.206263299915008],[981514.025281337439083,-240464.339359750767471],[984035.517011519288644,-239410.800839417323004],[985914.615811238298193,-238124.347839267546078],[987040.732259691925719,-238144.710057174583199],[988907.401995452237315,-239049.471757935854839],[989434.923580292612314,-236733.669416848832043],[987511.301693818415515,-235395.105216620519059],[986533.111396664869972,-234446.905000618833583],[986780.710833467892371,-233967.812856969801942],[988566.325803140876815,-233789.997234915092122],[989568.202724221046083,-233823.871616121323314],[990186.504767395090312,-234410.208618747215951],[990771.064514647820033,-235884.366447251813952],[990990.772583580343053,-239951.405852588097332],[988701.887959055835381,-241440.713804558152333],[982766.049546958995052,-241848.924282346008113],[980377.516132310847752,-243583.479776819120161],[979700.750701985671185,-246162.798685561429011],[980062.232610017294064,-252658.772209222253878],[980479.806501218467019,-254705.915313348989002],[981702.682584502850659,-257945.027959536790149],[983615.923842802993022,-260130.319416849175468],[986121.266546793747693,-259032.575310229323804],[986113.052564678131603,-259597.863548310706392],[986289.993775987415574,-259733.840214627125533],[986589.397535815020092,-259720.704361979936948],[986945.913639287580736,-259802.714987879968248],[985896.786579104023986,-260847.137447431799956],[986080.208605448249727,-262310.784538913110737],[988023.578354730736464,-265785.425339342444204],[987392.620620838366449,-265832.186283984105103],[987962.243650130461901,-267886.179421077831648],[987282.303026845911518,-269978.57039640675066],[986295.121486533316784,-272211.12857996247476],[985893.730496515636332,-274689.466476530535147],[986078.642159073729999,-279225.332063385751098],[985406.138438585447147,-286074.692826622689608],[985485.736795445671305,-287266.13100939639844],[985812.144758662441745,-288516.165767412749119],[987125.150180983822793,-291347.007359732408077],[995828.76030324108433,-301518.57047798554413],[996461.702466178685427,-302822.547334434930235],[996948.771094056195579,-305312.342636351299006],[997835.36381228803657,-307094.495209587854333],[998882.295111991465092,-308665.80814372486202],[999850.999105776660144,-310532.159939609526191],[1000882.502971575828269,-314242.221892383939121],[1002358.273790837847628,-317164.304143349989317],[1002595.511547566042282,-318317.100442922033835],[1002976.490928301820531,-319038.805016622995026],[1004583.021242553601041,-321010.914030480606016],[1005406.483765260316432,-322933.266526440216694],[1006231.442818283103406,-323422.695762256975286],[1007207.111507669789717,-323796.783653268998023],[1008048.31533234519884,-324388.851040522684343],[1009556.288972814450972,-328261.897696318745147],[1010079.189529057708569,-328855.283171455725096],[1013088.030291415983811,-328374.8449127835338],[1014250.49476655991748,-328770.510278631816618],[1015271.702987292315811,-331839.285578778421041],[1016927.019611235009506,-333747.920909690321423],[1017336.911379093537107,-334724.87861441320274],[1018048.661150571191683,-335696.983953210292384],[1021005.856650486355647,-337492.705725747975521],[1021756.384521282045171,-338968.048152153787669],[1023193.4597893912578,-339975.057416723284405],[1026303.034193047787994,-339900.038130464148708],[1029592.161989794927649,-339100.69708877033554],[1031599.843966952175833,-337910.962254138488788],[1031670.895951706566848,-335780.601888978970237],[1030605.418376903398894,-332625.626101953850593],[1028986.220283460919745,-329685.030684863450006],[1027330.969346305122599,-328234.409617107652593],[1028786.35598338348791,-327629.914415572420694],[1029720.430075824842788,-328539.099613623111509],[1031129.964035416138358,-331807.665795957494993],[1032381.933379726251587,-333677.820988605497405],[1033500.836661128560081,-334907.152234319888521],[1034991.127423070021905,-339544.168789600546006],[1037235.694361973670311,-342384.842967387987301],[1041298.511912126792595,-344003.820538613188546],[1046268.365018620970659,-342573.00599605042953],[1048895.455586521420628,-341612.007986128912307],[1050684.948723195120692,-339919.088316811365075],[1052599.618119484279305,-337746.00163292925572],[1053448.758841540897265,-333407.545622850593645],[1054144.466129433363676,-331792.880020226584747],[1054382.371917266631499,-330336.315603026829194],[1053075.001262961188331,-328228.21687837888021],[1050265.941237749764696,-327295.920694682456087],[1044208.670774557045661,-326237.050605443713721],[1044144.88091346854344,-325419.198704994167201],[1046527.1595767053077,-325305.512539194256533],[1047190.793183238711208,-324457.905250717769377],[1046621.675771562731825,-323295.29852672101697],[1045230.069672862300649,-322233.1127533048857],[1045176.026717345579527,-321541.110358558129519],[1048680.964814094593748,-321312.135332951671444],[1050246.737543183844537,-321383.75508364936104],[1051532.894645190099254,-321739.39107335335575],[1051606.92437264858745,-322041.010203853773419],[1051688.941912660375237,-323725.475402585230768],[1051863.881808389211074,-324136.720858278451487],[1052232.184313855599612,-324125.859082375536673],[1052673.26972362678498,-323973.627031006268226],[1055868.529571038670838,-324382.071696912345942],[1055977.80831778421998,-324491.005994824692607],[1057620.328597597312182,-324252.819446539739147],[1059311.892601647879928,-323680.484485566092189],[1060521.549504098249599,-322639.721363604301587],[1060686.581981833325699,-321017.033114281774033],[1059842.661444311030209,-320423.781868789577857],[1058123.015028500230983,-319786.731468080484774],[1056226.017757230205461,-319344.325917805370409],[1061526.688441052334383,-318811.827750906581059],[1063284.089730206178501,-318233.718898976338096],[1064232.061335279373452,-317181.739855303138029],[1063873.785803165985271,-316156.770687715441454],[1061673.467762903077528,-315694.078650241252035],[1061608.214832059806213,-314871.879125653998926],[1063857.183419615961611,-314788.148065085406415],[1065594.344776489771903,-315016.098589949542657],[1067150.498640390811488,-315601.895345024124254],[1068785.434344255365431,-316646.941073565918487],[1068256.332222858676687,-314012.537569784384686],[1068585.606438291724771,-311522.118355391605292],[1069840.993594476953149,-309608.712668458232656],[1072042.042692674556747,-308727.099603550799657],[1072962.610281630652025,-307455.112435864517465],[1074262.646439769538119,-301522.856330405687913],[1074446.821882301708683,-299437.383221035124734],[1075204.215303588658571,-299376.454730258497875],[1075367.185455266386271,-302026.289791393850464],[1074101.871857015416026,-306821.073576285154559],[1073726.171987893758342,-310074.964094955881592],[1072868.413774735759944,-311504.749046842334792],[1072768.614170460030437,-312873.703193919209298],[1073054.579004096565768,-314243.376799554971512],[1073596.463295047404245,-315352.884085630648769],[1074314.364119447302073,-315833.315538029535674],[1075077.88585399556905,-315315.295334534544963],[1076016.956131146289408,-316980.624028731195722],[1077620.819041158771142,-318877.274973195046186],[1079563.633231848943979,-320393.754308969597332],[1082920.822026684647426,-321442.92146891989978],[1097524.329293629154563,-338674.333408706763294],[1105585.250103968428448,-351745.087447273370344],[1107019.988298064330593,-355675.627334663178772],[1109835.376666521420702,-368156.246191615355201],[1111629.424950906075537,-370496.401205474161543],[1113887.121871532639489,-370494.878651086008176],[1115523.902407863177359,-369001.619941596465651],[1115388.812889325898141,-366868.142524183669593],[1114394.122354092076421,-366249.413713000074495],[1113049.003303091973066,-365872.329177100386005],[1111892.410693341167644,-365126.600222645560279],[1111479.670792680932209,-363396.251203016843647],[1112132.38340804935433,-362229.198514156392775],[1114553.781485223444179,-360666.526648106460925],[1114825.598617606097832,-360087.455039713764563],[1116586.798954160884023,-359298.585907253378537],[1118034.371365766506642,-357879.568689712148625],[1119090.652798378607258,-356515.646571352379397],[1119761.11767996661365,-355876.06820898631122],[1119514.362795626744628,-355037.034973776375409],[1120161.552897042129189,-350694.017558472172823],[1120247.898587710456923,-349008.344976428139489],[1121707.859597084112465,-348963.218710737593938],[1122336.360717503121123,-348833.722622441942804],[1120617.872308403253555,-356863.250139951996971],[1119661.978403490036726,-358924.747173921263311],[1117536.201363710220903,-360287.330495583242737],[1114942.346744151320308,-361290.293243184278253],[1113237.059971595183015,-362757.475895791547373],[1113791.689039194025099,-365484.977891580958385],[1114578.834694241639227,-366039.525782753829844],[1115716.025715027237311,-366447.316211623430718],[1116669.80363816767931,-367282.018406115996186],[1116971.360644826665521,-369084.932387801236473],[1116527.203220060328022,-370126.36423709517112],[1115684.61466735531576,-371037.989570588862989],[1114853.678622215986252,-372192.932242203853093],[1114491.368191154440865,-373919.812799563456792],[1114818.101210366236046,-376639.346534869167954],[1115694.500749169848859,-379277.132596656971145],[1116899.738915701163933,-381607.072135447000619],[1118163.234240933088586,-383416.252960834128316],[1118799.758596464525908,-383363.300827138125896],[1118624.362335864454508,-381255.510166492953431],[1119252.139955621911213,-379782.315551880281419],[1120139.20136839710176,-379500.258424229745287],[1120788.470615584170446,-380916.864628352981526],[1120433.291231817565858,-380702.105303353455383],[1119324.412091369973496,-380346.4818015822093],[1119816.907944161212072,-384133.928704724239651],[1123397.3964216359891,-395199.48783858853858],[1123746.362530998652801,-399379.634395687608048],[1124156.71607975428924,-400350.194405881804414],[1125756.794733298709616,-401913.856951557798311],[1126155.081024785060436,-402939.726334754494019],[1126975.844111782964319,-407298.011149805446621],[1127653.63019301276654,-409540.847341111686546],[1128322.67845819122158,-410870.026652423897758],[1128901.298559752991423,-409807.545586863532662],[1129641.314783366629854,-408957.847306096344255],[1130557.167372205061838,-408392.117441547801718],[1131629.015150344930589,-408175.361571128247306],[1131698.501937219174579,-409002.462288544862531],[1130368.250425646314397,-409766.018108606804162],[1129334.392085529398173,-410739.988526811066549],[1129018.950237547978759,-411816.66131350887008],[1129911.279659637017176,-412882.647884979203809],[1128134.542539303191006,-413973.12267144274665],[1127249.435284251812845,-416428.386931024899241],[1127301.443750728154555,-419072.38937419973081],[1128352.692651715129614,-419912.516131712298375],[1129902.239921491127461,-419330.009087602084037],[1131868.69834778807126,-418476.898018661187962],[1136614.779104600427672,-417697.24516768642934],[1136679.22094062413089,-418461.471057260991074],[1134344.793578344397247,-419663.192781905177981],[1133838.033497071824968,-421380.972025868366472],[1134638.274902348406613,-422246.31948199972976],[1136245.684594029560685,-420843.249409971525893],[1136939.267862872453406,-421545.408492147398647],[1135494.313299805624411,-423170.325038770621177],[1134191.669888417934999,-423574.243650405551307],[1133318.633766423678026,-424258.864391150185838],[1133190.343469009967521,-426759.841161893098615],[1133728.926784295355901,-428335.512464223545976],[1134772.118172885850072,-429569.926369130786043],[1135742.293057327857241,-429633.180202548857778],[1136111.955276429187506,-427691.297104239463806],[1136817.798808877822012,-427631.830054505320732],[1136962.052222279366106,-428941.811564171919599],[1136554.355468598427251,-430733.003116492123809],[1136414.369520687730983,-432488.077326463535428],[1137332.35763400583528,-433737.471183632907923],[1139075.567650056444108,-433626.672571477014571],[1140143.224842914845794,-431933.538383471488487],[1141167.1050911443308,-428025.282732762396336],[1140394.015720794675872,-428090.660635770705994],[1140802.843800386879593,-427721.022238448436838],[1140958.807242347160354,-427363.70569593901746],[1141033.610929679591209,-426447.261645911610685],[1141511.102609385037795,-427289.810814942000434],[1141592.140999111579731,-428247.416595243033953],[1141289.644846693146974,-429273.708121351839509],[1141101.254910951014608,-430448.832353443780448],[1141717.005275906296447,-430623.14696559420554],[1142535.484798827208579,-431291.954117062967271],[1142809.145758882863447,-432224.232851051550824],[1142275.411051657516509,-433319.97883955767611],[1142786.34086691075936,-434354.459997602098156],[1142561.745966326445341,-435202.164022804587148],[1141164.83650306914933,-437208.676959435921162],[1141758.001317262649536,-439015.193838437320665],[1140887.527844664873555,-440642.068030551017728],[1139563.080293406033888,-442112.48132257827092],[1138784.099744938546792,-443423.560530976159498],[1138932.141146190930158,-445480.68331166455755],[1139706.5638789718505,-447729.58007187518524],[1140912.530201704008505,-449665.809012139390688],[1142313.226649794261903,-450792.950171267439146],[1140300.81572435842827,-450251.869451271370053],[1138733.534143374999985,-451570.638309978763573],[1137662.586735458578914,-453753.254387436085381],[1137054.47585550416261,-455797.23727006703848],[1136697.992446429794654,-455591.703692151291762],[1136561.754976378055289,-455585.043105208082125],[1136471.880225147120655,-455524.662752881937195],[1136221.575628410093486,-455169.789071495993994],[1135581.651727507822216,-455223.565923687187023],[1136072.27916765306145,-457025.698576769209467],[1136937.261636953568086,-458941.323944397328887],[1138073.143399289576337,-460444.630008768057451],[1139273.274749595671892,-460995.811147190339398],[1140322.311508498154581,-461967.300711534509901],[1146954.553876294288784,-471947.755309030821081],[1147672.972181930206716,-474011.581840464670677],[1148081.621791368816048,-476627.254133462905884],[1147826.742715913103893,-483843.643411373661365],[1148176.11860952177085,-486161.07520951947663],[1149062.182592521654442,-487889.330044759786688],[1154122.580514887114987,-492906.01375243026996],[1155438.102358389412984,-494570.346910583262797],[1157405.050237422343343,-497683.610457770235371],[1158540.862679316429421,-499027.788038108090404],[1164350.986460295971483,-503171.257769026327878],[1165132.038264775415882,-504237.319174144824501],[1167498.235031572403386,-511259.167381541628856],[1175717.161032928852364,-523552.019607173919212],[1178600.815576962428167,-529078.70609917899128],[1179525.661142015829682,-530005.109048297279514],[1180097.35278155724518,-530399.861119343317114],[1180700.351927948649973,-531154.637676134705544],[1181375.553388465661556,-531463.271250728983432],[1182182.195736963767558,-530536.106029813410714],[1182315.912579146912321,-529327.360489394282922],[1181900.897809593239799,-528184.501296814531088],[1181015.398841962683946,-526828.629962347447872],[1178605.930028050206602,-521175.271610590105411],[1178197.506215010769665,-519120.604242277564481],[1177598.475930851651356,-518011.923944201203994],[1174227.312784307170659,-513720.495751428825315],[1172785.297912062844262,-509751.668551984417718],[1171938.558060464914888,-505273.739847381075379],[1171694.988871205132455,-500680.499651975522283],[1172010.628568621119484,-496356.452676015847828],[1167463.016081153415143,-493175.538999759883154],[1166704.720814859960228,-491519.906775447539985],[1165876.94058962771669,-489933.569888302998152],[1163248.055043265223503,-487868.904056085390039],[1162334.675553603330627,-486410.685789345880039],[1161566.429408274358138,-484502.635990560695063],[1161771.603460324229673,-482741.333781835797708],[1162069.315322253620252,-479418.375628829817288],[1162012.53942460170947,-477248.055223297618795],[1160896.71058504935354,-472918.778511437471025],[1160732.436985865235329,-470752.098020560631994],[1161123.459521665936336,-468773.736497475067154],[1163655.359961091075093,-464361.704929714906029],[1164651.791518535930663,-459535.017731045547407],[1165619.938224650686607,-457265.309308077325113],[1167318.663050015456975,-456848.326916229911149],[1170595.679526908323169,-456616.737420646415558],[1174130.614449447253719,-451540.55002760986099],[1177541.67923899134621,-452365.662738208542578],[1179068.060022108955309,-454056.472289513330907],[1179664.426315960939974,-455828.373794202983845],[1180039.798256262205541,-457659.867286423046608],[1180925.465028737671673,-459533.148763601842802],[1181882.468135269358754,-460370.195511450641789],[1183037.769560995511711,-460884.871435547538567],[1185473.086757442215458,-461488.714887008769438],[1189885.868908460251987,-461526.991200430260506],[1193264.727130816783756,-460475.397655336477328],[1195992.647576730232686,-460844.401780736807268],[1198397.433263168903068,-465108.922920668672305],[1199585.220900472253561,-469504.341930357273668],[1200526.484711416997015,-471723.112541720678564],[1201880.961670097429305,-473001.548105823050719],[1203963.878957174485549,-472637.9888292188989],[1206253.916358089540154,-470845.438713001552969],[1208078.460928108077496,-468558.753663809620775],[1208860.193879341939464,-466681.610744819103274],[1208572.491275913547724,-465577.5681925934623],[1208285.651608870597556,-464476.723748720483854],[1203564.104281686479226,-453606.264692048891447],[1201981.279719046317041,-448171.044328801392112],[1201475.425006455974653,-445390.730572167027276],[1197618.248893544077873,-419188.081158615183085],[1197917.66169201140292,-402135.676426424062811],[1197333.135762904770672,-398823.112980028730817],[1195260.33582650241442,-392284.373853621480521]]]}},
{"type":"Feature","properties":{"featurecla":"Admin-0 country","NAME_LONG":"Bhutan","cartodb _2":"Co-sponsor of Yoga Day resolution and not an OIC member state"},"geometry":{"type":"Polygon","coordinates":[[[1046085.583381983800791,237307.660445326881018],[1044904.496719210525043,245029.953595394152217],[1044800.137389194685966,247561.71077339182375],[1045440.770015622954816,250340.859967018797761],[1046416.121425901772454,252639.375380538462196],[1046625.017694607260637,254826.566999967617448],[1044958.922814655350521,257245.306926766614197],[1043269.775989169254899,258327.556291748973308],[1041126.690210350090638,259103.258036875718972],[1038920.734323984594084,259526.865093590167817],[1034848.231908773537725,259713.70525735031697],[1030797.788480711518787,261023.061092114687199],[1027210.327174785779789,260766.251763488486176],[1025774.936092395335436,260872.164756069745636],[1024772.754178491071798,261127.40714649707661],[1022997.160040858201683,261579.849601080670254],[1015098.485624618595466,264932.005255927622784],[1011754.772695609019138,267537.424017424578778],[1009546.808255224488676,271252.202592243440449],[1007704.618978989776224,269046.099090616742615],[1005409.234941711532883,268710.50301908684196],[1002879.867946484941058,268890.825995178020094],[1000376.600500417873263,268218.39501114183804],[998647.423698861617595,266628.190729418885894],[994899.829596678726375,261517.671593548846431],[993677.230323735042475,259287.56281686926377],[993657.859377093263902,259274.580257447087206],[993658.302194187999703,259268.874986795854056],[991221.909650137415156,256520.216580458974931],[987316.266516889096238,255231.33804188654176],[983057.68354849179741,255345.640373158239527],[979625.411284323548898,256784.241553865926107],[978090.476227232604288,258070.092799447389552],[972768.285830295295455,261877.017198708781507],[966931.807798525318503,262697.337387855164707],[960807.432682654820383,262620.618625941686332],[957469.399771887343377,263223.895973767444957],[954635.163276645122096,263736.862841208174359],[950215.143386540701613,266225.514804757782258],[948578.966367850312963,266465.637949218973517],[946996.718711596447974,265978.306247046741191],[944256.361112434533425,264217.840828136133496],[941876.202661942341365,263778.486821954429615],[939748.064809261122718,263094.136282469087746],[933292.346958130015992,263539.815462198457681],[931578.745408457703888,263449.394257992622443],[929894.337418315699324,263097.385734669340309],[930496.619962923112325,268949.763840834144503],[933159.175862937583588,272433.774559235549532],[936355.386346669169143,273032.961740347032901],[938022.209960325271823,276810.950844311970286],[940841.483920606318861,278114.903361480974127],[939607.698811231181026,281680.164900334493723],[935636.511817136546597,282851.213196160562802],[931423.644201497896574,282909.046270107792225],[926329.54332912073005,286194.650557934190147],[922466.225354778813198,285915.113059336377773],[919437.792144031031057,287524.718313339515589],[916218.701761688804254,287293.425944505841471],[914167.539921195828356,282333.365779115993064],[910403.302613760461099,282681.489926297101192],[907204.939808100578375,286650.123032269300893],[906920.808060914860107,290651.16809950012248],[903200.562675969558768,292946.494921187695581],[900703.358784465235658,291673.404468388122041],[898629.879636871512048,288968.438816099253017],[896402.305297821178101,288446.364706835302059],[893403.554509841138497,289698.4378021589946],[888177.963512458023615,290430.583916622330435],[880504.934404263272882,287167.274553700699471],[878680.189060551812872,286754.76204296189826],[876889.80415872472804,285544.524513004173059],[873275.009294198942371,286113.362665524124168],[870006.32356173498556,283883.503095286723692],[869230.104800979257561,284172.026399247581139],[868219.953984738793224,283569.811008695163764],[867414.535010824212804,282568.523780971823726],[866053.079539241618477,280327.759279805643018],[865249.002700467477553,279300.932416561990976],[862093.658636666834354,276982.431432417593896],[860691.816127052414231,275620.234296085778624],[860102.618267228943296,273805.195646174310241],[858573.156153658754192,270550.39525329915341],[854962.17726206430234,268610.687341761251446],[843351.909544458379969,265700.710237211489584],[841587.538654960226268,265011.005564588180277],[839903.591615273035131,263790.584732170274947],[835732.894260636181571,257664.931256004347233],[833903.249502099701203,256002.966809286095668],[831990.785565149853937,255138.789103985211113],[830466.750469971564598,253537.391901071823668],[829187.264872596249916,251610.840824790648185],[827156.961470500333235,247433.991293898579897],[827136.686249632388353,247432.682540118403267],[826825.200461705448106,246738.755378651956562],[822754.168048556777649,237678.049741163646104],[819690.596042434219271,233012.527505212259712],[816277.435190939111635,230040.018538718635682],[812389.43949125870131,227941.465069731581025],[809206.890650465618819,225550.397599747084314],[808643.613763172063045,221446.67516322908341],[807118.029543271055445,216851.252688350738026],[803418.846404394484125,209420.64275730738882],[800863.372141613857821,205002.1212904752756],[800682.849286112003028,203611.217109492543386],[800150.8836286556907,203949.567693990131374],[799146.799216579063796,204337.200840204546694],[798777.837716089561582,204391.235175570123829],[798427.564082516939379,204442.543005038372939],[797347.193005895009264,204625.540409365232335],[794708.277635209844448,203361.984132102457806],[793473.643828666419722,202435.614288405660773],[792459.334769797627814,200822.862193642766215],[791942.240965366596356,199090.806647039018571],[790276.832294800784439,198638.338955624669325],[789048.96317068557255,196862.800252043758519],[789344.304545484133996,195680.81412094886764],[788227.843946070177481,194262.266221853380557],[786855.558833046117797,193378.227158701134613],[786407.873617990175262,191950.786368418368511],[786703.025520792696625,190768.769111745408736],[787239.388758367160335,189819.122365960938623],[787563.271770598483272,189245.752176486712415],[786009.898539477144368,187531.461690612195525],[785299.328730815206654,185149.078045036731055],[784819.901845944812521,182480.99572740579606],[786367.964929773937911,178115.035058977780864],[788319.387012719060294,173988.203437071817461],[790043.270670054247603,171458.289996369741857],[787692.847325823269784,169264.678823568625376],[785501.457877652719617,170887.900830331724137],[781966.215410172473639,170965.783063322887756],[779816.00583408633247,169136.007976992550539],[779251.064989072270691,165864.258634852390969],[778449.57830925588496,165166.03520700687659],[777066.965827740728855,163961.859359605732607],[771210.329017828917131,162063.261851848859806],[768812.468164719408378,160195.456441327813081],[766875.076834406936541,156946.013612535258289],[765517.864208359154873,153227.164540477620903],[764879.409071340109222,149992.287981540692272],[765190.416884146747179,149791.048938767111395],[766169.246423661825247,149157.78415782545926],[772561.129167187493294,146244.15619732948835],[774873.585036486969329,144703.936194666195661],[776326.742768522817641,142281.664090378559195],[776972.607059474452399,139472.946896019508131],[777335.422216217732057,133438.83158866604208],[777336.108715210109949,133427.414165768859675],[778267.941576017765328,128006.317577609283035],[779667.234726285329089,130176.039100666937884],[781481.971519474987872,131918.442452786723152],[783467.54607261531055,132273.511365117912646],[785362.344797702389769,130234.199136869196082],[785690.062456531566568,128896.237371971685207],[785606.283317039720714,127739.543817880010465],[785660.887494432390667,126671.472279537294526],[786424.756201547686942,125594.940430978036602],[787495.566666748374701,125047.042495906367549],[788669.595242317649536,124998.246535171012511],[789765.981538607738912,125380.25096262266743],[790665.304630298283882,126128.449393166709342],[792766.411825201823376,126371.638519305895898],[795306.186530864913948,125410.279333881931962],[797719.904538925387897,123834.288987340420135],[799392.757922151940875,122201.471909647152643],[800915.306285349535756,119516.769686430154252],[801858.357506140717305,117317.715059370399103],[803351.299664822057821,115788.817640002627741],[806534.885665560839698,115104.405382114753593],[812157.389935881248675,115135.03233348512731],[814936.263728781370446,115584.688652662487584],[817664.938030519871973,116501.63541745475959],[818783.332854811684228,117351.603653962287353],[819740.511677287286147,118472.240230496012373],[820742.349300937959924,119372.320723288154113],[821999.238617243012413,119572.421281925096991],[823370.101170263835229,119596.531288894315367],[827410.850361535325646,120954.452251227063243],[830229.060008239932358,119252.902261733397609],[834208.045763182570226,116852.339916026350693],[837847.957618756452575,115270.862119256111328],[843996.370960037456825,116409.488278687596903],[848111.714075693394989,115996.495500996985356],[852132.222883742535487,114764.766916340900934],[854768.344858200172894,112932.727064493403304],[855105.313936725608073,111023.674521489083418],[853723.189694772590883,107872.257277334254468],[855006.342687084455974,106988.38848498032894],[856838.58812214655336,107143.831938080184045],[860207.468555395375006,108805.559972910312354],[862386.715432961704209,108847.311935202407767],[867857.309856342850253,106851.471967965102522],[869454.020471491967328,106704.323852651505149],[870017.165701854741201,106652.474128714951803],[873960.670253801043145,106952.299271459589363],[874360.637139807338826,106899.050259562049177],[875340.755566533771344,106564.046491070243064],[875699.086038274108432,106593.994293245224981],[876139.779792264918797,107156.806546401116066],[876402.567170669906773,107913.929277923190966],[876512.661149463383481,108569.025321280496428],[876491.322718273266219,108808.300115853373427],[876525.957214454421774,109057.09425165936409],[876532.968146046274342,109561.932976567972219],[876699.281548064318486,110146.332165352607262],[877187.345998429344036,110614.969540113437688],[877594.375867456314154,110608.155781652705627],[878431.286117417854257,109954.189945168691338],[878817.665561806759797,109796.993825406301767],[879611.955341260763817,109726.73180279583903],[879734.165228923317045,109715.925734441247187],[881795.060646857484244,109231.332343490037601],[882809.756310743861832,109145.699621283900342],[884947.581458349945024,109497.925844883808168],[891093.206574601703323,111598.723802981287008],[902306.993982493877411,113470.082998309240793],[906001.944140600739047,114800.05337545578368],[908322.906933608232066,117221.276936957394355],[910353.175347060081549,124053.891377037245547],[913517.876704748254269,126432.511180722489371],[915313.150632813456468,126714.212385877312045],[918971.346327615901828,126830.272068257909268],[920754.885662020649761,127564.817880881266319],[922293.560612787608989,128918.542296015919419],[923518.075023530982435,130347.50292736114352],[924858.87797536875587,131584.256900839827722],[926816.368141883518547,132389.494096942566102],[930199.667387797147967,132093.518752366158878],[939840.628510404843837,126202.69443654998031],[951409.325763363623992,121239.93818827252835],[964322.971644293284044,120750.818650175235234],[986749.094549461849965,123753.299001232371666],[992950.814965667552315,124590.644985317951068],[993465.393209278816357,124875.328228310259874],[998173.963218010147102,127481.798071375596919],[1001129.362548112520017,127733.159441852199961],[1004641.520108738448471,127575.313282869101386],[1011668.789147795760073,128283.67957626930729],[1015127.926571042626165,127757.409555410005851],[1018184.10331155708991,126207.957721923943609],[1019618.990415913052857,125770.308105852280278],[1021651.01107658399269,125987.997760119382292],[1023262.998219880857505,126568.582158723336761],[1024871.379325860994868,127453.121168771380326],[1026325.726021353853866,128589.531675734207965],[1027493.888881260645576,129955.794955413221032],[1028487.599210686748847,132088.490528390015243],[1029126.160999945830554,134152.870438326732256],[1030011.237989976769313,135961.592096039297758],[1031682.909601128892973,137322.594381102418993],[1033035.244495684513822,137654.355042131268419],[1037052.164639339083806,137735.107666748721385],[1038517.467026236001402,137428.227549245260889],[1039561.601552974432707,136089.370184569037519],[1042229.110631910851225,131341.576956000295468],[1043631.397940213792026,130295.788627150614047],[1045472.005623762728646,130582.160078488537692],[1048961.43954028445296,132121.222694630268961],[1050745.915008339099586,132334.96880736364983],[1055229.770623303484172,131391.993397497746628],[1056804.177673337515444,131405.825375047890702],[1061541.389820273732767,132407.817211875575595],[1064341.083352790912613,134049.504862034576945],[1070300.18287433963269,138684.453208371443907],[1073209.346085826633498,139476.60337860143045],[1075153.369398200185969,138628.250921660277527],[1075839.695255752885714,137061.409836894861655],[1076274.98533659032546,135295.808632369589759],[1077454.631436255993322,133867.680495842854725],[1079015.139254302717745,133802.729599172685994],[1079728.140158624155447,135130.453371048934059],[1079474.520649363053963,136934.101342063047923],[1078175.024117198074237,138317.629200505529298],[1080216.788905447116122,139509.596576563519193],[1080080.542632091557607,141139.441816787235439],[1079724.94360819645226,142561.587407718441682],[1081181.844790512230247,143108.095013830228709],[1082969.228287515463307,142534.728524337493582],[1086333.045005951309577,140108.42211523768492],[1088152.101886376971379,139412.132110631675459],[1094086.422023173421621,140825.735349728551228],[1097427.22600683895871,144764.965144196234178],[1097863.137226520571858,148556.540358485595789],[1098066.109706557355821,150323.33921319260844],[1095852.370107812806964,156523.275751501438208],[1095851.402313393773511,156534.672777448664419],[1093848.305842607282102,159906.012254995846888],[1088512.482739615952596,164419.33591888754745],[1087006.286173522239551,167902.437465258670272],[1086857.081624565413222,169915.922648893814767],[1086970.596520243911073,171980.275984745647293],[1087309.667422456201166,173925.92891467557638],[1087877.491270676953718,175592.459314981795615],[1088120.473901280667633,176002.419761379074771],[1088353.771559005370364,176396.071855319634778],[1089522.998095948249102,177866.716873698169366],[1089998.658614373998716,178796.640248756215442],[1090203.483160315314308,179772.546769411215791],[1090342.341574931517243,181890.886537462094566],[1090614.511586500331759,182918.443613519804785],[1091840.12727978033945,184681.198994949721964],[1094694.209993757074699,187558.33042378994287],[1095215.125660558696836,189514.196397362742573],[1094716.664344149874523,190792.099304006347666],[1084747.678480849834159,205992.368361303408165],[1082340.231170452199876,208430.116905306844274],[1081213.628258939832449,207944.939458220993401],[1078488.461584972217679,205517.417600191081874],[1077264.059995149727911,204972.756954833195778],[1073644.851621988695115,204893.881545318145072],[1071027.64593400247395,204222.12390459672315],[1063599.392343380488455,200913.559244472184218],[1060713.935438941698521,200376.793715686682845],[1060125.937406630953774,201172.03262291214196],[1059873.99301257962361,202861.674460862966953],[1058052.361082612536848,205020.600115205365],[1058046.843315062811598,205027.140940072917147],[1055790.84125140029937,205814.541134908766253],[1053323.163881355663761,206065.542366477369796],[1051018.637169060995802,206577.142468069156166],[1049330.372135964687914,208195.491893066413468],[1048315.815281940158457,209966.553142951219343],[1045335.886478949105367,211999.509431538375793],[1044283.13458014128264,213495.129887075338047],[1041482.137796771479771,221412.159126960119465],[1041789.554840875905938,225687.386574158386793],[1045863.855255568982102,232510.768605293356813],[1046085.583381983800791,237307.660445326881018]]]}},
{"type":"Feature","properties":{"featurecla":"Admin-0 country","NAME_LONG":"Nepal","cartodb _2":"Co-sponsor of Yoga Day resolution and not an OIC member state"},"geometry":{"type":"Polygon","coordinates":[[[687571.217840981553309,226757.50292308095959],[686268.802714750170708,226452.865114889456891],[685072.722100657760166,226635.360642204177566],[682934.883534078602679,227581.482923078205204],[681871.483173997141421,227857.281317118147854],[674145.95988266391214,227815.856944120867411],[672180.896878002560697,228789.992176797881257],[671130.134717154200189,228540.182570124947233],[670067.910891004372388,226754.289367251418298],[668703.155610438785516,223634.947934367373819],[666992.695531329954974,220881.757569149776828],[664795.824203875148669,218653.704807691712631],[661961.796398262726143,217109.391027357254643],[659382.604714991757646,216741.83367028448265],[659382.604714984423481,216741.833670281659579],[657182.117396886809729,217483.675546142127132],[655318.792909104493447,218112.219837501703296],[652950.431006892118603,218409.816694065346383],[651500.189589675166644,217880.712291848962195],[648525.092504808213562,216074.493428371031769],[646886.637783596641384,216037.708998643938685],[646041.164804783766158,216642.517315312928986],[646041.164804774918593,216642.517315317149041],[645477.243356239981949,217525.053123299876461],[645056.789756256854162,218391.904503905621823],[644572.890316969132982,218900.395561150478898],[642605.12552277080249,219346.026421799964737],[640937.591334538068622,219085.100547565409215],[637153.868813800043426,217954.448367124889046],[637153.868813791545108,217954.448367119272007],[628546.144547848962247,215058.488352183951065],[626810.739533213665709,214922.141715608129743],[626729.040828110300936,216596.581220393039985],[626729.040828112279996,216596.581220401538303],[627776.673824014491402,218503.77469100189046],[628160.373286594520323,220029.150808970094658],[626015.751888879225589,220571.751675990410149],[623310.400302862166427,219454.845730515255127],[621251.618973566452041,217384.514917212363798],[619016.705326069495641,215890.364415479532909],[613278.982925854506902,217127.393227935419418],[608301.697705527301878,216312.175148091511801],[608301.697705518803559,216312.175148088688729],[605718.825634384644218,216333.32137600297574],[601759.820482321199961,218229.366261285322253],[596072.081821754807606,225041.121675510774367],[592828.210649793152697,228178.86786730226595],[590318.206164956907742,229549.63578017722466],[588648.332751829526387,229581.760568721743766],[588005.934200621326454,229352.054133234400069],[586856.656487269559875,228941.200237476092298],[583944.496259790961631,228327.195445407385705],[581416.512026187265292,228435.808438138221391],[579244.243830366060138,229342.840509839530569],[577573.506209588726051,231091.908018573623849],[577573.506209585932083,231091.90801858206396],[576596.046382176573388,233717.23504442156991],[576595.275523717631586,233734.384796564845601],[573777.020915543893352,235813.349305473209824],[566869.965352283790708,235208.359585111291381],[563861.203817093395628,236118.233075297088362],[563050.043446757481433,237574.747007264581043],[563275.042954619973898,240898.348567928012926],[562800.581123438081704,242215.049142131960252],[561366.343717994866893,243409.511135345353978],[561366.343717986135744,243409.511135348177049],[559546.103677939157933,244492.75883575057378],[557591.001632146420889,245180.869926189479884],[555811.274009011103772,245226.72205597802531],[554611.50178318656981,244547.509174620558042],[554611.501783178071491,244547.509174614882795],[552505.680024507804774,242494.683479734230787],[551065.608583179186098,242077.559090237074997],[549519.866161612095311,242701.431829522247426],[548116.541897892253473,243918.70045714545995],[546742.591022978536785,244810.875895761302672],[545187.559919588151388,244472.553985991602531],[544317.146121219499037,243201.180092399241403],[544102.722851495374925,241551.028349757019896],[544127.351058128289878,239773.576943154010223],[543964.381169025902636,238105.607230256631738],[543297.15719679184258,236582.39218619314488],[542496.6218897952931,235443.072043591906549],[541951.568648646352813,234148.508764454396442],[541951.568648644024506,234148.508764448750298],[542058.829019229626283,232211.414864270482212],[542198.089682018035091,229635.540420832578093],[542198.469262074795552,229628.520215560332872],[541667.650175791466609,227507.038740491640056],[540405.313478540047072,225841.609532047528774],[538345.922169586527161,224615.371868252317654],[534822.884681264287792,222612.558831404516241],[534822.884681256837212,222612.558831401693169],[533496.560297043062747,222454.292775897600222],[531539.306724233669229,223157.702524213469587],[528109.478295601671562,225782.266285850433633],[527207.22900821629446,226203.334405477071414],[526299.193143269629218,226022.895429450669326],[525524.694047015276738,225561.641361394809792],[524745.699245825526305,225209.064932188484818],[523773.490362101583742,225352.618875870655756],[522811.743317044863943,225989.1845937166363],[522811.743317035899963,225989.184593722311547],[520377.208366012258921,228836.75227628153516],[520377.208366009464953,228836.752276287181303],[518697.141708359180484,230022.940609507350018],[516806.590872596018016,230384.77041051647393],[516806.590872588276397,230384.770410522120073],[514788.182062436826527,230515.530281536863185],[512785.882904199243058,231008.046036280051339],[512739.291342637035996,231029.091704950580606],[512723.836918344779406,231034.201117249031086],[511243.883965535322204,231817.004059830243932],[510500.897199298196938,233116.072447535960237],[509698.282649369444698,236302.749860411364352],[508933.490285140636843,237520.888090271066176],[508174.892840257380158,238329.830522952455794],[507915.668111966457218,239359.041767255577724],[508678.240810997842345,241264.943696614878718],[509219.386554626689758,243497.178446683567017],[508998.705909097392578,246240.446302513388218],[507929.80437599105062,248357.311181102064438],[505947.891157140547875,248668.372274533699965],[497735.109618765651248,239506.747103118890664],[497920.311243256262969,238400.033106717339251],[497920.311243265226949,238400.033106711664004],[499100.878649876394775,236782.240815042576287],[499444.067408940580208,235927.970660965365823],[499390.899090564402286,235336.029241784301121],[499032.383859617635608,233449.395822888764087],[499068.197248436685186,232528.77536461193813],[499068.197248433192726,232528.775364606291987],[498907.894784058211371,231815.285659527668031],[499085.166893324931152,231177.922841831372352],[500106.877114068192896,230524.772761081723729],[500106.654248815670144,230530.490739008935634],[500117.028199350461364,230525.16841619220213],[500117.696812948212028,230508.014373601734405],[501014.746553447388578,229535.109615225228481],[501039.644682709942572,228636.994507508090464],[501039.644682707788888,228636.994507499592146],[500787.559707868203986,227670.807675711170305],[500885.965854873298667,226452.021161509532249],[501406.311474533751607,225627.670842148625525],[502082.163525876996573,224989.810575574432733],[502609.996815877966583,224237.386399636889109],[502716.269914914562833,223081.934192246553721],[502174.750292336044367,222622.668308950844221],[499197.466844909184147,219397.167442872480024],[497850.496461169735994,218709.267499699781183],[497156.6712059880374,218567.693781206471613],[497156.671205979364458,218567.693781202222453],[496845.957502772740554,218504.306377007625997],[494382.067058694025036,218672.628686589392601],[494382.067058686690871,218672.628686582262162],[489860.422755719628185,217972.568282713677036],[488106.987482702883426,218592.937483117246302],[486874.894756274356041,221300.421552830812288],[486849.542129958281294,223578.483795064326841],[487201.951129357621539,225816.513520021602744],[487151.12843616848113,227959.108851379103726],[485834.950913437176496,229959.276439927023603],[482278.374895232031122,232894.496699212148087],[481176.599243918026332,234359.204289044690086],[480309.298875285021495,236895.082948728406336],[480198.419705533538945,238228.111697335203644],[480280.209201035671867,239299.210872650117381],[480048.60991066735005,240329.947507166158175],[478259.30723186430987,242550.939890553854639],[478259.307231861515902,242550.939890562352957],[477707.064572859788314,244970.008447638771031],[477304.190643962705508,246108.982867884828011],[475759.923830205923878,247778.252606852038298],[475759.923830203188118,247778.252606860536616],[473614.241421385959256,248978.757680264912779],[469214.54998118057847,250769.797428051766474],[466589.353523719357327,252351.944450095354114],[464347.324004496040288,254297.867904508340871],[464347.324004487134516,254297.86790451395791],[462405.86646225041477,256647.353815481212223],[462405.86646224767901,256647.353815489710541],[460753.408214144699741,259439.961867791338591],[460753.408214141963981,259439.96186779558775],[460404.664207153487951,264341.543446088093333],[459821.928397237323225,266734.764834105211776],[458479.818817799503449,266428.860507116594817],[458203.443626820459031,265514.00403309421381],[458261.790072761708871,264450.773038988583721],[458185.033623278664891,263480.080169835593551],[458185.033623275114223,263480.080169829947408],[457529.770946517237462,262809.437778338498902],[455481.022215950768441,261977.486641698807944],[454734.299429435457569,261306.611497738049366],[452204.490726116637234,257144.960800247441512],[452204.490726114425343,257144.960800241766265],[450944.522861553065013,257066.163211680104723],[449579.61886528233299,258386.940171257301699],[447552.213538263284136,259667.507518197526224],[445416.16667785710888,260148.540975309471833],[443148.015768527286127,260350.451655193464831],[440885.721832008275669,260237.974196214141557],[438757.088024233526085,259775.402018958004192],[435861.973696152854245,261122.575452751567354],[434365.021282131958287,261615.759120001021074],[432767.371163682255428,261492.918786710652057],[431438.95562994829379,260600.481885117857018],[429214.616269572172314,257997.294392190058716],[429214.616269569960423,257997.294392181560397],[427743.864186899852939,257249.408204452658538],[426051.43810361175565,257367.648298082203837],[424990.860535502026323,258157.053835882077692],[424067.569397062063217,259091.40092410845682],[424067.569397053215653,259091.400924112647772],[422761.616987967572641,259643.795296643773327],[422761.616987958550453,259643.79529664941947],[421633.503794345713686,259417.607354138541268],[421633.503794336866122,259417.607354138541268],[418939.614731620415114,258083.610364753956674],[417623.139944080205169,257719.909451643034117],[416034.344613120192662,257776.992493779311189],[414111.438632620382123,258132.698548469634261],[412305.217911588202696,258804.548862119321711],[409063.066369722655509,261586.776018616801593],[407211.998072524787858,261144.066666753060417],[407211.998072516231332,261144.066666747414274],[405243.109145131369587,260096.605988834024174],[402816.556657437118702,260051.517497676977655],[400618.276640721072908,261296.779438779136399],[400618.276640712050721,261296.779438784811646],[399863.713218102231622,262899.543183276604395],[399981.177005076140631,264334.166583415062632],[399981.177005079574883,264334.166583424957935],[400252.337567182665225,267647.719717954751104],[400184.858919445425272,269804.654944731330033],[399201.446089736942668,275833.184894810197875],[399764.155716080742422,276941.809422317659482],[402239.672590397531167,278545.796587299264502],[402789.457137526420411,280052.241101003717631],[402789.457137528748717,280052.241101009363774],[402734.113124292402063,282129.585729564016219],[402734.113124294613954,282129.585729572514538],[402865.381498587201349,282780.939999425783753],[402865.381498595874291,282780.939999428635929],[403421.303563506342471,283603.20950034854468],[405082.223612479574513,284357.396775487868581],[405082.223612488131039,284357.396775494969916],[405777.600302909500897,284923.595325914444402],[406342.028377055190504,285946.757125158270355],[406626.29862360120751,286869.388942263380159],[407530.810140613059048,292445.768218566023279],[406802.2140229032957,293731.416732707468327],[401956.028414058091585,295110.209704453242011],[398276.481019281432964,297526.750466848840006],[398276.481019272527192,297526.750466854486149],[396288.25664132158272,298243.908563904522453],[394072.538515430293046,297662.629428148386069],[393425.39336253865622,297015.429634980217088],[392818.339755190827418,296048.726723547733855],[391937.970060716208536,294102.767926625383552],[391314.01072322181426,293184.336391926277429],[390502.996422968280967,292758.551466031349264],[389601.346806432586163,292484.708708775637206],[389601.346806424146052,292484.708708767138887],[386734.838552285975311,290813.826958601013757],[386169.006189265230205,290129.420469737320673],[385024.921257266600151,287488.790279598673806],[384267.765439623035491,286767.226992509211414],[383321.974041095119901,286429.525501750817057],[382256.312453401158564,286546.510178088676184],[382256.312453392310999,286546.510178090073168],[380633.664809714537114,287024.991613382357173],[379440.056675854662899,287195.672988174541388],[374038.237863765447401,286692.718586687231436],[372861.201083593419753,286818.678043265943415],[371593.019115700037219,287297.194237880816218],[369855.84275484731188,288607.047561279847287],[367214.843525221629534,291469.062870720867068],[367214.84352521400433,291469.062870726513211],[365328.179233190021478,292385.775438859476708],[360846.810090916871559,292475.997339217050467],[360846.81009090814041,292475.997339219902642],[359543.12499970960198,293355.633606805233285],[359908.473119269998278,298503.693543300614692],[358726.844325542275328,299378.292648569331504],[358726.844325533427764,299378.292648575035855],[356873.585757924127392,299707.238107270095497],[354935.556198658712674,300363.446101947396528],[354935.556198651029263,300363.446101953042671],[354246.834298822621349,301151.94256497931201],[353254.108559596352279,303071.926526263414416],[352362.055122826772276,303551.323471195821185],[346927.3968311175704,304310.267128236300778],[346927.396831109013874,304310.267128230596427],[344970.729701855918393,304956.021714415517636],[343350.215797539160121,305877.472502257500309],[341665.972780455253087,306548.253010355867445],[339437.569745425193105,306425.747867257508915],[336986.367914570204448,307091.074611926916987],[335658.250229608558584,309212.673077150713652],[334052.236374192871153,314251.451350516348612],[333203.992391218431294,315237.447105326515157],[333203.9923912207596,315237.4471053321613],[331085.484582316654269,316963.787055158638395],[329407.158798234711867,319635.623266528360546],[328381.575575927563477,320485.629670723341405],[327169.140504968934692,320958.559266158379614],[320502.120454420393799,322169.697414113616105],[315471.380255332391243,324957.157011304632761],[314471.837552828830667,326495.021747662918642],[312589.845425796636846,329391.844604925019667],[314763.353794616356026,338904.379131024878006],[313671.206194446363952,340309.790264164737891],[311474.933637967042159,340966.292973369534593],[309228.360683854203671,342252.209958498075139],[308585.117850056441966,345731.726302973693237],[308217.472181978286244,346779.968760942516383],[307605.148108038236387,347544.407455225067679],[305401.604016812227201,349617.102681338496041],[304792.571905693330336,351725.479975149501115],[304792.571905695658643,351725.47997515660245],[305668.738346283265855,353571.591281359607819],[306938.747916856373195,355341.354856535501312],[307522.511850754613988,357194.938303470262326],[307522.511850751994643,357194.938303478760645],[306881.693478782952297,358743.875833599828184],[305565.887538687326014,358892.668845726293512],[304018.595717687043361,358632.051565356785432],[304018.595717679767404,358632.051565351139288],[302684.537602700234856,358915.373026595800184],[301972.65134660853073,360098.983801218739245],[301298.533664931717794,363085.853756467869971],[300359.137135229364503,364129.527302610164043],[298640.449300944514107,364129.103717269201297],[298640.44930093572475,364129.103717274905648],[296809.251711538177915,363352.628110448364168],[296809.251711529621389,363352.628110444115009],[295083.386820593790617,363008.676798089407384],[295083.386820586398244,363008.676798089407384],[293721.132128624012694,364323.817845569399651],[292820.520901457872242,365460.638605581771117],[291684.622836805297993,365692.37883473711554],[291684.622836797789205,365692.378834742761683],[290461.827010259788949,365331.956906929321121],[289271.122174384072423,364662.925125308975112],[288986.492543151311111,366129.259053827729076],[288384.634914028691128,366966.606331323389895],[287469.865337557566818,367427.253425021830481],[286257.76883700536564,367709.331322459795047],[285052.802791117166635,367676.484586000267882],[283235.970687561435625,367372.19589310901938],[280246.25283194927033,366486.334876821842045],[280246.252831940772012,366486.334876811888535],[279671.520372874045279,365891.9879587815376],[279671.520372866652906,365891.987958778685424],[278875.357327417528722,364395.954966862220317],[278180.045242271618918,364022.537910755723715],[278180.045242263178807,364022.537910747283604],[275884.541016139381099,363284.78571922169067],[271590.302751188632101,361057.621118505427148],[269400.767314037831966,360733.066026803862769],[266938.858813462313265,360927.489102505671326],[264449.024411107646301,360777.987297909217887],[264449.024411099089775,360777.987297902116552],[262109.742443841998465,359907.201926885056309],[260164.668221513915341,357936.145525128173176],[259488.304239436518401,356100.154975158046],[259105.726064635440707,354149.897521380742546],[258418.542496156296693,352580.255066632234957],[258418.542496152716922,352580.255066626530606],[258320.413401083642384,352537.707250006962568],[258320.413401075144066,352537.707249998464249],[256803.207341150351567,351879.99611748434836],[255358.764462154154899,351928.244149345555343],[251392.493829676968744,352591.171691761061084],[250232.644619969796622,353261.580894432612695],[249180.079591589048505,354108.960212090518326],[246700.537346486380557,354392.909049357054755],[246700.537346483761212,354392.90904936415609],[245499.907362692232709,354853.824883515597321],[244834.185482188157039,355740.56498403660953],[244571.383299845881993,356855.698281299264636],[244324.144895941164577,359254.674807533971034],[244324.14489594346378,359254.674807543866336],[243319.883492038934492,363398.375016617355868],[242353.635797258379171,365056.023204846424051],[240623.42379353416618,366217.906790321459994],[237921.317953511344967,367258.632999826571904],[236834.230069053737679,368178.109538408461958],[235897.405363268888323,371289.588926283700857],[234873.154460379766533,372095.817552762338892],[233621.948618097259896,372691.643999491760042],[232447.683207614958519,373753.202819209836889],[231947.579443299822742,375294.257103613868821],[232033.196063994109863,376651.200368845020421],[231800.046963771514129,377873.384683881769888],[228821.248747365840245,380243.571922262897715],[228620.473933215864236,381638.379571837722324],[228841.682302940782392,383281.539663922565524],[228554.978981596417725,385270.920581077982206],[225864.457632008590735,387916.54754801443778],[219676.128976792737376,386475.177955987572204],[219676.128976784151746,386475.177955984720029],[218010.206710332771763,388856.558486661058851],[218138.003419633896556,390171.324373899435159],[218138.003419636195758,390171.324373907933477],[218636.407792649260955,390925.048501421522815],[219197.271875031961827,391542.314723568910267],[219197.271875039237784,391542.314723577408586],[219512.0655307918787,392470.600708351295907],[219242.805272805941058,394125.34665179712465],[218415.932574854785344,395569.875419118383434],[216122.072618955106009,397831.996545686968602],[215393.421579169400502,398249.501796426658984],[213740.893562797107734,398786.13105838856427],[212981.746169322810601,399237.656731407972984],[212712.819103596208151,399737.581827445770614],[212337.566709807317238,401201.643296432797797],[211977.364620880543953,401771.71965659793932],[210633.384186052775476,402766.806588730600197],[209514.588967512449017,403181.047142782015726],[208347.063774102862226,403213.369774891354609],[206087.82802212506067,402929.887499733420555],[206087.828022116387729,402929.887499734817538],[203539.326611788070295,402252.348367840808351],[202872.813692091556732,401960.759959353308659],[202416.096598755015293,400763.977540609019343],[202160.481227254582336,399203.573672059748787],[201598.44043780179345,398002.313550123944879],[200182.319238562136889,397885.26808780268766],[199157.779433797259117,398674.484318696660921],[197798.425599915615749,401341.61540245776996],[197004.628086645330768,402458.520103589689825],[197004.628086636628723,402458.520103595335968],[191408.283428459224524,407205.206465871189721],[190283.925874936307082,407394.627170809020754],[188136.404773439659039,407035.753385196090676],[188136.404773431131616,407035.753385189105757],[187148.253730552416528,407158.685285894491244],[186820.09085864352528,407401.596668159181718],[186343.413502181705553,407754.473829174879938],[184907.644906604167772,409393.046816950372886],[183990.656574230553815,409801.041204539185856],[182100.58964623475913,408962.504558402695693],[179931.950886966020335,407277.59346645930782],[177919.690195817296626,406538.296979734965134],[177919.69019581345492,406538.296979743463453],[176514.972005131683545,408533.651534772187006],[175835.542318758118199,409874.255230201757513],[174820.678481103357626,410507.999453540425748],[173644.284127897612052,410884.497644965013023],[172474.842887517705094,411490.516201685473789],[171400.422677714494057,412479.173368506948464],[169561.728231663058978,415246.378796337288804],[169561.728231660468737,415246.378796344331931],[163639.404654516169103,419763.556264897924848],[162725.048838222021004,421635.19531015137909],[162987.891392071614973,422968.770535481686238],[163413.676718652161071,424069.397085992852226],[163381.969963937124703,424974.915847287338693],[162242.796992726711323,425699.895617524394765],[161242.26205473463051,425755.893972957856022],[159260.900011435616761,425100.051593102165498],[158241.632006618281594,425052.844035239133518],[158241.632006609579548,425052.844035244779661],[156547.276622922247043,426230.097703244595323],[149020.894288490730105,435393.911271427292377],[147310.939199255109997,436388.841026515467092],[142615.046486023406032,437791.486294275789987],[140791.788244682713412,438722.959997009311337],[139024.92382216124679,439999.407173095620237],[137455.415701070276555,441524.862296808511019],[136174.549251915654168,443168.347746720188297],[134682.011025607440388,444098.593178615497891],[133204.551476557535352,444094.378894111840054],[131719.624958149302984,443849.391877355170436],[130129.850670268351678,444085.233387468091678],[129329.696418761217501,444719.322871027747169],[128158.246322551174671,446536.850854318297934],[127353.007928872772027,447205.442346370255109],[125186.912356011089287,447740.071546363236848],[123205.941532075681607,447732.037133632460609],[121247.107786342749023,448017.021379205281846],[116870.838390998353134,450722.912605008925311],[115087.978441085884697,450379.600541807012632],[115087.978441077342723,450379.600541801366489],[113362.940357915969798,449698.679470354283694],[111389.73298699555744,449979.332797389535699],[110480.817241627824842,451221.643499162746593],[109563.357272472043405,453467.678916861186735],[108914.789616362322704,455796.463458725367673],[108914.78961636472377,455796.463458733865991],[108792.069843338860665,457303.912971724756062],[111013.586152087300434,461527.768365637457464],[111013.586152089686948,461527.768365647352766],[111448.365633883338887,463654.012352442427073],[109961.049579494167119,465046.350114764180034],[107432.061494155175751,465930.883824485528748],[105652.829305205596029,467166.392690019332804],[104585.64470555933076,469084.990758793835994],[104282.326075065691839,472025.456468624412082],[105299.681160879510571,478407.912789708818309],[104857.420978137291968,480108.24828162608901],[103352.910924145195168,480887.582687381713185],[101101.754361182131106,481093.056516978074796],[97038.133415692616836,480791.390034784039017],[96129.758684494605404,480480.326209132850636],[95197.758046041664784,479997.025611294957343],[95197.758046039249166,479997.025611290708184],[94274.522364320044289,479663.037346643162891],[93327.712351533176843,479816.627899071434513],[92656.416589417072828,480408.366329720069189],[92656.416589414555347,480408.366329729964491],[91489.942979631174239,482035.040530857921112],[90629.606485198746668,482648.480787299282383],[88726.195503935334273,483013.599145835614763],[85424.178576231264742,482726.807096254779026],[85424.17857622266456,482726.807096259028185],[81292.665880738961278,484495.340582387638278],[79215.199962947561289,484149.292550080223009],[77170.113629429528373,483373.458751703321468],[75007.938584948773496,482998.904597050277516],[72920.027159685982042,483525.970616865612101],[61181.91714601903368,488799.638327964756172],[59090.019094187198789,489449.516792260343209],[56933.032684051817341,489146.919071255018935],[56309.469289119420864,488461.277743678132538],[56015.356156732115778,487495.975195336155593],[55512.178599944214511,486552.719422551104799],[55512.178599935665261,486552.71942254685564],[54221.456103514923598,485950.347210834152065],[52392.220362583910173,485615.535852352739312],[51677.742962742311647,485159.291907066828571],[51213.829913747882529,484245.08951761526987],[50146.243241124611814,479977.77851686446229],[49057.86455055182887,479577.608473438711371],[46523.14269176129892,479958.122347787371837],[44568.508980035636341,481000.995951851189602],[41023.972543098432652,484448.70949310332071],[39220.697888439659437,485183.127613484393805],[37307.153307065535046,484592.053919390775263],[37057.671787771228992,483151.158258507552091],[37291.751733451572363,481396.157211607554927],[36803.600543847089284,479857.088216605363414],[35787.880249379486486,478259.186259729496669],[35787.880249370915408,478259.18625972524751],[35454.372661257715663,476496.92800547007937],[35559.929025187695515,472613.3010664092144],[35707.10696964210365,471638.465185762790497],[36329.788265310548013,469856.140332713315729],[36422.197239880013512,468904.13630565686617],[36091.482183847372653,467847.668678984802682],[34886.590770742157474,465807.858839919150341],[34457.613352720261901,462342.029756223433651],[33764.739586229356064,460527.585628917440772],[32632.207664801771898,459004.601466455613263],[31104.45435384090888,457916.681075783213601],[31104.454353837241797,457916.681075774715282],[29863.503447618080827,457724.401433543243911],[28292.84126173806726,457806.813213799498044],[26792.4122195805503,457694.556171015196014],[25756.937049557807768,456941.02558486291673],[25698.766388556181482,456126.450832582951989],[26490.220880023309292,454401.699650373717304],[26631.454141805406834,453644.921293981198687],[26255.99530492948179,451929.26953556726221],[25860.302772208062379,451055.102310830261558],[25754.477234831640089,450821.336119082698133],[25754.477234823058097,450821.336119074199814],[24818.067630002959049,450108.298479991673958],[23122.901237270121783,449577.445846032409463],[21792.476645570659457,448651.731806359195616],[21792.476645568218373,448651.731806350697298],[21947.560164179234562,445543.67593889235286],[20942.119564580250881,443959.176784415030852],[18786.595906761856895,443542.886775353283156],[14302.114813643656817,445618.714219310495537],[12031.529997771202034,445564.731369735556655],[12031.529997762603671,445564.731369732704479],[9441.984042151812901,444914.497678788844496],[8193.646670778764019,445940.152544581855182],[8155.377954794777906,446128.46300351730315],[7162.766679812369148,451015.008772639965173],[6428.628511686347338,452706.513264069275465],[4212.907181972657781,456376.266329669801053],[2980.4750370056272,459983.681093638762832],[1873.544398193369261,462151.649760615662672],[627.48636644479302,463998.543864953739103],[-384.062392395687652,464893.378601200471167],[-1141.449173650109742,464847.534689699066803],[-7635.372526067188119,462641.38663876906503],[-9324.526751495914141,463061.256222119205631],[-10254.844884629157605,465023.74376425211085],[-10254.844884636513598,465023.743764256360009],[-11195.367078454773946,466389.778864045802038],[-12736.011306959113426,465255.457473198475782],[-12736.0113069615727,465255.457473191432655],[-14427.443806487002803,463232.4131038232008],[-15774.623269738085583,461914.737231160281226],[-14502.135758874861494,458953.49061975668883],[-14502.135758877326225,458953.490619748190511],[-16420.22075127939388,456042.122740590479225],[-22232.045862270239013,451629.034855186415371],[-23581.450903005381406,450220.628290743508842],[-26484.568546543683624,445586.793581992154941],[-27445.01126341687268,444539.382615263282787],[-30894.453735081337072,442190.413949303037953],[-33416.615951284460607,439811.2930776560097],[-34646.992334811664477,439023.266427745227702],[-36496.09776902730664,438443.575570187938865],[-39982.796020239868085,438006.862564137380105],[-41423.552144772307656,437202.977684761630371],[-42248.894306627327751,435301.970752203662414],[-43551.251767522910086,431309.827233766729478],[-45712.109906152945769,427848.574085610045586],[-45712.109906161567778,427848.57408560719341],[-50684.600751598642091,421623.900407308829017],[-52751.757846789441828,419906.694053934363183],[-58529.607369442892377,418378.480347724049352],[-61080.201588102914684,416320.972878194588702],[-62515.925803921367333,413260.985991158639081],[-62519.842910390805628,410443.472011424484663],[-61612.64052363668452,407647.376337131834589],[-60305.355269636456796,404671.831901011639275],[-59427.781277762791433,401770.184382374747656],[-59589.491059056403174,399332.077371031045914],[-60752.478643845672195,397047.823093418090139],[-62948.860948232329974,394605.481457999558188],[-63218.442514580499846,394405.738196246500593],[-63502.093665641463303,394195.583722577954177],[-64708.009423871299077,393548.313081538246479],[-64708.009423879942915,393548.313081535394304],[-65241.389109529809502,393121.200347067264374],[-65596.147288285123068,392355.041634173074272],[-65459.349504993289884,391672.317948677111417],[-65211.947881351050455,391052.074100021913182],[-65254.950975450032274,390487.777507778198924],[-65254.95097545869794,390487.777507773949765],[-65951.84086743844091,389491.308647258148994],[-66788.433506092696916,388641.764995370758697],[-68741.504269907542039,387167.886414744425565],[-68771.663196156223421,387153.722715987358242],[-69660.327420273315511,386015.262945546768606],[-70536.235786548917531,385395.445558582898229],[-71202.185075072440668,384674.222829006437678],[-71481.029839205439202,383245.974884595605545],[-71481.029839214097592,383245.974884592753369],[-72068.559947006215225,382232.109833653958049],[-74902.754148068983341,381323.043754234618973],[-75940.717521965576452,380544.131920977844857],[-76333.791257027449319,378578.076707397645805],[-75642.510082705906825,376714.437706999946386],[-73606.309306811046554,373075.260059752909001],[-72919.337661932935589,368590.494251950876787],[-72393.676477957036695,367438.670324079925194],[-71560.959206258237828,367287.841144161124248],[-71560.95920625331928,367287.841144155478105],[-70666.912724802052253,367325.805418334086426],[-69957.271734243244282,366705.933748525276314],[-69957.271734234629548,366705.933748519630171],[-69707.612778939495911,364616.120163174404297],[-70113.58180374155927,362042.961356173909735],[-72154.234256946307141,354778.336474347335752],[-73077.844490644303733,354998.451087530411314],[-74298.621014330841717,355968.004298526910134],[-75978.578791679567075,355757.371322450635489],[-76480.810398372792406,354150.540024570480455],[-74879.511777939376771,349503.541705086245202],[-74879.511777936932049,349503.541705079202075],[-74638.128943108211388,347792.131136921001598],[-74638.12894311195123,347792.131136913900264],[-75853.860952261122293,346332.823811127920635],[-77728.226594087653211,345799.938699895923492],[-79760.192775754898321,345829.707276818575338],[-81418.6025377750193,346066.492754094535485],[-84436.089970068947878,344628.281622297654394],[-84436.089970071479911,344628.281622290553059],[-86366.164546151267132,340428.083058788557537],[-87215.226609499557526,335490.57824865920702],[-86927.976259440227295,331848.596690993348602],[-86928.1131485291844,331828.550629006000236],[-87767.147591006898438,329915.545971278392244],[-87767.147591015629587,329915.545971269893926],[-89164.730700113112107,328839.882789524330292],[-89164.73070011564414,328839.882789517228957],[-90802.55018549360102,328015.239227492362261],[-92322.325007823732449,326826.261939508840442],[-93544.569874114036793,325028.188813761284109],[-93544.5698741190281,325028.18881375703495],[-94203.275248702382669,323163.081303880841006],[-94490.280988765021903,321154.962133980065119],[-94587.472503698823857,318924.985633255040739],[-94025.913317716229358,314416.622995457146317],[-92241.148878603315097,312980.488842681224924],[-90460.704449949014816,312606.438505483616609],[-89602.44564680372423,312426.225432056991849],[-86458.068101768003544,310546.230600458278786],[-86458.068101759345154,310546.230600455484819],[-83228.14474369357049,306172.648330713971518],[-81822.511652674074867,305052.653815044497605],[-79959.651535315846559,304376.597319345106371],[-76521.644463879114483,303762.850291613198351],[-74882.478026553566451,302731.005547559238039],[-74331.485837846281356,302012.020208085188642],[-73322.164288444968406,300228.244347071507946],[-72579.778120074275648,299396.597145536448807],[-71784.313215351910912,299008.459854032844305],[-70009.663638932077447,298563.431998653162736],[-69265.892605600340175,297929.526201929198578],[-66628.762657940023928,292424.513100200798362],[-65524.724694437056314,291018.901624274963979],[-63568.723395891480322,290204.58290904032765],[-61678.020025689351314,290464.409447591286153],[-61678.020025681878906,290464.409447594138328],[-59796.372340268091648,290965.029933273443021],[-59796.372340259360499,290965.029933279147372],[-57836.812698370988073,290855.808639801165555],[-56063.277989318034088,289791.550564462493639],[-51950.956389179002144,284793.137385594774969],[-50034.508106189117825,283743.508594222133979],[-49543.610084383130015,285204.377930057409685],[-50344.644439323608822,292258.318160009454004],[-50074.522427647621953,294161.01862772059394],[-49099.037114566017408,295671.67354603757849],[-47135.697466911158699,296760.753758506500162],[-45489.739497431713971,296701.808306555903982],[-45489.739497424241563,296701.80830655869795],[-43399.632274270690687,296627.263476683350746],[-43399.632274261988641,296627.26347668049857],[-43088.786067455490411,295970.612794988730457],[-43253.632225354551338,295009.251823576516472],[-43307.637502710698755,293975.954119826317765],[-42654.042068110822584,293089.147574442031328],[-40919.458837188321922,292187.420671566738747],[-39244.254346764508227,291609.610222133109346],[-35619.230503259765101,290943.41615390178049],[-34378.959475282834319,290041.121968116611242],[-32448.413728142055334,286334.643642293813173],[-31430.793533504911466,285043.926925279316492],[-29754.75130039877331,284241.254175538662821],[-26693.693681499353261,283367.137621964444406],[-25088.448562937857787,282287.572382831946015],[-21364.369694187276764,278379.253568178392015],[-19727.59084976567101,277374.77797837217804],[-17907.575914460823697,277022.886456184263807],[-13897.312028741547692,277006.448706955183297],[-12502.156808639672818,276386.733053897332866],[-11709.673805985152285,274725.815417976817116],[-11564.498103201691265,273059.813768830208573],[-11095.39334154251992,271502.317146786139347],[-11095.393341540035181,271502.317146777641028],[-9275.01202885281964,270178.509111646271776],[-7701.723946955211431,269662.264355945924763],[-5758.856933347964514,269271.980872076237574],[-3866.370834589704828,269225.473582154721953],[-2348.222773592104204,269740.303548838128336],[-1194.609947715770886,269081.834536349924747],[-1194.609947718263129,269081.834536341426428],[-850.592863216068054,267893.997074253275059],[-668.47946001151945,266517.285583352844696],[40.099203660059828,265318.033994874858763],[4610.482623784780117,264442.244312721653841],[14337.476443645755353,262584.182473599270452],[16627.436957337573403,261376.30634705236298],[18656.495223766822164,258809.021423753438285],[18656.495223775556951,258809.021423747763038],[20662.455748711330671,252223.995246787788346],[22000.348499487048684,249141.202169573109131],[27706.018242438953166,242596.115316222712863],[29045.67005077977592,239926.343303158704657],[27555.873687610332126,239316.40243546286365],[27167.250786937893281,238408.461096223065397],[27787.927490187790681,237557.053744145727251],[27787.92749019654002,237557.053744140081108],[29391.807099517849565,237165.739428515982581],[29391.80709952660618,237165.739428510336438],[29080.858122108860698,235591.204331237211591],[29080.858122111363627,235591.204331231536344],[30147.459699972954695,235095.769349237874849],[31780.517653714563494,235368.690722900035325],[33194.18489777931245,236090.505523145198822],[33194.1848977880436,236090.505523148021894],[34088.710628597764298,237389.11690445576096],[34495.917754456248076,238760.883240619907156],[35127.163285078648187,239778.452371170074912],[36627.835128777333011,239988.685186782473465],[38871.965449481394899,239196.913408567052102],[40966.469667471981666,237695.396571671532001],[42733.038125015227706,235792.529485437116819],[42733.038125023995235,235792.529485431441572],[44013.44267894767836,233762.348773616249673],[44013.44267894521181,233762.348773607780458],[44480.711323507384805,232172.999187794484897],[44591.300393140190863,231017.371934530237922],[45006.022031736334611,229985.857627231016522],[46507.718910133749887,228786.575493726675631],[55217.367060855700402,224345.989041662047384],[55217.36706086320919,224345.989041656372137],[57214.188661716172646,222946.990631716209464],[58493.089329890281078,220915.555612105672481],[58518.537909732673143,220904.226805916114245],[58518.563988134555984,220898.504435757728061],[60460.806085125586833,219413.956063780060504],[65419.574055110708287,218282.342319137096638],[67735.558964069423382,217453.165782091236906],[69853.474552173560369,215727.79657703571138],[69853.474552177358419,215727.796577027213061],[73785.088682180372416,211558.280410848383326],[73785.088682184155914,211558.280410842737183],[78722.764567715188605,208755.160692354955245],[81460.783725628294633,206729.475942499673693],[84207.119566953551839,205119.286682467121864],[86919.120527224527905,204928.486713167454582],[89161.250984002050245,206500.204042625933653],[89161.250984004494967,206500.204042634431971],[93093.653072912988137,211205.85825696864049],[95986.521212340318016,212511.768809210741892],[101037.506852389036794,212046.93998027141788],[103305.065273408647045,211309.808016032300657],[103443.033186982953339,211264.97356704089907],[105429.029568553887657,209604.5241101210122],[107285.706868764929823,207660.073585955833551],[108971.822539029002655,206704.371277725673281],[113278.401923067984171,205047.885286617849488],[113278.401923076773528,205047.885286615026416],[125120.53715455980273,195436.253716725244885],[132793.938191142602591,191696.826059042999987],[138171.87779813632369,186346.610765845049173],[142004.71595434268238,185198.258562859526137],[142004.715954350220272,185198.258562856703065],[150417.834172551549273,186266.437646234495332],[162793.965095369960181,189621.066192954487633],[162793.96509537746897,189621.066192957339808],[164947.722738271404523,188796.882704627787462],[165521.685472678480437,188577.322619422076968],[165521.685472682351246,188577.32261941357865],[167268.591949384572217,185830.652386992238462],[168526.303489655139856,181587.409997408452909],[169582.893361421680311,173319.723555686709005],[170709.127645008004038,169132.452581523539266],[172956.873341501806863,166593.68415560547146],[185220.645815374067752,165943.041253468341893],[185220.645815381634748,165943.041253465489717],[187701.113980953261489,165183.68661538514425],[192269.111152048280928,162699.420139865920646],[198543.149128659482813,161252.665298319625435],[210620.103009128768463,161535.727136975212488],[214282.313019203953445,160154.338752755778842],[219251.835570597031619,156095.837893434305442],[220495.654800957330735,154726.845556855550967],[221670.412857949064346,152635.964326037123101],[222320.168400539812865,151091.072430254978826],[223335.107286410493543,150004.475537087331759],[225616.651860736223171,149248.951714078662917],[227831.445457184512634,149396.535912218969315],[229737.766648930322845,150511.549762547423597],[231367.347006945696194,152228.309192292392254],[233444.430757173715392,155440.840301050397102],[234093.104904791078297,156842.802314023050712],[234206.742809627001407,158177.876087876909878],[232674.415601723885629,160192.59360838966677],[232457.301172632927774,161475.942245067009935],[232637.069272139458917,162829.387858198722824],[233117.656740484992042,163913.659106908395188],[235672.254840386158321,164875.492884713981766],[244948.159711310494458,164968.236467163456837],[255781.685754137841286,163725.30124975705985],[263040.467378897359595,161176.488118147681234],[276883.860978873330168,154119.858718698291341],[281463.835401277057827,152571.169259984133532],[282004.47004546422977,152045.915261794114485],[282131.941484674054664,151922.08000248123426],[282813.721194268262479,152984.002655685762875],[283376.195155163935851,153425.440249696723185],[284343.249105466587935,153818.596579405246302],[284348.872345717798453,154722.702266954234801],[283930.965892325621098,155840.623557356186211],[283663.171886381402146,156870.318703069002368],[280781.567979721410666,159977.005349048937205],[279890.959022409922909,161725.614363892294932],[281792.830407076573465,162533.716109709872399],[286362.538947999360971,162954.769359778263606],[288537.250066231936216,163649.856701230863109],[288537.250066240667365,163649.856701236509252],[288633.225337171694264,163680.542711468733614],[289918.346687318466138,163280.236161257053027],[293873.169428127934225,162665.960843164240941],[297013.430180128896609,162858.04431520527578],[299077.299125923891552,164336.187769124197075],[303936.391647922631819,170629.525675650103949],[305885.400284125527833,171488.16587954381248],[307633.58738080173498,171132.080770577566],[308115.451385994325392,169115.103094436693937],[309066.297618735057767,168190.859845010360004],[309066.297618737851735,168190.859845001861686],[310142.188698062556796,167590.129639087885153],[312536.86946414684644,166698.090210201160517],[313484.846096336026676,165702.57862407588982],[314611.576374208088964,163034.958430169761414],[315547.167668640380725,162771.714495112770237],[318525.237166006234474,163325.5593369184935],[318525.237166013917886,163325.559336914244341],[319882.259196949074976,162334.904556833469542],[320908.319375313003547,160289.038451510859886],[322832.001022137468681,157693.506075529323425],[325010.507549318834208,156369.218746321217623],[353565.786098001583014,151907.129564365692204],[356538.318405961850658,149934.666123253497062],[359148.897603938588873,146304.881986619730014],[360870.439299529592972,142330.361498863581801],[361921.239598553045653,138228.601799182390096],[362254.656793092028238,133998.153737548156641],[362254.656793089583516,133998.153737542510498],[361840.735305412556045,129586.653574099444086],[360930.534052536590025,127163.9095339425985],[359599.04345208540326,124592.233499331734492],[358788.917386785207782,122040.90379655995639],[359428.226745830150321,119678.586173519681324],[360738.193849442177452,118816.793173956582905],[372765.497305234486703,115907.865769544689101],[373881.340459256491158,115957.208258830389241],[373881.340459263999946,115957.20825883319776],[375193.164780866878573,117025.010340714172344],[376804.469648334663361,117655.398799795817467],[376804.469648343336303,117655.398799801492714],[378355.81982470524963,117351.644187411046005],[379461.361119389475789,115650.411302500797319],[379477.059002989029977,115639.428480234157178],[379477.059002998052165,115639.428480228496483],[381843.428912343573757,114301.537324080534745],[381843.428912352537736,114301.537324074859498],[386829.841295281541534,112796.056494576361729],[389096.230591647152323,111588.075939966161968],[390599.270647101278882,109522.112962911473005],[390599.270647103898227,109522.112962905797758],[391232.582859406771604,107229.782685404599761],[392133.511331985646393,105254.546074466925347],[394455.466829282639083,104134.987436389026698],[394455.46682929166127,104134.987436383366003],[395696.053795535583049,103829.531815877606277],[396957.077820190053899,103696.460464683987084],[398690.472322789602913,102885.749162397245527],[398624.261918535630684,101201.633809166582068],[398839.169654584955424,99720.701178055780474],[401368.83810745284427,99569.932873468715115],[406878.559568482276518,101933.024014752416406],[409116.3175180615508,102243.776266102431691],[413053.713834424386732,100743.759662351192674],[413508.988265970896464,97411.205698561767349],[413646.15780998946866,93593.674341064368491],[416646.833349688560702,90657.397937883812119],[425895.046329675184097,88531.861596914954134],[427392.168512617412489,88621.147543590326677],[430800.735102087957785,89780.930532793572638],[430800.735102096514311,89780.930532799218781],[432366.967398770910222,91028.849701763567282],[432570.267377738724463,91292.462150726438267],[433893.03097256727051,93007.998617247169022],[435494.94422350183595,94549.331485159549629],[437216.330347688402981,94515.710577163801645],[437216.330347695969976,94515.710577168079908],[439055.79944843245903,94028.575784195782035],[440832.072069788933732,94649.572264667338459],[444345.85897941183066,96709.213060316222254],[448608.510595067113172,99202.011642227662378],[456349.649650710634887,102567.909497298824135],[456349.649650719307829,102567.909497301661759],[457434.115746745315846,102234.202527962843305],[457434.115746754279826,102234.202527960005682],[465366.037425821181387,98179.141177915982553],[466821.508279605244752,96543.418191251053941],[467732.145838620373979,92793.880433252154035],[467293.236836823518388,84584.078940961087937],[468491.334805822640192,80724.901070325518958],[469960.722935304685961,79049.99250693738577],[475477.493882894748822,74999.448202106519602],[476380.135532992368098,74792.2063684630848],[477366.952848373563029,75234.701350613584509],[478318.0831511769793,75527.188169446992106],[478318.08315118419705,75527.188169456931064],[479129.732282044074964,74859.026200944063021],[479354.18056915019406,73934.626009740808513],[479410.585089055122808,72963.973770959972171],[479627.405909928493202,72107.963288857863517],[480338.737159032432828,71516.277181278201169],[481942.434119638113771,71838.887708973037661],[484043.157370087807067,73181.565561410534428],[490613.827218839142006,79293.348780492378864],[492311.200364711752627,80370.448972515267087],[494642.900449117762037,80716.593063311447622],[498143.093640357081313,81966.31075295653136],[501195.273883227375336,81088.102025053201942],[508217.397991778503638,77074.963786704305676],[508217.397991786128841,77074.963786701482604],[508749.148966166831087,76632.265307597248466],[509375.373722843185533,76405.025764949736185],[511630.001291243184824,76631.006015016668243],[511785.457676680467557,76617.855926517731859],[511785.457676689082291,76617.855926523392554],[512414.560372162901331,76564.659248174459208],[513937.156928924901877,76178.472350363037549],[513937.156928929092828,76178.47235035453923],[514614.261229861702304,75839.043299334400217],[515112.595516030094586,75338.046549711478292],[515112.595516033004969,75338.046549702994525],[515737.12498910567956,74899.304852192013641],[516787.673934279358946,74746.499353911072831],[517477.896055656776298,74985.72037699026987],[517477.896055664401501,74985.72037699026987],[519635.237663331499789,76491.083411451778375],[523353.297333359252661,77933.746646108120331],[525461.214430402964354,78345.084846205107169],[527159.168876994401217,78081.991942661567009],[527159.168877001968212,78081.991942663007649],[527909.07326869701501,77351.324069047608646],[528013.81498433672823,75787.531168330577202],[528738.903650164254941,75038.731882369305822],[529456.904430458205752,74970.696732711279765],[531597.847989645902999,75338.578415153708193],[532476.252021852415055,75374.56600591923052],[535500.139057919732295,74417.275789140418055],[541719.799118659924716,71378.77640218110173],[544818.389413141063415,70277.915633833588799],[546769.834925113245845,69902.057346536326804],[548368.021137778181583,69116.681557329473435],[549781.669586584554054,67951.687157978100004],[551184.647409096010961,66437.280299421181553],[551205.20901042863261,66438.152428073284682],[551205.209010431542993,66438.152428066241555],[553240.463599198963493,65322.791077597699768],[560081.10648261429742,62548.167613205128873],[567216.569063658243977,58639.522572559937544],[569065.391082916292362,58313.951770873180067],[570073.727250695694238,59176.549562550047995],[570674.645389680983499,60513.54998615335353],[571372.136507079936564,61643.067713003561948],[572726.031996002537198,61902.963055624852132],[576304.290995490038767,60681.752869450327125],[577227.29329900466837,60550.996931460911583],[579724.896912539494224,61394.735978368422366],[582090.499992376891896,63108.76545079380594],[583915.199044450651854,65382.758457553063636],[584826.382727768621407,67913.534136470945668],[587842.706443346804008,69886.979271471704124],[590585.507504562963732,70983.859114749735454],[594234.884827864356339,72444.466867732160608],[595459.977337531629018,73462.202055542875314],[595459.977337533724494,73462.202055551359081],[598321.233799447538331,76730.495620118788793],[599704.259457219974138,77990.644449529951089],[600837.159491767873988,78088.815428263042122],[600837.159491775091738,78088.815428268702817],[601242.630202165222727,76001.089250361954328],[601242.630202161846682,76001.089250353470561],[601385.621047377004288,74135.915233509251266],[602779.174582047271542,68733.990834291282226],[602779.439571943250485,68728.27899578618235],[602799.997448828769848,68729.232755726014148],[602799.997448825277388,68729.232755717530381],[603947.291409447789192,65542.689381460149889],[605770.201903068576939,61912.621232551027788],[608199.791462117806077,58998.041239829624828],[608199.79146212071646,58998.041239823964133],[611114.228365504648536,57966.979238791609532],[616404.650704909814522,58812.000299697923765],[619409.780952597851865,59899.311495025729528],[620487.705066244467162,58914.61396847540891],[621253.352047149674036,57239.613403618583106],[622217.540264028240927,55837.468687185632007],[623562.868928342475556,55094.776046618513647],[627841.180773911299184,53423.002598170867714],[627841.180773920379579,53423.002598165214295],[629201.187460889108479,53242.566567219953868],[630364.347032279125415,54357.89510534107103],[632033.413365726242773,58428.851361368200742],[632033.413365733344108,58428.851361376684508],[633097.971877644187771,60072.061355942933005],[634424.352926832973026,60953.580140466794546],[635784.123819506727159,61857.555013635253999],[638947.644802497932687,62934.33866801228578],[642239.617154547595419,63279.766277895971143],[645322.369777487358078,62854.239780694828369],[652662.624210273264907,59155.988169941578235],[656187.866583014605567,58371.614514103923284],[659787.187590199289843,60202.579044743841223],[659787.187590201501735,60202.579044749494642],[662155.209517870331183,62215.375149055485963],[663197.054575280635618,63101.271769875049358],[663197.054575289133936,63101.271769883533125],[665303.142120426869951,63953.185077643356635],[666978.076320971245877,63157.327253882191144],[666978.076320980326273,63157.327253877978364],[668364.815044131944887,62054.863031993969344],[670031.464285996393301,61928.821432609925978],[671453.493865598924458,62746.496567456742923],[672086.246192274847999,64468.200749827898107],[672633.414128367905505,66843.953219578863354],[673882.129085006192327,67412.495886927135871],[675599.51439369074069,66894.763517880521249],[675599.514393695048057,66894.763517872037482],[677489.416493057855405,66036.982908631456667],[677489.416493065888062,66036.982908625795972],[679195.178603501524776,66143.197568339324789],[679195.178603510372341,66143.197568342162413],[682093.767137868097052,68860.13552404314396],[683833.445755446096882,69392.467390570818679],[683833.445755443884991,69392.467390562334913],[683943.656410294817761,68963.109066683871788],[686442.363025764818303,67125.200630988241755],[686691.211451888084412,67195.606734741682885],[687206.666798323974945,66318.176551117547206],[687956.514425217872486,64422.525147076928988],[688634.560279230121523,63399.157749540951045],[688634.560279239434749,63399.157749535297626],[690117.909427422564477,62166.61466102166014],[693429.478843557764776,60407.495352153957356],[693429.478843561839312,60407.495352148296661],[694922.117918642470613,59112.977881769475061],[698003.885741676087491,59644.511677854425216],[701539.607581575983204,63802.97661943314597],[704222.295251257368363,69296.32560763094807],[704778.637536056223325,73861.719301312943571],[704778.637536058318801,73861.719301321427338],[704778.327705949661322,73867.428883091910393],[704395.444608273683116,75226.703847833879991],[704395.444608275895007,75226.703847839555237],[704401.209200015291572,76355.108322821761249],[704998.937934836139902,78774.93236073605658],[706186.81799380434677,83587.271235742853605],[710173.40718908351846,92589.573321019037394],[711569.154794930946082,97533.912202619583695],[711858.675467562861741,99754.677824509970378],[711897.384082372183912,101858.606144490564475],[711659.575729881413281,103941.633856669519446],[710547.99518625147175,108273.285089610639261],[710547.995186248444952,108273.285089619123028],[709918.303358527016826,113009.465741552630789],[709424.841839355998673,114889.578012744037551],[708480.337226923322305,116567.476952511889976],[708480.33722691424191,116567.476952514713048],[706079.62615768564865,119809.639276017682278],[706079.626157676568255,119809.639276023342973],[705131.666366460267454,121470.402857303401106],[703436.732736553298309,125261.24562463980692],[701267.056928125908598,128740.198185267625377],[699038.332374279038049,131529.02676828604308],[697674.186282460694201,132663.820206047967076],[696106.907856728881598,133289.531402366934344],[694276.43971802003216,134330.838353144761641],[692264.161488548619673,138197.692382621433353],[690619.301510902005248,139621.71148850696045],[690104.209771037800238,140436.117511766206007],[690104.209771034773439,140436.117511774675222],[689903.302785856765695,141318.863147693045903],[690017.127775162225589,142258.51180827524513],[691290.968183270539157,145556.925676693615969],[691259.725378106581047,153316.227257923950674],[692591.516958578606136,156798.362417000666028],[694706.8106618715683,162333.811964454507688],[695162.969678144203499,165073.527256162313279],[694840.501209496869706,166310.62377925158944],[693500.462770966929384,168398.024014085967792],[693007.580059246625751,169574.454912876681192],[693007.580059248837642,169574.454912883753423],[692823.314715860877186,171099.732004746794701],[692823.314715862972662,171099.732004752469948],[693001.732349367695861,172346.642714737623464],[693712.176119492854923,174916.816094716836233],[694044.605736650992185,175673.687887225765735],[694529.248965058475733,176261.19295969925588],[694938.795212263357826,176913.412110982142622],[695116.989090340794064,177873.964479212387232],[694907.949706368497573,178338.159324738691794],[693971.373393080430105,179215.704172778816428],[693971.373393083922565,179215.704172784491675],[693680.247528703766875,179686.954344583791681],[693095.261752499849536,181820.882915367517853],[692915.977902952814475,182873.903037461597705],[692974.766578852781095,184060.042366541078081],[695179.836100322543643,189770.26035124930786],[700732.802345853415318,200510.077643296652241],[702587.712020798702724,209887.569813139503822],[703856.066101147211157,212796.13256721777725],[704718.84052605566103,215653.995846708217869],[703972.195405945996754,220162.780482791655231],[703972.19540594809223,220162.780482800095342],[705038.659232228528708,222266.998422061500605],[704774.314600549056195,223556.136545505840331],[703931.002178885508329,224165.993897838081466],[702588.904262079508044,224585.280567752924981],[700120.369116548332386,225023.441997684130911],[697884.861338023794815,225394.513247035443783],[693538.819184132036753,227508.351547465863405],[691254.292101021972485,228141.491459463752108],[690098.853377420105971,227947.512998644466279],[687571.217840981553309,226757.50292308095959]]]}},
{"type":"Feature","properties":{"featurecla":"Admin-0 country","NAME_LONG":"India","cartodb _2":"Co-sponsor of Yoga Day resolution and not an OIC member state"},"geometry":{"type":"Polygon","coordinates":[[[-667106.042933180578984,1232817.524447563802823],[-679059.815898985252716,1231466.816962430719286],[-681971.353144798893481,1232107.690685803769156],[-684755.309281122172251,1232677.628328357357532],[-684755.309281130554155,1232677.628328350372612],[-690792.054999461979605,1232210.384687267011032],[-695115.534423634875566,1232785.110551038989797],[-699729.4750325914938,1231461.546214249916375],[-701040.050440032151528,1231375.489041427383199],[-702368.380405068048276,1231623.772271676687524],[-704974.608469191356562,1232491.859487214591354],[-707820.102882737177424,1232965.722467437153682],[-708710.037553249276243,1231253.10847053816542],[-663268.821480219485238,1229798.756079680752009],[-661880.483767593279481,1224377.164178223349154],[-648947.305044606328011,1215728.485245079733431],[-660724.574170634732582,1214760.810076943133026],[-688340.097085642628372,1217687.609264255035669],[-700218.580596333602443,1214446.634397591464221],[-704905.530204221839085,1217356.738335991511121],[-716702.998418384580873,1215897.982868505408987],[-718045.06189166707918,1213324.470184157369658],[-720004.582736665382981,1209569.350789341144264],[-738585.45259460771922,1185324.96804373874329],[-766363.619623390841298,1167360.570391317596659],[-767162.865804256754927,1166688.699433611705899],[-767945.217515788157471,1165840.792501619784161],[-768543.22211109881755,1165068.546400650404394],[-768953.454116373439319,1164424.208948174491525],[-769283.894520756555721,1163698.904568439815193],[-770589.641728121321648,1159152.08949453686364],[-770928.848493712139316,1157418.525720546254888],[-770954.424548690672964,1157023.597041589906439],[-770819.88891166204121,1156618.305312647484243],[-770220.289136979728937,1155360.632215701742098],[-770120.692767528118566,1154706.868493486894295],[-770334.581252584815957,1154032.574470696272328],[-772889.370915942708962,1151107.509229091461748],[-773110.096442119334824,1150743.448912413790822],[-773164.890654860646464,1150653.076763768214732],[-773327.725186703843065,1150185.508684952743351],[-773461.922965583158657,1149576.14966896828264],[-773508.294214620254934,1149007.745634293882176],[-773366.921664598630741,1148269.736106705386192],[-773057.741798003436998,1147345.943257376784459],[-772988.345608933712356,1146956.635919381165877],[-772851.8294421590399,1146580.470845640171319],[-772587.848396507790312,1146126.084296877263114],[-770969.606548959040083,1144502.596833087969571],[-769885.272010960034095,1143415.164424848509952],[-769344.094696437125094,1142558.250184964155778],[-769260.348127956967801,1141655.116535054752603],[-768679.293242154410109,1139798.938539413269609],[-768631.609842396806926,1139510.245221845107153],[-768740.82486288936343,1139138.408256168011576],[-776156.667955421726219,1127345.532734502339736],[-776156.950932650011964,1127345.083303787512705],[-772504.422046403633431,1125460.254359765909612],[-763876.833526765462011,1121015.15864685899578],[-763702.166989082586952,1120925.269159057643265],[-724295.247701176791452,1120992.209638544125482],[-724198.536328939138912,1120962.129480488365516],[-724053.834621359826997,1120917.124644010094926],[-724036.361716376501136,1120911.69037811877206],[-724016.075063024065457,1120905.381162074860185],[-723829.657794715021737,1120696.036876526195556],[-723698.909510603174567,1120350.277798348339275],[-723528.956625940860249,1120025.447151482338086],[-722326.956989476224408,1118578.101846494711936],[-721394.047159923473373,1117672.514630317920819],[-721356.777416207711212,1117636.341297128703445],[-721341.601254779379815,1117621.611644665943459],[-720494.315408918890171,1116977.305167953949422],[-718786.967445689253509,1115679.402554743923247],[-718720.748110862332396,1115629.074979501776397],[-718434.696713284123689,1115180.911670131841674],[-718295.658829296939075,1114811.483685455052182],[-718376.441815936355852,1114414.512407802743837],[-718657.814785321010277,1113994.669181341771036],[-720470.432227457407862,1112409.225952899781987],[-720736.515142157441005,1112087.524353534448892],[-720803.182333395350724,1111939.649910361273214],[-720889.865797249483876,1111747.383586237439886],[-721732.738581870798953,1105958.115350120468065],[-721784.216515534440987,1105105.373705595731735],[-721762.472024418064393,1104364.671268196310848],[-721639.114678529207595,1103734.288257169537246],[-721338.800004003569484,1103203.855331009021029],[-720816.286668112850748,1102578.542089572409168],[-719906.705385841894895,1101876.285630142781883],[-712691.512690272182226,1096311.496313770068809],[-711608.545706789358519,1095193.577573911286891],[-711318.545053492765874,1094798.028626553248614],[-710638.293986969161779,1094094.133371259784326],[-707943.658239765209146,1091958.338924975832924],[-707267.580246910685673,1091422.706354658585042],[-707225.711468573310412,1091389.538293863413855],[-706676.57523258740548,1090711.158922773087397],[-706484.421742755221203,1090263.373158044880256],[-706161.844477980281226,1089160.885757645359263],[-706120.585977317998186,1089019.89552167057991],[-705880.081055176560767,1088798.748314532684162],[-705871.512866094824858,1088790.86998654762283],[-705850.106471983599477,1088771.187250610906631],[-705600.922077344614081,1088642.982637841720134],[-705517.998562187422067,1088600.320517496438697],[-704231.304302794625983,1088175.439390025800094],[-704211.345807813690044,1088171.795689430320635],[-703855.13230636715889,1088106.769904666347429],[-663718.135464646737091,1077543.064839430386201],[-663288.281812571687624,1075687.18298089178279],[-668063.906999309314415,1066354.11532401596196],[-672280.623711531865411,1058127.652243681252003],[-672776.239520254195668,1055062.906475360970944],[-672820.888158177025616,1054606.204588991589844],[-672814.144764163880609,1054216.380022778408602],[-672702.578654710203409,1053826.499490833142772],[-670252.37072326708585,1048894.516255664406344],[-670142.459475424257107,1048301.40846563258674],[-670140.447339425678365,1047824.748816995183006],[-670483.574861866072752,1046117.912406398099847],[-670744.697017827536911,1045539.743541949661449],[-656696.693045841180719,1041225.220205647870898],[-634070.759876683703624,1029049.938707159715705],[-642811.626614842098206,1009003.953909183037467],[-643061.68660439865198,1008431.580221662297845],[-658813.154134934418835,1000147.457899019937031],[-662072.122989445459098,998348.198761765263043],[-663825.859769660630263,997380.600405748700723],[-665375.153804038651288,996526.166981739923358],[-675688.249492681352422,990847.264377390383743],[-680496.417277150670998,982467.702554901363328],[-682763.445799029082991,971947.438478982890956],[-682847.870443342486396,971555.971981818904169],[-683015.886131028062664,971573.885490783606656],[-694416.358661835547537,972794.932447659899481],[-699063.260664517874829,971824.672009829897434],[-699467.04197046905756,971740.457952110329643],[-699529.188676875666715,971446.415075730765238],[-699778.004938936093822,970269.281573028885759],[-701067.6083388638217,964171.416310466709547],[-701362.81869536510203,962776.264816452283412],[-702442.518602055846713,957676.008366841240786],[-704933.452813177718781,951671.715043968870305],[-698080.426731706014834,930799.557910654693842],[-696681.143401726381853,909356.24940679804422],[-691571.366027597687207,894384.21426423243247],[-691522.761273115524091,880856.577282782760449],[-691497.5959150895942,874069.021327332826331],[-693398.586815213086084,870578.225107108708471],[-693553.590544376871549,869554.321753174881451],[-693411.322544905357063,868823.051094973809086],[-693991.549643407342955,867299.819814678397961],[-695865.631811668165028,823275.923230162006803],[-679037.395453785778955,799006.734584259800613],[-659711.912358435220085,791070.754351397859864],[-628500.266136347316206,774086.993773887283169],[-628571.387302177143283,773958.641642073867843],[-629173.334147339570336,773155.953378943144344],[-629279.604759647627361,773014.257645211764611],[-630234.820853208540939,771740.819986157934181],[-629418.596599964541383,769595.200542877195403],[-628276.707839463488199,767900.572874577017501],[-626745.529044326394796,766757.618123512947932],[-624741.368611356941983,766280.493616815307178],[-622956.836523559875786,766663.178886833251454],[-619798.252675175666809,768384.945645479019731],[-618068.790114850969985,768439.676576420199126],[-616408.492557601886801,767542.170130912563764],[-613805.068742276867852,764613.034852187498473],[-612749.854841714957729,763971.747959229396656],[-612299.942108718329109,763698.371483574039303],[-610416.476562683936208,763523.952738045947626],[-605404.93517815019004,764086.977756341220811],[-603527.344298145850189,764589.049513736274093],[-601513.349909677170217,765889.733855985687114],[-600682.623321510967799,767525.521724045858718],[-600265.028304282575846,769136.912291726563126],[-600190.101878918008879,769426.076382938190363],[-599180.167456030729227,771546.763343399972655],[-597434.397313542081974,773175.868367296177894],[-595706.350645693019032,773444.03440190339461],[-594483.251190457842313,772340.183668115874752],[-594244.191642451216467,769826.826653767959215],[-595001.91081630170811,767462.797079073032364],[-597612.102566708228551,762900.858061098610051],[-598413.462809031247161,760461.562444938346744],[-598493.257414066698402,758019.041680548572913],[-598041.594012399902567,753459.448910707258619],[-598266.26758658059407,751246.416058012051508],[-599118.325901775038801,749384.155944561702199],[-600254.812837077653967,747501.265613494673744],[-601045.206806589267217,745512.235790140926838],[-600870.850847907713614,743280.116664252826013],[-598421.948030656785704,735371.911070329952054],[-596041.74260097485967,732240.540264894720167],[-592732.988981443922967,730904.662396545521915],[-589084.412023043259978,730937.406583013362251],[-585646.495692876400426,731889.435790647868998],[-581977.053486383985728,731960.759207895724103],[-575634.899510884890333,728350.440302717266604],[-571703.724715636810288,728568.309661539969966],[-567638.279205887811258,730009.370887308497913],[-564511.404338002786972,730188.722817444591783],[-561619.543392810272053,728860.283550984924659],[-558229.348738659871742,725783.280783987022005],[-555126.228524415753782,723680.227418919908814],[-548570.034902232815512,721775.733124217251316],[-545442.369719204725698,719729.036825990187936],[-539228.17713217344135,714127.873567592236213],[-536630.759779955493286,711789.305655612144619],[-534303.877058056532405,708556.140294077340513],[-533836.508685513399541,706003.168203583452851],[-534918.497450342634693,703857.296222773613408],[-538100.673619824578054,700509.229230582132004],[-538954.960111315129325,698668.011644048849121],[-540098.784971597371623,694915.149377539753914],[-540474.666920861927792,693715.890020673396066],[-543429.51031943759881,694070.069574419292621],[-544711.337506267125718,693901.758978223078884],[-546965.951227271463722,693240.740612597903237],[-549938.520579811767675,691874.567698748665862],[-552175.570082574733533,689865.575808607041836],[-552191.355878914822824,687314.117758820997551],[-553399.606414738344029,687494.835567021975294],[-555545.235380256315693,688207.413992580259219],[-556373.998770723352209,687881.702683892217465],[-557447.958440897869878,686904.572697375202551],[-558287.429237469448708,686562.19182323908899],[-559058.515665720566176,686648.85160735109821],[-564762.959578294190578,689125.950697240768932],[-566502.518171181669459,688836.750879021012224],[-565931.77041429374367,685659.273607530049048],[-566884.383292457903735,685639.500619659549557],[-569206.680032940581441,685918.924557706224732],[-570119.083429932710715,685494.276347695849836],[-570893.999761349405162,684435.406727216439322],[-571358.302330085192807,683517.803280156920664],[-571982.247699844068848,682757.385891399695538],[-573167.119889887631871,682178.505770119838417],[-575480.912088624550961,682020.85519780672621],[-577605.220110998488963,682350.222010376979597],[-579491.383159044897184,682104.242955437279306],[-581089.446385256946087,680260.813893254613504],[-585238.852640678989701,681988.638869634829462],[-586998.655499247717671,679652.405578845646232],[-588015.469675311353058,675812.296345090144314],[-589936.485771325533278,673006.259291657595895],[-591917.254939482547343,672668.73476570926141],[-597982.443802800029516,674215.741712415474467],[-600925.985022518900223,669220.157712010433897],[-602187.457642143126577,668336.780311440466903],[-603744.68393169681076,667842.324677028460428],[-611176.389726793859154,662631.252262133057229],[-612692.700542285223491,661197.149338560644537],[-613693.74938530928921,659449.792519362759776],[-614138.413128482294269,657024.248868447728455],[-614250.197414931142703,655561.301148375729099],[-614452.183436158346012,655058.783046522527002],[-614882.638582710525952,654711.557547762757167],[-615670.382816363824531,653708.322052854928188],[-615873.0192907898454,653194.355462801759131],[-616213.772854485432617,651881.080799384624697],[-616434.663029041490518,651396.835750225116499],[-616722.126736111007631,651157.75318405777216],[-617485.456432751263492,650850.212938621873036],[-617699.648426360217854,650699.640594249009155],[-618799.726083904621191,648969.404832616797648],[-619122.765226004179567,648611.238043835037388],[-618232.844976149033755,647305.886638862080872],[-613380.740814842632972,637300.802387227071449],[-611145.87438081309665,626639.462701584910974],[-608498.821755190030672,622089.459346826421097],[-608355.541308741667308,619976.071856012218632],[-608959.233966886997223,617922.314835722092539],[-610178.88601865444798,616192.322498712455854],[-611830.46899278764613,614316.828038404230028],[-613077.311358097707853,612450.424892909009941],[-617303.221682416740805,603078.789146019611508],[-618090.272335237823427,600557.513983841286972],[-618356.801420296193101,595582.77372204256244],[-620104.87192007782869,591245.756494631641544],[-620473.277494532754645,589009.128652519662865],[-620274.094250458641909,586847.890021880622953],[-619849.449870587792248,585239.219368000864051],[-619089.231771684368141,583809.516702315537259],[-617903.520535384654067,582174.771101305261254],[-616377.621737680514343,581409.121111627202481],[-612154.122717822086997,581960.442511244094931],[-610241.569916438311338,581809.259506563423201],[-608851.957710919319652,580878.675835577421822],[-607181.878436520579271,579198.46523380454164],[-606412.689025039901026,578120.119802454835735],[-612091.116601631976664,575372.195212446036749],[-614221.672055216040462,573929.825439624371938],[-615770.656823919387534,572039.341343155596405],[-615903.555365617736243,569745.655005058157258],[-617433.084562072413974,568464.050514520611614],[-618854.876404101261869,566763.287304095225409],[-620413.654912728117779,565305.271989397821017],[-622344.633038096711971,564740.017525283503346],[-624472.529086687369272,564800.166884015896358],[-626276.930163302575238,564591.451940363273025],[-627938.687735620420426,563869.807742353063077],[-629667.290272013284266,562415.734712419565767],[-630812.123666674247943,560552.945989988045767],[-631296.377679170225747,559013.418144104885869],[-632092.459719586302526,558173.919082195148803],[-634151.975667159073055,558433.450393603998236],[-636607.256484864279628,559294.212624812498689],[-637670.788514318526722,559440.411966820363887],[-638900.537358471774496,559244.445484903291799],[-639944.632830910151824,558607.846113630221225],[-640806.57310630066786,557657.25370350969024],[-641508.990501406718977,556531.799503149464726],[-640909.434464770602062,554488.659217034000903],[-642079.312115935492329,552570.813639011583291],[-644096.01295190223027,551173.883853352745064],[-646016.591048555448651,550686.471838372875936],[-646376.811359140090644,550245.127349618356675],[-645619.383582999929786,547998.309312482597306],[-645570.808321813354269,547208.174575084354728],[-646335.587673713569529,546431.282990072853863],[-647837.227220345870592,545422.35982779529877],[-648680.280756170861423,544672.668652579071932],[-650804.643474097945727,541816.537312000407837],[-652441.577677991008386,540516.298586499178782],[-653220.657472144812346,539671.630620230454952],[-653961.805262540350668,537462.648157090530731],[-655414.946501644328237,536463.65828707756009],[-655778.851351154153235,535585.966479813447222],[-656158.709505064529367,534025.09428736125119],[-656952.806619460345246,533474.651166318333708],[-659186.843828989309259,533137.894196847570129],[-661272.860161535558291,532218.903422669391148],[-662822.977604310959578,531289.143179789651185],[-664197.724121605511755,530108.86377636634279],[-665705.838134055957198,528481.742018815828487],[-666809.257421384798363,526430.94387022673618],[-666801.072305224952288,524528.029488238506019],[-666604.812720594927669,522419.754932190466207],[-667124.747990992967971,519751.914609369356185],[-668489.760621118941344,518410.7898091134266],[-672357.993319121538661,517537.076588960946538],[-673209.188005690928549,516697.673261079529766],[-673883.149296060553752,515268.36409409774933],[-679127.073339283932,508683.658350430137943],[-680112.414784476161003,507961.221033672976773],[-681335.558818678720854,507814.924481906928122],[-682914.549403450684622,508452.39409991534194],[-682745.258791577885859,507719.116045798291452],[-682622.046374291414395,506137.878053561376873],[-682483.11549385485705,505394.787125259346794],[-684250.904686239315197,505680.630486790090799],[-686223.128282955149189,504776.892749055172317],[-687842.705954198841937,503222.045488073315937],[-688564.10370159172453,501514.718077466415707],[-688866.521231616730802,501088.845386319269892],[-684266.660392607445829,498257.489749159663916],[-682475.07401458080858,495269.96134681784315],[-680544.39370453695301,490413.863108229241334],[-679434.050835166592151,485487.842192525218707],[-679712.473263520863838,484035.341646882647183],[-680045.534166189609095,482298.148511323321145],[-696779.374212993658148,469766.240967081103008],[-700611.333967510610819,467882.329137434484437],[-718372.803484249976464,464890.790998823242262],[-735468.64693235734012,458071.015119659365155],[-737001.520792312687263,456494.827920769574121],[-741935.192229264415801,443212.40214805904543],[-746853.320055341580883,430004.387362297798973],[-752839.603408897528425,414009.913368454901502],[-758770.743397002108395,404016.01351818733383],[-764082.370214061345905,395098.879760222684126],[-772538.450927059166133,380940.089101689576637],[-779077.566323784529231,373166.976979251077864],[-781834.675357127329335,369138.264923638198525],[-785470.780584409134462,361683.906470187241212],[-786757.979526147595607,360116.541008465166669],[-788446.032033775583841,359084.934660496131983],[-801400.590812108945101,353313.095647965732496],[-812859.850003540283069,348227.396062860905658],[-826232.624619609676301,342306.032726752047893],[-840680.407378419185989,335932.694778807985131],[-843491.69096760568209,334250.734306406753603],[-851322.481188330217265,325885.622712616226636],[-853947.89910392719321,321444.758671928895637],[-861169.774485831730999,299644.294444023340475],[-863496.044751583132893,294491.477002967672888],[-866527.436027535120957,289891.877805988304317],[-870608.830408303881995,286156.261909510998521],[-883299.009313995135017,277087.541616913164034],[-891829.6458018993726,267407.514044246461708],[-893097.440728529705666,265272.913271996891126],[-893766.190722257131711,263271.568464066658635],[-895844.024595499853604,249852.807784343487583],[-896508.971023973892443,248209.997787328175036],[-897910.306846195366234,247255.52355677675223],[-913894.194523214478977,243563.918578764802078],[-928000.7704356162576,240332.186603412701515],[-936255.613298408570699,240255.368656688369811],[-943992.08359100704547,241482.448592421365902],[-952520.462635800708085,241373.126741430256516],[-961007.875921410392039,240190.529031289363047],[-968623.978265499812551,238215.98403603042243],[-981165.127838051063009,233132.80490307227592],[-992767.631285569514148,228447.716371240501758],[-1000984.640030617592856,227269.76370607939316],[-1007771.105758010526188,228724.812837861914886],[-1012543.523783374228515,232584.095877839135937],[-1015902.613862257567234,238396.739851744583575],[-1018387.404227784951217,245667.992708197853062],[-1018521.103744532330893,247836.80715769820381],[-1017805.864300628192723,251895.530347277293913],[-1018453.074108290718868,254208.577399383590091],[-1019518.512337398133241,255682.481805809395155],[-1022114.989534715306945,258151.176297187805176],[-1025056.147458907566033,262157.903802164131775],[-1027341.250529722892679,264287.254275640880223],[-1029979.551803590380587,265943.185218743572477],[-1032800.789919692324474,267092.04630672064377],[-1034832.945175387896597,267537.569797786418349],[-1036765.439456909545697,267200.271630617906339],[-1040673.935864645289257,265996.115132609615102],[-1044517.935832129325718,265717.956147665565368],[-1046282.69462768023368,265322.429137559782248],[-1048154.018468959489837,264249.748023208987433],[-1054152.671291363891214,258613.269870274263667],[-1061293.353532866574824,254279.719837995158741],[-1062355.037436068989336,253348.994909720000578],[-1071630.302074968116358,245227.335308412933955],[-1072903.472322002053261,243312.816478975408245],[-1081937.758542370283976,222633.512299818976317],[-1084508.153936472954229,219572.195078968652524],[-1093602.691189396427944,212144.937258254678454],[-1100329.075694464845583,203062.447473535721656],[-1112838.898251232225448,193023.783480244252132],[-1119578.054725002031773,189130.067959059990244],[-1129287.496085447492078,180912.319558961549774],[-1133952.746407551225275,174340.522335912915878],[-1137337.639229642227292,166250.598292236914858],[-1140670.385509315878153,152852.088227867090609],[-1143895.125122179975733,139910.090792048082221],[-1143530.047023819992319,135302.34834522838355],[-1140736.991764133796096,131565.270689743192634],[-1125923.132848006673157,123884.085082624762435],[-1122116.242430492769927,120809.779435419797665],[-1115530.570641380734742,113806.614015185579774],[-1111378.39835654059425,111808.167113920440897],[-1087455.324629759881645,110752.787668926874176],[-1083805.938492466462776,109482.880272822178085],[-1080409.591463314834982,107213.814235926387482],[-1077883.291794423479587,103405.79112873779377],[-1077738.799510504119098,99308.542326167371357],[-1079084.052929995581508,90274.701874004807905],[-1079098.604854970006272,85875.247055823245319],[-1079591.024549642344937,83994.15472784586018],[-1080695.489295234205201,81779.614567387659918],[-1081419.143886853707954,79671.121874762204243],[-1081443.056005075573921,77521.573959158180514],[-1081057.496957516530529,73020.049327039479977],[-1081861.416965545387939,69019.206483715228387],[-1083681.239188913023099,65068.655190655968909],[-1089774.419928865041584,56604.70475502932095],[-1090364.520921884570271,54818.179882078518858],[-1090791.859768652822822,50895.175780587669578],[-1092131.751349969767034,45241.45222930944874],[-1092236.245842403033748,43563.422913039663399],[-1090847.705919095082209,37853.109681542468024],[-1088128.463774679927155,32272.855663285703486],[-1084599.731601146282628,27280.035575465088186],[-1080771.571719703497365,23359.327356064597552],[-1079123.639567483449355,20933.868149951293162],[-1077584.912326254416257,14662.659309019170905],[-1076320.843670993112028,11971.113485303998459],[-1074882.066204396542162,10699.481229457833251],[-1071089.073416077997535,8976.490591378435056],[-1065550.842657691100612,7289.930508786026621],[-1053823.967236272059381,6653.499444662219503],[-1049816.845461598597467,7168.055737012145073],[-1045910.067171585513279,8512.024286837564432],[-1042042.214927679509856,9315.34040940680643],[-1038106.116399232763797,8175.822709722979198],[-1036188.596745077287778,5035.455760029512021],[-1036184.261502870474942,504.356841585495374],[-1037417.32582601509057,-9136.045524564005973],[-1039040.75646158203017,-21716.251663776158239],[-1038558.495285231037997,-25614.300956526578375],[-1037147.824761626310647,-28060.358043464653747],[-1033475.294774005305953,-32755.292408913064719],[-1032885.268961461842991,-35583.302734128243173],[-1032633.786556118400767,-38212.537517653465329],[-1031625.559818521840498,-40505.655804054782493],[-1028563.705775019247085,-44548.566994423556025],[-1022666.858904089429416,-50532.467275686103676],[-1021116.634643503115512,-52872.571178774174768],[-1020185.363998171058483,-55594.420445015421137],[-1018004.519067717832513,-71029.195372525413404],[-1016273.485708889435045,-77296.358390067645814],[-1013924.528630234999582,-83309.827496574100223],[-1008598.283222486963496,-93247.266203880149988],[-1005937.626897770212963,-103156.446472103591077],[-1004187.590805167332292,-106388.317877841793234],[-1003545.358132589724846,-107573.866675882454729],[-1005727.254807635210454,-108906.98376269878645],[-1012649.964657037635334,-111636.724430717571522],[-1014301.552274391870014,-114162.021885452224524],[-1015369.907389249885455,-117549.354604236155865],[-1015314.923520823125727,-120716.416266787520726],[-1013492.077888380503282,-122591.500937675882597],[-1013164.55776285903994,-123244.648411123489495],[-1013112.816222868510522,-123936.816455060543376],[-1013309.938512314343825,-124658.610180381976534],[-1013706.828492081840523,-125385.121534908350441],[-1014117.3040902124485,-127584.479643203623709],[-1014339.365507504786365,-128424.791722108129761],[-1014414.252419681870379,-129262.085296832970926],[-1014352.154069105978124,-130092.709855189270456],[-1014131.952177155762911,-130915.416968425546656],[-1011916.825804950087331,-132421.767853601224488],[-1007928.840299236238934,-133406.605300257651834],[-1004487.478333428385668,-134818.855408144212561],[-1003913.505914150504395,-137626.707410048897145],[-1004974.078372168121859,-138589.744680338393664],[-1009953.032750736456364,-139964.66248068632558],[-1011132.877777788089588,-141104.530944416823331],[-1011959.068356684292667,-142288.629058671882376],[-1013076.437635111273266,-143020.213882258452941],[-1015045.335172772174701,-142797.318605666514486],[-1017175.92089304770343,-141672.69205821925425],[-1019086.86713309190236,-141381.949105966545176],[-1021013.726285520941019,-141841.041279606171884],[-1027522.736458298633806,-145543.251529009488877],[-1029255.047984990756959,-147404.436788558145054],[-1029040.067125207046047,-149368.515213624719763],[-1027865.763732376042753,-151304.01340554349008],[-1028540.851160807185806,-152005.751621450181119],[-1030327.943630067282356,-152265.174315168027533],[-1032461.810769835719839,-152855.776799965329701],[-1036415.695589672657661,-154519.520581594231771],[-1038541.81629355228506,-154934.853260189847788],[-1052006.820445750374347,-152791.370696433150442],[-1055580.921489898581058,-150647.600302322563948],[-1057173.97258545877412,-148865.132980038644746],[-1057798.859981520334259,-147211.649947183701443],[-1057938.564786739414558,-142785.95903331390582],[-1058609.442185034742579,-138828.299305308028124],[-1058428.994970445055515,-137626.577858464617748],[-1057820.506434170063585,-136984.083430072758347],[-1055983.916053675115108,-135963.74570914285141],[-1055288.772326502716169,-134892.10758203745354],[-1056318.69981516385451,-132139.318955444934545],[-1060549.096080712741241,-131708.154057023028145],[-1071317.244758163578808,-133388.280778305430431],[-1076186.790281251305714,-136276.639685442583868],[-1078016.708615988027304,-136804.313579507317627],[-1083565.942804119549692,-136665.460161793220323],[-1085604.629745929501951,-137424.569895990309305],[-1089518.56749004451558,-139818.962035153934266],[-1091554.150291467085481,-140084.024956907698652],[-1093642.913323741871864,-140037.391016087814933],[-1099627.733761829789728,-141502.734788292320445],[-1103180.598008867353201,-141539.181462349341018],[-1104432.591121894074604,-142108.786908766342094],[-1105664.022400722838938,-143813.376157137245173],[-1108684.618568046251312,-150472.455820507660974],[-1109951.089185,-152391.946129379561171],[-1113870.21594459284097,-155172.740532091615023],[-1118396.45200733654201,-155771.919123773550382],[-1138957.110394787508994,-154311.669598378619412],[-1144409.53912357846275,-153171.902197497431189],[-1148670.171886698808521,-150566.354286949033849],[-1155849.846787641057745,-141507.294116467179265],[-1158688.337755382293835,-139909.456099142436869],[-1187139.105884602293372,-136606.324132330832072],[-1194923.471802853047848,-138700.179786787892226],[-1198971.949782183161005,-138933.133531501604011],[-1200806.310606756713241,-138378.79228071149555],[-1206243.253260608529672,-135077.878705636481754],[-1208620.260671856580302,-134133.964756689994829],[-1210594.378559024538845,-134309.043327077903086],[-1214911.985084912041202,-136209.344984795723576],[-1217735.564186675474048,-136968.486837946664309],[-1219549.392755669774488,-136597.135899163113208],[-1220825.963855251669884,-135028.997775079624262],[-1222445.39147376222536,-131312.642212894046679],[-1223113.719932488398626,-130346.167542138326098],[-1223931.871191408718005,-129520.814747970449389],[-1224805.682175798108801,-129069.279401258580037],[-1226220.624659957597032,-129061.297611146816052],[-1226808.246905244654045,-129664.252916537443525],[-1227074.821118452353403,-130549.756788231170503],[-1227475.251358163775876,-131402.70629958921927],[-1231175.409107259241864,-136985.154614289145684],[-1232276.570285126799718,-137723.820303972199326],[-1234065.697125663748011,-136017.378837672207737],[-1234056.369089887710288,-129556.762752982947859],[-1235319.984699057880789,-127143.949584201924154],[-1240536.03265840630047,-126421.728560349438339],[-1243131.346220429288223,-130841.35668966457888],[-1244001.614147117827088,-139685.509702643525088],[-1245137.276257735444233,-151233.495759764191462],[-1246642.129742262884974,-166530.093841553054517],[-1254537.652407350484282,-165726.178041728737298],[-1264513.85495212348178,-164707.249390157754533],[-1276276.170323848957196,-163485.488111788581591],[-1281014.130500926636159,-163774.397239992278628],[-1284462.7613146873191,-165790.154148596571758],[-1284357.532808485906571,-164924.056008375191595],[-1284403.684931928757578,-163876.6179706742696],[-1284673.158937897300348,-162954.021000242209993],[-1285263.799670631298795,-162457.037716838211054],[-1286519.616101480089128,-162556.158254479087191],[-1286667.43008871586062,-163478.438325396069558],[-1286388.550837802933529,-164628.988233298965497],[-1286328.090877529932186,-165419.254097341530723],[-1287385.253571915207431,-166784.628972681355663],[-1288721.530337702017277,-167976.225487410498317],[-1290161.076794417575002,-168436.442306542827282],[-1291537.150366100482643,-167649.927099327614997],[-1292059.237759689800441,-166558.791391924198251],[-1292216.2411616477184,-165678.576839773741085],[-1292542.67012827587314,-165181.200200260616839],[-1293581.836785396561027,-165274.999224898027023],[-1294565.747224407503381,-165937.31281425076304],[-1294893.199816846521571,-166908.082268090511207],[-1294946.894987204810604,-167888.410880053037545],[-1295131.119865738553926,-168582.989544217882212],[-1294969.959874473279342,-168825.766571639105678],[-1294581.695756946690381,-169231.563073679921217],[-1294378.037765347165987,-169688.250663716433337],[-1294778.160982524743304,-170051.384325784078101],[-1295178.447326686466113,-170038.069470261660172],[-1296154.210747439181432,-169749.997548318089684],[-1296471.586087727220729,-169753.38519852529862],[-1297226.634233588352799,-170124.773102964507416],[-1299117.211179781705141,-170758.247973682329757],[-1299953.507386415498331,-171201.980358953151153],[-1302726.856997694587335,-174679.365524145832751],[-1302787.825395738938823,-174800.361291718116263],[-1302788.673500634497032,-174805.832072240184061],[-1302915.213069201214239,-175499.354223005095264],[-1303285.588193841278553,-176386.099900070898002],[-1304014.836190512869507,-179563.655033550196094],[-1305260.251378372777253,-182228.765712466905825],[-1305659.14522069087252,-183909.2268545468105],[-1305324.890266245463863,-185082.661599299899535],[-1304227.520804351428524,-184430.429022267431719],[-1302025.082568642683327,-182366.188559761998476],[-1302240.365917420713231,-184725.50157776728156],[-1302670.86464152415283,-186900.758034705475438],[-1302702.467911728657782,-189002.113864360551815],[-1301761.512762959115207,-191131.169432553928345],[-1300282.133524443721399,-192873.979646078456426],[-1298732.073678394779563,-193899.410411197808571],[-1296899.746506749419495,-194001.872300893883221],[-1294598.507733326172456,-192973.241016099869739],[-1295277.692318139364943,-195147.050703905755654],[-1296745.427012575557455,-195492.33198251540307],[-1298471.646919361315668,-195581.33430253789993],[-1299887.667722281534225,-197013.015988739149179],[-1301013.868329535005614,-195318.513432414038107],[-1302066.07684264308773,-194825.986413057515165],[-1303245.317002143943682,-195117.43628300743876],[-1304726.818590618902817,-195768.275364670174895],[-1305010.436443227343261,-196192.956947296479484],[-1305528.60928544588387,-197644.575213658070425],[-1305956.857848079642281,-197928.277009670855477],[-1307995.542111252900213,-197627.750202629104024],[-1308418.252811383688822,-197685.618668023613282],[-1309299.118925791699439,-199680.707109374023275],[-1308007.328045450616628,-201129.824567023373675],[-1305643.329066000180319,-202114.090414614678593],[-1300692.576990681933239,-203265.812168896751245],[-1294238.789308154955506,-203639.088794279086869],[-1292831.904290246311575,-203925.625994161266135],[-1291896.502810618840158,-204342.603731984156184],[-1290904.819817293202505,-204353.153598571865587],[-1289313.183954884996638,-203426.325323352240957],[-1288538.077946395846084,-202745.87577458054875],[-1288039.179050054866821,-201988.791709514509421],[-1288111.267111820634454,-201185.305346036009723],[-1289020.360646258341148,-200413.629931252857205],[-1281215.91468948405236,-192658.070690710941562],[-1279351.837684231577441,-191304.157937541865977],[-1277026.880989632569253,-190523.864187187777134],[-1274532.323091285070404,-189189.389954803948058],[-1270690.383245988283306,-188825.376395282451995],[-1269112.638327821390703,-188094.294706648244755],[-1267636.463458846323192,-187204.021061448787805],[-1265901.321384821087122,-186564.576671414833982],[-1262475.479766604723409,-186095.203153215057682],[-1261280.006332617253065,-185521.390039184741909],[-1260075.585044274805114,-184152.077950884180609],[-1258383.894291776232421,-181069.133125639637001],[-1257237.308906410587952,-180214.423867915378651],[-1255117.209389268653467,-180062.678116484923521],[-1251277.29248213255778,-180380.846808985137613],[-1248608.891471047420055,-180148.684741244826],[-1246203.0884364543017,-178991.090010499843629],[-1243239.584103055531159,-176496.786917338467902],[-1241956.490067926933989,-177096.706872888433281],[-1239252.098107689758763,-176201.209496391325956],[-1237697.86775434599258,-177016.060412356629968],[-1243435.589053579838946,-180621.902824088931084],[-1244731.759977850597352,-181042.959122185391607],[-1245919.558387700468302,-181284.102357148571173],[-1248046.446609070757404,-182658.080613892787369],[-1249094.211449113674462,-182912.158535322581884],[-1252661.900738806696609,-182349.009581578255165],[-1253640.128147016279399,-182482.644441790384008],[-1255456.141280243871734,-184165.458233400277095],[-1257539.989995105657727,-188139.018051543156616],[-1261339.44955593533814,-189207.536362624145113],[-1263329.036903403932229,-190506.520738300605444],[-1266554.657343166414648,-193401.997489162022248],[-1268401.54972835117951,-195723.000779358873842],[-1268989.415342530701309,-196205.182990689325379],[-1269998.299528977368027,-196470.557224614807637],[-1271965.448140774620697,-196472.017818487656768],[-1273667.582241469761357,-197358.379702725709649],[-1275708.49773802771233,-197777.564694503147621],[-1276147.249352118233219,-198178.793605299753835],[-1275969.993936217622831,-199802.229851905110991],[-1275159.41567002912052,-200043.09605584901874],[-1274195.675854783738032,-199904.954809872084297],[-1273575.26601829379797,-200389.895844439015491],[-1273897.698818514123559,-202444.946566887723748],[-1275924.178400572389364,-202272.789622706011869],[-1280258.214209398254752,-200434.246887027518824],[-1282257.545947679551318,-201363.353840937605128],[-1282906.899562496691942,-203938.823397991189267],[-1282831.56546785403043,-209372.073813967319438],[-1283738.112107763532549,-213742.074183685996104],[-1283325.293779788073152,-215343.319117124920012],[-1281352.009581963531673,-215656.095168178988388],[-1279647.625993796624243,-214775.082994824799243],[-1279456.257166917435825,-213309.178567150578601],[-1279901.298811801942065,-211519.461104059941135],[-1280136.523552956059575,-209632.312493466510205],[-1279539.454471667762846,-210536.135790753120091],[-1278672.777661418076605,-212280.471363094286062],[-1278260.676389715401456,-212854.15711919151363],[-1277326.985830285819247,-213125.047694608889287],[-1276512.668296993011609,-212728.219070412334986],[-1275923.061627927934751,-212671.772410246863728],[-1275576.754490774590522,-213931.411106743704295],[-1277729.551831940189004,-214706.394495769316563],[-1279763.089327448280528,-216492.693426436249865],[-1281464.693439288064837,-218727.148041700827889],[-1282621.678490822669119,-220851.14666551281698],[-1281983.083888012450188,-221935.60693566678674],[-1281039.583062665537,-222284.593881736072944],[-1279836.086440477753058,-222015.918711863312637],[-1278368.740933722583577,-221261.145051565079484],[-1278949.382636766182259,-222608.189656316593755],[-1279322.713399817701429,-224056.657114168425323],[-1279055.541024933801964,-225272.635162575286813],[-1277801.352263535140082,-225868.503526203654474],[-1276214.407656469615176,-225523.201191392086912],[-1275519.781662364723161,-224639.532112334505655],[-1274949.408776644384488,-224092.382023938407656],[-1273807.947894585784525,-224731.35426220644149],[-1272831.800141189014539,-224132.509882311220281],[-1272010.86382007249631,-224107.048872182058403],[-1271419.519361918792129,-224647.871166690310929],[-1271049.427443776512519,-225755.804394368693465],[-1272213.920932888519019,-225617.206384064862505],[-1273154.242257852340117,-226015.89348774967948],[-1273812.205784374615178,-226866.99261475392268],[-1274129.534181670751423,-228085.628246597421821],[-1274047.772033105837181,-229324.429821476194775],[-1273567.273758955067024,-230239.397779921186157],[-1272737.446805395185947,-230997.722207310347585],[-1271625.974124575033784,-231782.933420923247468],[-1271393.943525612354279,-231628.629531416983809],[-1270816.542313309619203,-231358.000997354421997],[-1270111.820357410935685,-231153.82258615331375],[-1269516.052286168560386,-231215.259883933293168],[-1269284.758756297640502,-231680.846190598036628],[-1269059.855168489506468,-232476.1804166281363],[-1268681.992729510879144,-233245.378879574214807],[-1267967.852201733039692,-233643.869249546754872],[-1266611.496351156616583,-234144.243486516323173],[-1265569.356217769905925,-235049.01072672981536],[-1265247.733921685256064,-235885.149984797841171],[-1266077.955461191711947,-236177.219489083625376],[-1269232.797584476880729,-236301.877420628181426],[-1270019.309049854287878,-236484.746190349542303],[-1272456.513075963594019,-240465.258006790245418],[-1271508.02552394522354,-242615.20569036246161],[-1268952.311339234467596,-243352.521872204350075],[-1266105.668397528817877,-243143.989193836954655],[-1264214.495104160625488,-242427.751635183056351],[-1264318.106275751953945,-243694.128348949947394],[-1264745.604907687054947,-244848.272677228786051],[-1266036.021362615982071,-246807.399696148117073],[-1267055.871132534230128,-245569.84316881452105],[-1267285.253839378710836,-245167.835164536809316],[-1267015.192795103648677,-246899.772081845119828],[-1266269.969699954148382,-249002.786187675403198],[-1265061.259175343904644,-250810.373675904033007],[-1262411.607878449372947,-252252.17768713782425],[-1262360.55739500047639,-253302.477081964520039],[-1262508.562577696051449,-254333.910562157048844],[-1262204.817505235550925,-254837.918814443022711],[-1261569.871040720259771,-255291.834468595363433],[-1258697.848853667732328,-258202.130610944586806],[-1241992.899871644331142,-272065.799694091081619],[-1224970.092942389659584,-281364.98077471362194],[-1215819.218249550554901,-289111.798643025103956],[-1209401.959114742930979,-293712.934347148169763],[-1205735.707747908774763,-295189.268560552445706],[-1195663.765306844376028,-297081.052661001856904],[-1192282.310563722159714,-298948.832292063103523],[-1188922.284631226444617,-299840.982045353332069],[-1187100.04379104077816,-301048.191923395788763],[-1182332.467521571554244,-302538.659320223901886],[-1181833.402668516850099,-302872.37210420233896],[-1181327.186553528299555,-303315.285433137614746],[-1180664.334191883448511,-303790.11370257451199],[-1179611.701788345817477,-304222.395876888709608],[-1178524.145176650490612,-304449.544117426907178],[-1175065.635273580206558,-304622.833720818685833],[-1173814.139867330202833,-305085.695405726961326],[-1172036.006278669228777,-306816.18539567902917],[-1171042.382154691033065,-307256.157609265355859],[-1164078.421958621125668,-307941.246712242136709],[-1160034.094932494917884,-309491.631421229278203],[-1157861.976217174436897,-309992.054143228800967],[-1156453.502008862793446,-309231.775772988272365],[-1152745.800806975457817,-303603.265639123041183],[-1150515.988516626413912,-301669.347423824830912],[-1147616.635440709302202,-299937.417343076085672],[-1144795.191194325685501,-298713.92337517515989],[-1142732.722239990485832,-298320.5726506334031],[-1139480.439356102608144,-298127.961082450463437],[-1133541.570372903486714,-296597.901917541632429],[-1127720.205045234644786,-296240.359792883216869],[-1120862.075997980777174,-294104.161146546364762],[-1114833.760556992376223,-293848.991834364482202],[-1113224.009198439773172,-293431.57406344631454],[-1113438.292471206048504,-292183.713018973940052],[-1114546.706968893297017,-290811.508851498598233],[-1115600.482149068266153,-289990.935674797743559],[-1113126.137913743034005,-286331.221293075068388],[-1113659.433511867187917,-287304.15991162636783],[-1113865.471851097652689,-288268.224408961774316],[-1113511.093657890567556,-289039.384063838690054],[-1112354.833618808304891,-289434.217808680026792],[-1111661.456417154055089,-289555.275625140988268],[-1111452.975953503279015,-289767.074324233282823],[-1111375.13310714578256,-290139.828205488272943],[-1111054.763872259063646,-290718.163886917871423],[-1110221.430097153643146,-291574.290979654469993],[-1109745.80333451856859,-291595.739774298097473],[-1109312.097954281838611,-291315.244892763614189],[-1108612.011174149345607,-291255.818794538034126],[-1105999.2823761026375,-291562.917328985233326],[-1104105.783976806560531,-290946.400359009567183],[-1102947.43551851506345,-289292.253460821288172],[-1102601.002177383983508,-286517.493145996588282],[-1101020.301387928659096,-288058.681001580844168],[-1100280.558861868688837,-289851.41870297427522],[-1099278.654124200576916,-291412.495028836303391],[-1097033.041465759044513,-292212.100720883929171],[-1096856.471143445698544,-292407.466304086672608],[-1096263.815236404770985,-293247.399282035825308],[-1095970.062408885452896,-293954.262219512835145],[-1095414.551876577083021,-293818.974910175893456],[-1094781.672800150932744,-293454.890129202161916],[-1094306.077687853714451,-293272.315840708732139],[-1093636.635990321403369,-293381.410940498579293],[-1093169.559321175795048,-293609.55256321647903],[-1092782.253721338929608,-293993.922398152470123],[-1092310.146988516673446,-294570.595572233898565],[-1091613.959641180466861,-295070.615539450198412],[-1091015.761426722165197,-294925.069984700356144],[-1090441.943760574562475,-294565.002448647515848],[-1089824.945169397164136,-294393.814189147087745],[-1087676.938593991333619,-294550.828576205065474],[-1086851.988982554059476,-294396.440499148040544],[-1086161.394401933765039,-293937.19600853434531],[-1085795.345610305201262,-293040.10787850455381],[-1085478.407662854762748,-291510.584719496546313],[-1085319.175494006369263,-289963.73607199039543],[-1085427.294470560038462,-289028.120974927442148],[-1085362.861461039399728,-288029.681490225309972],[-1084216.947635774500668,-285464.458192144753411],[-1084790.826026976807043,-284287.591410504886881],[-1085031.903576293261722,-282929.802077301486861],[-1085125.311771171400324,-281403.191383068740834],[-1085052.449231923324987,-280301.510998601268511],[-1083686.886655448237434,-278527.340714068501256],[-1079397.841182087082416,-276691.625865104957484],[-1078434.346735867438838,-275842.855982439999934],[-1077529.905989696970209,-274171.061728935979772],[-1075852.753992774290964,-275147.262665476067923],[-1074099.609171375399455,-277259.457603021583054],[-1073010.006509908707812,-278997.100220122782048],[-1072282.500251642195508,-281184.721994048275519],[-1071998.84528362704441,-283797.760713503754232],[-1072340.063773466739804,-286378.723751310026273],[-1073462.76324987760745,-288476.492451082682237],[-1074104.149472963996232,-289374.260778788418975],[-1075026.23424646537751,-291054.120874238724355],[-1075842.878483335021883,-292046.232380667584948],[-1077047.32990472856909,-292654.406320379348472],[-1078275.243349754018709,-292514.626985424081795],[-1079434.348405915079638,-292145.203334373247344],[-1080390.244058029726148,-292058.858141134085599],[-1082183.699278223328292,-293215.711315697117243],[-1085795.671690006507561,-296856.03781351033831],[-1087593.800717252772301,-297541.69797356222989],[-1088951.241201014490798,-298471.052684961818159],[-1092792.090139282634482,-304768.140387430496048],[-1094734.528734014136717,-306481.244853504293133],[-1095067.429857956944034,-306860.951167613791768],[-1095266.347274524159729,-308061.059044354129583],[-1095308.893346612807363,-310730.080900872999337],[-1095818.750039373524487,-311732.91046606953023],[-1101782.560475523583591,-319279.188454757677391],[-1105620.52276780619286,-325308.016746995213907],[-1108757.312089655315503,-328816.234521008445881],[-1110899.56633812142536,-332772.872656906198245],[-1112196.092518717749044,-334424.852325301559176],[-1115789.35626798379235,-335700.211267304839566],[-1124470.28130629658699,-333793.696022246091161],[-1128422.763310824520886,-333827.749937611806672],[-1130394.997737874276936,-334991.496416699432302],[-1131070.19345848611556,-335124.513247523223981],[-1133378.802458785008639,-335092.265021372819319],[-1133456.918146636104211,-334922.790623401699122],[-1134632.225421444512904,-335501.910371256584767],[-1140917.283911437029019,-340410.945947511761915],[-1143141.781913032988086,-341646.622619986534119],[-1145369.586517402436584,-342325.16485836240463],[-1146677.135951098287478,-342272.191327217849903],[-1147618.231193937594071,-342064.956286460044794],[-1148519.181970510398969,-342272.847103369829711],[-1149757.343885255046189,-343469.848788661241997],[-1150413.700954960891977,-344648.833654743502848],[-1150923.293661362724379,-345881.132959133246914],[-1151622.355094676837325,-346771.35963476850884],[-1152880.92215680424124,-346925.658332519698888],[-1153472.438902910333127,-346367.975842222920619],[-1157774.921855368185788,-340458.413072474184446],[-1158608.99949399009347,-339598.979754998697899],[-1159583.50591014069505,-341238.741249771497678],[-1161698.299342127982527,-346132.931478855898604],[-1162823.677447527181357,-347659.994984977238346],[-1163327.977764245588332,-347652.45709557144437],[-1164677.055180188734084,-346906.307975647971034],[-1165297.798205417115241,-346689.457900241191965],[-1165849.928634996060282,-346845.108710902743042],[-1166325.282419939525425,-347278.948190446011722],[-1166771.943128146464005,-347769.579019877885003],[-1167171.537657679757103,-348105.90105948940618],[-1167790.131245576776564,-348830.451088010566309],[-1168407.20259694987908,-349826.657142731652129],[-1169152.041695229709148,-350259.574969338427763],[-1170171.254220401402563,-349301.745394787518308],[-1171304.869681919692084,-350619.354400709678885],[-1171613.19035306875594,-351257.722488555766176],[-1171843.517920611891896,-352255.922466554446146],[-1173304.384363173041493,-351245.66615479363827],[-1176531.325331603176892,-350216.207351963501424],[-1177933.095847476739436,-349305.641873164684512],[-1177079.415387916378677,-347828.203406034619547],[-1177078.328052998520434,-345610.627721878758166],[-1177912.513633949216455,-341025.179198757745326],[-1178613.822085644351318,-340963.525006387557369],[-1179723.885989886475727,-341531.145129968470428],[-1180598.306136704282835,-341141.87239755113842],[-1181223.651171418139711,-341172.763431463332381],[-1181618.5460491173435,-342979.971498507249635],[-1181435.329063792480156,-344720.488538331002928],[-1180952.712005798239261,-346120.792668302543461],[-1180775.077989161247388,-347448.97272535727825],[-1181508.603638087632135,-348991.110420121985953],[-1182016.879720425233245,-349217.886793522222433],[-1182702.664752683369443,-349261.525725799612701],[-1183323.573699523461983,-349428.535135486570653],[-1183652.771494974149391,-350010.519186632882338],[-1185343.907837969250977,-351997.565852989442647],[-1185980.828169618267566,-352534.219228270754684],[-1187126.754443556303158,-352921.707507855491713],[-1190642.473287914181128,-353438.473860782280099],[-1198409.293008856708184,-352882.672576888580807],[-1199830.254220824921504,-353230.970833035185933],[-1201118.654992610216141,-355202.588141640357208],[-1206388.596241780091077,-357124.636379556206521],[-1214135.347624830435961,-357616.649180556123611],[-1214060.586829692590982,-356790.356583861052059],[-1216174.908717273036018,-355385.518303604912944],[-1217719.713010143488646,-353466.093682993552648],[-1217948.959935372928157,-351258.532769583573099],[-1216127.285510976333171,-349006.251034321205225],[-1216285.277224661083892,-347126.7093221048126],[-1213541.029100858839229,-343789.942210559267551],[-1213746.631068490212783,-341969.605079648958053],[-1215058.783354688901454,-340565.07246636482887],[-1216040.046519931405783,-340340.265507076517679],[-1217111.994611326605082,-341021.597728890192229],[-1218694.517819313332438,-342317.398663178144488],[-1219507.985541629139334,-342560.311188876396045],[-1220219.884128220845014,-342242.003629530780017],[-1220987.913240047404543,-341800.836958042229526],[-1221933.603381742024794,-341646.747691564320121],[-1222884.386594937648624,-341917.68335438228678],[-1224653.277859869878739,-342756.710242769564502],[-1225583.540734791662544,-342893.526425198942889],[-1227277.340672047110274,-342448.79991899128072],[-1228171.161609882721677,-341452.396740641503129],[-1229373.788571045035496,-338684.573807724344078],[-1228468.703247506404296,-337626.704129720514175],[-1226497.112585802562535,-336960.734849131898955],[-1225594.002526722615585,-335920.649395357584581],[-1225158.880102958763018,-334475.572135189140681],[-1225473.87172927823849,-333595.679426813265309],[-1226261.359879096737131,-333374.219836575910449],[-1229112.286380019504577,-335100.342061988543719],[-1233429.680887921247631,-337021.540842039044946],[-1235041.611812871880829,-338163.385394254291896],[-1236159.15346587006934,-339418.603739200800192],[-1237218.26795477187261,-340950.817451247945428],[-1238089.943618280114606,-342821.777581165835727],[-1238565.35481314198114,-345050.828208029037341],[-1239192.257459013490006,-346912.737564130511601],[-1240285.584851054707542,-348441.737846133939456],[-1241215.280919385608286,-350203.190137632482219],[-1241393.628311831969768,-352767.760328407923225],[-1240693.821188003988937,-354951.734212141833268],[-1238314.561268141493201,-359677.22262166661676],[-1237231.523200507974252,-363295.702892838977277],[-1235527.458325852639973,-365490.461726774345152],[-1232144.468570472439751,-368885.226571161998436],[-1228223.213384370785207,-375733.812778799328953],[-1227327.37259035743773,-378401.557317527593113],[-1225796.684885008027777,-380130.838981706649065],[-1222782.501292421016842,-382728.609925748372916],[-1218481.160575294401497,-389962.122358290012926],[-1217178.989168221596628,-391443.215966595395003],[-1214133.432643183507025,-394114.205744393751957],[-1205453.255622893106192,-404187.874766709981486],[-1203556.776157822459936,-405390.134257904777769],[-1202252.757346829399467,-405180.522662017261609],[-1199676.111616557231173,-403118.689336087496486],[-1199382.83806665497832,-404856.726816458511166],[-1200021.787498860154301,-408042.560458254127298],[-1199575.716707989107817,-409966.393900835537352],[-1196846.30682006990537,-413995.506842308910564],[-1195045.035909421974793,-415817.580972410971299],[-1191853.889475708128884,-417621.960491947073024],[-1190020.473902521887794,-421393.742864992760587],[-1188062.384939941344783,-423283.022516438097227],[-1185044.467179140774533,-427955.615001597907394],[-1183593.775834525004029,-429758.86778024508385],[-1177568.750650828005746,-434081.705536795721855],[-1165684.530128392158076,-449095.787326750345528],[-1164233.387608586810529,-450557.19114697992336],[-1162535.588827917585149,-451718.037635474000126],[-1160514.820351286558434,-452281.287919581460301],[-1160188.348764292197302,-455887.885474585287739],[-1157472.769299945328385,-461026.628237778320909],[-1151275.032133663771674,-469859.371594331983943],[-1146835.261258785845712,-474875.403199303545989],[-1146110.245308814570308,-476042.230789232766256],[-1145674.184680290520191,-477112.086185422143899],[-1137691.061915436992422,-489465.045401901879814],[-1128532.72489279997535,-498105.368535150133539],[-1117870.874659043736756,-509912.76281100086635],[-1114281.785243167541921,-512641.205250378057826],[-1110753.163348986301571,-516437.652059737592936],[-1104511.401273379568011,-519570.455790720588993],[-1102733.634966211393476,-521169.495700794155709],[-1099463.824945727596059,-525281.764586820383556],[-1098316.467228528112173,-526158.518924926174805],[-1096168.156748811481521,-526880.313604939263314],[-1090520.839127930812538,-531354.138570265844464],[-1074715.105647007701918,-539455.33302242658101],[-1071562.152603722177446,-542287.098980081616901],[-1070620.244289131136611,-542886.929071436752565],[-1069423.87257419875823,-542854.140684484271333],[-1068177.677332100924104,-542403.725230772979558],[-1066966.887152998708189,-542186.067425798624754],[-1065910.400712940376252,-542848.918643368058838],[-1064311.957764506107196,-544433.207250986248255],[-1062483.110159555915743,-545255.870473471586592],[-1060356.232515424257144,-545539.597814032691531],[-1046456.5005968301557,-545754.70286277285777],[-1045468.729132479405962,-545771.72634688729886],[-1043451.12937038030941,-544589.955859895329922],[-1042794.934327439172193,-543036.337804952287115],[-1042574.159518386470154,-542491.439749332377687],[-1040829.028718200977892,-542298.856154179899022],[-1038752.618013462168165,-542901.568413651082665],[-1036901.566764173214324,-543219.471424176241271],[-1035777.140178003930487,-542557.574429714353755],[-1034575.510668833157979,-541439.361602928140201],[-1033243.877632626681589,-540738.687939585302956],[-1031754.543974495492876,-541327.426544790971093],[-1030980.271912005380727,-540557.07765367324464],[-1028524.764507132116705,-540878.878822166705504],[-1009305.153830301016569,-533010.298312197555788],[-1003031.798538517788984,-532346.8550680387998],[-994066.028510880307294,-530125.139290435006842],[-992022.410679567838088,-528598.878222964471206],[-991506.034398835618049,-526770.835062408004887],[-990469.590673792874441,-525510.559007416362874],[-985675.900140184094198,-521946.889740366430487],[-984112.238839089637622,-521027.899983964627609],[-982172.002705029095523,-520543.49836785858497],[-982949.498498147120699,-521180.012721404084004],[-983529.858814410399646,-521912.271718522766605],[-984452.196699269930832,-523489.116358327504713],[-980867.320903812884353,-522969.61841672990704],[-974687.942009121878073,-519122.184971391921863],[-970062.93700181436725,-517823.478292175044771],[-966339.420919814379886,-515798.210506623785477],[-965039.022059525945224,-516040.094570398912765],[-963668.070562260341831,-516486.050150256662164],[-961626.4531512852991,-516105.660983408219181],[-958843.185220180661418,-514609.441143054224085],[-956902.779200569493696,-513125.769436678267084],[-943897.805854871869087,-506477.491195691807661],[-939088.319067795178853,-506562.295371104613878],[-937155.175573517917655,-506238.84698345529614],[-930235.309159650234506,-503157.953948005801067],[-929375.969541494501755,-502510.891471512033604],[-928928.5581473428756,-501803.902888781623915],[-927983.079596738447435,-501384.413910720322747],[-926988.681141169159673,-501117.543537812540308],[-926342.55951595690567,-500853.972484631871339],[-924795.268807384418324,-499448.161267670628149],[-924691.60134756041225,-497554.698690697958227],[-925670.101836021291092,-495107.78928149282001],[-925878.030042711878195,-494052.862102886487264],[-925550.946676723426208,-493486.967398189881351],[-924900.412655594525859,-492780.252919907332398],[-924499.844056189409457,-491757.838156595767941],[-924973.74342387332581,-490250.453015781065915],[-923841.910690093878657,-490069.754385235661175],[-923407.554550893139094,-489420.669177405245136],[-923493.506528295110911,-488442.032902083708905],[-923990.69522372528445,-487277.010288903140463],[-922733.928414674359374,-486503.017049109155778],[-918764.756569598219357,-482610.486306676000822],[-917881.820732771186158,-481213.605100046319421],[-916947.923046511947177,-479186.805721595010255],[-911056.007070483639836,-473730.943966938182712],[-908477.877183153410442,-469896.571141610911582],[-904214.747135487617925,-457427.770945125957951],[-903765.072998733259737,-456901.573426225339063],[-902351.579555010306649,-455747.810010123881511],[-901941.116654067067429,-455300.355778119876049],[-901537.05275076860562,-454187.68721125513548],[-901513.96958223672118,-453334.517428471299354],[-901647.226872191182338,-452416.658812271838542],[-901661.727431789389811,-451113.302715278288815],[-901948.538160768686794,-450470.105781747901347],[-902639.921453995630145,-449808.927453386015259],[-903321.001995356404223,-448994.650650177791249],[-903862.34036882291548,-446851.165801649389323],[-904752.174339402350597,-446633.325879565381911],[-905923.968773282249458,-446713.062371443782467],[-907095.986548008746468,-446543.969238429213874],[-908116.037921435781755,-446000.612622111337259],[-908746.543685557902791,-445447.213598021073267],[-909202.663938256097026,-444815.083272680873051],[-909631.301118830568157,-444026.518265516671818],[-910604.802053198334761,-440040.374934676568955],[-910834.133262444869615,-439807.856055998359807],[-911213.751657182001509,-438923.087925569911022],[-913090.059505416546017,-437810.551120734831784],[-913452.894476239569485,-436556.070229412813205],[-913522.048905740957707,-435081.819094188685995],[-914021.06192032340914,-434717.948062359588221],[-919170.725071593769826,-436294.52788455208065],[-920652.60604713333305,-436347.280728096549865],[-922213.691407484235242,-435209.702347976504825],[-923577.315557550755329,-434646.173592787410598],[-925559.961674090707675,-434858.545866927015595],[-929067.551741115283221,-435870.175697558559477],[-928966.918193425633945,-435144.514868719561491],[-928948.136349166161381,-433644.472513048734982],[-928864.632557866745628,-432922.171626806724817],[-930166.503564384533092,-433429.41019113920629],[-930623.814231082447805,-433691.81800701020984],[-931065.835282684187405,-434222.073286960541736],[-931532.150584777467884,-432901.089345093874726],[-931636.945289663039148,-431482.97057198890252],[-931378.018332076375373,-428466.610189777100459],[-930982.979703027289361,-426780.098701556446031],[-930255.764475718839094,-426518.268941818038002],[-924374.697070381254889,-429518.045324046106543],[-921934.951711547677405,-430141.681353714491706],[-920061.338222174788825,-429659.156045639421791],[-921701.305788045749068,-426228.349007251614239],[-922299.448460581479594,-425717.220266082382295],[-923174.538525831187144,-425553.35499046422774],[-924215.556547870859504,-425224.329055317561142],[-925080.170125220902264,-424785.239159822347574],[-925420.171638681553304,-424327.842572473571636],[-924390.848465634859167,-422363.766631496255286],[-922390.766057980014011,-422980.002269614720717],[-920345.39556003222242,-424666.077591284818482],[-919098.37965982046444,-425935.736476465652231],[-917984.593961816630326,-427802.093320627463982],[-917259.422741529881023,-428683.382585846818984],[-914110.712442680378444,-429683.844995721592568],[-913312.670529451686889,-429493.733410755696241],[-913932.618635618127882,-428176.699523725663312],[-914103.611762326909229,-426713.744091837550513],[-913248.356227853568271,-425302.249701969732996],[-912911.615044714650139,-424068.140090541506652],[-914653.789626028737985,-423127.22420289600268],[-913897.547451938036829,-422427.979933458496816],[-915278.738845484913327,-421642.554324719123542],[-915227.414707532036118,-420886.483420162054244],[-914015.464456141809933,-420059.958775321079884],[-915508.351605205563828,-420053.605860223411582],[-919443.506369045353495,-420599.621458578738384],[-921175.319502305937931,-420259.863040950382128],[-927110.113586492836475,-417728.004279143351596],[-926035.723986022989266,-416825.263760746573098],[-924261.054979492910206,-416286.980923623661511],[-922389.784385171951726,-416306.667745333281346],[-920974.720462953671813,-417077.081947415135801],[-920108.772881879936904,-417737.531810136162676],[-919488.85925266018603,-417553.777513801818714],[-919154.886668461491354,-416862.223714940017089],[-919130.161446312442422,-416004.909886489855126],[-921289.909110079868697,-414284.122432855074294],[-921863.081076527480036,-413539.646498166024685],[-917978.883782852441072,-414953.128036519745365],[-916932.647795131197199,-414698.846496324636973],[-916512.378096171654761,-413479.670676100591663],[-917342.954473006888293,-412301.981010177347343],[-919541.665501209907234,-410664.746441134833731],[-917786.171455449541099,-410391.144812374201138],[-915716.300862704636529,-411196.543132214806974],[-914000.549198720254935,-412502.000932016177103],[-913308.869719756068662,-413742.383823761716485],[-912946.754536099499092,-414869.997920985217206],[-911929.483813190250657,-414667.625248030992225],[-910911.148020984372124,-413949.885623775946442],[-910479.636410553241149,-413554.100401319796219],[-909931.505154405254871,-412804.526708521880209],[-909445.491946100606583,-411725.26418064488098],[-908933.804337334004231,-411389.105173629592173],[-908367.247559119947255,-412864.864160762110259],[-907536.271351553616114,-412920.857845310587436],[-907215.613222520682029,-411414.499461471918039],[-906730.386383801000193,-411094.563566717435606],[-905072.794368263916112,-411644.505925140634645],[-903821.279689935734496,-411588.384571289876476],[-902936.551463909563608,-411218.265042120008729],[-901018.346426907228306,-409637.996374786016531],[-900887.249544331803918,-409190.214728840452153],[-900043.616118602687493,-407917.659235958009958],[-899115.373492234502919,-406890.29370655445382],[-898729.17032010119874,-407164.677437815873418],[-898408.406018226291053,-406019.888757410284597],[-897290.712027620989829,-404168.873233274323866],[-895521.569252884713933,-392526.380446038965601],[-896298.616971855401061,-387512.355396462953649],[-900248.588602141011506,-387560.369051814370323],[-903165.889978040009737,-386013.467674029874615],[-903642.417035918682814,-385466.243429812602699],[-903221.132032001041807,-384079.990483205532655],[-902546.498113592620939,-383054.221508162561804],[-902173.439441879047081,-382008.201044491201174],[-902665.694550059037283,-380569.686746938561555],[-906087.399193625664338,-383539.148133744660299],[-908057.750422169920057,-384310.105479581223335],[-910527.991118994075805,-383139.725115704641212],[-912171.641577600268647,-381075.898931188392453],[-910808.955112849595025,-380829.341967018612195],[-906280.943030231981538,-381917.216108992113732],[-906702.857705284375697,-379940.953744310536422],[-905857.14294697821606,-378999.229348923661746],[-904304.673758624703623,-378800.98810559452977],[-902564.186873711878434,-379058.071684661437757],[-900118.538303651846945,-379963.205363769666292],[-900043.005324724479578,-380844.96865142887691],[-900409.069966860930435,-382040.623746761120856],[-899296.579213610501029,-383895.645997633517254],[-897932.510501542710699,-383878.351239189913031],[-895826.690078325918876,-384470.733529251010623],[-893824.224179042503238,-384215.35285151435528],[-892792.997477891272865,-381608.606907714623958],[-892256.04094024177175,-379601.707775458751712],[-891163.130609615705907,-377324.434723099810071],[-889851.376842244295403,-375292.09025977080455],[-888697.289196303114295,-373985.778713143547066],[-885956.56756766862236,-372960.347120378399268],[-884940.405758451553993,-374504.859934045176487],[-885407.855640870984644,-376751.414040901639964],[-887209.831333425128832,-377811.936056423000991],[-888086.063051431905478,-378856.630203092878219],[-888183.17150419310201,-381344.586560621741228],[-887818.354976237984374,-383971.561649122100789],[-887335.440374602214433,-385449.50432048010407],[-885134.244031541980803,-386389.909162044699769],[-883155.086473970091902,-385462.607223560742568],[-881383.369823897141032,-384358.770421181980055],[-879846.051463478244841,-384775.766802581376396],[-879586.619008983834647,-385696.495973741519265],[-880911.088207407738082,-386780.179170419054572],[-880747.070931506808847,-387744.407217243569903],[-879838.752777882269584,-388264.786214247753378],[-878509.089958119322546,-388261.324215915577952],[-876120.805286670918576,-387635.354502212663647],[-874027.21723435795866,-386361.733729167783167],[-870533.279406192945316,-383330.487370221002493],[-868364.677225617691875,-382829.108234330778942],[-866045.697452638647519,-383123.276201880187728],[-865012.427121708635241,-383533.189517676015384],[-863207.96878955711145,-385031.774432192440145],[-862150.815848592319526,-385072.486736389168072],[-860978.738694657455198,-384894.558789641072508],[-859646.909525280585513,-384979.769576154649258],[-852911.558144627604634,-388182.843073379714042],[-849856.336423231521621,-388954.569357709959149],[-846798.420514929806814,-387683.561812316998839],[-845372.54793182387948,-386810.920228755276185],[-843307.483088093809783,-386068.606086463667452],[-841183.172396769048646,-385853.776404000818729],[-839614.426931908237748,-386588.833386303915177],[-838105.91632124746684,-387618.126885105331894],[-836396.806949774851091,-387724.52331957226852],[-834951.011911805137061,-387059.885211101733148],[-834238.932060965104029,-385748.752598840917926],[-833100.974708040594123,-386926.140068368229549],[-832680.159211821621284,-388822.55594114685664],[-832862.526029446045868,-390817.187480580760166],[-833583.043059410643764,-392263.475758536253124],[-835588.048051499063149,-393255.049673635803629],[-837196.880892428103834,-392337.270571906468831],[-838757.834974203491583,-390789.752806973818224],[-840528.184217754402198,-389906.6692709896015],[-844191.821938460110687,-390377.551136125868652],[-846580.224953310214914,-392102.512365842936561],[-851276.679667894379236,-397711.807511534891091],[-853136.333572067436762,-396107.438895076862536],[-854117.283373717451468,-395516.542699480080046],[-855290.859391796635464,-395044.369188775890507],[-856126.459622163907625,-395081.605203019222245],[-856977.543826258159243,-395361.809707386302762],[-857986.057195470784791,-395338.214661020203494],[-859200.126648260978982,-394447.393277281662449],[-860882.124723904649727,-392848.731534137914423],[-862668.848372193984687,-391839.596919850155246],[-864754.438278947025537,-391556.585006096691359],[-867232.604524149326608,-392142.653446885698941],[-868858.015295422403142,-393203.633328446769156],[-870846.531511510722339,-395058.87949184468016],[-872557.028021861915477,-397162.404216452385299],[-873318.792434972128831,-398911.611841287231073],[-873736.442321180715226,-401324.892934419389348],[-874159.762592591228895,-402526.666654046333861],[-875378.628049901220948,-404562.56033363455208],[-875457.033108916832134,-405768.684136719850358],[-875337.588604932534508,-407041.916375326749403],[-875347.479533492238261,-408360.991802320175339],[-875968.168049220344983,-410779.34544245316647],[-877600.892778102424927,-414885.588482622057199],[-878025.776266477419995,-416878.349680643936154],[-877570.375512870843522,-418431.267618643585593],[-875159.550676169572398,-423252.782243408204522],[-874261.522589164902456,-424364.250190577295143],[-872591.603665538132191,-423979.699338170175906],[-870105.341133901849389,-422707.465300310985185],[-867836.767931494163349,-421140.57643884018762],[-866836.49069773463998,-419880.587325302767567],[-865573.457558730849996,-418727.823518832039554],[-858261.11767229042016,-418562.608855965489056],[-858017.575529658352025,-418180.386714130581822],[-857780.616756306728348,-417503.971170841075946],[-857380.14233396074269,-416774.686561269918457],[-856638.818782135494985,-416252.365620018041227],[-856013.631725930725224,-416097.750119179836474],[-855371.844083280302584,-416079.744024560321122],[-854704.18475678388495,-416185.373055137635674],[-853876.585490438039415,-416427.646256447827909],[-853929.058087122626603,-417255.900526368466672],[-856070.102395074442029,-417517.805478397756815],[-856935.857921710703522,-419333.901858189085033],[-857528.283313863794319,-421357.206319431716111],[-858850.057376198703423,-422249.347266239405144],[-862756.470355953089893,-421746.848010859044734],[-864646.489337398088537,-422023.531664453155827],[-866347.08122537098825,-423288.451004182628822],[-868685.745276618632488,-428037.87542992393719],[-870221.806170460069552,-430397.955159061239101],[-872206.140211710473523,-431327.617074759968091],[-872705.842884915182367,-432398.321523416787386],[-873836.106930811307393,-439558.400048234208953],[-874635.671963755041361,-441993.176426288497169],[-876776.623072709538974,-446086.178526628995314],[-877281.345599358901381,-448133.231238908425439],[-876801.276726230164059,-450633.108437236805912],[-875229.785917876870371,-451426.777522484189831],[-873115.128304090467282,-451143.081676277157385],[-868294.775704233092256,-449789.844292384048458],[-866347.870391504722647,-450005.24370787589578],[-864508.137254401692189,-450575.198591993248556],[-862101.214529689634219,-451000.247553070134018],[-856160.138496070867404,-450338.14279527234612],[-853863.086205834639259,-450763.794228828046471],[-849548.763089424814098,-452306.100794189842418],[-847357.977799827232957,-452276.373538804589771],[-845076.851946693961509,-450936.395751703181304],[-843187.910136628430337,-450322.045529431314208],[-840650.987475333502516,-450697.108942740014754],[-836143.962311085313559,-451871.824793961597607],[-833707.789264529827051,-451556.728489071596414],[-829308.910911682178266,-449684.747458155150525],[-827107.638662063749507,-449331.49066672869958],[-826050.942835219786502,-449043.560205858782865],[-824036.441708252183162,-447593.569437897123862],[-823434.373103317688219,-447277.714690907392651],[-819484.09924351121299,-446067.016825214959681],[-815760.319615677115507,-444258.503814400406554],[-814988.995912901242264,-444070.043577235483099],[-814443.534481030073948,-445106.331322535814252],[-815038.825282320263796,-446295.290423438127618],[-816137.472734310431406,-447286.6078421966522],[-817072.45267740462441,-447664.002417725336272],[-819495.403365330188535,-447924.038718026829883],[-826169.064980505267158,-450975.530392695975024],[-832212.792449928470887,-452801.610047305643093],[-835433.695920343627222,-454872.249944998242427],[-840305.052916891989298,-456550.410432935226709],[-842201.978926805779338,-456875.414569501474034],[-843525.201886199181899,-456675.367039008880965],[-846037.527629893505946,-455754.314625177707057],[-847169.527164823375642,-455742.189686676196288],[-848544.727513575577177,-456641.52633578365203],[-851026.488526896107942,-460880.176363669859711],[-852773.869475874234922,-462438.502384506049566],[-855164.545602604630403,-463996.695112098765094],[-857767.726813572342508,-465161.233582504908554],[-860168.998220926616341,-465537.797813452838454],[-861655.999498683260754,-466302.311878702021204],[-865939.254384948639199,-469768.550033108738717],[-867645.933781531522982,-470513.919444297265727],[-869332.605142193031497,-471735.222521756310016],[-872807.729082888457924,-477580.803193258470856],[-873558.255319956340827,-479237.477774489379954],[-870540.67084741697181,-478938.836760021571536],[-864841.633751470013522,-475373.989695552852936],[-862892.136206925846636,-474544.186103551241104],[-857072.451638374826871,-473019.145043671014719],[-856032.627818390843458,-473442.195068406756036],[-855723.522972689359449,-475247.978402625012677],[-856371.869288212154061,-476396.318326776963659],[-858229.132001056917943,-474840.63351740402868],[-863841.813649358577095,-478282.443308399990201],[-864237.652533087180927,-478646.120475551986601],[-868298.006199898780324,-480683.86971768271178],[-874782.82197841454763,-482197.809283435402904],[-875758.329311907291412,-482609.682439396332484],[-875513.407582514919341,-483670.33865309599787],[-874416.153146505355835,-484786.044853011553641],[-872868.334684691391885,-485356.266808914137073],[-869777.114683162537403,-484722.857331224251539],[-868183.752737405477092,-484716.518760198378004],[-867509.604124649660662,-485700.480673371639568],[-868300.51902622054331,-486273.985027429589536],[-871994.792357147554867,-486529.727323157188948],[-873341.267904803506099,-486908.882939799979795],[-873781.78671540657524,-487694.6563912522397],[-873653.586913413833827,-488729.700267672538757],[-872865.386002769111656,-491494.491082254506182],[-872647.945957036805339,-494833.246015844750218],[-872304.547153252060525,-496085.761189555341844],[-871126.517738640075549,-497681.443331023154315],[-870379.762507014092989,-497014.664619252784178],[-868143.361198394675739,-495597.42623394326074],[-868156.866154239280149,-497795.003165090805851],[-866936.057759296265431,-498863.779846385587007],[-865539.701500949915498,-499577.236534134077374],[-864918.244601170881651,-500738.749915214371867],[-864167.476043463102542,-501736.581015883537475],[-860512.423870752681978,-503226.540110841393471],[-859451.771598508930765,-504429.231681689037941],[-860855.444141605868936,-504353.802801213169005],[-861852.308064253535122,-504819.791881114477292],[-863855.185310562606901,-506425.056046081823297],[-870715.581403495278209,-510709.800432284071576],[-872377.736882369383238,-512399.258899331616703],[-872527.804981067543849,-513941.520773803349584],[-871132.809166174614802,-516021.921317715838086],[-870296.751350996317342,-516360.587507597345393],[-868045.022123997216113,-515147.364925646805204],[-867251.464530882425606,-515220.701172712782864],[-866727.04497521428857,-514987.245743941806722],[-866450.388909534434788,-513579.712092803907581],[-866414.605264723300934,-511156.961760638398118],[-866250.102601146092638,-509909.729559446626808],[-865805.44289409625344,-509060.419029774900991],[-864708.416433207923546,-508628.190441176760942],[-862648.94332440465223,-508809.029609881574288],[-861826.010031255078502,-508146.525075763405766],[-860417.010512428591028,-510018.393930331279989],[-861391.679612972773612,-512001.468864670838229],[-863086.541150651755743,-514490.74165245675249],[-863875.612434612587094,-517951.534194071835373],[-860687.85206426307559,-516701.603544138255529],[-860198.554224077030085,-516216.830112324503716],[-859960.433359939721413,-514200.498501368216239],[-859702.497362387599424,-513479.385349254589528],[-859213.238057470996864,-512858.878551058121957],[-858790.823443599976599,-513428.509846900764387],[-858155.24561252782587,-513984.46050280961208],[-857888.306758645223454,-514462.801090506371111],[-853187.524546240223572,-512619.150081323110498],[-852138.96950962767005,-512549.295388252125122],[-851538.778002823819406,-513536.998094198235776],[-848520.845490271458402,-521896.622530562337488],[-849095.584901405032724,-522937.522763840155676],[-851402.988024286460131,-523290.800273885950446],[-855427.420974781969562,-522304.994097505812533],[-857217.485339235514402,-522400.28144335799152],[-856786.987493474967778,-524060.844971274549607],[-855841.709847115213051,-525645.260438906727359],[-855280.392708168248646,-526042.587039537844248],[-854068.912308696424589,-526236.433638028101996],[-853142.389389986987226,-526502.777286313707009],[-852372.753827802371234,-527103.097453348338604],[-851882.424097422044724,-527957.355025656986982],[-851758.612448013620451,-528965.102342831785791],[-850830.72254448919557,-530163.490044975071214],[-848620.093621907872148,-530016.627605806337669],[-846264.340491656796075,-529448.595860415603966],[-844960.305104480474256,-529389.464370185625739],[-845304.762862686766312,-531648.534837651415728],[-848526.936107414891012,-533017.937773523037322],[-850709.997354698251002,-534890.646976116462611],[-847996.403072290006094,-538689.369785229908302],[-849176.317776364390738,-539742.562761521083303],[-850293.83288217743393,-543605.424363727797754],[-851336.659355463576503,-545314.285616023698822],[-847151.986422160407528,-542611.203139475546777],[-846519.940889110206626,-542297.559567661141045],[-845176.170356598449871,-541892.364943397464231],[-844503.203609083662741,-542151.378594305715524],[-845860.176995162270032,-543863.690212408662774],[-846876.719536605640315,-546253.343949777539819],[-846448.83330867276527,-548814.392799166962504],[-844994.535880948067643,-549791.821785420412198],[-842839.917572660022415,-547436.253011323977262],[-842338.225022925878875,-548680.200211181072518],[-842613.085357751697302,-549545.708986249752343],[-843051.697688627289608,-550306.040703388047405],[-843073.904994873097166,-551214.363704388146289],[-842388.715586512349546,-551971.873301947838627],[-841386.435366091551259,-552558.861527372384444],[-840530.345412014401518,-553308.735682660248131],[-840415.837604681379162,-554488.032966208062135],[-841094.667348853196017,-554450.643072973238304],[-845590.988314931746572,-557204.708166581811383],[-844744.387973911594599,-558796.196323209092952],[-844726.714796954998747,-560983.557691929512657],[-845420.498066043481231,-565987.738518131664023],[-845829.934007761534303,-567229.849407038534991],[-847399.680243640206754,-568626.23467462323606],[-847794.765903428662568,-569633.832383319968358],[-847766.907297757687047,-570830.722095007076859],[-847455.772227989160456,-573231.379451481625438],[-847452.958199562388472,-574558.059175786329433],[-847718.12365748709999,-577040.72396024223417],[-848271.491264809505083,-579356.140486186835915],[-849168.197604839573614,-581428.391223159851506],[-853628.39276817382779,-587127.124688033130951],[-854878.026069186395034,-589362.907318113138899],[-855688.031862331205048,-591662.462886097026058],[-856139.400844821706414,-595048.817365514230914],[-856601.746469604084268,-596156.569934592815116],[-857357.169373510056175,-596897.205105494009331],[-858691.266180448932573,-597873.189029236673377],[-859931.927168288850226,-598583.204268605564721],[-860476.242038826341741,-598544.398685956955887],[-861056.945922940853052,-600980.768480878672563],[-862196.410120587213896,-602924.490634419838898],[-863483.100227569579147,-604623.3539850943489],[-864469.526528166374192,-606300.387802917743102],[-865243.153156082029454,-609879.855095580453053],[-865369.288190114428289,-610116.491049760021269],[-865513.226866480777971,-612390.535560114658438],[-865297.373957371106371,-613033.888864662614651],[-864819.245480969315395,-613181.919726076652296],[-864343.066465851268731,-613225.616458733915351],[-864151.488735198392533,-613577.487221644259989],[-864580.624876622227021,-614818.828999665100127],[-866251.006069105467759,-616883.182884110021405],[-866650.265953710535541,-618053.943691807915457],[-867616.270536578726023,-622899.475160487811081],[-869828.218249109690078,-627942.622718765167519],[-870175.761076072813012,-629234.615617600968108],[-870587.123254926875234,-635706.745033080107532],[-871154.65375054301694,-637356.513443016447127],[-872214.112213650136255,-639328.501382674323395],[-873389.131444022641517,-640957.738765613408759],[-874263.176879168488085,-641627.160917552770115],[-875473.465234872652218,-642057.511319614830427],[-875808.597709017572924,-643277.971451250836253],[-875628.814348795334809,-646099.622882853844203],[-876081.805142529308796,-649968.851023331633769],[-876718.73803333635442,-651614.401922611054033],[-877872.038045286899433,-653149.869868995854631],[-877849.143197935307398,-654266.500350595801137],[-875663.414341806666926,-657656.58960681327153],[-875015.689011745387688,-659071.549176713218912],[-875700.310105198994279,-663076.413347697700374],[-875602.453186989412643,-665041.279087084811181],[-874302.864339766907506,-664856.617342971381731],[-869978.227403847966343,-660153.489944170578383],[-869605.956379864132032,-661727.537536115734838],[-869524.105295609333552,-662603.167851111153141],[-869538.034189241938293,-663635.952640267903917],[-869936.695025594672188,-664508.363648683181964],[-870676.94330366619397,-664674.514591018436477],[-871428.866058284998871,-664753.74438431696035],[-871811.03999183641281,-665364.211263183620758],[-871458.30601291009225,-667381.52707991679199],[-870726.63987000763882,-668842.561108489171602],[-870793.080383443739265,-669890.257805340108462],[-872810.730717559927143,-670691.6707437497098],[-873080.315587179269642,-669663.404503378667869],[-873513.861447135801427,-668783.410371672944166],[-874087.134598798234947,-668075.878477383521385],[-874832.909754009102471,-667516.027273796731606],[-872948.887170128524303,-675974.568350127432495],[-872372.51716836867854,-680836.182963820290752],[-873269.003402565722354,-682906.179357208427973],[-872397.479295964236371,-688680.544818049762398],[-870535.548219024087302,-691057.255932532716542],[-869754.249194156611338,-691487.6826854897663],[-869030.047743653645739,-690780.552166176377796],[-869053.190935261663981,-689921.871290349517949],[-869593.696840841905214,-689084.919203749275766],[-871057.090860392549075,-687613.519096482079476],[-870466.326599740190431,-686975.163968035485595],[-870306.93243443639949,-686087.264767396613024],[-870496.914245162042789,-685013.990975315449759],[-870816.703954818774946,-683819.129385378677398],[-870037.51801133772824,-683868.471170891774818],[-868190.839614242664538,-684846.903131110128015],[-867117.5064704118995,-685685.622844461002387],[-866683.463299891445786,-686710.734897732967511],[-866593.605607874458656,-688013.486110106576234],[-866211.11122186423745,-689039.899156922008842],[-865561.360645160311833,-689783.800039970199578],[-864737.452996904612519,-690221.145198310841806],[-862618.192780960700475,-690163.757988027646206],[-860454.023828016361222,-689387.746802366920747],[-858237.55536343564745,-689009.248455565655604],[-855935.270657818531618,-690150.48741381149739],[-867801.741342796129175,-694078.440126303583384],[-869422.371064538136125,-694946.776805279310793],[-870316.208536632708274,-696427.948605113662779],[-870337.109960892121308,-699071.183290519868024],[-869507.431681031244807,-705284.097867590724491],[-869183.136790937394835,-706284.499443694716319],[-866880.535226576030254,-710331.332412909716368],[-865446.040774813154712,-711900.609414060832933],[-863724.501013105269521,-712194.690447064465843],[-861661.817727087880485,-710341.25563392706681],[-859782.201341132051311,-711411.461065854644403],[-856964.730506314430386,-714164.011250092182308],[-855407.388332308153622,-715304.312804543646052],[-853553.105344086885452,-715827.651682843221352],[-847812.117308630957268,-715773.801315224613063],[-846078.856860556639731,-716588.103764629340731],[-844698.740362843265757,-718247.100329499109648],[-843670.2630107923178,-719884.457816265290603],[-842992.534588230890222,-720638.25574403302744],[-841999.261704747914337,-721447.60188289731741],[-842223.034145729616284,-723135.394528948585503],[-842119.36201380903367,-724965.751307863974944],[-840117.381979864207096,-726204.102396539994515],[-842630.895812931237742,-727411.995218145428225],[-844203.748004855820909,-725219.423106016824022],[-846174.456048493506387,-718986.841578290914185],[-847723.096235074219294,-717267.395667791715823],[-849080.038575334358029,-717056.808283055666834],[-850504.54418904602062,-717522.474157201126218],[-852235.289850365254097,-717783.044170173932798],[-855347.975034351926297,-717122.845017045154236],[-856899.321472460171208,-716436.619448310695589],[-858703.924679082003422,-714010.338680807268247],[-861605.708692042389885,-713575.072489838581532],[-867330.977560184430331,-713792.000949093722738],[-868464.980939081171528,-715381.211924116592854],[-869062.851527760736644,-719123.274846127140336],[-869151.471327933482826,-725861.05239616741892],[-867585.464603673084639,-724543.795447867596522],[-866102.614171834895387,-722349.916932741296478],[-864618.755147803109139,-720682.428442914970219],[-863047.521238933783025,-720917.03800307342317],[-864211.484860874246806,-722160.044327471521683],[-866242.863901612814516,-725268.086125985719264],[-868561.728118086582981,-729914.637855493696406],[-868813.665886803297326,-730901.783322773058899],[-868526.302036202745512,-731954.682372755487449],[-867761.003563815262169,-731993.771707246545702],[-866934.192141852108762,-731328.666775661869906],[-866237.131961023551412,-729706.842757589300163],[-865575.573712701327167,-729335.387223075143993],[-864855.077578996540979,-729398.742972092237324],[-864364.9414512187941,-730110.226164706517011],[-864471.92345816094894,-730716.207085553673096],[-865624.547461180598475,-731764.925962756969966],[-865951.153402359457687,-732570.448457163874991],[-865781.566642764140852,-733579.597577070118859],[-864928.311870198813267,-735657.405254953191616],[-864788.247481376864016,-736864.448097915039398],[-864987.65223904827144,-738118.323357194545679],[-866505.458833532175049,-741400.255609032814391],[-865292.804454749100842,-741884.866193435620517],[-865050.405276694218628,-742975.887901971465908],[-865388.879463466466404,-744243.880437112413347],[-865952.346312845358625,-745243.569509212276898],[-866362.520399663946591,-744900.065709494287148],[-867413.79575395595748,-744316.544510761741549],[-867384.95536208350677,-747568.778226353926584],[-867731.178206921322271,-748818.193116769427434],[-868522.351749101304449,-750411.943534201476723],[-870798.441223157919012,-753083.575747551396489],[-871481.563508063671179,-754325.434764207690023],[-871029.789642542833462,-755657.048821036121808],[-869599.820530939963646,-754630.160378794069402],[-869136.488397006643936,-754132.627802836941555],[-868713.448965426068753,-753450.940020879614167],[-867990.556877890368924,-753496.377704690210521],[-867603.10835604951717,-755168.867071571177803],[-867900.943511661142111,-756471.443387034814805],[-868327.17978367395699,-757616.138724307529628],[-868324.155258476035669,-758805.989189341664314],[-867377.336937916465104,-760245.839063380844891],[-866406.618224246311001,-759652.848999585490674],[-865630.236725753755309,-758021.447249311371706],[-864434.155900177778676,-753546.835225387359969],[-862673.543625937658362,-750533.326121919322759],[-860577.990399081958458,-747953.797730534803122],[-858792.065589769394137,-746453.425605595344678],[-858307.537925317999907,-749216.399747794261202],[-858373.865601173019968,-750283.661870468524285],[-853557.442670045653358,-745861.043615357251838],[-852449.755918809096329,-743582.696096474886872],[-854106.309422677615657,-742173.041602179175243],[-853274.283138366532512,-740722.092951370053925],[-852863.659592578653246,-736871.361741557251662],[-851245.503379951231182,-735537.106201689690351],[-849182.93429582612589,-731743.128904172684997],[-848392.439396683592349,-731791.772754702134989],[-849675.897821644786745,-739750.371028166264296],[-849073.22610809316393,-741176.335651389788836],[-847847.048965487163514,-741728.288489136029966],[-847241.849600445246324,-742555.215488544432446],[-848536.414118021260947,-744799.686939416220412],[-847878.398703777929768,-745893.197034197859466],[-848506.534859876497649,-748809.71202546544373],[-848088.371677672956139,-750156.387940519489348],[-845519.609446221613325,-749106.388166497228667],[-842513.809089665184729,-748386.761348205152899],[-840730.707030952908099,-748740.547224045731127],[-841942.525962933665141,-750913.703273503691889],[-842411.898217426263727,-750821.532272448064759],[-847802.51502639031969,-751971.620281352428719],[-850382.789419099106453,-752916.178987721679732],[-851940.980031928629614,-752969.98805177747272],[-851987.837411721935496,-753729.799360628123395],[-848321.644139835028909,-753955.404320102650672],[-849601.37267995858565,-755660.961679794359952],[-851067.65983333659824,-755620.664351768791676],[-852541.306272431858815,-755139.37155156978406],[-853886.108012794516981,-755510.335789188160561],[-854301.352803504094481,-758453.980212864233181],[-855054.988179461914115,-759460.747578947106376],[-856607.256222505471669,-758011.579684969503433],[-858477.625129810650833,-761132.92406701343134],[-856584.7447479381226,-763924.849179873708636],[-853507.75230317376554,-765477.397608396946453],[-851815.778826183755882,-764818.875363379251212],[-851634.554015094647184,-764403.206080404459499],[-851208.035058003035374,-764075.294109943439253],[-850642.363963482202962,-763873.992714712861925],[-850043.105714311706834,-763829.118152089882642],[-849653.621960977790877,-764243.558311915025115],[-849915.936299745575525,-765135.583383938763291],[-850364.729490661527961,-766106.970660590217449],[-850544.007662962423638,-766772.537820846308023],[-849961.637078729225323,-768552.082443172112107],[-849308.24546277069021,-769459.567662573070265],[-846386.879168413346633,-770901.07319745910354],[-847934.631914172088727,-772164.112205790472217],[-849222.926385708036833,-774551.077375527471304],[-849784.982036720961332,-777364.181284866877832],[-849190.711046520154923,-779948.640871769981459],[-850686.270778193837032,-779216.388967268634588],[-851788.944935231469572,-778008.551960728713311],[-852034.889803709811531,-776381.071563553879969],[-851014.833840278326534,-774427.354148921440355],[-854549.689039326272905,-770026.800499891280197],[-855758.257795307319611,-768871.257581383688375],[-857458.246498857508413,-771740.569322393508628],[-858581.853956868872046,-771725.375066533568315],[-860115.375710016349331,-770789.927954889950342],[-860948.935975422151387,-770701.738842707709409],[-862443.18437070841901,-771498.800823223893531],[-863448.07784477842506,-772907.619344685925171],[-864043.693329512723722,-774687.165596050559543],[-864461.615850402507931,-780270.609345521894284],[-864349.720893432851881,-784579.390456222346984],[-863598.546208122977987,-788224.20664814254269],[-861819.288562390836887,-789834.2377584107453],[-859719.639128544949926,-796479.843421113211662],[-859378.643613553489558,-798527.472699244623072],[-858241.368396897334605,-799056.860538802808151],[-855121.21828922862187,-798636.307715554488823],[-854089.648929579765536,-799336.026169293792918],[-853112.577256269403733,-800922.893198996665888],[-852433.620621188310906,-802850.365313643706031],[-852209.762458998477086,-804568.132794549223036],[-851509.795378534588963,-806724.170297351898625],[-849918.510945207788609,-807926.039772105636075],[-848864.04997205955442,-809117.612951588002034],[-849653.273752651643008,-811241.560807176283561],[-851490.752776015782729,-808956.613575657480396],[-854256.545058301417157,-803451.575723274378106],[-855675.786061018705368,-801723.674732703366317],[-858002.609498947043903,-801220.888516331207938],[-859933.728331561898813,-802446.27006793487817],[-861293.727867178968154,-804661.227492418140173],[-861904.294947250979021,-807090.921724996645935],[-862368.179782402468845,-811484.122194332419895],[-862260.498051918111742,-812822.497220281977206],[-861730.36682880227454,-814205.325975409243256],[-861039.047809392446652,-815230.000292768003419],[-860480.664788042893633,-816300.953889427008107],[-860315.057058329111896,-817829.371576622361317],[-860476.072327214293182,-818746.665747057180852],[-860665.120137557387352,-819275.863774025230668],[-860730.311976760509424,-819767.289886109298095],[-860484.024524626904167,-820555.316464980249293],[-860015.281649384764023,-821116.207881077891216],[-859460.127199827926233,-821123.313629287295043],[-858882.915043275686912,-821054.48559039842803],[-858295.754637632751837,-821386.267639325815253],[-856613.195884312968701,-823944.893735580262728],[-855807.381261336384341,-824535.539873617584817],[-854106.921479100245051,-824699.331549217458814],[-854941.143926634569652,-826543.661035900353454],[-854052.610631819115952,-828334.940102685824968],[-852270.678274096222594,-829726.418575959396549],[-850431.49051969172433,-830330.129081289400347],[-847164.772493887576275,-830175.12264818768017],[-845685.992446604184806,-830424.339304272900335],[-844190.627249614335597,-831401.790072715491988],[-844961.685991984326392,-833082.504441297380254],[-844261.184193184133619,-836853.223880247329362],[-844656.89788211195264,-839075.290483254357241],[-846280.127751070773229,-841040.901446066563949],[-847306.497950954595581,-840623.7125408151187],[-847222.562238453538157,-839246.533484395011328],[-845471.721119301277213,-838325.53753395890817],[-846688.974173174239695,-836337.251818216172978],[-848592.334772584727034,-835061.761908655869775],[-850677.163396028336138,-834343.232575129601173],[-852507.872736041434109,-834017.347516864072531],[-853881.366625281050801,-834028.494303132407367],[-854481.117714518797584,-834173.494385644327849],[-854899.432639303617179,-833911.336836576228961],[-855694.731591180199757,-832716.628402461414225],[-856182.513627240085043,-831468.101900820038281],[-856304.232752972049639,-830483.110471451189369],[-856725.449605250032619,-829706.984938980313018],[-858094.832411519135348,-829095.08380591252353],[-858680.918685754295439,-830145.456777804763988],[-858938.223568765097298,-831216.16446765884757],[-858833.706550906179473,-832195.596814011107199],[-858333.775238401838578,-832963.049212203826755],[-858880.581374677247368,-833656.736886986531317],[-859906.967510952032171,-835921.263416003901511],[-856981.652839580434375,-836820.377883902285248],[-855804.537825004896149,-839298.312868674867786],[-855398.963026665849611,-847968.184315436868928],[-855202.590918446308933,-848735.222814716864377],[-854587.976158233941533,-849632.573581355274655],[-854271.271716746268794,-850566.194831978646107],[-854484.035147281596437,-851480.959868685691617],[-854897.63783997122664,-852124.147909500170499],[-855139.731222658185288,-852241.171981854829937],[-854559.399382248520851,-853841.468741044169292],[-853184.666532198665664,-855545.087714962195605],[-852458.828849050449207,-857049.672038436983712],[-851713.484724867041223,-855962.695508714183234],[-850849.019562600180507,-855060.385139708057977],[-849818.396035738289356,-854427.451138917822391],[-848575.375177195644937,-854162.178254988160916],[-848827.561447908869013,-856157.199258013861254],[-849921.621741972980089,-856972.853546168422326],[-851335.678442948381416,-857468.662912720115855],[-852547.922659816918895,-858504.364266313961707],[-853022.205083431908861,-859994.639372155419551],[-852740.688524518744089,-861367.49387029313948],[-851700.55176784528885,-862295.489052556105889],[-849944.221152587677352,-862475.595347404712811],[-852030.296276333159767,-864554.489144040620886],[-852013.050730571034364,-866834.82188534073066],[-847538.406119216349907,-875311.192200727527961],[-846770.579542532679625,-877733.130641253548674],[-846382.651630304870196,-881392.611104938085191],[-845813.902351855067536,-882651.290326542570256],[-844236.992523414082825,-884685.542747930856422],[-843744.990053576650098,-885921.347081551211886],[-843581.174693888402544,-888980.594398427056149],[-843101.64952018042095,-890138.339149862062186],[-842298.663844280992635,-891575.059887908981182],[-842391.129996864357963,-892962.289306757971644],[-843098.380109646590427,-894271.466031525167637],[-844158.106229565804824,-895491.058579466538504],[-844518.286357571952976,-896684.676122953766026],[-844068.046197795541957,-898186.82355543714948],[-843254.818100225995295,-899606.220032035489567],[-842534.989312488469295,-900551.057180535048246],[-843251.328333662240766,-902005.598712533945218],[-843243.426239512511529,-903754.311814634944312],[-842612.559313978184946,-905454.179349703132175],[-841510.408510823966935,-906727.161998124909587],[-839952.704516796744429,-907399.150650845840573],[-836570.946094002225436,-907948.111910314648412],[-835027.294744316488504,-908714.314581991871819],[-839126.928208325989544,-910371.914363692747429],[-840638.68184985476546,-910526.920514656347223],[-842031.815057112718932,-910452.139121155953035],[-842953.962621456710622,-910678.847170660854317],[-843217.610410788096488,-911573.63549259013962],[-842723.762883228133433,-913525.052025177516043],[-839343.056615740642883,-917754.09081800817512],[-837895.187920876313001,-920719.162403709138744],[-838814.646310033975169,-922932.12657419720199],[-837629.17836898600217,-924743.03053648781497],[-838619.619219147367403,-926387.160207537002861],[-839974.375261150533333,-927831.780263643013313],[-839916.409859125502408,-929051.467071038205177],[-839563.985298159415834,-930466.511737738270313],[-836980.279106674250215,-932898.967658632085659],[-835863.906415584147908,-934715.005609466345049],[-833275.869299075682648,-940627.88980653823819],[-831856.410129182273522,-942666.892091744230129],[-833803.928255984326825,-943175.292793015134521],[-835262.81117863766849,-942240.874994308338501],[-836649.134550073184073,-940827.683569915825501],[-838362.699572826502845,-939914.186839720001444],[-837788.406751908012666,-941288.092163691413589],[-835977.943846268346533,-943515.002595673431642],[-835627.611411241581663,-944246.723241063999012],[-835390.517481432645582,-945996.936666848603636],[-833678.792718269512989,-949753.509315540199168],[-833803.456207254319452,-952143.154578017769381],[-831994.790054136654362,-956060.663871153607033],[-831506.716942050610669,-957730.394896458368748],[-831461.410697873798199,-959478.744913943111897],[-832287.549041470512748,-960993.140829782467335],[-831098.280937547213398,-963260.738197732483968],[-830357.733586383401416,-965857.331536195939407],[-830341.057085392763838,-968538.840569663792849],[-831349.896756002563052,-971059.491644605528563],[-832386.321755170705728,-969602.973036606679671],[-833201.506201774696819,-969741.509748800075613],[-833295.713395004859194,-970884.809301585075445],[-832153.434839076246135,-972479.933153646416031],[-833105.869957512710243,-973745.646902286913246],[-832331.194350435049273,-974885.886513644596562],[-829514.962516521220095,-976525.340199131169356],[-831238.046706329216249,-979245.947905652690679],[-831800.529683234519325,-980740.256779728340916],[-832027.720757269533351,-982500.728488183347508],[-831232.9588658278808,-986725.234552007052116],[-831208.686363893677481,-987205.551543029607274],[-832382.047697427798994,-988481.541257921257056],[-831990.480489115812816,-991510.502978630713187],[-830888.210195677471347,-994709.404012746410444],[-829885.298253934364766,-996474.705448723281734],[-829100.35654719627928,-995681.673093596589752],[-829150.767279886058532,-997877.460376643692143],[-830308.468165096943267,-1000664.969881092198193],[-831105.410844454425387,-1003738.547901576734148],[-830127.00245345919393,-1006825.939655310823582],[-828461.811364200781099,-1008416.158835593960248],[-827967.366904268739745,-1009280.291410980978981],[-827853.511668383143842,-1010783.691999924834818],[-828126.98646302591078,-1011693.9407792261336],[-829173.30373527109623,-1013028.730577073758468],[-829429.550365466624498,-1013793.992976073524915],[-829298.399154160986654,-1014554.713690395234153],[-828237.698606821359135,-1017314.345801244024187],[-826508.027060304069892,-1016183.765797166968696],[-824830.864642977481708,-1015944.419033377664164],[-823558.558420108049177,-1016758.225229136180133],[-823158.131107634282671,-1018789.726661039050668],[-823511.690922812907957,-1020019.590436901431531],[-824131.325947912759148,-1020229.800932917161845],[-824584.718180335126817,-1019404.545523498440161],[-824492.788601767038926,-1017534.152527298778296],[-827949.637836357695051,-1018851.093894699006341],[-828331.346543137915432,-1018906.232953308150172],[-829171.574215246946551,-1019573.347122854553163],[-829333.481611308758147,-1019632.274936398374848],[-829183.091064800391905,-1019768.928737469483167],[-829113.042738334508613,-1020672.208082059863955],[-828609.386933651985601,-1022285.685916281538084],[-827204.657117317081429,-1023550.46266399207525],[-825348.625928722904064,-1024330.331293430179358],[-823490.800619855988771,-1024480.146349038695917],[-824198.389061262831092,-1024986.513670736108907],[-825421.474674081429839,-1026174.760543512296863],[-825831.63072610530071,-1026712.196391276200302],[-825300.909497607382946,-1027574.106138352537528],[-824677.279145362903364,-1028204.06689237174578],[-823930.973015590920113,-1028695.098155773710459],[-822959.861390611738898,-1029107.922167384065688],[-825427.657957169110887,-1028835.752721611410379],[-826664.373163950862363,-1028297.613203974207863],[-828735.411365309148096,-1025774.783658392727375],[-828879.126103254267946,-1025373.7548908701865],[-829573.783930040430278,-1024310.361032783752307],[-830361.853129095747136,-1023638.566402308293618],[-830798.086371152894571,-1024466.4399795999052],[-831025.712680545402691,-1026981.955844495212659],[-830786.945989010389894,-1028160.131643019616604],[-829955.474292411585338,-1028697.604704955010675],[-829432.406834906316362,-1029687.100609579472803],[-828107.989905360853299,-1034430.933932566898875],[-827554.59424506907817,-1038513.442694977507927],[-826486.660629267222248,-1040142.304380909423344],[-824888.416789958486333,-1041299.84752477996517],[-823045.545994832064025,-1042197.510094597470015],[-824367.091815613093786,-1042787.041664492106065],[-825339.957210619235411,-1043442.54079754545819],[-825941.74572842696216,-1044384.59618455148302],[-826150.586828197701834,-1045842.899718526168726],[-824317.286235976964235,-1046763.060548856388777],[-824013.907357990508899,-1047155.278942005941644],[-824234.47820681729354,-1049270.694916415028274],[-824172.080881551024504,-1049863.523269431199878],[-821742.954234248725697,-1059200.195179792586714],[-821409.153650181600824,-1061503.840327782556415],[-821108.394776539178565,-1062252.307270817225799],[-820495.609473934280686,-1063101.145078379428014],[-819828.148786782054231,-1063313.513368903193623],[-819276.974141062237322,-1062943.447381485253572],[-818807.654455317300744,-1063071.172923840815201],[-818371.437118718982674,-1064837.156984564382583],[-818632.875898969476111,-1069350.019275387050584],[-818207.147151721059345,-1074812.603718176949769],[-817909.060989137273282,-1071493.899367773905396],[-817238.965603754506446,-1068918.937004641164094],[-815817.108179002883844,-1067237.395771246170625],[-813289.512537033413537,-1066588.111788137117401],[-814309.418007430387661,-1067890.937141548609361],[-815340.275254861568101,-1068768.17238557105884],[-816139.895515360520221,-1069768.383252259343863],[-816526.692705209017731,-1071418.466286277165636],[-816904.046111355768517,-1077949.962934631388634],[-817291.525386323221028,-1078690.822910135844722],[-817819.572719586663879,-1079263.592712394660339],[-818496.626176133169793,-1079814.019246821058914],[-818200.283227844396606,-1080955.54304192122072],[-817455.557662815554067,-1081528.810894229449332],[-816678.946161559899338,-1081857.062754945363849],[-816347.038359088008292,-1082232.744253733195364],[-815949.574189765146002,-1083617.796418067067862],[-814768.438979231519625,-1084600.073503657709807],[-813128.080757579067722,-1085133.274344445206225],[-811318.123235483886674,-1085177.768178361002356],[-811365.939410934573971,-1086011.52823331207037],[-814488.557042511529289,-1086188.652077331207693],[-814225.675533561967313,-1088535.160451800562441],[-812320.570904718362726,-1091552.187957032117993],[-810393.324337083380669,-1093733.715775261167437],[-804338.742600322817452,-1099277.578509276732802],[-802626.263470989535563,-1101853.073893991531804],[-799322.782835051766597,-1109192.166257411474362],[-798677.738229561597109,-1112045.896073907613754],[-799241.03545212035533,-1116853.536853064317256],[-799026.657796241808683,-1118237.956957711372524],[-798008.258055337006226,-1119036.385922040557489],[-796256.515307249967009,-1119560.293652180349454],[-794369.990761123015545,-1119894.824425871949643],[-793185.289560844888911,-1120102.948054982582107],[-794776.986964344745502,-1121148.362575566163287],[-794929.634811089606956,-1122132.547502141213045],[-794465.40522231569048,-1123338.897066761739552],[-793882.018187639536336,-1126853.305047783767805],[-793011.91204201313667,-1129052.468508529476821],[-791895.603454120573588,-1130977.142143345903605],[-790855.433339884970337,-1131886.260101734427735],[-790281.805362519691698,-1131300.4630913939327],[-786344.313644521986134,-1129062.033838127041236],[-785409.320487692370079,-1128669.993385368492454],[-784571.39718799374532,-1127787.546432936564088],[-782689.497206206899136,-1127584.934298932785168],[-778663.431267040083185,-1127888.796432830626145],[-778705.484490412753075,-1128655.127010315191001],[-784298.711207261192612,-1129751.752352317562327],[-787285.549433762673289,-1130684.52486943709664],[-788653.675618549226783,-1132324.509431089973077],[-788935.794573646620847,-1133251.49061852064915],[-789492.473391527193598,-1133691.87927837530151],[-790031.797714654589072,-1134297.963594464818016],[-790322.252347703557462,-1135691.300820593489334],[-790225.652992013259791,-1137303.026875021168962],[-789821.364402018836699,-1138648.176424108445644],[-788341.873146142694168,-1141247.664674543309957],[-789025.041575506678782,-1143960.622298973146826],[-787486.598676188150421,-1145831.190894247265533],[-785332.103526125196368,-1146522.639062082162127],[-784192.582164251012728,-1145660.922911198344082],[-776397.586079415166751,-1141905.605581053299829],[-776435.500374808209017,-1142599.213838105788454],[-777062.282701658899896,-1143187.402040742104873],[-777197.427801351179369,-1143710.94148098747246],[-776837.520356092485599,-1144270.722045637201518],[-775879.545004141516984,-1144931.832841385155916],[-780734.725633479189128,-1145736.92842173203826],[-781914.63553613203112,-1146207.59849987202324],[-782914.947948871995322,-1147122.949035164201632],[-783907.171640559681691,-1148533.105398882646114],[-784570.733668174128979,-1150098.748078827979043],[-784511.502295223181136,-1151438.815380557440221],[-783428.418273758958094,-1151123.151367791229859],[-779597.617098711431026,-1151709.193218367407098],[-779033.118303566821851,-1151941.579777585808188],[-778290.232276765280403,-1152971.153193219332024],[-777831.059483234304935,-1153344.230239875614643],[-777128.152515521505848,-1153483.396108400076628],[-775587.260768183856271,-1153402.737158125266433],[-774855.779278263566084,-1153506.723073378903791],[-770430.299485391238704,-1155752.520695604616776],[-769439.75865768652875,-1156488.338866855716333],[-767127.528943108511157,-1160060.94747421098873],[-766318.870072072255425,-1160882.943134354660287],[-766730.353229566477239,-1161263.709198660915717],[-767016.827766107744537,-1161468.052101334556937],[-767368.772452035569586,-1161568.121252146782354],[-767852.638642868725583,-1161642.745276056695729],[-768691.814640990458429,-1159413.292737222742289],[-769934.966598230064847,-1158251.733062545536086],[-773534.766797972260974,-1156650.731893981341273],[-775189.499650000710972,-1157673.215046792058274],[-776583.282259303843603,-1157166.765485001495108],[-777830.630861626472324,-1156420.945805992931128],[-779126.778675102745183,-1156730.005205254303291],[-780112.665454141912051,-1156726.312479704385623],[-786235.408413373865187,-1155954.07192824408412],[-783429.224544820375741,-1159520.261293238727376],[-781654.255739370826632,-1161014.577653483022004],[-779399.70821647613775,-1161710.711109448457137],[-777108.158981034648605,-1161895.627085136948153],[-775707.794386764173396,-1162452.889383075758815],[-774833.566970158484764,-1163860.606042058905587],[-769842.973533519078046,-1184661.876316247973591],[-769052.383870721561834,-1183866.102485622512177],[-768272.156150770490058,-1185736.369634196162224],[-768752.145979544962756,-1186713.949377329088748],[-771145.84621958178468,-1188014.260831844760105],[-772084.528572849230841,-1189072.378601944539696],[-772863.381214208202437,-1190464.513944138539955],[-774069.651731076301076,-1193657.502366983797401],[-768561.620648977579549,-1195564.202363383490592],[-767667.202720165601932,-1196487.793821803992614],[-765458.669645262067206,-1201808.93280292279087],[-764285.309999602497555,-1202527.360671844799072],[-762846.647464931942523,-1202952.757042189594358],[-761676.974788400577381,-1203744.125340303871781],[-761255.470141775440425,-1205531.542522798990831],[-761976.77213015826419,-1208858.090399720706046],[-762144.180081475293264,-1210490.531307886354625],[-761605.272436177241616,-1212087.389197311131284],[-757242.65539534506388,-1214900.993006023578346],[-756841.955908022355288,-1215417.468419886659831],[-755777.146835173363797,-1216193.798652042401955],[-754660.807329907431267,-1219710.500509647186846],[-753763.72417082847096,-1220968.588998062768951],[-752324.321286664577201,-1221081.169611666817218],[-750548.995079268934205,-1220404.122429995564744],[-749052.071560590295121,-1219418.788934001233429],[-748410.972526647616178,-1218590.282958868891001],[-747641.786396626615897,-1217869.362170177977532],[-744133.241320558008738,-1216438.567378687672317],[-742927.581304745632224,-1215377.975867680739611],[-742659.457687139860354,-1216909.63675659103319],[-741631.881393905845471,-1217559.141597604379058],[-740566.974297718144953,-1217834.50938128400594],[-740098.599629358737729,-1218262.309261201648042],[-740399.586077435407788,-1219594.853102722438052],[-741086.377293272293173,-1219765.584281323477626],[-742031.733193379710428,-1219418.429123399779201],[-743127.471298102522269,-1219219.298246296821162],[-745043.066586269880645,-1219518.443252160679549],[-746364.264274609740824,-1220219.867919813143089],[-747447.881939070764929,-1221493.120486906962469],[-748670.795949891093187,-1223547.889360310975462],[-749487.189542657230049,-1222441.065608432050794],[-750675.681128322379664,-1221965.898327597184107],[-751964.651181171648204,-1222044.856164748780429],[-753101.245230049127713,-1222617.879425678169355],[-753646.40813023946248,-1223818.280529431300238],[-753747.427314684377052,-1225225.613531161798164],[-754315.701411490677856,-1225846.933842004276812],[-756212.523948421701789,-1224755.931892651133239],[-755759.276982594747096,-1226816.446688589407131],[-754207.69601846288424,-1228366.264141162391752],[-750532.08892073854804,-1230445.097115545766428],[-750471.194104433059692,-1230645.547472497215495],[-749793.645545479026623,-1232025.204690438928083],[-749318.58690651145298,-1232160.215426825918257],[-748025.148532388731837,-1232012.35382093815133],[-747549.837608203990385,-1232142.730445526074618],[-746847.551670209970325,-1233055.645607201848179],[-745506.161396687966771,-1236098.482836485141888],[-743835.910534994443879,-1234377.909643382765353],[-742516.929070109967142,-1233739.995116942096502],[-741053.264127029338852,-1234270.107190699782223],[-739075.194564697216265,-1236079.097907562041655],[-738053.580504102748819,-1238086.286768952384591],[-737641.9457565251505,-1242920.618243279401213],[-736984.774366385070607,-1245079.064196654362604],[-738060.659352651797235,-1246014.810421678703278],[-737992.82922670932021,-1247298.662571360124275],[-737193.724156244192272,-1248441.268257512012497],[-735988.04532181378454,-1248980.616859112400562],[-734435.244942108402029,-1248679.481444295030087],[-733178.56566891761031,-1248050.953098666854203],[-731885.842147829709575,-1247763.768189125461504],[-730261.278330084285699,-1248503.009038462303579],[-730300.520394053659402,-1249271.991126229288056],[-733791.789441070752218,-1249552.333777125691995],[-735213.195588868693449,-1251122.42070599226281],[-735261.798883570474572,-1253635.117585363797843],[-734581.393218507873826,-1256754.614597363397479],[-734970.627468638238497,-1257891.424825735157356],[-733999.732889239909127,-1258840.96946377446875],[-732362.048586715711281,-1259172.707357804756612],[-730771.026106482022442,-1258491.956348560983315],[-730269.055963358609006,-1257067.006808226695284],[-730400.910466650384478,-1255444.541992619168013],[-730115.184825330390595,-1254049.996791139710695],[-728341.824925993219949,-1253286.630075096618384],[-728713.411364354426041,-1254263.705669947434217],[-728779.611599135329016,-1254861.613702948903665],[-728494.39588553737849,-1256285.270807069959119],[-727879.667940496001393,-1255802.445385586470366],[-727412.634829761576839,-1255761.92066279379651],[-726246.77988935878966,-1256399.452727959956974],[-726499.12004070810508,-1256790.58197794877924],[-726808.066906603169627,-1257591.960319381207228],[-727078.048897348111495,-1257977.609715366037562],[-725685.627596263890155,-1258736.793683954514563],[-721318.012587524601258,-1264356.092033958528191],[-724216.501078125438653,-1263819.61803464172408],[-724624.775722983526066,-1264285.625442175194621],[-723648.064131520804949,-1265850.087596410419792],[-725660.93941587000154,-1265665.636204202892259],[-726785.42574933974538,-1263138.591725035803393],[-727768.918891727225855,-1259957.728426517220214],[-729325.912511214381084,-1257863.297288822708651],[-729255.908221574383788,-1260703.818984345300123],[-727232.459898914792575,-1265071.728113303659484],[-726634.991201600292698,-1269170.138143945485353],[-726112.496030209469609,-1269986.418810981325805],[-725579.736173519515432,-1270601.168182900175452],[-725367.647535364027135,-1271539.493114328943193],[-725497.218907209578902,-1274453.629365378292277],[-725280.733155555091798,-1275837.762055842671543],[-724612.862087798654102,-1276973.786122862016782],[-723724.759077420341782,-1279071.676997733535245],[-723669.25838566175662,-1284007.783721123123541],[-722408.754702703095973,-1286019.102824550122023],[-721484.87090568698477,-1286534.177692234748974],[-714617.192354060243815,-1289331.102810252923518],[-713676.672712645377032,-1290241.631728805135936],[-715230.375294988392852,-1290485.893655257765204],[-717851.957998912897892,-1290217.174712442792952],[-720459.399256192031316,-1289489.240721651585773],[-721908.018704476766288,-1288355.148648099275306],[-722511.904367662617005,-1290916.032858984079212],[-721562.924693734734319,-1293256.568316408665851],[-718624.727513957070187,-1297778.576234865002334],[-718109.523501210380346,-1300028.635166177526116],[-718237.011585254105739,-1306346.654861827846617],[-717819.225501601584256,-1307502.923955690581352],[-716560.944389264564961,-1309261.982574911555275],[-716173.478997658705339,-1310311.043027741136029],[-716131.207008605939336,-1311444.067655883496627],[-716409.1584491051035,-1313779.524941868381575],[-716403.381571700330824,-1314924.643848130712286],[-715487.598694731947035,-1317269.218860381282866],[-712228.601649526041001,-1321992.59172436222434],[-710778.444580339128152,-1324819.036541817942634],[-707352.725711393868551,-1329692.980209893081337],[-706214.097571384510957,-1333410.408229220192879],[-704359.077192567288876,-1337568.046943758614361],[-703764.379165736609139,-1344535.681304886238649],[-701576.705566381569952,-1353925.184361715335399],[-700261.55926777748391,-1357611.831065019126981],[-698321.700250399182551,-1353066.008533898973837],[-696970.049842232489027,-1351916.329913997789845],[-695554.468956105643883,-1353913.228210327448323],[-696949.70213658362627,-1354287.714158467249945],[-697048.409621491911821,-1354839.896076966775581],[-695669.025600830675103,-1356287.438292005099356],[-694497.983248162199743,-1358327.902650899253786],[-693674.823220323887654,-1358809.453664392232895],[-692004.819602386211045,-1358719.363415897125378],[-693351.940669059986249,-1359584.561174687929451],[-694906.340184781001881,-1360075.989952760981396],[-696362.366142361075617,-1360019.569023938849568],[-697386.902366065303795,-1359233.47660526749678],[-698078.608350840047933,-1359200.00928877457045],[-698270.729284170200117,-1360378.463257160969079],[-698591.808280637022108,-1361058.094251175411046],[-699066.78563076176215,-1361196.216709938831627],[-699728.431163551402278,-1360726.761110325809568],[-699697.254638494225219,-1361197.871903090970591],[-699626.34838864824269,-1361592.648618475068361],[-699427.866667943890207,-1361956.784153029788285],[-699048.558739602565765,-1362306.664709942881018],[-699365.013297428726219,-1364004.090448105474934],[-698936.823817576863803,-1370227.471243891399354],[-699158.117179576656781,-1372749.725295699201524],[-696825.928284186753444,-1380264.484939414542168],[-696820.189475611550733,-1382388.487283508293331],[-696995.479036696720868,-1384900.124623974785209],[-696333.420221385313198,-1385761.375378938857466],[-697932.153979793190956,-1385430.82279636268504],[-698125.952316697221249,-1382721.634853144874796],[-699055.390732750878669,-1379378.223957986570895],[-698924.515275983605534,-1382263.780024839797989],[-698643.013396980823018,-1385953.965831325389445],[-697953.949821703368798,-1387936.2965560820885],[-698584.132488308241591,-1389214.479376333998516],[-697931.229749933700077,-1391015.533683662069961],[-696802.565324605908245,-1393060.799961381126195],[-696023.453353961464018,-1395061.611405650386587],[-694367.641478111152537,-1402875.664276373339817],[-694105.48176740843337,-1407576.846992992563173],[-693162.295118857407942,-1413348.904326270567253],[-692759.018310604500584,-1414553.363811625633389],[-692029.466426061233506,-1415173.932985697640106],[-691860.300676068291068,-1416551.709987082518637],[-691874.528136048931628,-1419309.044154026079923],[-691283.834397100610659,-1421518.930891906842589],[-690775.656618204666302,-1422239.684814729960635],[-689794.216690082219429,-1423278.198846073122695],[-691420.893415717291646,-1426854.230019386159256],[-687199.020297445240431,-1448680.787125175818801],[-683553.714549419237301,-1449374.642072801943868],[-678571.198280290816911,-1448020.439512538490817],[-673407.195459716953337,-1447416.264890732709318],[-674365.978428761824034,-1448751.983531544683501],[-676118.122633301536553,-1449612.197607190581039],[-677960.022004724945873,-1450061.782720944378525],[-679224.742753048893064,-1450178.074141365475953],[-680212.302344511030242,-1450565.787433054763824],[-681881.152907178038731,-1452532.761866262415424],[-682777.9415520374896,-1453104.680872460827231],[-683632.126321164891124,-1452962.896475660614669],[-686502.640545155154541,-1451386.87387510552071],[-686276.834145779837854,-1452935.051548560382798],[-685510.304202531347983,-1453973.227269892813638],[-684548.329547666129656,-1454905.170881093712524],[-683683.026428804732859,-1456160.371222681831568],[-683466.593527077464387,-1457338.853188895154744],[-683636.698143308400176,-1459796.874371300218627],[-683505.104391325265169,-1460468.100042728940025],[-681991.98062288807705,-1462418.945656319381669],[-681025.683176259044558,-1464436.483438591239974],[-673606.859242770937271,-1486156.484522435581312],[-671372.531271850108169,-1489694.155675384216011],[-670493.518780057318509,-1491514.432324008783326],[-670217.06202249461785,-1493797.0760986674577],[-669904.70025346998591,-1494907.176317502046004],[-669124.231568338349462,-1495719.809473511297256],[-668345.541674299282022,-1496375.133669733535498],[-668003.154188852175139,-1497033.531824411591515],[-667926.955782759236172,-1497947.905412885127589],[-667210.924736729706638,-1500371.340566849568859],[-660586.118257764610462,-1513045.421039318665862],[-659013.865851665963419,-1517308.078674604184926],[-658450.338444275199436,-1519943.109113302780315],[-658359.298208934254944,-1521353.892811631551012],[-658495.77514730184339,-1522763.727868350688368],[-657505.328114378382452,-1521795.000034978147596],[-656824.278376299189404,-1520821.56827159319073],[-655999.080205837730318,-1520081.355198832694441],[-654540.720747563638724,-1519832.252917735371739],[-654575.544616998406127,-1520608.036236966727301],[-655729.734669105499052,-1524415.474373426055536],[-654521.856982161989436,-1529759.721088436199352],[-650847.771327083348297,-1539483.593361002393067],[-650382.673280289163813,-1543569.815058322157711],[-649652.181430601049215,-1545797.375008539995179],[-648066.205766690778546,-1547451.690570854116231],[-648211.555352237541229,-1547028.426202001981437],[-647786.141140438732691,-1546482.290019650477916],[-647110.476031651254743,-1546049.125501082045957],[-646468.595666697132401,-1545966.401124997064471],[-646227.303930102847517,-1546282.727922647725791],[-645830.172061269870028,-1546786.558862066594884],[-645289.039926526835188,-1547333.797267687739804],[-644626.216927843517624,-1547603.884754516417161],[-643943.673737755976617,-1548254.581457480089739],[-640643.803040775237605,-1552438.447348430985585],[-642303.799876241013408,-1548910.32295757625252],[-641798.462249072501436,-1547163.379755192436278],[-637191.494943408644758,-1543970.671855276450515],[-637043.677923960378394,-1544134.557944706175476],[-634972.680343341082335,-1546401.165973780211061],[-634485.175585092743859,-1547561.564005355350673],[-636189.90260644373484,-1547973.693857330828905],[-639937.164119823253714,-1547550.687417196808383],[-640228.843871303717606,-1548380.792598785134032],[-639046.47064629138913,-1550952.089868650073186],[-637792.133168380241841,-1552720.665023948065937],[-636296.021552851540036,-1553971.682381665799767],[-634578.059875319711864,-1554741.198441580170766],[-632639.191269052564166,-1555047.59319045394659],[-631255.439327959436923,-1554690.52311688917689],[-629057.707348147872835,-1552798.166237486293539],[-627552.913008668576367,-1552163.471878214040771],[-628462.032240685191937,-1554004.923466570442542],[-628879.769337004632689,-1555446.066862261388451],[-628511.612965743173845,-1556643.141136132413521],[-627024.01433434849605,-1557693.740530337672681],[-627054.358604744775221,-1558401.228102634195238],[-635228.288883445085958,-1556269.426625761203468],[-637359.005412254133262,-1556593.609060683986172],[-635628.345478480914608,-1560435.486439224332571],[-632983.735640427563339,-1563640.684342590160668],[-632679.640487920492887,-1564840.080645881593227],[-632334.384331074077636,-1565299.862651560455561],[-630422.707271425169893,-1564576.096953483996913],[-629619.73322170751635,-1564582.882606989936903],[-616128.862280381727032,-1580846.355167156783864],[-613525.05888209992554,-1584780.741819711634889],[-608026.93616851279512,-1599860.62999030505307],[-608474.716785671655089,-1601391.578735561575741],[-606470.779641274712048,-1604485.736051337327808],[-605943.630261420621537,-1606567.719173670047894],[-605747.067750134621747,-1608900.700291726505384],[-604941.129591460805386,-1610224.080887241987512],[-603437.685878169373609,-1610842.897993227699772],[-601193.809475974878296,-1611046.392415197333321],[-599572.447751302272081,-1611697.494587203720585],[-598250.412056262255646,-1613180.912408924661577],[-596360.333597892895341,-1616692.541073543950915],[-594735.316566634806804,-1621117.42793985363096],[-593566.320332581293769,-1622794.291668374324217],[-592047.644250164274126,-1622395.973105417797342],[-591328.929677270934917,-1623887.407876066630706],[-591694.864257311681286,-1624782.693068970693275],[-592880.149043786223046,-1625542.798720544669777],[-592761.130254457704723,-1626908.097907242132351],[-592470.986555359559134,-1627667.408184599131346],[-592030.472692003590055,-1628335.275608509546146],[-591496.90281788574066,-1629424.834234391106293],[-582351.145381374750286,-1654027.454722011229023],[-577754.86335276986938,-1673080.964052636642009],[-576500.359517856617458,-1682610.826106401160359],[-574807.036002493812703,-1687311.525791329564527],[-571428.470995433744974,-1688931.995023238006979],[-572022.489685801556334,-1689537.247076780069619],[-573472.837542269495316,-1690625.835465845186263],[-573835.087688997969963,-1691184.219049118692055],[-573769.810162172070704,-1692345.699011239456013],[-573253.216152160079218,-1693264.10960755078122],[-572694.917656385223381,-1694058.470195024041459],[-572430.169269430451095,-1694827.480955008417368],[-572014.675366322509944,-1696933.724347084295005],[-565701.989225399680436,-1710969.366132911061868],[-564922.186258366447873,-1715401.060112976934761],[-563775.945449681021273,-1717010.115250905742869],[-560953.096874109935015,-1719880.274180389475077],[-560135.425210374058224,-1721663.187319169519469],[-559090.889463891042396,-1726721.464527642354369],[-558975.988787388661876,-1729051.440852957312018],[-558487.587781279115006,-1731022.836756395641714],[-554611.797718741232529,-1736683.332375456113368],[-553146.652960979379714,-1741447.312962003285065],[-551506.509859791724011,-1750966.683531010523438],[-549982.478815929149278,-1755711.748856241581962],[-549210.817300718510523,-1757336.021425264654681],[-548119.052238432341255,-1758808.878352561965585],[-546605.078689065063372,-1759368.729646735358983],[-544567.370931484969333,-1758258.580707389628515],[-543612.574952571187168,-1756422.691696605877951],[-543719.220700820442289,-1754291.390428448095918],[-545052.424333857838064,-1750337.978065728442743],[-543775.549767278484069,-1751042.600206265924498],[-543013.245391318341717,-1752176.081332887057215],[-542021.53736944810953,-1754367.590575244743377],[-541459.227822347660549,-1754406.811591077363119],[-540696.345766949700192,-1754014.816313521005213],[-540027.602698532631621,-1753922.581829329021275],[-539783.827897725859657,-1754841.155242723412812],[-539924.123620880185626,-1755647.79439021483995],[-540451.609708394738846,-1756426.345682105049491],[-540590.422714867861941,-1757191.095591558143497],[-542030.982655873638578,-1758668.844579137861729],[-547432.072380031109788,-1761484.717010399093851],[-547469.081453437916934,-1763238.024993012426421],[-546737.349785324302502,-1764459.768926679622382],[-546738.904887823737226,-1765505.155485679628327],[-547225.696373709943146,-1767167.46788472449407],[-547152.659304218133911,-1768948.571254286216572],[-543835.097469956963323,-1778384.71487646875903],[-542394.058302467223257,-1781253.370528867933899],[-540800.414689288474619,-1782745.279252890031785],[-541595.942394110723399,-1780694.088618927868083],[-541971.36701041017659,-1778298.801462009781972],[-542025.419950692798011,-1773697.743707987014204],[-542585.958907354623079,-1771819.180057141231373],[-543643.031605307362042,-1769861.851413532160223],[-544249.729794345330447,-1767739.081535994308069],[-543274.272617101669312,-1765352.474486401304603],[-542501.758770560612902,-1767747.119291005423293],[-541990.466146576916799,-1768690.014683892251924],[-541036.716850250144489,-1769425.01196004753001],[-540044.195294538512826,-1769605.890374263748527],[-539144.067986797308549,-1775894.383665183093399],[-537048.853265733807348,-1777329.091498328838497],[-537657.002187632140703,-1779553.09586340142414],[-536808.158380081644282,-1783983.062374887987971],[-535087.026827450841665,-1787099.890097377123311],[-533061.763286547502503,-1785379.116662001470104],[-532063.410692714736797,-1786979.661078040255234],[-527851.909090403234586,-1791479.002372781047598],[-527399.703432206064463,-1793354.494865428190678],[-525072.586318463901989,-1797768.329674646491185],[-524185.482413154561073,-1799944.598020507255569],[-523989.36632343265228,-1802269.574187850579619],[-524624.29366686148569,-1803448.356843260116875],[-525487.203932237694971,-1804516.285206587286666],[-525975.111560004530475,-1806513.686558195622638],[-525822.71462907991372,-1807711.119875421281904],[-524903.472180091659538,-1809781.887180078076199],[-524572.444766868720762,-1810915.632390237879008],[-524537.808889420120977,-1812300.804400514112785],[-524917.393071206053719,-1814382.19097622227855],[-524738.315191053901799,-1815618.338240534532815],[-523747.632747654803097,-1815152.892760042566806],[-522946.01326776255155,-1816368.866062076762319],[-522497.859547352534719,-1818404.891133691184223],[-522629.717484078952111,-1823746.389021437615156],[-522197.802585168392397,-1826254.933454938000068],[-522270.312258043093607,-1828586.954462996916845],[-523818.714792094717268,-1831419.509326635161415],[-522680.60215707187308,-1832339.214031192474067],[-521452.297916576673742,-1833074.833408850245178],[-519109.884734819177538,-1832234.805086760083213],[-517078.26616532925982,-1833115.014343971153721],[-515096.394459872622974,-1834634.361853462643921],[-512978.346800155937672,-1835718.292098463745788],[-516090.849460974161047,-1839205.25781515869312],[-518177.177769865025766,-1839872.40785984066315],[-520864.746894523792434,-1838589.80509799416177],[-521932.369819784769788,-1838823.923498799558729],[-527491.948935413151048,-1837570.320916869677603],[-529666.154894776409492,-1836777.071888509439304],[-530079.590468929382041,-1835077.474486041348428],[-527481.053739301278256,-1824936.555383323691785],[-526712.451461030519567,-1823420.047332388581708],[-525819.646132469410077,-1822062.348869692301378],[-525099.515641627367586,-1820595.690610321238637],[-524848.858265023096465,-1818752.420541335362941],[-526709.601724694250152,-1816783.251054993132129],[-527665.96917683025822,-1814443.936744465958327],[-528451.707168178167194,-1808356.550817357841879],[-528461.454110193415545,-1806804.166515878634527],[-528093.706078791525215,-1804283.695965188322589],[-528256.760921748471446,-1802871.013533856486902],[-528904.508200790267438,-1801272.917175129288808],[-530574.158791354391724,-1798185.07062349608168],[-531051.327713993494399,-1796495.119648115709424],[-532523.406357839121483,-1797489.15707462374121],[-532142.614801199990325,-1799278.592636035289615],[-529738.28807707678061,-1802818.288766952231526],[-530829.803840624401346,-1805864.34647909225896],[-529973.465443504159339,-1813061.97921252110973],[-530215.534188284887932,-1816209.777240305906162],[-531049.641730094095692,-1816180.027889076154679],[-533237.473664899123833,-1797500.932915194891393],[-533754.42426730482839,-1795379.612354676472023],[-535096.000646566739306,-1796350.005511177936569],[-534294.976748356712051,-1798042.40476090926677],[-534866.796753816655837,-1798993.861472214572132],[-536040.436727069318295,-1799409.562360330950469],[-537072.055600656196475,-1799484.478019972564653],[-536633.222500904928893,-1798883.445439904229715],[-536144.252062840620056,-1797405.68084715725854],[-535985.862444035243243,-1795584.30949088325724],[-536483.023749013314955,-1793954.341087741777301],[-537180.770956058404408,-1795569.190113949822262],[-537345.080861466820352,-1796268.8364008651115],[-538517.042711889836937,-1795618.942548620980233],[-539193.605314742540941,-1794599.130294859874994],[-539480.500342456856743,-1793313.139635098632425],[-539519.818597983219661,-1791844.647304051322863],[-538896.782563025830314,-1791526.208589364308864],[-536261.871186610776931,-1792448.520804372848943],[-535633.669190647779033,-1791985.294419132638723],[-536272.831857905490324,-1789673.055105939740315],[-537900.289168395334855,-1787035.613499792991206],[-539903.166317073511891,-1785570.964503987226635],[-541667.00069604953751,-1786702.496127106249332],[-541278.628654432483017,-1788244.158903062576428],[-540729.144090365618467,-1793506.030536745442078],[-540039.826713489717804,-1794680.535076611209661],[-537600.137213351204991,-1803321.274541673017666],[-535973.419877883861773,-1820713.200213958509266],[-536773.167879467830062,-1823584.57208428462036],[-534986.879293182049878,-1839774.572242854628712],[-529833.020920738810673,-1859271.007616670569405],[-521465.43936461256817,-1880299.826182233402506],[-520758.046394366945606,-1880324.497112209443003],[-520923.469740543107037,-1878654.283154324628413],[-524131.623130999389105,-1869705.977734806016088],[-524255.981507522752509,-1868473.722667627735063],[-522700.061615672544576,-1868715.735444065649062],[-521103.436844516487326,-1872596.022024025209248],[-519169.597757155948784,-1879667.09713518479839],[-518406.390276922436897,-1879693.597070922143757],[-518157.239072915632278,-1878689.52816771180369],[-517870.947706314036623,-1878225.933373601408675],[-516761.264318546745926,-1877392.355571761028841],[-517667.479319290083367,-1882035.484074564184994],[-517688.647934487788007,-1883722.861682008951902],[-518545.160314184497111,-1883693.168507106835023],[-518606.40272173640551,-1882771.944007302168757],[-518775.030023977684323,-1882259.66376317688264],[-519002.912872154498473,-1881843.803211990511045],[-519221.669699801655952,-1881165.683776644058526],[-519538.684965489723254,-1883850.929367447039112],[-516479.009571361530107,-1890799.782454716740176],[-515362.956652632157784,-1894675.620187151944265],[-513877.4275936493068,-1897049.129842035472393],[-513578.184756565489806,-1898387.261745017021894],[-513509.156011400278658,-1899909.952757158316672],[-513162.730223735561594,-1901780.141134969890118],[-512464.377945472311694,-1903460.712645345600322],[-511348.655945435573813,-1904404.678866465808824],[-511694.445651212183293,-1902234.011978323105723],[-511132.960971379594412,-1900549.730858265655115],[-509846.864249153237324,-1899228.111605168553069],[-508000.187033852213062,-1898150.733230948448181],[-508507.54870708368253,-1899902.468698495766148],[-508922.26478580472758,-1900573.470455434173346],[-509750.008237554342486,-1901314.885461120400578],[-508948.442761069512926,-1902989.369167323922738],[-508065.699530901620165,-1901728.818574735661969],[-506696.330714608775452,-1898218.412599319126457],[-505990.999582382966764,-1897500.95559075451456],[-503322.508447102678474,-1898876.584146334789693],[-501709.737382181570865,-1899193.515504127833992],[-500970.903930742060766,-1898026.499215491116047],[-500337.049885163840372,-1897484.690871134400368],[-498945.968845997296739,-1896893.080912013771012],[-497351.132259839912876,-1896622.471836757147685],[-496152.386276732955594,-1897042.300213357200846],[-496181.299085719394498,-1897914.000682459678501],[-497569.39349264575867,-1898416.844640654046088],[-499251.738637320464477,-1898787.766056355088949],[-500144.988025492231827,-1899274.060297563904896],[-499455.404471509391442,-1899578.62707817228511],[-498140.815423424472101,-1900448.292454238515347],[-497171.882418107357807,-1901334.540266593452543],[-497558.122502673475537,-1901725.260717043885961],[-503748.768321554816794,-1900729.776036661118269],[-504914.645518053846899,-1901267.66346955508925],[-506219.102819746010937,-1902589.184842731803656],[-507223.772377124172635,-1904146.117634162772447],[-507462.304868812439963,-1905400.546460521640256],[-506445.116125923232175,-1906786.761255667544901],[-505042.040550677163992,-1906702.74329830496572],[-503475.920315794995986,-1906211.041361097479239],[-501948.049992245389149,-1906299.905243495944887],[-503207.815447520231828,-1907121.242113758111373],[-505390.593446350190789,-1908178.932938115904108],[-507456.587409615109209,-1908536.201637711375952],[-508997.728173507202882,-1906085.30072541651316],[-510260.442659645166714,-1906159.648888377007097],[-510782.035397798987105,-1907493.682039631530643],[-509189.053878611011896,-1910064.04597107716836],[-499615.94266041420633,-1918659.476932128658518],[-497879.325434417114593,-1920938.606668131425977],[-494056.534737359033898,-1927983.980966898845509],[-490086.806861758464947,-1931792.932718636468053],[-488979.45861445722403,-1934535.576143549522385],[-481020.015033258416224,-1944409.062954667257145],[-479668.435915811976884,-1948086.409184320131317],[-473685.595525761542376,-1953951.920117480680346],[-464624.436249394610059,-1967646.219071157742292],[-460924.863936110283248,-1971990.657893448602408],[-448033.710600786667783,-1981973.470230951439589],[-445961.705599133507349,-1983584.052152453223243],[-435138.355780883866828,-1994016.699044092558324],[-433593.645852399233263,-1995135.263908785767853],[-430848.958508151234128,-1995991.31702591991052],[-428149.632374893350061,-1997792.511229545576498],[-427260.910575027344748,-1998566.829397848807275],[-425709.367567364824936,-2000476.496612299000844],[-424912.817735236603767,-2000866.49881142238155],[-409576.290534525061958,-2005956.268487190594897],[-402553.39773688511923,-2007474.493307767203078],[-396263.021525395684876,-2006887.197696396615356],[-396653.426928632310592,-2003163.734239739133045],[-392638.353564949007705,-2000442.043172613251954],[-386987.17439003783511,-1998652.114298827480525],[-374410.627747788850684,-1996873.90339806326665],[-372559.316017833654769,-1996024.908673052908853],[-369565.020614052540623,-1992189.781940963352099],[-368064.384637716575526,-1990682.009923117700964],[-345448.419275115244091,-1977769.474812576547265],[-340909.615437700762413,-1976023.739806732395664],[-338935.139272201573476,-1975743.70186208980158],[-338123.649176172853913,-1974665.654956032754853],[-336004.871262120606843,-1967920.014750257367268],[-335140.240734858671203,-1966951.568191008176655],[-331919.89502752374392,-1964060.052441752515733],[-330889.391713477496523,-1962766.024129309924319],[-330291.821903729054611,-1961565.943403265438974],[-328407.38647734868573,-1949469.122739951824769],[-329110.040592833072878,-1945675.386512257624418],[-331430.751405665068887,-1941917.046846251236275],[-328215.658660953515209,-1941987.724270497681573],[-328858.32271293445956,-1940592.393949341727421],[-328401.298034981417004,-1939362.163421930279583],[-326692.040848043863662,-1937290.292114986106753],[-325492.308835755800828,-1934127.119969384744763],[-324970.073224568914156,-1933316.544998953817412],[-322952.367399362847209,-1932054.551541855791584],[-320858.182955069758464,-1931132.114571336889639],[-319614.231402742152568,-1929759.318707773927599],[-320127.651747421419714,-1927114.21352481120266],[-321294.05489747505635,-1929235.060198513325304],[-322649.271241299866233,-1929694.304590276442468],[-324137.957601190602873,-1929840.629577],[-325704.937629404535983,-1931008.821560028241947],[-324734.380552161426749,-1928907.365824028849602],[-324211.234727636096068,-1926317.473212590441108],[-323653.051903540559579,-1918640.28105886420235],[-323053.286634930816945,-1916804.054111699573696],[-318907.945683113124687,-1909760.431860445532948],[-316306.422949072322808,-1906747.467447366099805],[-300270.76255493122153,-1894181.135812954744324],[-296250.884133228217252,-1891682.84274810156785],[-291891.075281437661033,-1889837.276009201072156],[-287756.175943825219292,-1888970.58800745732151],[-272505.299655348353554,-1887447.174340608995408],[-270671.613882143923547,-1887011.815089531475678],[-269037.162195564014837,-1886253.972292937338352],[-268308.547075581212994,-1885100.154993281001225],[-267568.720455282542389,-1883313.953952925512567],[-265841.489673488016706,-1882543.499814295209944],[-259942.150680582504719,-1882267.737695566145703],[-258451.321205449174158,-1881675.099018996115774],[-257151.329877153155394,-1880802.610234496183693],[-256034.993785566824954,-1879772.289015099639073],[-254238.297054848197149,-1878687.937957595800981],[-249865.31862065376481,-1877721.693520506378263],[-246569.310513646749314,-1875986.987319422420114],[-244587.193719057599083,-1875443.413232977734879],[-240632.985470117535442,-1874950.229941717581823],[-239609.944819216005271,-1874994.7807475135196],[-238830.987983755883761,-1875171.198415215825662],[-238013.152967117523076,-1875245.145728351781145],[-236808.843755667738151,-1875011.348535807104781],[-234489.789781972533092,-1873127.566133537329733],[-233588.833469855133444,-1872640.541191600030288],[-229908.077070070576156,-1872304.246442883741111],[-225711.051432265609037,-1872888.135317838052288],[-221717.014149891620036,-1874001.776509731309488],[-218720.72665948382928,-1875287.167389346286654],[-217403.041675391548779,-1874912.956914257025346],[-213887.433102936134674,-1875066.757987856166437],[-209745.884145236137556,-1873064.686887824907899],[-207610.031421841646079,-1873375.537973101017997],[-205683.288911009993171,-1874011.05697302473709],[-203858.321370210091118,-1873933.03901349240914],[-202105.419328927033348,-1875052.840162355685607],[-195222.128297250397736,-1876015.583344305166975],[-187468.340108960081125,-1880358.88519551535137],[-180339.563219993899111,-1886706.198687992990017],[-178487.833595367119415,-1887618.765114282956347],[-176950.179761414678069,-1886756.076440346427262],[-178686.251166374247987,-1884739.306015651440248],[-186656.810151225276059,-1878738.819099181098863],[-188284.813753608294064,-1877186.640176256420091],[-188978.372184799227398,-1876095.87890138477087],[-189212.120240780524909,-1875446.551383232232183],[-189735.175213509559399,-1874863.819892592029646],[-190283.595703719562152,-1874084.052297717425972],[-190500.604045075393515,-1872858.921886292286217],[-190138.501275437505683,-1871458.597846602555364],[-189456.261099762137746,-1870483.861694460036233],[-189082.526844676904147,-1869622.297556893900037],[-189599.07688836811576,-1868543.449813247658312],[-191987.578582780464785,-1867656.058188534341753],[-194626.141501957114087,-1868848.679633766645566],[-197319.68035314255394,-1870648.943513320991769],[-199853.055692526657367,-1871556.531227297382429],[-215411.246844608365791,-1871026.438410917995498],[-220066.220133663795423,-1869965.765048889676109],[-224021.622356726555154,-1868202.420411515049636],[-233056.078893015452195,-1859978.573794801020995],[-236001.103455105912872,-1856309.407050247304142],[-238006.27979584140121,-1852070.256413745228201],[-238199.525435616349569,-1849624.562361521180719],[-236752.961547315790085,-1845123.349628269672394],[-235959.778831651696237,-1839611.595474342349917],[-235140.129619158629794,-1837094.353421036154032],[-234056.790393303643214,-1834908.812583562219515],[-232972.601181738253217,-1833242.428879437735304],[-232360.164868197345641,-1832653.489132339600474],[-231120.146841908426723,-1831686.21554547175765],[-230598.085775650164578,-1830932.200947622768581],[-230244.237762820004718,-1829651.966810799203813],[-230273.704991742648417,-1828557.543081105686724],[-230147.226943353307433,-1827577.77406041463837],[-223396.171739274752326,-1818487.086040477268398],[-218897.1240684488439,-1814540.191119389142841],[-217010.022023671772331,-1812255.206480490742251],[-216201.338517691474408,-1809538.824865486240014],[-215888.855757731973426,-1809076.244616542709991],[-213826.986117470398312,-1806798.597019810695201],[-211426.141365696676075,-1802134.653811670141295],[-204643.809926224319497,-1793153.185393597697839],[-199991.840070233040024,-1788595.599037474254146],[-195596.593504642369226,-1785755.996405950980261],[-198398.507087878446328,-1783604.921822303906083],[-199470.187013115966693,-1780072.456303952960297],[-200143.217189434857573,-1772385.000245514325798],[-200249.920638578478247,-1770704.515449665253982],[-199813.787585437588859,-1769199.353262077318504],[-198856.946000545081915,-1768130.288386695785448],[-197299.391337352135452,-1767731.392931617097929],[-196469.701961423183093,-1767173.494319882709533],[-196285.655088660540059,-1765832.972155002178624],[-196310.911166289326502,-1764251.954012002330273],[-196072.426818188367179,-1762982.242167135700583],[-194465.64735905895941,-1760896.091827524825931],[-192309.986009907152038,-1759171.36609796481207],[-185586.534369350178167,-1755388.209903874667361],[-183096.324795294203795,-1753331.181947434321046],[-181659.532729184633354,-1752831.554973824415356],[-180095.803603576117894,-1753270.090142138069496],[-177241.350403318356257,-1754614.15023739147],[-174695.708896219031885,-1754788.867304941406474],[-168814.831646016362356,-1753906.266854535555467],[-166452.937535948323784,-1753177.992244128137827],[-166444.141863827855559,-1752395.152954123681411],[-166848.700340417068219,-1751439.923638491891325],[-162413.319478721910855,-1751768.824689498869702],[-160225.896806051780004,-1750897.91695257066749],[-157946.942672255187063,-1751803.140186653239653],[-158306.062040663760854,-1752591.53954201657325],[-161735.666041348391445,-1753943.29388125333935],[-162724.712955680326559,-1754072.280239056330174],[-163665.675403962668497,-1754024.630990928970277],[-164250.623748415906448,-1754335.077619648771361],[-164153.295054713293212,-1755547.94567724945955],[-163715.400071610085433,-1756018.878639523172751],[-162941.995743096544174,-1756204.519193154526874],[-161060.493810268992092,-1756364.918202235363424],[-140720.132841384358471,-1760883.747769297333434],[-139275.997923282062402,-1760501.146436111768708],[-139124.63651014995412,-1759132.087793006561697],[-140786.386310081405099,-1758137.525425837608054],[-143972.942433896037983,-1757323.840259256307036],[-147056.156319479865488,-1757293.564576170640066],[-148068.60423710689065,-1756985.175977471051738],[-149205.079574306670111,-1756162.771498238202184],[-150141.958862648782087,-1755696.546319715213031],[-151779.821009256149409,-1755181.159023439977318],[-153511.990586890722625,-1754869.690689425449818],[-155338.436001321941148,-1754752.780622066464275],[-157185.489311919955071,-1754840.495797146810219],[-156355.624398233223474,-1753176.151232248172164],[-155002.932995429524453,-1752682.391940273577347],[-140969.450181235471973,-1755059.582126017659903],[-138379.968000258901156,-1756510.183680720627308],[-138568.867260057799285,-1758941.51763512310572],[-136701.221819423895795,-1759662.732378276297823],[-134482.086495894647669,-1759319.443458957364783],[-132241.348440895235399,-1758612.441588056506589],[-130308.377739770701737,-1758233.361291094217449],[-129687.987135802672128,-1756970.998299336992204],[-128799.784596266094013,-1747192.680817600572482],[-129097.684827122124261,-1727419.701125523075461],[-130116.203614140860736,-1722760.306052672676742],[-129998.074835234030616,-1704112.004114911193028],[-130228.312563968342147,-1697887.195484737399966],[-130839.788592681696173,-1681829.364958288846537],[-130130.213705067391857,-1678443.24997922941111],[-129478.606184456759365,-1675349.742955739842728],[-128976.868155906311586,-1657903.82914849021472],[-131163.372079103020951,-1646019.026643438031897],[-131303.673335901257815,-1637108.173760794568807],[-131647.416021534823813,-1636636.498066860483959],[-132342.687624336336739,-1636565.300369338365272],[-135351.164916431473102,-1635127.510549445869401],[-137654.025835155887762,-1634656.109596123220399],[-139581.549846174748382,-1635166.81041999720037],[-140424.920074292080244,-1637190.89213172881864],[-141547.400509898317978,-1637741.536578122293577],[-146730.080425571301021,-1641361.065516037866473],[-148221.828154702816391,-1642139.632739128544927],[-148991.220678407145897,-1642131.856703320983797],[-148066.35206384837511,-1640345.349114061100408],[-141696.629213846899802,-1634223.352673266315833],[-140626.804649887664709,-1633407.863507374422625],[-139614.796323880029377,-1632884.026801701867953],[-138431.219292845955351,-1632602.97131334268488],[-137672.087292968295515,-1632675.048124706372619],[-136923.052769814152271,-1632849.048486099112779],[-133819.962749004480429,-1632877.6354486560449],[-132801.222434486611746,-1632589.987353024771437],[-132498.48118139419239,-1631502.604068062966689],[-133039.724408796639182,-1625570.099718538345769],[-133854.52249009089428,-1624616.623581935185939],[-135691.103378726751544,-1624353.981165677541867],[-135175.110002805682598,-1624952.345399494981393],[-135007.678092858026503,-1625649.533460245933384],[-135216.644168259750586,-1626482.412342815892771],[-135719.896572542085778,-1627470.290264562238008],[-136506.822061574843246,-1627462.99837192078121],[-137051.065736639196984,-1623024.334782406687737],[-139608.59542505085119,-1614909.380320998374373],[-140167.495782198035158,-1610245.354610789567232],[-139898.982008136314107,-1607967.529309296049178],[-138817.053645418636734,-1603732.712392167421058],[-138363.627992178895511,-1599251.625016624573618],[-136152.8912279632641,-1588395.54386110114865],[-135366.453444037673762,-1586253.921502069337294],[-134181.019570052769268,-1585352.518685743911192],[-132180.137357801082544,-1575976.127285642316565],[-129362.395968268203433,-1569789.371355561539531],[-128830.146719766606111,-1567313.382590075489134],[-128734.946094762402936,-1566851.430541682522744],[-127682.62499346693221,-1565314.990195256192237],[-127431.411826021008892,-1564720.226018853252754],[-127543.896287632043823,-1560901.807905535679311],[-127387.755636381509248,-1559709.45787394954823],[-126443.606008495466085,-1557968.819352881750092],[-123408.218168561623315,-1554432.657330370973796],[-119936.884387700003572,-1547514.443785728886724],[-119246.118274535867386,-1546511.937004162697122],[-117667.306646018041647,-1544832.219712915597484],[-111158.170610318105901,-1534868.898850910831243],[-114676.10781857134134,-1537042.132422690046951],[-116994.01287095277803,-1538026.943165571661666],[-118026.870708946415107,-1537533.204678492853418],[-117088.242367288607056,-1536167.747945324983448],[-111145.815400898296502,-1533246.504505464807153],[-108828.300310843333136,-1530939.026705356081948],[-105238.28820380657271,-1524749.494487197138369],[-104972.357636481814552,-1524414.082423748448491],[-104533.575471251271665,-1524047.563247002195567],[-101906.091242684080498,-1522527.457425401546061],[-100916.094331988249905,-1521259.084833359578624],[-98533.607211725859088,-1516881.720694343326613],[-98049.255885427817702,-1515083.363417300628498],[-94129.65769361241837,-1508559.634712940081954],[-91447.069746546534589,-1501982.452055574394763],[-91028.751323011761997,-1500373.674250300740823],[-90823.886804909547209,-1498071.130428923061118],[-89521.619775371611468,-1492793.55193383153528],[-88683.835003052998218,-1490707.766627934062853],[-86625.390356051982963,-1487563.305942344246432],[-85890.284819722321117,-1485864.761531549273059],[-85313.542048283838085,-1481784.356829251395538],[-83268.867194408201613,-1475955.277372519718483],[-81945.417248800338712,-1467706.246063155354932],[-81216.470660871054861,-1453896.067229838110507],[-79652.542455180664547,-1445737.180042695952579],[-79285.477728694328107,-1441412.01347038615495],[-78846.189958201968693,-1440377.636034451192245],[-76811.059466672959388,-1438204.540899652522057],[-76163.950424868802656,-1437102.182656131917611],[-76877.584959342566435,-1433716.844126930693164],[-76898.41702968282334,-1432537.417247837642208],[-76120.123852094708127,-1430477.831462418893352],[-74955.181304217723664,-1428664.467164034023881],[-73997.123533897873131,-1426656.621861939318478],[-73830.409457961490261,-1424050.739535364788026],[-75601.506506177887786,-1424515.958408894715831],[-76098.980587818441563,-1424734.41432148613967],[-75611.332643875197391,-1422940.895474496530369],[-75402.064168462107773,-1420874.329800667241216],[-74970.362039268075023,-1421134.444880462484434],[-73817.875972377602011,-1421591.649130087113008],[-73567.183969733247068,-1418420.259788002353162],[-72510.388337345735636,-1412734.947494632564485],[-72242.20680369179172,-1409587.545028286287561],[-72650.914429126336472,-1406602.771180976647884],[-73737.798276260989951,-1402344.61391270859167],[-74502.564167621589149,-1400380.247092044213787],[-75972.865551953116665,-1400726.942271207924932],[-76137.451086070068413,-1401186.270272493595257],[-76738.146747331004008,-1402329.006807080935687],[-78250.98471718566725,-1400498.506853859638795],[-80280.176828181996825,-1399258.708009982714429],[-81642.242644872560049,-1397981.038987494306639],[-81244.118930500233546,-1396059.907892415998504],[-81874.418801644642372,-1396033.346116567030549],[-82621.795889872548287,-1396006.088158744387329],[-83727.255863293059519,-1395604.025214871391654],[-84641.920541550221969,-1394926.93499746080488],[-85456.410900726172258,-1394075.556537846336141],[-86337.408062400136259,-1393821.870943866902962],[-91180.856546789334971,-1393617.296503722900525],[-93707.575321968761273,-1393049.03341779159382],[-96056.221073239881662,-1392812.777462262427434],[-97430.409059453057125,-1392292.894968342036009],[-98232.402175677998457,-1391059.095619263593107],[-99400.929088077944471,-1388162.089912632247433],[-102890.363119298126549,-1383919.614779338240623],[-104313.195593208016362,-1381563.734618230955675],[-104680.46930063678883,-1378856.865112671162933],[-102165.304929500169237,-1375563.914888213621452],[-100412.145478951235418,-1374362.281721226405352],[-100150.781676537662861,-1372984.684004183392972],[-100087.457221300690435,-1370336.816176778404042],[-99338.900329120602692,-1371302.893243713770062],[-98345.190134037155076,-1371934.991856272565201],[-97468.810429765988374,-1372644.40565268183127],[-97099.329623655779869,-1373860.761194279883057],[-97513.996930611494463,-1376672.104082783451304],[-97127.073125328563037,-1377985.301865152316168],[-95550.088460518134525,-1378920.165661078644916],[-94844.138764567076578,-1375531.097678571240976],[-94775.893236267438624,-1366510.961907297605649],[-93605.835194918094203,-1367649.482055549742654],[-90200.314424297757796,-1372162.905801113229245],[-88714.474913766811369,-1376190.839212212711573],[-83424.023221025796374,-1382085.827325088670477],[-79901.548005427612225,-1391061.649979315698147],[-76721.422704774144222,-1399176.789600166492164],[-75964.743340635191998,-1399180.78435384738259],[-76401.20050845471269,-1394834.803507901728153],[-78749.188235504072509,-1389421.039641203125939],[-81921.450175152931479,-1382094.42774882633239],[-84197.650894897218677,-1374341.809593404876068],[-85328.460186982760206,-1372431.614970712689683],[-86061.341846223731409,-1370179.007033303380013],[-85335.388068122119876,-1367521.475938489194959],[-83317.083879031953984,-1363570.802154922159389],[-82865.746597177858348,-1358526.786382190184668],[-84178.202944661679794,-1354070.724288658937439],[-92153.013922011479735,-1337276.686739881057292],[-93693.476339975371957,-1332779.822809024015442],[-96229.543930511019425,-1319136.121236249106005],[-96464.227342772064731,-1314058.002720538992435],[-95094.336670006407076,-1310042.245645109098405],[-96678.167469987267395,-1308586.141653239261359],[-98277.712085170627688,-1309474.7298761124257],[-100010.106033877280424,-1311413.176005945308134],[-101947.001902145944769,-1313079.297445872332901],[-104467.904569690625067,-1313708.330001610098407],[-104898.051165219731047,-1312521.092728206189349],[-103963.561972291761776,-1310838.999544386519119],[-102301.137069645468728,-1309992.752603692468256],[-102110.688471484711044,-1309649.925095050828531],[-100404.463575233588926,-1307624.463377461303025],[-99219.818647969019366,-1307182.994345486164093],[-95888.441310584326857,-1306953.233625561697409],[-94902.849872337348643,-1305450.135567583376542],[-92401.88820725408732,-1299281.751131445169449],[-90679.148970522772288,-1297063.221221550367773],[-90235.926299896687851,-1292011.164614966604859],[-90483.524402530441876,-1283066.840506286825985],[-89094.339892483549193,-1276656.535632826620713],[-88864.689317074618884,-1274191.550106562674046],[-88619.662479144273675,-1273560.447385054081678],[-88213.785796997020952,-1272907.42258020513691],[-88111.420026322259218,-1272234.200608189916238],[-88848.180427833212889,-1271528.310750151053071],[-89607.194811412351555,-1271537.337309572612867],[-92236.088167268739198,-1272125.74070677603595],[-93352.743094392222702,-1272201.0233849727083],[-94151.745237435708987,-1271494.453753806883469],[-92056.251556331306347,-1270540.877361657097936],[-91087.72067092153884,-1269868.675105436006561],[-90395.240724348986987,-1269070.926277403952554],[-90109.42346890445333,-1267628.933290036628023],[-90637.338009878687444,-1266415.613909559557214],[-91423.333004090905888,-1265099.845043091103435],[-92112.306439487685566,-1261209.227615280076861],[-92979.268683220958337,-1260062.593637543497607],[-95563.630133676051628,-1258281.407251998083666],[-96787.26268736225029,-1257182.652183413738385],[-97468.99044422438601,-1256431.166982828173786],[-97738.134279007848818,-1255352.597621237160638],[-98029.928791231010109,-1249775.02158666215837],[-101426.213466555214836,-1232114.116431116359308],[-101364.547459699475439,-1229697.044980127131566],[-102637.9386359257187,-1226016.218050959520042],[-103371.222831658553332,-1221570.553120960947126],[-103476.310053403969505,-1212745.596850492758676],[-100178.254916562713333,-1200232.237582598347217],[-98995.518164769120631,-1189843.645714627811685],[-99202.088292536252993,-1188909.243840651586652],[-95806.174334255512804,-1181611.359954547602683],[-95189.241079008192173,-1179580.839684434933588],[-93703.097360179192037,-1177537.86426740186289],[-90132.393866584956413,-1173976.737569617573172],[-88925.416214372671675,-1172411.78902956075035],[-87096.048993137388607,-1169067.964086674386635],[-85916.077665615113801,-1167447.959272627253085],[-87391.885700154438382,-1166716.819426528643817],[-86973.725239890016383,-1165010.039065029006451],[-85198.912610865314491,-1161666.307907931506634],[-84964.468411804118659,-1159501.630646885139868],[-80139.474601135982084,-1147504.232981431763619],[-78335.338185196291306,-1144581.623466911260039],[-69594.923900267356657,-1136191.27235298184678],[-65922.347258035704726,-1133829.558184903813526],[-61247.890751666527649,-1132585.586874607019126],[-60245.835245206784748,-1131904.923814612673596],[-58505.823260045006464,-1130199.877970100613311],[-57672.530667009137687,-1129641.662812977330759],[-56964.747703091954463,-1129502.974899664986879],[-56195.441988742342801,-1129451.250044354004785],[-55195.271274135688145,-1129135.556391693651676],[-51493.012636135870707,-1127167.896084032254294],[-49773.926510830104235,-1125923.041523188585415],[-48443.350708385252801,-1124494.081637273309752],[-47701.044522124779178,-1124496.597079154103994],[-46574.377149358944735,-1125860.856479253387079],[-45141.282959485753963,-1125436.327659794595093],[-43423.469022853692877,-1124355.112166600767523],[-41433.38111694737745,-1123749.307375948876143],[-36608.158913321465661,-1123575.403161529684439],[-36871.910094103302981,-1123058.845983870793134],[-36578.365098291069444,-1122301.785527052823454],[-35807.684304614478606,-1121518.556215630844235],[-35145.197034642224025,-1121579.559016288490966],[-34474.789811721857404,-1122019.451867878902704],[-33609.598479750464321,-1122309.130885301623493],[-28627.008580542311392,-1122667.013913577888161],[-26047.8984671459948,-1123192.417730021290481],[-24308.847440003071824,-1124172.476406667847186],[-21426.307261681580712,-1128870.580815455177799],[-20822.704158452957927,-1133191.057644121581689],[-20969.849066562081134,-1143018.999081898480654],[-19561.311672305160755,-1141842.593275370774791],[-18452.311854409254011,-1139514.758412412600592],[-15674.103633622375128,-1131092.621936897048727],[-11927.477375668515378,-1122955.667367871617898],[-11314.142410548574844,-1118382.110892402008176],[-11796.024137122070897,-1113643.885207902640104],[-13522.557479106897517,-1109251.913067499408498],[-12711.026624674559571,-1109918.955786261474714],[-12393.493703308800832,-1110229.568446594057605],[-12040.842966682392216,-1110786.649675686378032],[-11228.019081164213276,-1110020.60939610353671],[-11686.113430180566866,-1108856.515123236458749],[-11226.196791012380345,-1107720.577822933206335],[-10196.014270716979809,-1111226.222206774167717],[-9879.459286665489344,-1113061.148770461790264],[-9748.367278033834737,-1115032.95537781342864],[-10567.100953368455521,-1123454.355701104970649],[-10391.979519580372653,-1125645.868960781721398],[-9774.778219048019309,-1127732.802310512168333],[-8511.749322365973057,-1129313.400038258638233],[-6443.479894153364512,-1129944.59505375334993],[-5488.941991834713008,-1130520.318629689980298],[-2280.196989003194176,-1133265.510391918942332],[-1272.281313345531544,-1134635.583155226893723],[-449.879304267151042,-1135407.390940897865221],[514.116016310310897,-1136060.426810354692861],[1363.165067737356594,-1136138.005332269473001],[2070.59973123184227,-1135425.513786355964839],[2088.151574612568311,-1134503.056303447578102],[1362.797212638337896,-1132306.694528134306893],[956.028006261436531,-1131649.186976076802239],[319.425848606466104,-1130813.606973058544099],[-175.652202152309144,-1129754.284498630324379],[-122.599022380470714,-1128402.774741773260757],[2917.372297957055707,-1124576.494771200465038],[4701.958902242277873,-1123087.728520200354978],[9577.433701310685137,-1120044.96238799393177],[14660.682230350854297,-1114960.262328489450738],[16249.866306957081179,-1114607.082928153220564],[16865.905692270920554,-1112826.355939441360533],[16920.612092809493333,-1106879.823711961507797],[17562.330843446728977,-1104798.218777328496799],[19516.832427682769776,-1101469.306779702194035],[20619.972052746230474,-1095623.34203740558587],[23668.801183227482397,-1088826.269315895158798],[24938.216812433322048,-1083875.416161906905472],[27513.995259801875363,-1080764.916055771056563],[28100.387046008498146,-1078821.095950895920396],[27709.916305311668111,-1077344.407553900033236],[27038.567219798143924,-1076315.165918649174273],[26895.712579285922402,-1075294.04269380797632],[28090.573436237060378,-1073882.781735294731334],[34332.969720252869593,-1069970.732740806648508],[35864.046059145526669,-1069711.618024248629808],[37341.792597205690981,-1069279.23423977335915],[38899.623691633692943,-1069192.968234681058675],[40644.727117940325115,-1069953.988620941527188],[41856.46243093098019,-1068910.975439847912639],[43148.403452916085371,-1068250.591636932222173],[44495.143518703829614,-1068260.09180762199685],[45871.458753970575344,-1069245.001505580265075],[46323.333390218103887,-1070141.678162739612162],[46096.995241371078009,-1070922.047393774613738],[45562.767811171652284,-1071790.051734374603257],[45082.407968292762234,-1073004.403453057864681],[51423.206949766623438,-1070912.789399429224432],[53640.848385285789846,-1070676.58247130876407],[57985.830560738206259,-1071849.408758315024897],[59402.211684044013964,-1071583.641629650024697],[58432.694655767525546,-1069198.642227520700544],[60246.326959083104157,-1069263.97195099433884],[61569.374406348993944,-1069869.195639888057485],[62084.491967004847538,-1070901.890488878590986],[61465.265982387551048,-1072245.053735886700451],[63289.926256338883832,-1072715.746316661359742],[67182.998711671010824,-1072989.587864121887833],[68859.637513473091531,-1073742.970809327671304],[71005.534381993566058,-1073212.559108638437465],[73247.800327660501353,-1074318.230250288033858],[75324.578258797846502,-1075702.611916162772104],[77008.299472871338367,-1075999.053098722593859],[77660.000261689478066,-1075995.488225725945085],[82558.574195332053932,-1074804.969309676904231],[84740.530649129941594,-1073000.100607043365017],[93201.224854558444349,-1068820.61034356476739],[95238.624667162774131,-1068104.922296836506575],[97330.261148795456393,-1067625.646216257242486],[101746.567655460530659,-1067307.315753700211644],[102536.108860040665604,-1066946.007246250053868],[103403.408479488090961,-1065189.080702385399491],[104669.160780371181318,-1064983.732207361375913],[106157.23516040200775,-1065091.15599315892905],[107344.746348420594586,-1065018.359623674536124],[108971.896778672540677,-1063756.817698812577873],[110567.97231931782153,-1061934.676168306730688],[112141.008079915322014,-1060586.672947976738214],[115522.212067702537752,-1060937.759428978897631],[117896.484393761929823,-1059742.101333568105474],[121358.20820279068721,-1057183.03695971169509],[126752.25460711006599,-1054496.665018481900916],[128393.422994056963944,-1054130.893375389045104],[130028.840339642352774,-1053149.713873473461717],[135977.125239636457991,-1047178.375228521879762],[141181.666999770823168,-1045527.804565337835811],[139947.687847167428117,-1044282.456556784105487],[138788.294546190503752,-1042557.880252216709778],[138280.557332259078976,-1040959.039259618381038],[138913.779858283873182,-1040132.699982856400311],[139663.253349350561621,-1040407.779949778923765],[140277.915453460998833,-1042142.179934882093221],[140782.791893711750163,-1042547.225705796736293],[141738.535080067493254,-1042346.283769379835576],[141838.51222195304581,-1041803.06963344255928],[141672.639104759640759,-1041034.720880779321305],[141865.344203487446066,-1040103.315696006291546],[144390.330009074561531,-1034451.189006449887529],[145201.335697369504487,-1031340.629873805912212],[145795.838188142544823,-1025158.039637423702516],[147193.667839636094868,-1019514.412410308141261],[147338.364021555345971,-1014062.128665113588795],[147185.336793277878314,-1008654.623971652821638],[146574.936908837320516,-1005597.047656934824772],[145228.094921435753349,-1003321.165964541141875],[146184.803251291334163,-1006848.513059819699265],[146627.018411303608445,-1010595.450478478567675],[146804.929052803548984,-1014204.304629688384011],[145698.422640449192841,-1015745.775673445896246],[143811.897065868717618,-1014795.275259639136493],[143673.829278754652478,-1015015.252079811878502],[143010.454640536598163,-1015322.53842179721687],[142197.42362268967554,-1015576.665195012115873],[141619.347963357751723,-1015650.79583186795935],[140958.37704250702518,-1015329.575722503243014],[140462.134940045216354,-1014815.439155233558267],[139896.18958099494921,-1014342.96535610826686],[136607.008613842219347,-1013364.429989766096696],[135211.31175979875843,-1011383.616294540464878],[134713.772625930578215,-1008866.061214177287184],[134901.257533208030509,-1006478.661140780313872],[139022.350698510679649,-998690.759539437945932],[139810.171169044275302,-995114.512322546797805],[141122.863147227355512,-993280.874305340228602],[144358.037131285207579,-990276.173084203270264],[147360.913514458516147,-986117.509990353020839],[149204.818534805643139,-984214.178018068196252],[152968.77986970540951,-982717.610528398770839],[154264.08583524057758,-981156.408463164698333],[156039.260267681791447,-977933.691161178401671],[158475.854984507226618,-975276.743675560690463],[184445.41463518893579,-959011.633986941655166],[188682.900998268392868,-957772.793742200010456],[192750.819717555132229,-955052.485911718453281],[197162.357319665927207,-953904.258819388574921],[198927.480654974497156,-952756.094228268018924],[200507.179298778704833,-951483.060855349409394],[202013.081883009697776,-950561.077109661884606],[202608.430555304861628,-951884.832690786570311],[203482.69592296105111,-951963.112160454969853],[208646.728208020445891,-948113.00758290453814],[209427.410259888012661,-947783.069609522470273],[211218.158597775822273,-947292.39474348386284],[211884.055316386657069,-946882.20956558350008],[214058.052418917213799,-944639.410075880819932],[216540.679583721386734,-942650.750033417483792],[220090.027519492839929,-940854.127314088749699],[223797.499164051609114,-938090.34145176562015],[232656.158011151535902,-934695.526833110372536],[235274.716486737423111,-932751.620670823380351],[236665.249903926975094,-931959.958410309161991],[238124.375918203615583,-931621.557979161851108],[239829.205828524252865,-930869.697499285684898],[239260.582334817852825,-929229.433833018993028],[236960.601149289228488,-926232.376526905340143],[240604.154109106602846,-926247.444828417734243],[241476.685051114705857,-925796.081945806508884],[242859.233100196055602,-924604.078703570412472],[245089.36786564879003,-923556.205270793987438],[246130.381535383348819,-922792.569600224611349],[246061.404411938245175,-921843.929658930632286],[245398.929222263715928,-921332.933024380123243],[243183.196565001358977,-920180.961793207679875],[240739.260607044067001,-919414.338293060893193],[239942.773889489995781,-918182.871755021740682],[240446.605324504896998,-917088.135716583230533],[242725.673591654427582,-916912.421034614439122],[243604.98987765176571,-917387.902981137158349],[244036.850146895303624,-918175.623996638925746],[244258.870127348607639,-918917.024972934275866],[244525.858682647696696,-919239.557020260370336],[244823.87796215977869,-919343.408348536468111],[245054.457336989726173,-919575.681295367190614],[245398.26748956591473,-919805.964919373043813],[246027.347766112943646,-919908.52218989119865],[246641.637192871887237,-919665.928967360639945],[247573.26014796452364,-918649.681426719762385],[248196.25725530134514,-918411.414641466457397],[250545.20328344925656,-916778.997699357219972],[256938.191180941998027,-909174.533644859329797],[258538.136490408942336,-906718.797871077083983],[259280.23696810787078,-903088.653963586082682],[259874.112060803658096,-901333.120628930162638],[262175.315354520455003,-899700.117480635875836],[262077.265506433119299,-897721.365312861977145],[261668.798016921908129,-895421.467517792596482],[261948.211166263296036,-893626.578388333087787],[263152.094133285863791,-895211.886044178623706],[263451.685845277504995,-895878.503463929751888],[264234.196413113910239,-895863.711390274344012],[265664.281881120812614,-894228.579651798238046],[269834.010530129016843,-891287.027313479455188],[270697.219494915567338,-890066.686078308383003],[271168.779308144701645,-889725.970049301511608],[273025.857414388097823,-887773.108539614826441],[273199.445379646029323,-887315.54012648249045],[273665.150052788842004,-886684.204857393284328],[275031.473774586047512,-883682.651559681864455],[275662.355560457683168,-882625.692587514291517],[278983.185756403720006,-879653.30854358477518],[295963.07539492828073,-868764.307557016029023],[327844.465466689260211,-853328.037377166445367],[331578.695240370405372,-850257.435539309401065],[332645.243016623251606,-846269.691631505498663],[333555.242712855164427,-845176.814615786075592],[333917.847207791230176,-844033.515472559607588],[334149.375206338940188,-842847.998498889850453],[334649.125693476526067,-841646.973802166176029],[335578.163676356722135,-840644.350673552020453],[337837.780681335367262,-838778.961789514520206],[339260.323711725010071,-836715.89911162678618],[343667.272836941701826,-833463.031067038187757],[344648.483926006767433,-831818.85614766436629],[349611.158965020149481,-826676.706646300153807],[354120.281048375647515,-822896.669682335457765],[356068.756772303546313,-821254.467156542465091],[353587.500093055248726,-823046.349500504788011],[350619.683764445071574,-825476.211319457856007],[347827.209296468237881,-827343.069696590537205],[345521.745380407257471,-827237.282711999025196],[344250.258279844885692,-826234.432213439140469],[345195.916115400614217,-824577.696691823424771],[345528.344717416388448,-824719.142553698387928],[347941.528857153782155,-824649.812734173494391],[348898.168231637508143,-824485.168692108360119],[349613.017614296753891,-823999.900113370269537],[351459.417757060495205,-822401.731645679450594],[352082.271415795432404,-822050.2394530341262],[354250.458789355878253,-821214.788847539690323],[355968.620437764562666,-819374.379565591225401],[358108.974088531802408,-815808.223902018391527],[363659.908678786363453,-811744.730276502901688],[364583.503424352034926,-810690.853512352681719],[365017.329232692078222,-808774.442104841815308],[366139.878512076684274,-806753.741020991001278],[375787.363900116528384,-795892.549306142143905],[376364.731552827986889,-793614.114327382529154],[384797.844581507903058,-780052.392558533581905],[388374.24581058282638,-778347.659267291193828],[389859.967296242597513,-776569.616235018242151],[391871.719684298790526,-772972.401695458451286],[396113.982942995149642,-767208.219878562842496],[397099.833152997132856,-764310.876270738779567],[399856.957585667085368,-760098.005272726179101],[400018.239280312554911,-759418.062059650197625],[399499.279868573299609,-759052.383498375187628],[398711.649715288891457,-758930.104845222318545],[397988.993158915603999,-758969.061863161623478],[397562.684594876074698,-759425.466130699263886],[395908.547354245616589,-762142.350531360716559],[395335.731048632704187,-761098.220888480660506],[393969.036010620708112,-759709.649117372115143],[393649.896082513965666,-759093.332556646317244],[393713.215619680355303,-757686.647304459125735],[394751.571842473640572,-756034.652555341133848],[394976.916919734736439,-754877.171041013323702],[395492.050560860312544,-753915.334015338914469],[396778.191158671397716,-754911.660893249209039],[398280.62724900507601,-756531.573459650506265],[399443.027443991159089,-757404.386700885370374],[399715.611726154224016,-757296.803879384300672],[401104.557655598444398,-756767.117955073015764],[409350.433633413573261,-745468.481097695650533],[422080.120727098779753,-733568.055923385545611],[429687.901672159845475,-727896.978161140461452],[441029.637510494678281,-716087.918153427308425],[447216.676606042718049,-711096.667050636839122],[451877.424084686441347,-708915.580623023328371],[457137.978765935113188,-704412.469511627219617],[461656.247090281394776,-702187.604176298133098],[470277.233806744217873,-697752.225030215573497],[478227.972161768586375,-693189.954614686896093],[481958.908566101628821,-690718.741194227826782],[456490.33083806122886,-704298.103914843406528],[453583.836266465485096,-704670.420384743134491],[453869.732684195856564,-703968.131193950423039],[453494.311465762904845,-703255.947087167529389],[451957.580566195014399,-701680.801685943966731],[452529.683942009520251,-701852.193084590137005],[453557.555314798664767,-702049.305650896276347],[454158.104142047464848,-702301.205558720044792],[454307.136702822113875,-700575.520083632902242],[455045.492133048304822,-699545.856048155226745],[455896.84278936201008,-699599.185684704687446],[456333.58928464789642,-701124.325928975944407],[457069.341730884800199,-702087.098165768547915],[458694.581547860754654,-701661.699960235971957],[460359.918328819097951,-700641.549920448102057],[461337.476766734034754,-699848.053675029659644],[461577.20250655739801,-699319.260841700364836],[461722.987128709675744,-698037.408088777912781],[461961.903268087771721,-697486.008262622519396],[462381.940026888914872,-697218.32282939099241],[463783.194543455785606,-696532.69417103973683],[464101.545537035854068,-696304.609987459611148],[464007.308069565100595,-694528.272568630520254],[463783.712888721202035,-693494.389599326415919],[463334.451856576022692,-692635.654368991381489],[462477.606824865506496,-691387.661477236775681],[461649.3771384061547,-693031.901703413808718],[460737.728823142650072,-693216.415341018233448],[459611.452916347538121,-692882.815533977933228],[458224.92288619466126,-692974.354787840275094],[453984.972257912217174,-697054.201199947157875],[448843.764559974952135,-695683.39352609810885],[447453.97422577632824,-695683.388114793808199],[447491.747605707030743,-696053.442600527778268],[446347.629366776207462,-698073.836645071394742],[446031.888301510363817,-698391.978937405743636],[446176.675840139563661,-699152.522741427528672],[446503.760785008023959,-699712.452526802080683],[446996.595553613558877,-700090.400051687844098],[447604.180636167526245,-700301.587428582599387],[447626.690487838292029,-700993.668287638225593],[446075.027667759510223,-701841.016269387793727],[445172.591391670925077,-703129.099834944587201],[444073.444676683808211,-704178.957275046617724],[441982.264813446323387,-704282.485079544479959],[442006.811092978052329,-705046.997915854444727],[443151.032739846792538,-705390.603494185721502],[446314.595070349343587,-707113.422401849296875],[445317.434054144890979,-707607.631421012687497],[444366.412681684654672,-707937.248018593993038],[443497.462366645049769,-707883.747106734779663],[442729.4030804510694,-707229.1696297704475],[442476.449300598411355,-708976.308191313175485],[443109.09819533204427,-710224.024151212535799],[443247.571453469805419,-711324.61228713626042],[441461.003105428884737,-712659.153335177805275],[440728.007128081924748,-712836.611502164625563],[439946.598945963545702,-712843.475447588600218],[439031.940286714641843,-712981.353966840310022],[437881.368095835729036,-713534.281913663377054],[437308.239153099537361,-714150.319160076323897],[436910.136916292074602,-714869.485013292985968],[436294.569156506913714,-715504.951943536405452],[435070.160177740035579,-715906.002628724789247],[435525.459495954506565,-714818.218855441664346],[435650.737362447252963,-713618.594922279939055],[435458.373972322442569,-712424.509365312987939],[434926.142336361808702,-711345.344695180654526],[434066.913918401289266,-712694.87352240702603],[433357.155317907279823,-712794.212859958410263],[432882.671319691173267,-711907.890514354687184],[432659.618769471300766,-710275.488435023115017],[433261.721986680408008,-709214.966250267112628],[434701.907385525410064,-708051.014656676910818],[436389.026272982824594,-707100.997420602361672],[437664.209222602308728,-706702.769753669737838],[437637.749126049980987,-705870.372400246793404],[436326.170515731850173,-704576.130779285100289],[436352.696243794809561,-702705.118213028996252],[437347.668358352559153,-700794.363623697892763],[438924.253208554233424,-699372.177271074499004],[439896.287745561799966,-698105.008095514727756],[441334.810431830061134,-694269.187232515076175],[443036.987136832205579,-692788.271057241596282],[442618.838101624860428,-690189.38465929008089],[444365.839606848778203,-686932.25739610940218],[446993.133533634361811,-683886.372868938487954],[449164.835435134416912,-681882.575377720640972],[450197.574739407631569,-681228.604488400625996],[451465.805257932166569,-680702.628772172844037],[452919.667196490394417,-680351.491845692973584],[454533.972444213635754,-680189.547252181102522],[460147.73234156036051,-675091.22953246277757],[464379.674422730167862,-670277.543119215872139],[466823.896836825413629,-668366.070409099571407],[469261.765675723261666,-667540.673512870096602],[470662.921762187383138,-667700.914123034919612],[474719.005577627220191,-668864.829287309548818],[479178.70026546966983,-669547.296048514544964],[480588.269212279876228,-670181.528805104433559],[480581.037705829017796,-679525.10927237989381],[480986.715206211083569,-681566.267711165128276],[480370.210462409770116,-682565.72888732154388],[480305.106040870945435,-683401.04050579154864],[480791.189736801898107,-684063.16057547472883],[481743.848013149923645,-684582.158844579476863],[479915.67930869635893,-685506.333974772831425],[475403.576465329097118,-688664.908969559939578],[475774.502062855579425,-687488.468989980174229],[476226.715334031439852,-686680.482593685737811],[476428.856021884828806,-686080.36922707920894],[476032.628163366462104,-685532.683501553256065],[471414.900541691167746,-687385.093206493649632],[468634.341429046238773,-688322.275060747284442],[467449.432666062493809,-689286.240664139157161],[467205.055837003921624,-689665.813099826104008],[466655.903661418298725,-689657.293937231996097],[466170.701633110409603,-689764.303995803929865],[466118.591814660176169,-690504.082538799848408],[466577.123761267866939,-691126.943917275988497],[467255.300607801182196,-691144.669154854607768],[467910.806887449114583,-691000.132652017404325],[468303.249064254807308,-691190.524803191539831],[468440.885200440359768,-692965.283099930849858],[468719.41372485231841,-693838.744589801179245],[469460.564554612385109,-694189.294035887345672],[471942.631946935784072,-693769.286837203078903],[479080.464832277852111,-690819.316536914440803],[485787.338274694047868,-686432.009830412454903],[488264.866859736095648,-685932.221433889237233],[488079.082229946157895,-686495.726785664330237],[487040.429956391686574,-686949.112598004867323],[486877.551524899783544,-687434.824220671900548],[493107.645720330066979,-683966.405473729711957],[496266.94590371393133,-683132.811603947309777],[498283.96082165883854,-682013.96263141266536],[499328.626285933540203,-681745.142153867287561],[502877.237887049035635,-681733.471490585128777],[504002.999070364283398,-681574.514978142105974],[506051.864408208872192,-680643.506573019782081],[509931.282593965879641,-678000.901093662600033],[514369.34939886815846,-677043.160966688767076],[527326.383344230940565,-672536.07118080847431],[529266.565297051565722,-672189.799413618049584],[529866.320156540488824,-671745.631697858101688],[530742.0444595515728,-670905.957433026051149],[531784.05996264598798,-670381.228059765300713],[532865.815495491260663,-670882.567007847712375],[534125.487391605274752,-671770.79082453076262],[535243.36667785490863,-671654.829780068481341],[537563.159858667408116,-670287.501421438879333],[553818.565823527635075,-663561.30243484210223],[564478.252693824004382,-657047.187266785302199],[562778.615608919877559,-656514.950483980821446],[561171.715814543655142,-655526.049561542109586],[559585.513635390205309,-655038.597423626924865],[558345.899909981177188,-654862.782027487526648],[557604.651047887396999,-654313.533418932231143],[557026.26054677227512,-653558.472958395723253],[556257.782776493695565,-652756.793645745376125],[556061.153490208089352,-652339.284692580578849],[556028.791037483257242,-651752.167411601054482],[555908.993125107255764,-651118.810705198557116],[555450.830697458353825,-650580.643103791517206],[554984.819929886143655,-650481.829421415342949],[553811.903447417309508,-650674.091857158928178],[553298.299750695121475,-650667.668278858764097],[549235.619748056633398,-649844.29495113203302],[547470.154002648079768,-649122.837060423567891],[544651.892708941013552,-646872.544271093443967],[542510.405552743002772,-645925.58017434773501],[541527.064150301506743,-645063.846374668180943],[541026.752861911896616,-644087.962191769620404],[539913.331618347088806,-640570.317888905410655],[540606.064314843621105,-638194.377941675717011],[541254.651247450499795,-638168.76874141942244],[541751.934886180912144,-639072.265792794642039],[542410.365068042767234,-641453.715286269434728],[542936.718043899629265,-642654.75677288195584],[545440.831849231151864,-644990.123636548640206],[545844.029100780957378,-645236.566529872827232],[546884.601296495180577,-646453.265818251296878],[549215.038104269420728,-646554.707808744511567],[553832.146107428474352,-646092.862010065582581],[561757.682742414181121,-652279.127867996809073],[567002.700510306749493,-654955.806788219721057],[569977.758207838167436,-653017.282881842926145],[568697.76279953296762,-653106.632779174949974],[567638.079660831601359,-652729.55634678772185],[566827.036360823665746,-651948.317853894084692],[566224.744273758959025,-650832.520659976755269],[568627.678695345879532,-648940.616870715515688],[573822.400458333315328,-642233.57003373443149],[573899.587507273885421,-640605.516833855886944],[574890.135282950941473,-638332.749215592863038],[575893.198328394093551,-633316.95692441589199],[576341.224718130542897,-632184.852518580970354],[577993.073787483735941,-630626.382527898764238],[580331.965006506885402,-629563.555954930838197],[585477.035442201304249,-628000.480654194601811],[590043.010615511448123,-625908.346470262971707],[599145.131305439514108,-619765.975776432198472],[602905.35282923374325,-616541.927407539216802],[599360.41546324279625,-619222.599681575549766],[597502.794202194898389,-620091.197661354322918],[596622.654836642206647,-619097.922446002834477],[597410.09408055478707,-617968.539606788079254],[599246.846125826472417,-616630.300413202494383],[601247.31678007193841,-615528.961319851106964],[602506.403453257633373,-615043.701977643417194],[604194.540226645069197,-613258.887858944479376],[606732.464050946990028,-609287.05791729525663],[608185.084848261089064,-605114.40618321869988],[606645.37292831693776,-602712.6703267932171],[606092.77399857272394,-605252.597924588248134],[605989.472952477051876,-606578.253330247011036],[606103.025313748396002,-607984.804760455735959],[604067.085993787623011,-606898.609330838080496],[602696.226650309632532,-607732.77289809321519],[601258.366185180610046,-609375.079312951653264],[599063.927039595320821,-610702.044112514820881],[599189.417847590404563,-603638.810659729293548],[600012.307696211268194,-600236.940130487200804],[601718.877232884289697,-597167.190216477843933],[603980.917473270907067,-594534.15330433123745],[619003.995447008637711,-581657.455538078676909],[624463.151827106368728,-579613.042426296859048],[627220.555998310330324,-577356.235691362060606],[629602.554188979789615,-574731.792710052803159],[631147.97881663532462,-572625.12825608253479],[630160.345769431907684,-573539.163649794878438],[628749.564001008751802,-574694.262780574150383],[626241.82969989895355,-575881.546668515889905],[625710.384809834416956,-574874.759752281126566],[625297.281329220160842,-574405.26025073369965],[624791.153657070011832,-574319.9165492313914],[624023.132125776959583,-574463.628430226584896],[623385.781289255712181,-573742.027831857907586],[622601.545953547698446,-573343.693521544686519],[621623.391971295699477,-573171.241823830176145],[620395.391032756655477,-573118.632275524432771],[621180.315707586240023,-571852.782940133241937],[622511.490250496426597,-571371.478486173669808],[624042.578193202847615,-571541.16985860967543],[625417.103971621952951,-572192.739179888158105],[626435.179794730502181,-571381.693141956231557],[626717.848747817683034,-570495.863239238387905],[626483.944940660265274,-569480.025441527133808],[625894.286964758532122,-568313.214094033348374],[624962.652650250121951,-566922.408748097601347],[624256.179546081577428,-566543.267872689990327],[621890.872170137939975,-566909.170966535108164],[617018.821814460447058,-566777.89617278741207],[614754.240856323274784,-565984.87888553913217],[613570.189590174355544,-564247.565721742575988],[617470.957986095570959,-563239.327305272221565],[619536.250743739772588,-563208.878920674906112],[621404.495616543572396,-563892.530995672568679],[622506.546484115882777,-561020.555064979707822],[620879.799649242544547,-556301.829079047543928],[608448.645277433563024,-530964.310316635062918],[607287.454012643778697,-520743.172029810200911],[609970.507156560081057,-511589.193674819194712],[614879.711087477044202,-503446.290807881799992],[629287.486640261020511,-486392.907903395476751],[634230.778641694807447,-482502.859655665291939],[643110.980192059418187,-477195.767768441175576],[644185.205917676561512,-476855.560835649375804],[646648.220456496113911,-476747.177066734526306],[647750.437914303387515,-476464.077152429090347],[648775.868029918405227,-475814.10656713397475],[652691.087929372326471,-476552.068403740413487],[657653.375809332821518,-475340.558042173099238],[664065.1907239460852,-472334.82464541553054],[670539.007951490115374,-469268.711055724998005],[671420.384621986886486,-468981.038354300544597],[686122.209168350091204,-464132.078979936486576],[688262.477739849942736,-463860.692449388443492],[692595.77345010638237,-463856.356629351910669],[694629.449827224481851,-463155.679775855795015],[699796.982708503492177,-458868.220088990055956],[707681.163058361620642,-454283.21286601992324],[710991.126819300814532,-451724.045706946402788],[713513.642064283485524,-448979.781508481362835],[713681.273124499246478,-448478.491109648544807],[713711.72448720165994,-447297.755089169600978],[714041.664347582147457,-446674.948379042383749],[714341.335758059751242,-446437.738185590831563],[715036.475471944664605,-446179.592919316259213],[718910.357372592203319,-443023.925985944399145],[719898.958585248677991,-442578.228938479907811],[721166.507995521416888,-441670.320186071679927],[722424.336703336448409,-439637.938569260819349],[726847.814800213789567,-427967.080679975450039],[728230.965794628020376,-425801.069463567633647],[728580.476279442664236,-424783.929993059369735],[728333.379559205146506,-423640.929976255341899],[727872.190032416605391,-422432.711582082381938],[727598.03537298750598,-421255.055936857068446],[728140.087052687071264,-420841.861993378144689],[731869.304442259250209,-420644.459427599736955],[734513.41690576961264,-418928.780531869735569],[737400.26698900188785,-415966.19586065178737],[739663.166480337968096,-412549.456758222077042],[740446.78418166807387,-409498.314554283104371],[738913.580424490734003,-405178.923160996462684],[735849.261216192157008,-402840.16885821102187],[731951.854043277911842,-401711.307243755320087],[727981.056145602138713,-401077.585103627759963],[724673.084089021314867,-401030.255700044217519],[722905.029354953207076,-400682.75292949564755],[721137.514933270518668,-399558.274448788666632],[718224.61869659461081,-396503.34971645346377],[716829.694738207850605,-394622.481254212965723],[716195.202165470342152,-392967.476499395212159],[714532.488381775678135,-384454.329747215437237],[712950.671302021364681,-379811.127719527343288],[711154.068779977736995,-377594.724860454211012],[711118.095003943657503,-376914.902472678106278],[713322.84056651359424,-376856.745789364329539],[714669.474757598014548,-378026.7725801562774],[715362.136435193475336,-379999.047967962396797],[715628.622847745311446,-382323.62174423324177],[716059.29437657026574,-384260.229538067942485],[717667.583061137818731,-388269.782651615561917],[718125.541716067702509,-390552.680746071622707],[718752.291962939314544,-392217.011794931080658],[720136.728550691739656,-394057.564207738090772],[722752.627578347688541,-396748.635267317178659],[724680.317050944431685,-398040.353922428039368],[726392.437540840706788,-398291.267623133084271],[728041.09940427262336,-397678.350169401906896],[729786.404129753471352,-396369.05743224429898],[730335.711051855352707,-398899.784263566369191],[734262.871465061907656,-400591.916314497822896],[739185.38932236446999,-402007.084887095727026],[742661.954553943010978,-403726.190786588471383],[743313.481509977718815,-405469.728435397788417],[744594.524145811097696,-411139.614681489707436],[745728.559739732416347,-413529.533541537297424],[744267.085351034533232,-416338.550791468005627],[740189.727291212533601,-422141.602981439500581],[739432.510341563262045,-423542.811143158352934],[738865.120010771090165,-425182.035111457575113],[738641.543382670264691,-427100.571498971839901],[740274.521511840517633,-432901.835622930550016],[740013.876803984749131,-433837.725468892953359],[739829.336875699344091,-434932.08131416933611],[745471.430311734089628,-443802.175557806913275],[746188.596990670193918,-445633.126176431716885],[745417.355132623109967,-447257.120597177825402],[746516.935686239507049,-450201.1633066170034],[745933.065824243472889,-452777.356069379136898],[744709.700463754939847,-455095.109479141479824],[743841.064051467110403,-457266.742217392544262],[744062.361549478839152,-459446.19838428980438],[744988.6272998402128,-461998.116923798399512],[747172.028347760322504,-466188.945548895222601],[748778.945483001531102,-464983.835795098915696],[750205.011853587464429,-466161.184693194983993],[751215.488399348570965,-468527.511681109608617],[751693.947103641810827,-470900.809767261147499],[752247.316637299372815,-471272.305436388996895],[753466.260208813357167,-471294.886207520961761],[754790.167338907485828,-471076.481198225985281],[755613.788203815696761,-470682.503629429324064],[756675.359198380960152,-469705.694981166161597],[757268.384408288053237,-469423.939348051208071],[757469.628091633087024,-469091.78124455123907],[757263.295941055403091,-467973.431772671581712],[756820.803458459209651,-467166.59586223657243],[755404.720880866516382,-466030.003537309356034],[754911.46135246695485,-465067.7898242448573],[754921.289462457876652,-463729.514386224967893],[755849.421780186588876,-461282.461713083437644],[756050.467894255416468,-460042.001755658711772],[755741.480766902212054,-457537.616333394835237],[751899.297533183824271,-446789.444396621256601],[751486.158577313763089,-444218.872785789251793],[752685.350429693935439,-444233.424926935927942],[754519.504461441771127,-446096.60565693519311],[755485.937574401963502,-447831.93279638706008],[755998.662324887234718,-449904.420987447025254],[756943.5483558595879,-462260.693079804710578],[757635.478483070502989,-464807.023322563851252],[758910.585726903867908,-465237.202430651581381],[760263.145355111570098,-464035.902109649265185],[761170.162983725429513,-461679.991323596797884],[761429.804719423293136,-460137.843803455703892],[761430.719119154266082,-458953.746719055809081],[760983.192221974255517,-457907.892759842798114],[758960.813291135709733,-455743.959631611360237],[758619.224688820308074,-454624.347851344675291],[758727.177209583926015,-453538.260415826865938],[759182.718399315723218,-452626.972888706659433],[759785.821076786145568,-453740.886427874560468],[760293.551076454808936,-454959.575564038997982],[760921.384468555101193,-455909.399712516926229],[761929.432448259205557,-456259.337018750200514],[762826.411171374726109,-455987.312042792676948],[764435.840527694788761,-454870.550146805762779],[765658.754611242329702,-454539.222594318271149],[764818.887609107419848,-457610.097775818547234],[765144.720375088276342,-462025.143320349918213],[766325.860943972016685,-465420.246630903682671],[768050.983569802716374,-465430.877652647672221],[769679.026615883922204,-464032.153602629667148],[771281.208578990423121,-463371.408131798671093],[772722.776119041373022,-462416.829552076000255],[773834.855620954185724,-460138.635522213182412],[774116.645510363043286,-457975.739012815523893],[773658.174086911953054,-456460.862568074313458],[772048.043733859434724,-453416.539707385469228],[771668.543691952945665,-451504.017180384427775],[771674.924536881851964,-449397.7720476751565],[772012.883875090279616,-447480.497223674785346],[772990.352042095619254,-445382.058358174748719],[773479.410971624893136,-442719.598354012705386],[774176.269994789268821,-442214.235664887703024],[774892.436507941107266,-442340.352574537624605],[775421.23737922264263,-442142.80384877481265],[775554.059616664424539,-440634.95782766409684],[775066.58554182422813,-438611.486088813166134],[773299.337200344889425,-434863.089262226480059],[772912.934275683015585,-432829.379835026978981],[773486.458627961343154,-430623.237415550160222],[774560.856101028388366,-429215.177842718490865],[775259.990822397521697,-427882.827303298457991],[774707.670237486483529,-425899.498443024756853],[776800.388726765639149,-427401.131306193768978],[776900.587397886090912,-429726.74774982908275],[775185.171600500820205,-434212.695789194258396],[777443.466579900123179,-436956.564042963320389],[779177.978738728677854,-439820.802944405179005],[779555.487713342532516,-442998.334433797455858],[777672.478604462812655,-446649.743957809812855],[777004.0242909793742,-449119.46298093511723],[777669.858430963591672,-452325.93965846527135],[780098.477031036396511,-458260.120733703894075],[779457.216022862703539,-459155.832406279281713],[779096.187746561830863,-460369.828755832917523],[778949.974992454284802,-461792.921870624355506],[778987.3878663162468,-463322.9726072884514],[778843.558998844819143,-464642.011100656935014],[778345.254734271205962,-465384.836112539866008],[777686.403684558463283,-465983.198163356806617],[777059.874088070821017,-466850.868057733576279],[776428.496959393378347,-469698.557555827370379],[777181.975489950156771,-472069.055426043167245],[779219.563916855608113,-473081.956952848588116],[782371.40169251919724,-471851.415462657867465],[781328.59393886080943,-470930.764468960289378],[780764.424834703677334,-469801.636481972178444],[780761.406142443651333,-468576.853676551720127],[781333.535385871655308,-467355.043254126678221],[782277.021654106560163,-468755.997990444710013],[783784.807030880241655,-469382.929775952594355],[785151.97830929630436,-469041.493317404936533],[785670.41526523779612,-467483.572216209664475],[785337.65021516836714,-461753.427695258753374],[787162.751227848813869,-462903.86122203245759],[787472.416333074797876,-460092.52490263589425],[786225.11500821239315,-452599.210951914603356],[786932.262256224756129,-452558.052172528870869],[788431.200310604646802,-453347.475844800879713],[789459.868005945230834,-451868.288887320493814],[790027.920065624639392,-449448.811236339388415],[790178.69488889852073,-447406.277162351703737],[789089.075058352551423,-444365.255078247690108],[787031.495798342628404,-444403.968312939919997],[784727.259405284537934,-445572.918307270563673],[783019.08122001006268,-445961.272151300450787],[783075.284596305922605,-445474.471325736667495],[782598.741706975386478,-438710.158590035804082],[782732.471977330278605,-436650.906380436907057],[785463.640284254681319,-427771.480198551202193],[785541.772500815219246,-425783.395142892492004],[785096.063841723138466,-421024.627442381519359],[785395.321432683849707,-419218.064819327672012],[787082.155476998421364,-416503.788622049847618],[787544.64695213502273,-414470.840663049952127],[787421.661735257948749,-413231.116289102646988],[786727.833017476368695,-411157.355186623404734],[786400.694406497408636,-408438.787116795952898],[786442.281182395643555,-407709.036577595514245],[786702.262397850048728,-406971.053262596309651],[787545.196414227713831,-405837.594215065124445],[787840.595817514578812,-403692.609165713016409],[788692.862815255299211,-401718.321629238605965],[788866.919091027113609,-401098.287077254382893],[789202.314261360908858,-400934.076134027855005],[789764.525703172199428,-399329.093203239142895],[790190.777416813536547,-397560.430728672828991],[790050.792971328133717,-396895.590251412591897],[792092.005288682878017,-396843.368112427007873],[792545.664470474468544,-398975.906522345321719],[791755.590133316698484,-401565.659014619595837],[790074.099092734744772,-402884.131371302588377],[788539.889003537478857,-407586.398111324466299],[788619.488415459054522,-408946.049102900840808],[789333.31895418849308,-411357.340138974192087],[789908.077460060827434,-414553.889034116116818],[790395.044906821334735,-416106.608841406530701],[790576.920170095632784,-417627.540224813448731],[789953.310275131952949,-419638.490291182301007],[788573.878236287157051,-421987.343360534519888],[788197.908938981010579,-423053.025653332239017],[788143.020543401013128,-424709.90821785107255],[788712.12365673633758,-425792.659479609807022],[789951.507531931623816,-426226.182913457683753],[791361.98315986560192,-426125.42694651306374],[792445.373688245890662,-425623.531426162924618],[793709.524339904659428,-426475.478960685490165],[794808.252269782358781,-425376.049266304238699],[795573.620078002102673,-423487.406349631899502],[795821.932653958559968,-421981.696763152314816],[797813.375969016458839,-417747.861369592428673],[798419.566349444910884,-415037.227253102639224],[797089.201663759187795,-413909.662874881585594],[795091.18127891945187,-413453.918322130746674],[794328.714803933049552,-412093.818207495496608],[794427.938054347992875,-410348.600284587533679],[795039.340703155030496,-408722.273551223159302],[796035.580571881844662,-407199.689852302370127],[797441.194299379945733,-405770.264468881534413],[799174.399572002585046,-404759.467644404154271],[801137.684834864223376,-404507.279497274255846],[797925.534135434427299,-407693.235887102142442],[796456.721033800160512,-409623.422466129413806],[795898.713615854270756,-411296.377814315783326],[796872.603511996334419,-412811.049408336926717],[800885.017442381475121,-414845.754597591527272],[801883.350594513583928,-417040.970938767830376],[801513.61638905655127,-419041.971068927203305],[800410.554998002480716,-420476.565192149486393],[799064.723706315387972,-421658.877642659819685],[798003.311757840099744,-422950.740392449195497],[797558.380556163494475,-424549.480804320133757],[797677.221443000133149,-430552.199245784955565],[795971.502772433916107,-437096.810342658427544],[796426.595238921465352,-438660.667177656374406],[797104.174414780340157,-440274.675026327371597],[795908.918569264002144,-452940.804783459112514],[796353.284373721224256,-455034.397235964075662],[800341.188718492630869,-462455.855193170777056],[799026.708133762702346,-465964.494254324003123],[801254.239487050683238,-467880.515935687290039],[804862.620781674515456,-468113.87510785239283],[807688.26824140152894,-466566.687903629208449],[808213.450233867275529,-464740.651082996977493],[807536.578413731884211,-463176.304837358475197],[806474.583364333491772,-461530.966013185563497],[805842.433800420025364,-459435.076266686664894],[805801.124835933209397,-458316.526826206536498],[805952.770842345431447,-457457.696868143510073],[806435.042684055515565,-456900.080593889870215],[807476.648664717678912,-456652.578231067862362],[808097.059077540528961,-456145.410557378490921],[808493.920070351916365,-455009.732242416008376],[808977.006615374120884,-452775.045417642511893],[809685.342378963250667,-454585.846757542050909],[809939.986055677523836,-455592.137975861609448],[809977.659377884119749,-456502.954825688386336],[809631.95795363758225,-456939.521890609408729],[807970.795190244680271,-458557.696483587380499],[808910.948870002641343,-460427.129836569423787],[810826.609691473189741,-460936.211182083410677],[812891.048213430680335,-460260.772359410126228],[814286.463711431366391,-458585.622780271980446],[814305.901119244867004,-456803.435861650505103],[812344.239987957058474,-453413.795429170655552],[811737.442065101116896,-451470.475489248521626],[811987.568668490392156,-449868.939967977581546],[813234.895382218877785,-446173.505554299452342],[813417.931318999035284,-444164.756543788185809],[814183.529300982598215,-444118.624730361450929],[814925.1026205716189,-446053.561304178088903],[816424.270640726084821,-454514.9636691857595],[816955.67259635112714,-455617.445560194260906],[817583.822140487725846,-456501.616820699477103],[818162.222980613471009,-456841.814388862694614],[822018.564006270375103,-457294.983391715562902],[826545.207601765985601,-460133.721219796687365],[829165.334726800094359,-461361.200292971567251],[831168.788357278099284,-460939.8296943148016],[831323.766172102070414,-460297.380031238601077],[831851.652296557324007,-458845.371354894712567],[832449.524825173662975,-457845.643987000861671],[832795.982379659079015,-458529.551113733206876],[833048.89282693550922,-459341.283834618458059],[833695.86397393187508,-459961.456927684950642],[834605.575755892903544,-460316.74101987562608],[835746.885718849604018,-460314.062771966913715],[837603.15285892621614,-459295.007779963721987],[838063.377335395314731,-457444.554579824500252],[837470.757453016121872,-452928.86450601281831],[837194.205817378591746,-452557.223328004125506],[835442.00081938970834,-449230.059678081364837],[833242.690273310989141,-447268.431671990139876],[832777.151380052557215,-446704.982101630419493],[831203.251068192184903,-442679.552878090471495],[829083.47959307488054,-433603.037626082485076],[826806.295727310236543,-430316.988371340557933],[823818.276420290465467,-428217.530176412081346],[822067.478350532008335,-427307.522962937131524],[820588.33664492960088,-426977.308967411052436],[819110.0728135217214,-426104.601197430340108],[817605.432711890083738,-423959.01316336466698],[816855.149160655215383,-421455.85901951987762],[817655.680607083602808,-419504.940874665800948],[819184.078152140020393,-419412.153557564364746],[819904.798458701116033,-421284.309976099408232],[820379.347249406157061,-423542.006792097410653],[821151.863489435636438,-424597.621053292998113],[822811.864783725701272,-424993.539957114844583],[826319.064362124656327,-427183.319065422285348],[828079.509518194012344,-427970.180513153027277],[827819.931973999016918,-426214.557012598437723],[828272.176393725909293,-425201.601837720489129],[829302.592704901937395,-424952.992815359320957],[830763.158775301882997,-425527.432875777187292],[833150.375870908843353,-423897.848195174301509],[833441.682784507982433,-420698.332697939418722],[832155.290792077896185,-413655.926524733018596],[831726.376391037018038,-412304.184601368440781],[830106.298113311291672,-409530.237604886293411],[829669.501681013614871,-407772.325811829534359],[829875.657609096728265,-406060.682786837802269],[830395.2532071727328,-404790.609441435430199],[830622.829580541700125,-403565.65108518343186],[830021.044895797502249,-401998.763408163446002],[831778.405331793706864,-402644.867536584206391],[831791.797888342756778,-402725.370241111028008],[831793.184259768226184,-402731.766312457621098],[831818.286409603431821,-402655.32677713863086],[833479.004148967796937,-400291.746436486952007],[833111.061911885277368,-397629.075570481421892],[832411.299717657617293,-395474.721523195446935],[831429.192543166573159,-393676.368613862083293],[826570.6018508967245,-388077.522077892441303],[825449.590219067409635,-385822.761162752576638],[826871.103929822565988,-384714.196701147244312],[824983.110864607035182,-381875.553217127278913],[824341.679219572106376,-380555.234753890079446],[822752.931977823143825,-374743.6993330756668],[822676.160695328842849,-373664.18321853748057],[822882.849768411484547,-372509.952117549546529],[823675.613825433305465,-370998.559527665318456],[823802.992113488609903,-370118.806914860149845],[823220.297989341546781,-367573.170750965888146],[821060.766649336786941,-363300.022933947271667],[819886.7977290651761,-359264.858614883618429],[818600.509561590151861,-358356.825980280176736],[815334.082147770212032,-357299.573306631762534],[817533.815228514256887,-355628.590687975811306],[818005.021494425251149,-353047.556895465764683],[817372.545533496071585,-350097.967719815089367],[816208.3085691339802,-347329.929125077673234],[814798.5996846514754,-345070.014566956902854],[814230.402006399817765,-342638.500159153307322],[813794.070043132291175,-341237.015266275964677],[812375.745416801190004,-338117.342555399867706],[812004.731525014503859,-336121.247737292316742],[812612.957094970624894,-334573.316490441560745],[813683.280950334738009,-333106.258108653186355],[814671.886587518616579,-331348.7616991957766],[815027.184971343260258,-329847.664190105278976],[815298.96276895806659,-327675.004193973552901],[815337.613737895502709,-325516.567535180423874],[815013.82583672425244,-324039.662767256842926],[813775.754444741643965,-322993.972605292045046],[810855.719504862790927,-322248.019122115685605],[809570.937353949761018,-320860.785085629380774],[807075.628992263344117,-315782.374588005943224],[805902.605004449025728,-314118.70135332463542],[803813.52135332103353,-311784.782890199217945],[803331.547121024574153,-310566.749571574211586],[803265.115405014948919,-308400.709987624606583],[804027.742624349193648,-305195.90192109165946],[803950.975158823770471,-299510.533080618828535],[805162.895282397628762,-296648.52111111494014],[810356.841285287053324,-290389.499916470900644],[812954.751705506932922,-287958.539454710436985],[813794.007789088180289,-286858.318261221807916],[814244.966099271783605,-285649.885047818766907],[814205.230723032262176,-284737.952172692632303],[813587.368925962364301,-284251.097902348963544],[810806.051842572283931,-284520.680296290433034],[809884.160391935729422,-284347.355440865620039],[808997.863386809825897,-283974.041366495599505],[801696.109598643728532,-281932.611126710020471],[799943.967237688950263,-281688.10690166184213],[798615.974199430900626,-281979.742505804810207],[797774.789456557948142,-282617.599432592687663],[797121.520653301849961,-283298.632476723170839],[796325.979892416507937,-283727.311852895654738],[795253.67882336222101,-283779.789525643282104],[788416.153544406406581,-282013.109533220529556],[786971.208060152013786,-280863.213220283039846],[785827.2636958216317,-278795.590435399848502],[785617.363872775924392,-276400.68749474233482],[786420.136838280130178,-274212.653762023546733],[788660.863285357947461,-270122.73983039543964],[792840.386300586163998,-256678.499721945292549],[792930.379733676905744,-254283.289150544791482],[791505.903319219243713,-253261.959613085724413],[790230.307457066024654,-254389.353653324185871],[789138.660806385916658,-256305.190343655005563],[787893.348912065965123,-256880.380613487242954],[786209.920830821502022,-253976.881859685381642],[785073.682502791285515,-253531.015435274748597],[781967.208414838416502,-251662.230573079403257],[780141.803640841390006,-249909.751629983453313],[777506.086842519696802,-245763.286429150844924],[775883.314092634478584,-244201.949082433682634],[775062.789176274556667,-244077.86284543731017],[773065.169618161860853,-244417.552038211229956],[772007.869573782547377,-244034.850918024661951],[770956.335748842917383,-243021.425431980693247],[770850.99237033969257,-242296.944311834144173],[771139.129939701408148,-241437.926962077413918],[771258.794269597274251,-240041.456953541288385],[770713.902385610388592,-239657.615267419430893],[769654.474871156155132,-239504.085920331679517],[768669.172501549939625,-239079.749346971686464],[768450.417994901305065,-237851.86809506334248],[770013.774497843463905,-227665.585936268500518],[769807.204808818176389,-226649.087814687751234],[768974.482340977876447,-225018.542403683211887],[768934.362062253523618,-223960.90349262394011],[769370.408210219466127,-222749.652572106890148],[770726.74058566452004,-220319.075991737830918],[771177.516923536779359,-219003.784056465548929],[771129.664961756090634,-217998.184777284681331],[770851.695780778885819,-217023.139213083137292],[770683.225681929732673,-216027.416092984145507],[770952.933308465289883,-214954.695673312060535],[772500.111195303266868,-213561.336197636206634],[774484.292300347588025,-213342.596278988261474],[776606.233502830262296,-213407.699439099116717],[778530.77078794199042,-212891.042995526047889],[779827.679905643337406,-211737.772683512303047],[783458.293770782416686,-207731.024672013067175],[784370.310771029558964,-206408.063811515021371],[784557.207090352079831,-204403.164329884457402],[784134.944158300640993,-202070.48662074378808],[783401.378237569937482,-199991.121685951540712],[782637.686819638940506,-198735.671466457104543],[783754.08298492571339,-196518.401106701232493],[784841.11892675794661,-194878.557360778184375],[784731.90414689166937,-193833.714613430958707],[782254.123727964935824,-193395.798706587665947],[781857.354306775727309,-192021.311438015924068],[779851.764250609790906,-190480.926953490823507],[779279.569419656298123,-189248.487877312931232],[779350.833027680870146,-188224.546852622763254],[779865.287705471273512,-185885.526497064187424],[779910.180916877929121,-184593.887508319399785],[779301.011294361087494,-182372.585481094429269],[779217.406705058645457,-181309.086769005341921],[779713.957541454699822,-179922.141923480870901],[780672.874336686450988,-178891.751067561650416],[782864.863322711666115,-177920.192346428055316],[784395.712212563375942,-177069.803220165980747],[784411.595474431174807,-177060.978569673519814],[784680.097961349063553,-176094.08243144719745],[785750.346732835052535,-174294.765606898465194],[786035.716782478732057,-173260.959098581748549],[785775.728304848540574,-172863.9253492334974],[785411.631859295186587,-171066.659761555958539],[785190.692108232178725,-170618.609364979696693],[784371.513186161173508,-166281.907508870295715],[781863.347070606308989,-163291.165369731548708],[778426.558806949760765,-161446.003926854376914],[776206.636687545920722,-161092.459477319614962],[775277.421589432167821,-163684.611976151267299],[773897.576659152749926,-166119.763566417415859],[771671.330177851719782,-166387.302459799393546],[766576.142207144061103,-164985.159992502682144],[760002.882503925589845,-165058.043697150162188],[757651.425891783903353,-164694.622338544373633],[749810.826640881132334,-159161.778231943753781],[722482.308263863087632,-146738.599041105655488],[719532.371543574379757,-146263.972391452261945],[719286.635085456189699,-145504.265907316410448],[718274.677403810783289,-143950.176785325660603],[717323.540740024880506,-142836.530286394961877],[716899.03589601314161,-142447.276772780955071],[716764.50985743815545,-141899.111073598149233],[716451.768626432633027,-136138.115054948779289],[716097.378335867542773,-135493.088901878189063],[714542.708495152299292,-134048.427192623115843],[713407.980707588721998,-131845.08245638886001],[711721.093624061206356,-131234.727985478006303],[709759.491152347181924,-130767.789446584079997],[710122.980624194606207,-127409.887144686334068],[710849.989246555487625,-125366.579326487932121],[712060.726910445722751,-123374.415538055502111],[712279.209569272468798,-118512.612619681385695],[713369.875971081084572,-117989.812381808282225],[714640.281985337147489,-117697.669361290303641],[715293.654612680198625,-116634.385151088747079],[715347.825869761523791,-115128.340760582883377],[715566.996884041232988,-113773.669884916947922],[716186.980344850104302,-112966.959458609941066],[717507.154249506536871,-113118.445835380945937],[718367.037536150310189,-111058.848581301950617],[719687.983184333657846,-109601.014945519491448],[720589.99738384434022,-108131.608518679888221],[720183.985366271459498,-106058.051682000324945],[718652.014238051138818,-102302.420343670324655],[718136.562681779381819,-101374.301996817361214],[717558.26064728887286,-100824.649242916610092],[717531.805894455406815,-100339.380493749966263],[722380.058868475141935,-97337.097749069464044],[724207.842525048064999,-96586.714413169989712],[726175.108612704090774,-96664.392401475270162],[727881.903404957265593,-97695.291913830922567],[729401.045498481718823,-99480.806552826499683],[730431.683000681456178,-101585.334649849755806],[730631.562016205629334,-103587.053191052298644],[731854.115604387247004,-103590.727796740990016],[736146.047903415979818,-104488.146875618491322],[737847.281414354452863,-104547.533503077167552],[738729.541545912274159,-103790.830146048640017],[740374.415317686041817,-100434.276889327011304],[743619.389830167521723,-95655.722299113098416],[744702.876875873887911,-93028.912420335080242],[744855.570475116954185,-90102.560095284978161],[747015.113335967762396,-87050.898539198795334],[748004.931726466398686,-83721.850186634954298],[748434.488389043719508,-76427.456762429312221],[747809.615782491164282,-70215.355726122608758],[748691.428468305850402,-68315.428641972728656],[752085.237836845917627,-67525.896145813647308],[753761.960256179445423,-67870.694772400514921],[756981.275812519597821,-68939.64137820895121],[759724.71034392749425,-69519.956723539798986],[760205.072439211187884,-69715.503275413677329],[760680.063207169412635,-69728.084343655529665],[761801.707889535464346,-69388.169608833472012],[762480.92906195553951,-68879.139550266918377],[763646.130466466653161,-67408.324110853296588],[764530.491639941581525,-67024.691695835252176],[768067.507104852469638,-66915.599313305152464],[771150.726022124174051,-67330.477783248701598],[777308.334051991230808,-69229.632393767518806],[783343.819861067226157,-69483.794497793409391],[784122.152232530061156,-68813.044212506967597],[785003.040431283647195,-66372.044348880954203],[785620.600171817932278,-65544.70655848790193],[786410.002337017445825,-65325.61367341902951],[787077.261045972234569,-65503.268873940171034],[787765.199001733679324,-65851.477253047909471],[794787.421306304866448,-67868.217164235014934],[797362.709074695245363,-67872.448726669012103],[795760.796457143849693,-65609.792004525515949],[797569.860966123640537,-65104.783334451829433],[797794.038630325580016,-63991.4186868279794],[797424.558444660739042,-62541.824908738482918],[797443.065989014226943,-61045.744217225801549],[798242.911277851555496,-59805.72829013565206],[801847.076495734625496,-56807.936535920693132],[802487.514565413235687,-55697.65414406133641],[802678.850367415696383,-54569.002886730304454],[802391.515111586428247,-53532.648733753499982],[801594.539822393096983,-52676.377880313353671],[796706.846744465758093,-53214.783961763918342],[794316.342396616702899,-53033.30673230040702],[792531.028779785614461,-51405.840851772387396],[791905.226689472678117,-50956.800514304086391],[789796.300647277268581,-50946.532936036950559],[788752.828670133487321,-50734.419935027799511],[788010.045462598674931,-50154.780416628891544],[785457.138480577268638,-47335.414213986216055],[784955.663985539693385,-46174.146186364967434],[784813.986951855011284,-45111.601258912218327],[784468.314623300684616,-44204.453897170547862],[783342.589732300839387,-43475.680849787771876],[783271.234847303130664,-42804.114753189533076],[784741.777543623931706,-38781.398687095264904],[784460.359113630256616,-36427.105737210993539],[783462.112359761027619,-35037.825999665321433],[782119.869427367695607,-33978.309803386749991],[780815.418812250369228,-32589.958958102135512],[779905.89814182149712,-31893.887472707960114],[776789.685232879244722,-30882.143584593322885],[776966.968216513399966,-32818.877193927946792],[775999.866608325741254,-33340.127428751060506],[775044.067612799932249,-33350.915360187100305],[774133.659318859921768,-33250.134623866615584],[773343.379721843404695,-33422.826708356886229],[772339.186220592004247,-34375.518894089764217],[771542.467292278073728,-35499.171235590591095],[770693.072771889157593,-36436.87402252908214],[769536.410835864604451,-36837.048363672438427],[767409.238837930955924,-36469.327857139978732],[764053.338419452193193,-34552.297475284940447],[762034.182960317586549,-33707.834865705364791],[757751.719168970827013,-33801.713432635624486],[755655.977909906301647,-33510.492873600072926],[754613.897006050567143,-32562.695357763706852],[753750.463603291427717,-31014.698563868318161],[750906.492059395182878,-29082.199621428881073],[749760.180663957144134,-26937.464424674009933],[745882.396973570110276,-25246.393546491442976],[744401.587705223006196,-23956.372370734145079],[743580.288443728466518,-17182.940971721851383],[740762.660429944517091,-14353.685342423859765],[733209.366522570257075,-9849.175483784239987],[726778.205613607191481,-3142.41430546067204],[723439.472158187883906,-1638.557469279578299],[719036.475604318431579,-3192.871750334812077],[717441.18575669080019,-4253.961043847783003],[715509.523541699629277,-5235.926518382359973],[713643.418972784769721,-5429.587901117954061],[712287.167369906441309,-4135.148586476409946],[711485.364620321313851,-2071.786036571519162],[710963.855212392634712,-1155.442807176458018],[709290.838478437392041,545.732543781557865],[709236.894734716159292,1539.065518032721229],[709324.284594759810716,2505.721168740658413],[708541.006662275758572,4146.538590370982092],[707511.384316234034486,8997.580104574120924],[707782.98268201155588,9527.614425893323642],[708290.700049655279145,9904.422910518927893],[708783.909830232616514,10738.520518743802313],[710290.733573419740424,17107.321032611751434],[712018.860917389276437,20906.150048242514458],[714422.44858944916632,23024.500614461103396],[714992.556022487930022,25174.351859860627883],[714776.647329207859002,26376.415009640884819],[714201.458938756026328,26963.290516038381611],[713561.485095569980331,27317.60455997297322],[713170.586357978754677,27845.900691377530165],[712987.197754187393002,28929.522005973172782],[713100.305962913786061,29508.305462842035922],[713377.10401374893263,30118.954770595708396],[714293.022466342896223,33782.236675350606674],[715034.543714709579945,35151.357601473777322],[718220.650256497319788,37451.03667082481843],[719050.022354195127264,38246.928779193767696],[719633.713118571555242,39092.289605764926819],[720284.818328174762428,39838.338597807851329],[721347.940108762937598,40326.657096054201247],[723368.347574199666269,40879.666280108700448],[729076.448926298180595,43202.299625824169198],[730766.412084424402565,44385.09370688792842],[731497.870063214562833,46075.42678868863004],[731112.130688249249943,50090.996320298334467],[731387.056680154055357,51721.356317438861879],[732770.438566490774974,53923.801477078559401],[734195.212830413482152,55384.287856046910747],[738708.913755004177801,58606.397238563418796],[739390.868554386077449,59590.100904962084314],[739811.355595549102873,60633.417585255090671],[740350.068677026429214,61139.423094854377268],[741416.977589131798595,60524.438940349093173],[742092.189338293042965,60265.157317958692147],[743025.650467437924817,60272.654851830047846],[744006.538854478509165,60443.290981676916999],[744741.120601807022467,60680.069893319574476],[746972.136494077043608,60464.434723182137532],[746595.155124397482723,63254.808554064235068],[744258.797385385259986,69099.967333059714292],[742702.27635572408326,71433.491718916746322],[739990.216291081393138,72527.230719534753007],[734192.581268308334984,73326.456586707921815],[731812.762235153350048,74217.277032408965169],[731117.621264493442141,74115.129364588327007],[730810.681851152912714,73341.898082927698852],[730676.457529042381793,70780.143931091908598],[730256.017948964028619,70097.912134049009182],[728933.758593276143074,70418.807086187094683],[728111.527629373944364,71844.494503931869986],[727886.146519220084883,73658.730034258434898],[728348.116482745157555,75162.16708738336456],[728347.796291180886328,75167.876097465283237],[729519.772056971793063,77421.355449877810315],[731155.106282532215118,84609.18076232697058],[731804.452772613381967,86243.660846226543072],[732905.403051783447154,88356.146154851216124],[734098.303520266781561,89746.594530914662755],[735036.000469389604405,89186.871921851678053],[735305.448156102793291,87157.498023568827193],[735345.704977224580944,84811.604636501157074],[735756.461933034122922,82652.813870833968394],[737145.753518306999467,81225.383893176898709],[740728.286857594968751,80369.779369749347097],[742352.262678279075772,79717.995664640984614],[743733.953130627516657,78262.152868480392499],[745035.098007356515154,77317.284275973201147],[746172.615369169623591,76174.131435465300456],[747030.160798079799861,75421.605007737831329],[749096.142061976366676,74183.221467498471611],[751432.917992965201847,73350.276482717876206],[752255.755396403139457,73294.813542038798914],[754360.205521433847025,73451.235128485481255],[755583.011833499418572,72989.653475201921538],[756313.74038111360278,71949.677116740072961],[756951.450637691188604,70738.219347139136516],[757803.071742259315215,69751.184099739664816],[758922.954208826180547,69117.791952027444495],[760010.368741589831188,68688.784423426390276],[762355.283809151849709,68276.30809815225075],[761975.766732749878429,67360.539037005175487],[761826.382079050061293,66389.544335183527437],[762107.359438940533437,65644.250172689586179],[763003.509350977488793,65404.725350331835216],[763764.245212645386346,65100.025539770489559],[763770.31767255149316,63152.997797416217509],[764409.94467795570381,62365.823027871680097],[766755.843252708786167,61346.999812474161445],[768155.927547506173141,60358.579102494419203],[768488.549103962024674,59009.325461263804755],[767689.187915617949329,56900.164863434300059],[766472.197754896478727,55740.144482922587486],[762912.512518351431936,53675.157361398683861],[762217.385448473971337,52849.751083442417439],[764042.025379753904417,51673.841772439896886],[772277.081603220198303,55270.209535882575437],[775950.865447033778764,54097.01776789228461],[776849.606044359505177,52449.510319112639991],[777604.728037936729379,50615.912379332097771],[778645.627425447106361,49103.0220997946235],[780369.144340651459061,48444.4691104307567],[781907.924989314866252,49143.990533159405459],[783180.71366520866286,52886.401979113441485],[785105.905903339851648,54359.986218292746344],[787816.250086033716798,54031.249036443099612],[792479.323107598931529,49880.905819458857877],[795373.175075690029189,49106.594979872505064],[799700.132349387393333,50494.55094852775801],[801631.125581286847591,52022.566300218029937],[800969.42434018838685,54044.036574850149918],[799873.349424808868207,54314.564730587444501],[798682.354588709305972,54281.47874624216638],[797917.912526481435634,54956.33423730009963],[798132.70058865705505,57346.787265929960995],[797239.770123878726736,56667.623399104370037],[796364.139392549404874,56379.112695020623505],[795555.49627072585281,56598.851812576736847],[794862.837199182948098,57455.841222277515044],[793744.592881215969101,60549.55720475497219],[791197.919007851392962,61683.185055059708247],[788274.471824390813708,62485.11016727743845],[786095.40959617937915,64552.76713236879732],[785920.156332393409684,66426.741034349397523],[786612.397476707003079,68542.244778357548057],[787744.0394872718025,70466.771388479217421],[788924.764834040077403,71747.102022550898255],[790509.760158066637814,72651.167114951400436],[791435.864564407500438,72432.598429598278017],[792401.692069401731715,71563.473893541493453],[794066.790017006802373,70479.358093201954034],[795216.838827376021072,69976.85497403802583],[796838.18577894824557,68351.913826078744023],[797790.062886453233659,67636.973217214166652],[798901.249227599357255,67269.874411371434689],[801120.948185044107959,66833.673172155191423],[802049.094085483229719,66174.848757093917811],[802593.499483831576072,64879.420023502621916],[802333.939267564914189,63900.989695728872903],[802494.26180520944763,63143.256427540916775],[804193.660205115680583,62537.935552837669093],[806611.004579964326695,62011.727222712281218],[807375.024226050591096,61262.868284112955735],[807530.304292272077873,59760.141488520268467],[806689.807844873517752,59243.94636543924571],[805207.992293000686914,59828.071793349139625],[804075.417194653651677,59609.0372408626572],[804315.521830814657733,56645.036114989932685],[805070.172997964546084,54881.50886539084604],[807266.994609392015263,51689.367129629550618],[808122.003643526695669,49983.778059018091881],[809367.167298885178752,43335.851780508659431],[810236.715035040047951,41407.872065616014879],[811561.338196745724417,40063.962590765113418],[818345.29669343738351,37601.275352995216963],[819879.408612612402067,36729.604728403704939],[821006.452704702387564,35425.698113200785883],[821759.737214445834979,33324.915645317640156],[822658.00951711111702,32373.343216181641765],[826285.619742106995545,30981.631060338619136],[828849.903820134466514,28337.327126497079007],[830749.779448243323714,27197.922792863981158],[832818.537899244111031,26419.031956153634383],[834444.482565946644172,26333.957609327851969],[836007.948621532297693,27385.16211561374439],[837134.102854555589147,28551.702591758566996],[838298.114425410050899,28643.708601878850459],[839959.002310240175575,26487.616283098359418],[840436.302121106768027,26312.130489198458235],[840925.039191855117679,26280.629236375465553],[841426.302723223343492,26375.997491116988385],[841929.765144085977226,26597.57062985099401],[841929.396633708034642,26603.276013602691819],[841934.184228464029729,26609.314430933452968],[841933.815708691603504,26615.019925047032302],[847312.498687676503323,27427.62575607898907],[847816.324175774818286,27403.093600017728022],[848326.465042774099857,27281.59178028786846],[848811.997007005265914,27061.106296271846077],[850381.081300142686814,24676.792716804422525],[851328.592207314097323,23569.819192404320347],[852385.549969391548075,23088.845032690194785],[853692.356177738169208,23460.819512625741481],[854363.686704982304946,24518.925441814484657],[854545.378171842778102,25934.579658584523713],[854333.96390569221694,27421.872731354847929],[854982.628509416827001,30478.18657966000319],[859102.979597797733732,34410.503942459916288],[859824.556425592047162,36337.490222316526342],[858986.790491370949894,37663.098962697011302],[857680.756968300556764,37617.134420351874724],[856317.325713813421316,37263.85072866086557],[855295.931104876217432,37689.491901317982411],[855199.456372468848713,39000.991643361776369],[856231.495853821747005,39985.568428650578426],[857645.482766092871316,40823.496908556771814],[858760.204309497028589,41647.578816687011567],[856905.804228620021604,41766.051991319174704],[855221.106359714409336,42451.718429898959585],[854471.296401285682805,43789.084449311703793],[855400.454335269634612,45861.26366873572988],[856010.144384320941754,46497.248977827250201],[856667.184614365920424,46884.270519773686829],[857384.162850532797165,46988.782693549983378],[859457.957371024764143,46512.464849358744686],[859509.684526493307203,47060.224219472453115],[858745.808750162017532,48293.300591020059073],[858318.96577595314011,51628.611740731706959],[858947.538145524333231,52598.352925028724712],[861051.294710818096064,53453.685145548406581],[862875.305865229922347,53225.014425579392991],[863519.124956594780087,51623.194288391619921],[863615.54909874976147,49336.035952563972387],[863717.123397040064447,46926.212271296877589],[863602.881158863543533,46465.95747834820213],[863854.848422205308452,46253.476843861477391],[865107.400445648469031,45769.393818066004314],[865845.706466783070937,45709.614976780816505],[867820.881359339342453,46024.52359577887546],[868710.984964681556448,46015.140152371808654],[869963.952101907576434,45141.882694274085225],[870655.649400922469795,43537.827422267597285],[871220.27265291812364,41747.662217527809844],[872113.880963401054032,40300.43879005551571],[873545.757201077067293,38545.547841337778664],[873766.008538147783838,37190.79569277272094],[873616.453935276484117,35794.049232545308769],[873895.215604797704145,33875.935394247833756],[874524.695674737216905,32903.926992702618008],[876755.459869057289325,30372.088679455860984],[877605.60760475252755,28973.825570829216304],[878205.102372797438875,28223.429826773855893],[878828.452302755787969,28041.965425815666094],[879458.038650055765174,28382.409020552800939],[880090.40431934397202,29141.387597446420841],[880121.335137350019068,29143.476413123200473],[880136.030168423079886,29155.929523866765521],[880299.984724667621776,29258.688698316484079],[880462.63556997384876,29304.058523427615],[880608.519600424100645,29290.993814786255825],[880729.641380778048187,29184.571451995128882],[882182.183999594533816,27540.774969565576612],[881980.268666599411517,26008.56059442798869],[880655.94911758613307,24755.769287759008876],[878752.006721461075358,23951.124202585262537],[880695.963213516864926,22936.232263877482183],[882273.517095515970141,22899.624990199601598],[883110.670703941257671,22320.227042032507597],[882855.035185495740734,19666.952652048606978],[879064.29702743794769,11778.263357692758291],[878865.900883711292408,9025.881402910119505],[881372.507827472407371,-758.464225717652653],[884018.569834009627812,-6189.564054241514896],[885330.87460398755502,-10461.453797447993566],[884924.970142603153363,-18282.057330789761181],[885301.254450191394426,-26611.268832142941392],[884202.31243541976437,-32189.474757977117406],[883612.020983740221709,-35183.155507154806401],[883539.427835806505755,-36294.218790386963519],[883330.222812589490786,-39494.058515189615719],[883936.558335452456959,-43235.08605100405839],[885087.960941967787221,-47099.767688451582217],[886405.61378106335178,-49176.777132567585795],[887985.561880354769528,-49350.648586038616486],[891460.29357971646823,-47659.320006759546231],[895256.304004931240343,-47251.636336871044477],[918185.281936707091518,-55127.850884337509342],[934179.366172958165407,-57494.81647202574095],[942222.400043430970982,-60255.646808710633195],[945759.721111377817579,-60110.078767705126666],[955804.744295653305016,-57186.680952512251679],[964089.669426110922359,-57331.415083360327117],[968039.979969184962101,-55997.138568911585025],[969464.66191711765714,-55932.053595059645886],[970632.772911058505997,-56206.844773633682053],[972875.718397306860425,-57043.962693174973538],[976649.090874362853356,-57405.693995780064142],[977516.231582144624554,-57278.045878288590757],[978061.977443569339812,-56899.112916901962308],[979046.262476568343118,-55684.785355673215236],[979554.64615620020777,-55365.903358699571982],[981178.449880329309963,-55450.936645317655348],[982533.674015084514394,-56129.223196114326129],[983860.356303105247207,-56981.522796729230322],[985378.092183060594834,-57595.75115536883095],[988216.521398146636784,-57726.259101950308832],[999429.734018578892574,-55315.732266603132302],[1000284.058106829645112,-55131.653493129757408],[1003382.095427854219452,-53742.494583402563876],[1019263.196962034096941,-49920.105441750274622],[1024848.468417086987756,-49679.701073297575931],[1026066.750741131021641,-49377.965272110755905],[1028166.357897441601381,-48072.250030110677471],[1029242.292883373913355,-47953.412968417687807],[1034285.233663960476406,-50102.868827292688366],[1049490.414230455877259,-53448.622661696084833],[1053458.436891195597127,-53577.876677570115135],[1054421.840183365857229,-53351.327207322014146],[1056392.727658659452572,-52538.837146826153912],[1057459.767141019226983,-52303.706920159907895],[1058618.559278771514073,-51911.94717257215234],[1060188.158853571629152,-50402.776909500316833],[1061018.237009368371218,-49951.322366798078292],[1062771.0309637140017,-49935.557191308769688],[1063576.373846015892923,-50724.929838232899783],[1064352.403136048931628,-51923.904637527070008],[1066067.898387285182253,-53115.346922379590978],[1067803.318993288790807,-53392.90801001307409],[1070375.835362887009978,-53303.666473612378468],[1072692.253490369068459,-52764.484239236531721],[1073635.407228574156761,-51654.744344166239898],[1074008.486768703442067,-49834.419823450087279],[1075156.589679881930351,-49700.16818879130733],[1076506.03212336730212,-50237.670065993726894],[1077420.589920877246186,-50437.906611157290172],[1078079.117253758246079,-49810.118664190777054],[1078571.040714523289353,-48427.293708963567042],[1079163.892682060599327,-47764.686333949299296],[1080671.06260641105473,-47428.271412410103949],[1085561.358246772317216,-47471.686066012400261],[1096171.579175535356626,-45229.003177797378157],[1101832.757562380982563,-45620.662454804572917],[1103668.171723282895982,-44846.590152822471282],[1106272.612834817962721,-43783.585083315636439],[1109519.448554935632274,-43652.546231371423346],[1112800.210696944501251,-44166.200436545273988],[1115588.069666618714109,-45019.400025386486959],[1116397.890175088308752,-45575.887488475505961],[1117526.901989715872332,-47057.637194719289255],[1118158.672455753665417,-47606.260060658663861],[1118980.577860474353656,-47811.558045995996508],[1120437.890789163531736,-47750.204260042250098],[1121177.087735444307327,-48209.180123808124335],[1121745.297420852119103,-48378.625050095739425],[1123088.603629376040772,-47838.985696527102846],[1123902.322806492215022,-47947.135638383391779],[1124605.554030702216551,-48472.135763116973976],[1126264.942605096148327,-50274.996560732324724],[1127770.147502033505589,-51373.645251839254342],[1129057.219490169547498,-52120.793596484909358],[1130467.841344473417848,-52601.814524982168223],[1132302.289481562795117,-52905.511968760125455],[1137583.1796804824844,-53171.582800474185206],[1138498.725658241892233,-53723.410894395383366],[1140304.289492873242125,-55853.519009328942047],[1143232.679955116705969,-56821.043962269526673],[1145854.033481674967334,-58098.868535165165667],[1146423.255334963556379,-60121.71749734506011],[1146707.848363191820681,-61132.910559448646381],[1146715.250531833386049,-61159.209953702324128],[1146718.649133334401995,-61171.284693247267569],[1147515.207683963468298,-61308.267131403816165],[1149293.878406012197956,-61785.98665102031373],[1149322.851389737566933,-61793.76601077572559],[1149336.478431480471045,-61797.424904538005649],[1149384.747634966159239,-62129.698817147793307],[1149389.167988151777536,-62160.127511258870072],[1152810.235864020185545,-64265.310873067821376],[1152817.811060279142112,-64269.970604943518993],[1153787.545065576210618,-64645.489285760479106],[1153814.456839859951288,-64655.909259735846717],[1154240.703709651716053,-65124.706304420709785],[1154266.278313628630713,-65152.832500882206659],[1153524.028054918861017,-65956.449939711630577],[1153504.183150845114142,-65977.933536136275507],[1153501.795487040420994,-65980.518380897148745],[1156056.461001329356804,-66835.566555065175635],[1156068.324557818705216,-66839.535837600793457],[1157095.535846213111654,-67687.475934122601757],[1158000.406554759014398,-69362.26227106229635],[1158008.728602418908849,-69377.663199041227927],[1158500.077171821380034,-71268.614522247662535],[1158307.017049414338544,-72522.558278383454308],[1157107.049294960685074,-74829.507637737624464],[1153603.84877410903573,-76081.774331883250852],[1147620.434437650255859,-78683.449597321567126],[1146621.169227300444618,-78635.808752314565936],[1145853.280091757653281,-78358.433913788321661],[1145843.807674524839967,-78347.835733284897287],[1145377.417961839120835,-77825.993577343906509],[1145371.686987169785425,-77799.44157733132306],[1145201.727200074354187,-77011.982374355182401],[1145183.226119879866019,-77002.837540660912055],[1138013.007206355920061,-73455.743604231145582],[1137995.064220198430121,-73451.415981914309668],[1134056.960406135767698,-72500.92135317804059],[1131236.888090263819322,-74032.453607354109408],[1130855.86926038376987,-75930.33971891348483],[1131434.768275374313816,-77827.683526775275823],[1131439.365467349765822,-77842.749256329843774],[1133063.883576698601246,-81247.232788606721442],[1133075.378683778457344,-81271.317161525512347],[1133416.278443795396015,-83038.185694844287354],[1133522.525498320814222,-84756.426039806188783],[1133399.432285251794383,-86488.705434541770956],[1129514.06491393619217,-101290.623910069567501],[1128923.333127425285056,-105656.953985094733071],[1128786.99008085555397,-109453.475516901220544],[1128398.319963346468285,-111165.425728899834212],[1127483.992886114865541,-112870.708190109275165],[1127185.075899485033005,-113159.099641526758205],[1126116.407212618505582,-114189.978811184861115],[1124641.802712018834427,-115242.756205591693288],[1123505.470210687723011,-116570.675240377109731],[1123183.956486724549904,-118712.850587497843662],[1124288.696713361656293,-125387.763813865065458],[1124189.669785672565922,-128541.192980821957462],[1122466.630937774432823,-131391.005686452117516],[1119987.989609614014626,-132781.008579525427194],[1117043.717339257476851,-133271.630115470557939],[1108558.832358308834955,-133261.266943934111623],[1108553.865556640317664,-134578.678467266290681],[1111143.918227960821241,-138119.673679440806154],[1111353.865098974434659,-139614.15209001142648],[1109357.579513513948768,-139013.079134793311823],[1106993.415235203690827,-137659.268439363630023],[1106004.776361526921391,-136904.325944952142891],[1103840.257902967510745,-137802.831005733838538],[1103660.974768078653142,-139809.058209976414219],[1105082.764764398569241,-144105.920096671790816],[1105170.652408449910581,-146287.839145249163266],[1103770.359263541642576,-155853.61702722904738],[1103199.620973726036027,-157846.696260605705902],[1101992.120118762133643,-158773.785008720471524],[1099898.764713246840984,-158423.025305837218184],[1096559.038191615603864,-155613.158121495536761],[1096236.993728733621538,-154649.992127526697004],[1095863.861750717042014,-152181.86724328857963],[1095531.816215910250321,-151477.761251864343649],[1094471.792220271192491,-151513.963150731520727],[1087917.269684763858095,-150646.559465251659276],[1087034.557017044629902,-152196.755225010827417],[1087488.458812310360372,-154259.542140261648456],[1088300.905864876462147,-156456.361033614608459],[1088521.332181951031089,-158366.242468978569377],[1087499.418458344880491,-160151.7191342311271],[1085786.421170024666935,-160963.86643785823253],[1083786.446469090878963,-160846.778345309343422],[1081872.079145563999191,-159844.47511163764284],[1080822.737716717412695,-158214.65480667896918],[1078671.209895886480808,-153912.028820401697885],[1077582.706344813108444,-153599.188913393911207],[1077229.31096992501989,-154944.805659406207269],[1076710.890616653952748,-162021.560112603474408],[1076116.888279713690281,-164428.165788577025523],[1075278.664505475200713,-166036.953164768405259],[1073872.259733150247484,-167138.111315034155268],[1071585.438640532549471,-168037.901984897849616],[1067459.58742170385085,-168867.748832239216426],[1063676.933965433621779,-168859.702530769834993],[1055860.936483153607696,-167807.620795498864027],[1051682.286421567900106,-168504.76451574487146],[1050671.506727444473654,-171427.782510653312784],[1050848.938758467324078,-175653.432342105428688],[1050169.379470605403185,-180239.749740970815765],[1049018.524377863621339,-181148.523812682338757],[1047904.485475460533053,-181058.871928230888443],[1047089.251976086292416,-180786.523134714283515],[1046724.22632499714382,-180664.557343717257027],[1045364.45468252513092,-180665.832983104104642],[1043651.243872434832156,-181532.436932239856105],[1042405.322784632211551,-182846.812015518575208],[1041451.326659936341457,-184390.53657594815013],[1038474.365923705045134,-190803.00508456263924],[1038154.39216100727208,-192374.216229391342495],[1038356.867693280568346,-193881.559895512968069],[1039701.142861551605165,-196357.9339951093134],[1040228.949161930591799,-197704.953435049857944],[1040098.25075093342457,-199806.457814111869084],[1038534.262078030384146,-205987.685098926827777],[1037636.705254979082383,-207879.546534813125618],[1035842.421350753866136,-208977.87960436832509],[1033923.982925025280565,-209299.605648431985173],[1032361.334354840102606,-209986.383194002788514],[1031570.971107952296734,-212184.992603435181081],[1032188.186990780523047,-214552.458200555265648],[1033862.874181168852374,-215297.118402288091602],[1035591.937668568803929,-215787.760518728435272],[1036362.426344145904295,-217400.164153798192274],[1035609.107462160754949,-219260.560979473259067],[1034161.008716550073586,-219261.516851445194334],[1032892.257312091998756,-219529.510822084586835],[1032751.924375888076611,-222211.289299048425164],[1033363.818094877176918,-224097.311946023895871],[1036748.808429246302694,-229399.385566315235337],[1037679.39082179358229,-231292.052709878451424],[1038813.268858048017137,-234835.764110645541223],[1039890.849972321069799,-236570.574800059373956],[1040795.202073966502212,-237306.066932524903677],[1042659.998824310605414,-238273.255776020523626],[1043401.842544797575101,-239227.926649825181812],[1043709.647681667935103,-240047.345591774239438],[1044409.523332854616456,-242758.436431104317307],[1046146.56940746109467,-247342.137148343492299],[1047363.741111363633536,-249481.732439345913008],[1048748.181009943364188,-250377.063197786017554],[1050102.580623246962205,-250620.378149404801661],[1050490.899415171472356,-251244.005009734071791],[1050117.381098387064412,-252151.566557450190885],[1049175.244590774876997,-253241.676798727392452],[1048527.914628775906749,-254308.503892303793691],[1048774.832593756262213,-255155.680708921747282],[1049392.776643217541277,-256002.325320537289372],[1049924.311761863064021,-257096.81641532399226],[1053698.716551496880129,-274675.241731904214248],[1055388.44425767310895,-279125.188348589988891],[1058088.796974496683106,-282240.746440989430994],[1061581.948212362360209,-282884.672799984924495],[1061672.601298280991614,-279217.830976464902051],[1059026.389122077496722,-270105.949369321460836],[1058615.175986463204026,-265196.458252650569193],[1058947.748907117638737,-262572.733603358676191],[1059960.024616316193715,-260896.562740620400291],[1062219.233872073935345,-260630.524893326713936],[1064303.274618739029393,-262022.605609689751873],[1065958.311284114839509,-264014.141895158274565],[1066941.6808274933137,-265562.7951498843031],[1066902.516383642796427,-265471.216471556050237],[1067189.241606171941385,-264679.067341731744818],[1067213.104651460424066,-264579.572290565702133],[1067947.906333915423602,-265407.577228252310306],[1068039.184225881937891,-266149.371087391162291],[1067953.070648031076416,-266796.316997431160416],[1068103.992427447810769,-267355.387604449293576],[1069731.134092204272747,-268720.281255161680747],[1069976.437424594303593,-268735.036746734811459],[1070945.737074231496081,-272081.444897993467748],[1071510.943308162735775,-273169.816925265418831],[1074513.436327944975346,-281051.628057654714212],[1075268.488741331500933,-283829.800823464698624],[1075582.28402320179157,-284163.340386299998499],[1076574.797733783256263,-284347.411387732427102],[1076871.893074747407809,-284736.815273883286864],[1077260.972755754832178,-287977.998486363561824],[1077786.771467994432896,-289092.464889819326345],[1079226.209766034735367,-290460.379003174661193],[1080619.603574230568483,-290861.558302297722548],[1082002.390928910113871,-290999.341601107444149],[1083452.083972555119544,-291567.932983931910712],[1084195.129919884027913,-292730.637150055496022],[1084273.250378279015422,-293823.867942245036829],[1084621.029977279482409,-294177.467471553245559],[1086214.140694333007559,-293103.439241163025144],[1086750.20719308196567,-292241.59650075173704],[1087045.0858430985827,-291161.078159179596696],[1087446.584263564785942,-290215.420838837861083],[1088344.735394433839247,-289754.65988727362128],[1089074.155842419248074,-289832.98743585817283],[1089823.694996128324419,-290027.344510386814363],[1090554.775612536817789,-290125.555591745360289],[1091270.325418523047119,-289903.442702118714806],[1092612.721529633039609,-289285.481882259249687],[1095330.157331885537133,-288451.27436676051002],[1096521.385348320007324,-287549.581094207474962],[1097211.438849162776023,-286631.557279814558569],[1098803.59744347888045,-284921.491000769427046],[1099454.870222344994545,-284052.471414181403816],[1100950.67831106716767,-281310.742680365568958],[1101041.580280185677111,-280866.843312699173111],[1100925.101395403500646,-280356.798009588499554],[1100924.495086082955822,-279834.321827209496405],[1101395.102229269454256,-279356.212917371303774],[1101731.428173336666077,-279311.21643387794029],[1102709.257795975077897,-279313.688500410178676],[1102959.26073639607057,-279252.827076000336092],[1104362.06939049414359,-277457.207117934827693],[1104711.367043456761166,-276414.807014570047613],[1104235.568736568791792,-275159.380926954734605],[1102637.255044483346865,-271889.556100514484569],[1100469.654262531315908,-264417.939120178285521],[1098672.847238993505016,-261035.266337534558261],[1097751.142093681963161,-256676.177401348948479],[1099230.825903117889538,-251085.75729565959773],[1101762.814637530827895,-245677.977048880362418],[1104117.417340263025835,-241863.157298525853548],[1105640.310547397006303,-240295.707276670262218],[1111067.110267462674528,-237394.963503410719568],[1112599.140695667127147,-236078.483086606342113],[1113801.69493011222221,-234499.490440787631087],[1115778.937312930123881,-230418.316906241612742],[1115573.168381971074268,-226075.361186437046854],[1111823.316079966258258,-213533.714929139212472],[1111313.261094444664195,-209337.22261347156018],[1111324.152228484861553,-206942.648082539701136],[1111832.879240221343935,-205444.897096706030425],[1113244.555425080936402,-205263.374965968541801],[1114642.147814420983195,-206675.807761535514146],[1116085.085415708599612,-208623.912576348317089],[1120744.002254485385492,-213087.824461970623815],[1122387.956559551646933,-213766.986473532189848],[1124710.062632138142362,-212959.054833905393025],[1126333.503774728160352,-211274.23818485555239],[1129248.192777052288875,-206376.440934097627178],[1130737.296438353834674,-204372.351322647009511],[1134913.656101495726034,-202525.926977959548822],[1137193.182144838618115,-205442.359742591972463],[1138583.851942826295272,-209574.472453640366439],[1140122.502846886403859,-211357.125944691244513],[1141527.874208490597084,-209740.687797050311929],[1142380.780264172703028,-204537.37393256300129],[1143984.236517008859664,-203391.589749567065155],[1146171.301836280850694,-204353.953303968854016],[1146251.40222268877551,-204774.377555876533734],[1146616.331758158747107,-206689.608492018363904],[1145834.84296079678461,-211479.561937172111357],[1146435.533154205419123,-215128.221774357021786],[1151411.391146233538166,-227367.609290972905001],[1152465.810260714497417,-232688.439279437618097],[1153080.464619013713673,-234277.510214578534942],[1153692.828200972406194,-235105.879478904447751],[1155130.401910055894405,-236281.790361817402299],[1155781.467660248978063,-237187.130548906570766],[1156011.119035290088505,-237999.874487907160074],[1155986.051038496429101,-239541.130996843945468],[1156188.986970359226689,-240290.165698108263314],[1156757.553605158813298,-240975.827042632416124],[1158196.17116032820195,-241910.233191785751842],[1158623.210334403906018,-242430.123172683874145],[1158805.804464173968881,-243430.743365090660518],[1158710.45060992706567,-245624.303739453753224],[1158836.832723160739988,-246710.244584926433163],[1159522.653930527390912,-248494.090069302095799],[1160089.892696740105748,-249524.405352202593349],[1160250.946397137129679,-250641.809377741505159],[1159728.392504002666101,-252683.170339077041717],[1158228.726085542002693,-256673.295480632514227],[1157951.724311869358644,-258371.615008608496282],[1158238.192671123426408,-262766.425670315395109],[1162191.442979897372425,-278152.467074969550595],[1162775.786369779147208,-285836.601225933176465],[1163881.496225884417072,-289488.725392153137363],[1166056.001569288084283,-292208.841099126671907],[1169568.009618907468393,-293292.055557090439834],[1171210.390106425387785,-295023.9831956003909],[1172851.023464277386665,-303527.199760859541129],[1173864.168004402890801,-306813.97684845328331],[1175204.357340932823718,-308359.714579677616712],[1178177.013871382689103,-310523.010490215558093],[1179434.642935048090294,-312090.091616825549863],[1180029.428701291326433,-313755.822772903135046],[1181499.02492565009743,-322188.753713403013535],[1181853.002979214303195,-328617.228599659749307],[1182397.499377574771643,-330431.280893515329808],[1184015.708244408946484,-333759.779939316096716],[1184342.553995705675334,-335644.836912626517005],[1193502.860528805293143,-371176.005164144269656],[1193602.923116029938683,-373990.25447788805468],[1192482.310603444697335,-374641.743974319775589],[1190950.103838212788105,-374760.391719134582672],[1189813.521272408310324,-375959.289556519710459],[1192800.656647848896682,-383181.076393775176257],[1194798.114759089425206,-390341.408967582567129],[1195097.63309926725924,-391298.184354197815992],[1195260.33582650241442,-392284.373853621480521],[1196053.013307300163433,-391909.131390618451405],[1196780.759606463136151,-391407.345471807406284],[1197422.781478520482779,-390786.629077986464836],[1197969.4441430689767,-390059.355420942534693],[1199008.319945176830515,-388477.323956799402367],[1200239.424195696366951,-387970.711348306853324],[1201495.418551244307309,-387743.549497469852213],[1202576.766242500627413,-387002.801664877333678],[1203208.040493488777429,-385428.106372813519556],[1203072.252651204820722,-383910.544652645708993],[1202699.925652259262279,-382385.41472297225846],[1202565.105900184018537,-380758.550264643039554],[1202978.772191297262907,-378553.586444369284436],[1203243.152934761950746,-378633.428900889120996],[1203765.282615476986393,-378718.936511021864135],[1204196.942605612333864,-378392.742099706199951],[1204169.139302158262581,-377245.135148509405553],[1203517.001870876410976,-374152.357441341388039],[1203684.290843767812476,-372671.058255817275494],[1204622.349816895322874,-371781.945165345619898],[1207182.834027587901801,-372259.380578218726441],[1214155.34661426465027,-376501.867147460114211],[1221367.409588454058394,-382266.740387070283759],[1223421.486946121556684,-384570.414971192192752],[1224550.636607072548941,-387665.627731043612584],[1225351.828163582831621,-390808.019891936623026],[1226522.41621705587022,-391759.737859436543658],[1227637.870891541242599,-390576.584417573816609],[1228317.162386116338894,-387322.155068873078562],[1228872.823027294129133,-384832.552893246465828],[1230348.609960455913097,-384197.177767719957046],[1232128.785343535244465,-385012.01310365612153],[1233637.473336335038766,-386840.931362767936662],[1234238.188058416824788,-387424.316138244641479],[1234893.69669515453279,-387669.016150671173818],[1235549.709715430159122,-387568.499276459275279],[1236214.717857342213392,-387098.971232481359039],[1236416.64774267282337,-386844.561252384388354],[1236584.553839179454371,-386570.267337992030662],[1236610.01757103507407,-385797.113577647891361],[1236506.241795249981806,-385018.593149768479634],[1236263.660594072891399,-384247.089384297258221],[1235885.967890228843316,-383522.522782640065998],[1235085.368165288353339,-382163.819578300928697],[1234630.611646610777825,-380715.822597402788233],[1234688.948410093551502,-379249.475195524748415],[1236233.110836120555177,-375403.342729777446948],[1237158.312331188237295,-374507.18943710217718],[1238395.89692652435042,-374094.085220598673914],[1240174.310121878283098,-373153.547871675109491],[1239794.600951307220384,-372291.315330439188983],[1239241.627222437411547,-364790.548795085749589],[1239007.038446107180789,-363989.758014581631869],[1239172.183554364135489,-363341.872387550596613],[1240349.310559747973457,-362750.055586201779079],[1241309.429450551513582,-362592.294204591482412],[1244094.336210758425295,-362823.362810614577029],[1246007.40622283401899,-363238.345731473178603],[1247522.219088186277077,-364207.737846147734672],[1249147.232784071704373,-364746.856910201255232],[1251366.081096951384097,-363838.50833345472347],[1249134.782291234703735,-360583.784730933955871],[1249050.952381144044921,-359222.714398878335487],[1249161.909762682858855,-359034.089992111548781],[1249678.446004650555551,-359060.772092652390711],[1251811.810307833366096,-357820.909367389860563],[1252804.39762500487268,-357555.731624391337391],[1253555.335324963787571,-356996.714455276669469],[1253904.091555186081678,-355572.241679830302019],[1253864.932827257784083,-354465.853904533141758],[1251797.536741860443726,-341615.362213644199073],[1250103.830315185710788,-337218.924473412684165],[1246083.99428665288724,-333660.162605784134939],[1245070.33076137304306,-331954.629445302067325],[1243662.850814350647852,-328422.67682184628211],[1243328.738029245985672,-325860.545615499082487],[1244036.49677592003718,-321407.793357686023228],[1243962.678583152592182,-319005.603692586300895],[1243137.377062416635454,-316903.283813825109974],[1240452.565295363543555,-313047.589679580938537],[1239442.879986659856513,-311019.821023738826625],[1238911.063534891465679,-308735.060383275384083],[1238983.017469099024311,-299846.73770680144662],[1242065.14524148311466,-296531.104934445698746],[1242440.357117968611419,-296668.666259596182499],[1243164.390606411499903,-294025.991215302259661],[1246414.228666971204802,-289337.015296037425287],[1247679.344964811112732,-286913.744600242236629],[1247678.717538131866604,-284855.911590045783669],[1246826.186745899729431,-282685.167892709083389],[1244420.573171261698008,-278929.248564865963999],[1243389.059775539441034,-276657.330875985615421],[1242597.422913677524775,-273644.599489691609051],[1242513.569937328342348,-270689.542287554591894],[1243583.200445004040375,-268583.929364061506931],[1246016.013100157491863,-267411.271883393230382],[1248045.921090617775917,-267732.896936961158644],[1249782.456356037175283,-269122.079902745434083],[1251355.335216191830114,-271144.349048312869854],[1253661.256520782364532,-272695.246315514901653],[1256325.935504717286676,-272286.375446638616268],[1258858.852483528899029,-270708.136769392353017],[1260677.973861031234264,-268788.77209860709263],[1262023.206332898931578,-266589.235254573228303],[1265450.870734022231773,-257650.535523716447642],[1265352.313074805075303,-256277.496619969548192],[1265004.697508753510192,-254968.367410932056373],[1264809.672412397107109,-253251.022273626265815],[1264924.691980893723667,-245739.262260654068086],[1264040.323423228692263,-241127.564191184646916],[1264006.053808872122318,-239202.560453728889115],[1264477.064376955386251,-237344.491589202691102],[1266196.503376732580364,-234330.192904041090515],[1266464.888280929066241,-233359.195219823886873],[1266421.712416020454839,-232348.909572719800053],[1266113.867837187601253,-231122.457386071211658],[1264880.43307411391288,-224742.803287243295927],[1264629.407045783940703,-221660.482381778623676],[1265864.297381359850988,-200047.569978650950361],[1265307.195274330675602,-196428.867248596565332],[1264756.656513559632003,-195317.794484605343314],[1263184.218209190759808,-193476.698948152916273],[1262466.711896990891546,-192387.234736845537554],[1259060.290215047076344,-190499.116295054729562],[1256167.475303042214364,-177849.073426286428003],[1255888.666572967777029,-173908.380771282449132],[1255396.350635035196319,-172171.190912360674702],[1254905.21221931790933,-171447.917643445485737],[1254258.555698644835502,-170977.798830666084541],[1253309.199252800084651,-169987.67320213036146],[1250791.336298497160897,-166592.255164646281628],[1249814.688435232965276,-164860.580248132464476],[1249106.489934428595006,-162951.281571387080476],[1248696.62429216504097,-160623.169996218523011],[1248643.926530289463699,-158493.394026114663575],[1248629.185152616817504,-157897.957479594246252],[1249071.133937262231484,-155317.086284004442859],[1250168.816355755552649,-153426.727091370383278],[1252742.444337715627626,-152200.660440388572169],[1254848.036378114018589,-153158.443471886654152],[1258131.525408222340047,-157399.132337489223573],[1259268.499019173439592,-158589.259020895668073],[1262895.614086239365861,-161647.340315014997032],[1263687.561313211917877,-163085.584293554828037],[1264166.416146916104481,-164450.317669446289074],[1265035.183394812513143,-165364.090778732788749],[1266902.767778073903173,-165458.255096253880765],[1268999.323112349491566,-165076.288823619193863],[1271976.720951709896326,-162983.250878966442542],[1273602.745090239215642,-162214.826566922332859],[1274292.275658437749371,-162467.292212989763357],[1274900.469207643298432,-163190.109077863919083],[1275574.033310066675767,-163714.113974389067153],[1276532.811506120720878,-163363.037448113260325],[1277076.125767160439864,-162756.097563196584815],[1277497.722665599314496,-161982.766180985257961],[1277802.827119429828599,-161097.13852189652971],[1277958.963751225965098,-160200.045085275633028],[1280280.049628328764811,-158438.431770145863993],[1285120.01241206144914,-157727.475691066269064],[1290306.348365379031748,-157862.985231958300574],[1293647.632061983924359,-158668.506979871395743],[1298212.856222323840484,-163760.960856786550721],[1300428.202308929990977,-164589.271285488037392],[1308373.640366681618616,-162776.870199872995727],[1311392.78138020564802,-163179.012672562821535],[1314359.857804689090699,-164010.99275100856903],[1317941.824013207573444,-164539.69076670857612],[1320297.702472577570006,-164744.439834585529752],[1326404.389623616589233,-167361.060280527279247],[1328157.402140090242028,-168501.551473325293045],[1329807.690957299200818,-170405.226185811392497],[1331427.657702200114727,-171897.912533245689701],[1333176.449755733134225,-171831.073975260194857],[1334254.818751500919461,-170358.730295112676686],[1334524.305109939072281,-169990.721751601959113],[1334622.896693212911487,-167718.671565431519412],[1334233.554586198646575,-165326.2810920177144],[1334159.600468539632857,-163126.294337526691379],[1334932.623565129935741,-160837.970446047547739],[1338895.51279966137372,-154162.647964212548686],[1339100.856890471884981,-152540.868928517273162],[1339205.122153653297573,-148256.288308583170874],[1339557.042187933577225,-147145.64239644780173],[1340484.837154352106154,-145781.101822650904069],[1340728.136112764244899,-143810.549493888247525],[1340702.058497390709817,-139812.302668409363832],[1341470.765443520154804,-135540.775378197053215],[1345206.968131523579359,-123358.99715149916301],[1345437.247945080976933,-121484.548630418896209],[1345371.488029935630038,-117743.399587313251686],[1345735.597388704074547,-115944.394255344988778],[1346391.450029123108834,-114940.437412114682957],[1348343.437131913378835,-113223.283090176308178],[1348959.867327542509884,-112249.07363767674542],[1348971.172801167471334,-111331.061829081954784],[1348431.289877858478576,-109452.048509690634091],[1348405.410195619100705,-108787.9023801391304],[1349411.134850021684542,-107403.031726493209135],[1350550.934185962192714,-106403.823002241639188],[1351327.648571147816256,-105048.00929296418326],[1351121.018205585656688,-100574.060367425961886],[1351663.196146830450743,-99193.418164398273802],[1352721.842264640377834,-98130.430557881976711],[1354153.028089988278225,-97008.891097338375403],[1354960.688276240369305,-91266.500743093449273],[1355567.709732698975131,-89605.916693998384289],[1356633.494251276366413,-88317.601711647177581],[1360836.278743147151545,-84937.211947798132314],[1361790.030955782858655,-82271.72476761660073],[1363107.645686172880232,-74509.683975662337616],[1363767.242944236611947,-72667.796592031576438],[1365213.766440590377897,-72235.838157874633907],[1366462.394742049043998,-72123.233868409064598],[1367681.376123121008277,-71826.763976307411212],[1368976.708122802898288,-70852.487286413786933],[1370034.726096325553954,-69215.845048446775763],[1370637.796078379498795,-67247.175889362784801],[1370797.031051020137966,-65152.357018342219817],[1370591.853516079019755,-63187.577461510743888],[1370832.005418448476121,-59859.826469015766634],[1374290.919379560276866,-54010.677583882745239],[1375563.84551876061596,-50945.27833324540552],[1376451.384297034936026,-41323.273728538770229],[1377844.114013664424419,-38920.420759091146465],[1379373.459213043097407,-35333.057315283120261],[1379410.643287458224222,-30614.942964454668981],[1378223.422887739725411,-26103.444658586457081],[1376122.18649620981887,-23145.436253820429556],[1372349.987170749809593,-21805.511007491666533],[1368229.93400993780233,-21432.230883010215621],[1364477.0604636259377,-20461.816494592723757],[1361767.426651437999681,-17346.980056527027045],[1360975.486714702332392,-12853.895890126523227],[1365049.763081635581329,4183.51589556359977],[1366924.190391245065257,8024.111571358920628],[1368682.999787676380947,10350.909614677908394],[1369491.119747878983617,11420.380334856768968],[1372502.200541948899627,14053.442776192241581],[1374336.931580980075523,14965.172042542086274],[1377750.156003174604848,15750.596362620530272],[1379548.979199511231855,16504.098291242509731],[1381194.188472302397713,18115.46794088824754],[1383309.360852381912991,22571.053510306544922],[1384550.602212331723422,24536.823800520676741],[1385377.699996810173616,24998.396651045048202],[1387343.946140773128718,25241.992898909094947],[1388241.312178715830669,25826.228922178011999],[1388263.855228014755994,26300.087583973279834],[1387349.950525595108047,27243.438697218480229],[1387339.786519865272567,27828.800733558069624],[1387703.188466032966971,28235.453220890482044],[1388691.907782200491056,28938.713260586337128],[1389013.994305396452546,29341.007569180575956],[1396557.763032042421401,43492.852252635893819],[1397219.279980632243678,44414.837921668971831],[1398136.10111424070783,44898.533295498215011],[1400228.082954547600821,45399.413132620851684],[1401047.57473522843793,46108.619171055688639],[1401483.239604581147432,48156.606978734474978],[1401030.440536899026483,50620.704062410237384],[1397791.731040896615013,61761.154656893093488],[1397643.564370587235317,63913.050991235330002],[1398046.035986735718325,66359.938208249921445],[1399065.533176894066855,67516.214759218550171],[1402640.75912453350611,69270.273382355691865],[1404155.232208345318213,70555.22775399267266],[1407876.578943034168333,75552.879252471961081],[1410573.1736345004756,79721.670209803749458],[1411494.502992250723764,82047.471664526849054],[1411130.000895521137863,84348.52355378017819],[1409734.204733373830095,85531.060542413702933],[1406057.803060815436766,86293.854273152537644],[1404585.689262768020853,87324.832432034585509],[1402810.538136658258736,94614.553571885146084],[1403109.738457821542397,95590.067089932155795],[1403745.102594088064507,96527.225384557241341],[1404128.269058361183852,97396.852133531196159],[1403667.949278711108491,98198.141505993902683],[1402831.509727662662044,98544.668010469235014],[1401990.788182589225471,98643.493100578096346],[1401148.665622252738103,98851.485058501071762],[1400310.563871842576191,99502.774176192368031],[1398720.455299333436415,102701.031209077103995],[1397798.909074231982231,107012.436467153762351],[1397507.344933399930596,111443.622789265122265],[1397810.975086801685393,114967.195497815409908],[1398774.486730618635193,118803.672482401743764],[1398782.449624481378123,120455.090434568526689],[1398124.561086541740224,122517.646087886110763],[1395838.21308124717325,125951.453154999326216],[1395454.861222370294854,127681.417393067371449],[1396586.750899765873328,129948.766054101623013],[1396586.136941568925977,129954.450979262590408],[1397986.104437653208151,131365.244083084835438],[1400535.229933106107637,134965.422767585871043],[1401376.672551229596138,136747.560082900425186],[1401773.961359427776188,138044.482121583656408],[1401815.869343493133783,138802.485101051133825],[1401709.96840380365029,139492.692103438981576],[1401685.798956089420244,142670.723251733870711],[1401965.511829310329631,143523.566394086927176],[1402826.495705814566463,144640.84742730500875],[1403645.061831305967644,145195.669193372188602],[1405764.655736374435946,145955.361424277652986],[1406686.437437001150101,146510.129537584522041],[1407419.880928927334026,147464.34398039552616],[1408570.299405439989641,149712.30266266115359],[1409407.727210064185783,150562.974997755693039],[1411192.294819086091593,151068.532182724826271],[1413004.430933686438948,148960.043384192773374],[1413789.989568705903366,148964.025674175936729],[1415153.531338475411758,148971.05139974411577],[1416907.628455949248746,149755.921123746578814],[1420369.381684499559924,151931.121026343753329],[1427671.292682675411925,155262.216793280822458],[1429327.675993521697819,156544.420546721696155],[1431815.243006095057353,160577.168784387904452],[1433549.506302490830421,165424.439559266640572],[1435811.734197502955794,169410.349096699705115],[1439794.356715148314834,170919.026385493547423],[1442113.657110491767526,170769.737067710811971],[1444128.424358635675162,170943.502442343451548],[1445666.415505862561986,171961.791501707193675],[1446606.243812722852454,174351.765276097867172],[1447292.63654578756541,177064.431077129673213],[1448214.688530186191201,178595.19792724281433],[1449693.524112655082718,179394.550288136262679],[1454178.506146201631054,180441.029075280443067],[1455421.895864369813353,181128.193178082467057],[1456260.065040949499235,182477.556324573641177],[1458300.834613051731139,187145.847612013836624],[1461940.067908705445006,192888.338275226706173],[1464476.922137931454927,194247.384521604399197],[1469926.266110955039039,195922.146075604105135],[1472462.202940070535988,197639.71271036908729],[1474872.531207699794322,200627.17148455811548],[1476669.327475681202486,204011.065108374255942],[1479462.566605753265321,211349.983206559059909],[1482626.188498099334538,217051.698972569807665],[1488123.567599560832605,222040.355177560792072],[1494493.858438993571326,225860.957442968559917],[1520017.956440721871331,233391.430140024371212],[1526620.470658812206239,233864.438313961145468],[1528193.456146290525794,233533.315049617231125],[1530220.417193804169074,233970.798562341689831],[1532190.96796812186949,234879.99467389145866],[1533609.184048453578725,235930.85021081220475],[1535300.139191698515788,238569.936198546434753],[1535916.938394070835784,240550.630509862559848],[1536874.379978600656614,241575.589816698164213],[1539620.09805971570313,241328.939971829153365],[1540565.267750738188624,240912.461859107832424],[1541229.225668380968273,240439.194656916253734],[1541970.761571885086596,240176.926617681077914],[1543199.355612575309351,240399.639164863299811],[1544134.441952673718333,241094.111563284008298],[1545552.391962122172117,243074.047710122162243],[1546613.76982418098487,243657.221633882349124],[1548391.250704491045326,243762.347481226839591],[1550306.698554042726755,243492.612375478231115],[1553907.34025307232514,242309.534840238920879],[1555769.415247414493933,241296.579900379641913],[1557196.028978865826502,240058.11230531995534],[1559665.030739258043468,236768.510608620446874],[1560991.663166045444086,235512.474444643536117],[1564463.317929923534393,233221.528840370650869],[1565149.1619835679885,232412.069893154111924],[1564588.735341799911112,230165.685159024113091],[1563879.672327198321,228206.639378065883648],[1564183.461543331388384,226474.7828261887189],[1566633.77479189960286,224889.492684732860653],[1580932.166990782599896,220274.97644548790413],[1581907.232042293762788,219559.495502779347589],[1582710.70984758506529,218730.730883177457144],[1583580.871462225681171,218031.242080100259045],[1584748.629496356705204,217679.696240258315811],[1585703.421231471467763,217883.978674772806698],[1586724.253625093726441,218486.284126285871025],[1587482.15237049665302,218933.542299117078073],[1588471.152299581095576,219194.138681377778994],[1589779.133819500217214,218877.671543091593776],[1590657.386452450649813,218283.345303205627715],[1591494.926292004529387,218018.275451813911786],[1592721.295666520949453,218694.732221920683514],[1592999.765907713677734,219443.886748506716685],[1593642.468111950205639,222410.955039951688377],[1593709.458318356890231,223283.749247255123919],[1593027.467732013436034,224374.797605203231797],[1592112.321267201798037,224935.55662844851031],[1591151.80288670794107,225363.958956585498527],[1590333.038504756987095,226063.565205595892621],[1589943.158319880720228,227046.862433107657125],[1589657.150636913487688,229022.774108425743179],[1588980.3838807400316,229826.483053888106951],[1585919.045367574784905,232329.288077138742665],[1567360.661084306193516,251381.314054515794851],[1564550.381660094251856,255019.826598524523433],[1563870.342845211504027,257051.713839390344219],[1564772.044622227782384,260440.992918125091819],[1564402.435143154812977,262035.397972099424805],[1563911.551529842661694,262940.719971297949087],[1563308.128005161648616,264935.941126859805081],[1563110.320159192895517,265966.427572523360141],[1562692.957317258697003,266944.168690706777852],[1561393.571841084165499,268500.059726914507337],[1560855.699248669901863,269540.946597426605877],[1560585.194817323237658,271842.03527400753228],[1561108.900006414623931,274113.294766095641535],[1562182.521206946810707,276166.519245981704444],[1563593.777739881072193,277805.866576628992334],[1567156.68805942335166,280979.992538828053512],[1568675.841099842684343,282734.182672105904203],[1571470.641312698135152,287377.75215013360139],[1572650.623408558312804,288376.112212975102011],[1575676.131542175775394,289713.118405790068209],[1577028.186152461916208,290310.920271134818904],[1577634.404926621587947,290385.792188874620479],[1577938.218091445742175,290832.631679870071821],[1577924.805021371226758,292269.318649431515951],[1578103.498850071569905,293478.985669583606068],[1578719.812744851689786,294134.562241217587143],[1580573.354883441934362,295067.243936077633407],[1581083.900224718032405,295747.342514208750799],[1581653.738760093459859,297437.983503206807654],[1582229.839772976236418,297918.725760342553258],[1583239.842726758215576,298372.600812607386615],[1584013.785133762750775,298993.292192085587885],[1588377.998513627797365,304044.620754215458874],[1589713.268482669955119,305995.542454549344257],[1590751.940553616266698,307938.510338256135583],[1591782.369047997519374,309205.930122350284364],[1593456.307813986204565,310323.207816926704254],[1595295.264521913137287,311020.242898494878318],[1596851.986319365911186,311024.807893769990187],[1598165.108556006569415,309785.124832660658285],[1598410.293571923859417,308319.396780302980915],[1598917.555742490803823,307624.665311046817806],[1600969.412536952178925,308669.234346132143401],[1602653.440666423877701,309947.638801580586005],[1603005.341717969393358,310816.551760921371169],[1602663.193785005249083,312071.122665275295731],[1602292.954333712812513,314527.503613713430241],[1602492.714018119731918,316360.630706078140065],[1603728.49372938927263,319725.616163802798837],[1604064.74590581189841,321365.542176624527201],[1602979.865521247964352,324372.314513721095864],[1597601.070798963308334,328898.780512781289872],[1595921.167821347247809,331525.739618480089121],[1596034.560577886877581,335352.406051983998623],[1598095.080045552225783,342394.245358457148541],[1597212.854281751438975,345349.261926973704249],[1593240.0472544610966,346881.284914866380859],[1587293.808513190597296,350483.769551805860829],[1586308.479053885210305,351341.336515922215767],[1584974.370507316663861,353932.046560470305849],[1584172.92550812382251,354218.57507815468125],[1583250.157627489184961,354086.267503323440906],[1582175.572616002056748,354353.306812119961251],[1574938.008547336561605,359210.488456829625648],[1571213.643783248029649,359706.711771912290715],[1567037.694183892104775,357169.347803134529386],[1563850.048208973603323,354550.437427002005279],[1560863.146296378457919,353445.028541401552502],[1557683.679235104471445,353741.163055533892475],[1553931.754624630324543,355300.146583131805528],[1551684.44487475650385,363209.300323218281846],[1546606.699178135953844,368206.886848620662931],[1539222.504729486303404,371802.869044486607891],[1531441.525141908088699,378725.016195316449739],[1522868.132343068253249,379939.37651652545901],[1517824.586304852506146,376526.575101730122697],[1515553.344889526255429,370639.025695425050799],[1515170.106229353928939,365539.143384541501291],[1515457.709781573852524,358920.712058536300901],[1513885.684261239366606,357914.650303147558589],[1509789.191486839205027,364898.131901229906362],[1505970.67430629208684,367813.744532251148485],[1509290.402571329148486,373262.033893386600539],[1505568.425661605084315,378095.261694828805048],[1511656.091600020881742,382529.347220341092907],[1520073.743208352476358,390837.797698293114081],[1518914.57577722822316,396052.605118457984645],[1516703.954644116340205,401439.590901683957782],[1510841.549718581838533,406975.94799938966753],[1509313.015170606318861,409149.549374118971173],[1507728.518038629321381,413840.001494782569353],[1506692.082796865375713,415810.176680955744814],[1504807.225333506707102,417154.570318397716619],[1503379.841929481364787,417128.972660457598977],[1502517.664982669521123,417810.898893449513707],[1502283.689426384633407,419011.625444481906015],[1502731.056645065778866,420538.477725565084256],[1493376.104532326571643,424111.726464633829892],[1491114.202886376762763,430646.958635865477845],[1484561.290627223672345,427628.004481623938773],[1476933.359392348444089,421116.925137759535573],[1473878.036165393423289,429892.156336866202764],[1474545.478597153211012,431636.779286496748682],[1475355.506269610952586,433199.17056747933384],[1476830.214267327683046,434357.791823863866739],[1486770.747653735103086,438437.292879313696176],[1487727.979955441784114,439507.62049900891725],[1488773.559646683977917,443002.621443204232492],[1490702.792744285194203,446977.277669235598296],[1490473.48777587315999,448403.981082872196566],[1488675.891012898646295,450089.712017713114619],[1487367.568057628115639,450546.866262147843372],[1486091.667065096553415,449871.470659947954118],[1484424.616846601944417,448134.865696315187961],[1481173.847005079733208,445577.978808464191388],[1478036.502534649334848,445152.35364767187275],[1474949.313258953159675,446547.483215162937995],[1471755.712215550942346,449468.134928305575158],[1470553.221171433338895,451193.913923672400415],[1468443.591878130799159,456629.98846701788716],[1467391.469580882694572,458114.025107627327088],[1460875.589594379765913,457448.492336146649905],[1455111.987782734213397,456219.984102410555352],[1449347.561871575890109,454994.114531151950359],[1441047.849014880135655,450110.598584745603148],[1434198.954051763284951,452555.08027432259405],[1432405.434864734532312,451532.337680677708704],[1429416.584293573861942,450622.303760503476951],[1430500.14573544380255,443293.410115272155963],[1428273.160128901246935,436863.609953452076297],[1421338.299312533577904,437204.063864654570352],[1415821.220252492697909,438964.623901101120282],[1414820.090390321798623,438604.475137861911207],[1413973.797945515718311,438486.589042074105237],[1413175.302581257652491,438212.693079235672485],[1412227.560654957545921,437374.492092402884737],[1412035.875187722500414,436375.91606078017503],[1412290.858909784583375,435271.663542917289305],[1412205.295698718167841,434408.920634451904334],[1408876.203066319460049,433696.940533215762116],[1408692.591340188868344,432350.642319627280813],[1410178.773219959344715,428461.308109856268857],[1410345.745607645949349,425877.451535553846043],[1409440.703746167942882,425099.201904081215616],[1405860.566474630497396,425256.600808084767777],[1405203.004535198910162,423615.731636141601484],[1403127.773982763988897,426200.903264535707422],[1402375.05761288665235,430385.004645662847906],[1400490.879410171415657,429191.109325261961203],[1399642.511693173320964,423844.783187047985848],[1395833.611238168319687,424408.275561312038917],[1389605.502246509771794,423393.673076881328598],[1386758.035192488925532,420455.149684529635124],[1388171.917369064642116,413922.529320911446121],[1382607.954230070346966,414059.27076122869039],[1381709.664039540337399,414589.16815449349815],[1381392.203416519798338,415456.25660742179025],[1381166.416136728599668,416411.158650112745818],[1380593.277491828426719,417210.015095364651643],[1379747.090652210637927,417636.246979121933691],[1378925.803756375331432,417834.760361727618147],[1371568.888847050024197,418290.662848083418794],[1369770.584853682434186,418729.507675921893679],[1364477.913530422374606,421170.550413992954418],[1358651.570231754798442,422012.166715327242855],[1356929.180431392975152,422509.879974331066478],[1355143.355764209059998,423317.89558319473872],[1356337.506959507474676,421331.530674509704113],[1358199.12735487613827,419633.028738520923071],[1358923.283223820384592,418731.412682424823288],[1356693.135274400236085,419148.688857104571071],[1349115.072979898424819,421716.611076995206531],[1345403.548263260163367,422381.035890564962756],[1341677.094730473589152,421858.184078644902911],[1340095.533475967124104,421419.649983410548884],[1337942.509296647040173,421220.377696767274756],[1336389.12263912986964,421948.945520204375498],[1336532.607979354914278,426327.898655436292756],[1335248.838735433062539,428050.061630370793864],[1329572.413820587331429,433491.692137620702852],[1325861.979210731107742,435544.238964923424646],[1322037.768717368831858,436574.833441373310052],[1319123.732491928618401,435956.063381617364939],[1317613.524034317350015,434268.905872850271408],[1313210.195121155353263,425820.853775709867477],[1311987.208260242361575,424559.126387768774293],[1310454.372852726140991,423749.23499903420452],[1308255.211133637465537,423028.949397169984877],[1303169.302940883208066,422468.970538208377548],[1300698.202536279102787,421834.324477725953329],[1298540.324156058719382,420411.699016663071234],[1297664.546460369601846,419098.00138274038909],[1296391.043306502280757,416041.926283879205585],[1295477.437386403093114,414894.486045379249845],[1294357.372986421221867,414379.589453981257975],[1290823.864089859183878,414231.513519905216526],[1289767.369296247372404,408551.604602336417884],[1293904.501146169845015,404710.689244387904182],[1298010.703486465848982,401195.812633457360789],[1293121.295485812239349,395448.839525905146729],[1289621.597162874648347,390173.706636542861816],[1282231.727677493123338,389095.926674205751624],[1278880.273702688515186,385150.971771119104233],[1273616.892547474242747,382981.95916111569386],[1268717.987403673585504,380386.97430772986263],[1267346.145073847845197,379006.660877652757335],[1265551.940880554029718,377895.166421139903832],[1264011.907200285233557,376671.16876698739361],[1262506.531983627937734,376725.552541701530572],[1260441.506115862866864,376497.173979981627781],[1258542.237996014300734,375925.909514392435085],[1257525.26808153046295,374938.841896545258351],[1257569.846927804406732,374080.071015064895619],[1257943.718363828025758,373478.376703857502434],[1258216.670906681800261,372872.440843125805259],[1257961.232333100168034,371972.430885712092277],[1257140.368437109980732,371560.20356639334932],[1255957.406040974194184,371425.805846677510999],[1254982.755776431644335,371030.157556624792051],[1254745.445499046007171,369841.455057853949256],[1254054.976431489689276,369030.923913951730356],[1248526.760404692264274,366684.982475389027968],[1247088.060565332649276,365640.237519448797684],[1240974.181980557739735,358988.753736533224583],[1239377.230389897013083,358303.565659284999128],[1237711.599923103814945,358946.582177890697494],[1236263.080876780906692,359236.993616605759598],[1234907.327556348405778,358052.349781628523488],[1233461.87349595525302,356430.601567535544746],[1231807.230350343044847,355392.80651405005483],[1230019.58377462439239,355202.371995583118405],[1224559.740066769300029,355425.692603952717036],[1214370.431647116318345,353662.699326538771857],[1206039.974303272087127,347546.312446865136735],[1202531.090186485555023,344921.126180468651],[1197801.931221690494567,339889.46111504395958],[1193715.859750695293769,337212.869382323056925],[1190805.416711356025189,334320.243180676654447],[1187899.133720167679712,331461.002863561268896],[1187688.654829483479261,327727.181508015841246],[1186769.312662822427228,323524.988517233752646],[1185202.113044536672533,319610.597347045782954],[1183148.986830110894516,316755.238126534619369],[1174723.310310213826597,309532.1351910669473],[1172468.894105025101453,306387.493708122812677],[1171168.508855910971761,304923.061149239423685],[1167541.121856456389651,303303.114838569483254],[1165854.7713256215211,302154.607374923711177],[1164601.417022237787023,300497.004370034497697],[1162546.595158312935382,296904.501090999750886],[1161205.192741844570264,295308.321260120137595],[1159774.621280973311514,294241.551266079361085],[1158362.793788624694571,293639.277663732878864],[1156950.93490919820033,293373.34739150851965],[1155467.375369508983567,293336.698086299700662],[1154948.788152562454343,293778.237014396931045],[1154630.071966052986681,294599.904993586591445],[1154216.988942726515234,295114.226567962265108],[1153365.272750119911507,294623.498673527676146],[1147649.226354376645759,290019.957904460956343],[1145010.769186580553651,287298.006200489006005],[1142955.064478442305699,284085.889991566713434],[1141570.054704489419237,280198.729741222516168],[1141874.662468867376447,278614.337429950537626],[1143424.645213918527588,278152.486395927902777],[1146890.339875197038054,278043.523245579155628],[1148177.512403943808749,276992.70976727840025],[1148302.154317701002583,275604.860351616691332],[1147579.936499868752435,272176.070122419449035],[1147580.447912316536531,272170.370590189704672],[1147600.683893657755107,272172.186357574013527],[1147601.195305207977071,272166.48693665699102],[1147544.810244547203183,269156.639760470017791],[1145338.808907902101055,265764.681544230901636],[1142248.308624663390219,262891.768213740317151],[1139631.374786274740472,261449.235907545982627],[1137299.730804971884936,260811.018421953951474],[1136171.520619930466637,260067.452714828512399],[1133843.325793583411723,256965.91117662290344],[1132504.450432642130181,255827.837307338457322],[1127893.338845029007643,253930.332827811711468],[1124582.73035449674353,251048.805068258807296],[1123478.264147559180856,250716.408717427402735],[1122399.734747421694919,251486.279413139534881],[1120892.733677142998204,254119.868832683947403],[1119736.731046179542318,254262.852995844499674],[1118712.337902255356312,252665.651922550983727],[1118380.767994127003476,250264.651049316540593],[1117797.079561364836991,248292.561250583035871],[1116055.793991986196488,247997.194578984490363],[1114927.215294032124802,249346.237501555704512],[1114269.686700036516413,251034.986134657694492],[1113716.686092152725905,251170.682619367027655],[1112831.391245983541012,247843.108567673596554],[1111681.157521441811696,245796.378899290459231],[1110134.704314657719806,246431.884005326224724],[1108629.017157970927656,248369.000787007651525],[1106618.632890405831859,252252.637766953615937],[1105589.320145776960999,253768.940933962090639],[1104621.911834258120507,253978.365821579820476],[1103771.567434374708682,252118.982013595756143],[1103844.628423259593546,251034.118371822725749],[1104315.738333902088925,250069.71012350206729],[1104585.409803199814633,249073.594829936075257],[1104107.596672838786617,247863.745102541201049],[1103388.361454209079966,247439.997151345014572],[1102284.010125909466296,247218.612848974240478],[1094011.354975259164348,247227.496300507540582],[1092092.520712969591841,246857.098306231026072],[1088630.80931427096948,244693.478006691322662],[1083484.340351612539962,238400.722611090081045],[1079979.396995066432282,236465.843297680956312],[1077753.342772456351668,236083.377169896120904],[1073416.200276513351128,236506.21335010585608],[1069131.718534384155646,235935.915416552394163],[1067561.298242580145597,236390.69482076659915],[1063985.777060796041042,238234.967688866745448],[1059873.610846204450354,238924.9288493389613],[1046085.583381983800791,237307.660445326881018],[1045863.855255568982102,232510.768605293356813],[1041789.554840875905938,225687.386574158386793],[1041482.137796771479771,221412.159126960119465],[1044283.13458014128264,213495.129887075338047],[1045335.886478949105367,211999.509431538375793],[1048315.815281940158457,209966.553142951219343],[1049330.372135964687914,208195.491893066413468],[1051018.637169060995802,206577.142468069156166],[1053323.163881355663761,206065.542366477369796],[1055790.84125140029937,205814.541134908766253],[1058046.843315062811598,205027.140940072917147],[1058052.361082612536848,205020.600115205365],[1059873.99301257962361,202861.674460862966953],[1060125.937406630953774,201172.03262291214196],[1060713.935438941698521,200376.793715686682845],[1063599.392343380488455,200913.559244472184218],[1071027.64593400247395,204222.12390459672315],[1073644.851621988695115,204893.881545318145072],[1077264.059995149727911,204972.756954833195778],[1078488.461584972217679,205517.417600191081874],[1081213.628258939832449,207944.939458220993401],[1082340.231170452199876,208430.116905306844274],[1084747.678480849834159,205992.368361303408165],[1094716.664344149874523,190792.099304006347666],[1095215.125660558696836,189514.196397362742573],[1094694.209993757074699,187558.33042378994287],[1091840.12727978033945,184681.198994949721964],[1090614.511586500331759,182918.443613519804785],[1090342.341574931517243,181890.886537462094566],[1090203.483160315314308,179772.546769411215791],[1089998.658614373998716,178796.640248756215442],[1089522.998095948249102,177866.716873698169366],[1088353.771559005370364,176396.071855319634778],[1088120.473901280667633,176002.419761379074771],[1087877.491270676953718,175592.459314981795615],[1087309.667422456201166,173925.92891467557638],[1086970.596520243911073,171980.275984745647293],[1086857.081624565413222,169915.922648893814767],[1087006.286173522239551,167902.437465258670272],[1088512.482739615952596,164419.33591888754745],[1093848.305842607282102,159906.012254995846888],[1095851.402313393773511,156534.672777448664419],[1095852.370107812806964,156523.275751501438208],[1098066.109706557355821,150323.33921319260844],[1097863.137226520571858,148556.540358485595789],[1097427.22600683895871,144764.965144196234178],[1094086.422023173421621,140825.735349728551228],[1088152.101886376971379,139412.132110631675459],[1086333.045005951309577,140108.42211523768492],[1082969.228287515463307,142534.728524337493582],[1081181.844790512230247,143108.095013830228709],[1079724.94360819645226,142561.587407718441682],[1080080.542632091557607,141139.441816787235439],[1080216.788905447116122,139509.596576563519193],[1078175.024117198074237,138317.629200505529298],[1079474.520649363053963,136934.101342063047923],[1079728.140158624155447,135130.453371048934059],[1079015.139254302717745,133802.729599172685994],[1077454.631436255993322,133867.680495842854725],[1076274.98533659032546,135295.808632369589759],[1075839.695255752885714,137061.409836894861655],[1075153.369398200185969,138628.250921660277527],[1073209.346085826633498,139476.60337860143045],[1070300.18287433963269,138684.453208371443907],[1064341.083352790912613,134049.504862034576945],[1061541.389820273732767,132407.817211875575595],[1056804.177673337515444,131405.825375047890702],[1055229.770623303484172,131391.993397497746628],[1050745.915008339099586,132334.96880736364983],[1048961.43954028445296,132121.222694630268961],[1045472.005623762728646,130582.160078488537692],[1043631.397940213792026,130295.788627150614047],[1042229.110631910851225,131341.576956000295468],[1039561.601552974432707,136089.370184569037519],[1038517.467026236001402,137428.227549245260889],[1037052.164639339083806,137735.107666748721385],[1033035.244495684513822,137654.355042131268419],[1031682.909601128892973,137322.594381102418993],[1030011.237989976769313,135961.592096039297758],[1029126.160999945830554,134152.870438326732256],[1028487.599210686748847,132088.490528390015243],[1027493.888881260645576,129955.794955413221032],[1026325.726021353853866,128589.531675734207965],[1024871.379325860994868,127453.121168771380326],[1023262.998219880857505,126568.582158723336761],[1021651.01107658399269,125987.997760119382292],[1019618.990415913052857,125770.308105852280278],[1018184.10331155708991,126207.957721923943609],[1015127.926571042626165,127757.409555410005851],[1011668.789147795760073,128283.67957626930729],[1004641.520108738448471,127575.313282869101386],[1001129.362548112520017,127733.159441852199961],[998173.963218010147102,127481.798071375596919],[993465.393209278816357,124875.328228310259874],[992950.814965667552315,124590.644985317951068],[986749.094549461849965,123753.299001232371666],[964322.971644293284044,120750.818650175235234],[951409.325763363623992,121239.93818827252835],[939840.628510404843837,126202.69443654998031],[930199.667387797147967,132093.518752366158878],[926816.368141883518547,132389.494096942566102],[924858.87797536875587,131584.256900839827722],[923518.075023530982435,130347.50292736114352],[922293.560612787608989,128918.542296015919419],[920754.885662020649761,127564.817880881266319],[918971.346327615901828,126830.272068257909268],[915313.150632813456468,126714.212385877312045],[913517.876704748254269,126432.511180722489371],[910353.175347060081549,124053.891377037245547],[908322.906933608232066,117221.276936957394355],[906001.944140600739047,114800.05337545578368],[902306.993982493877411,113470.082998309240793],[891093.206574601703323,111598.723802981287008],[884947.581458349945024,109497.925844883808168],[882809.756310743861832,109145.699621283900342],[881795.060646857484244,109231.332343490037601],[879734.165228923317045,109715.925734441247187],[879611.955341260763817,109726.73180279583903],[878817.665561806759797,109796.993825406301767],[878431.286117417854257,109954.189945168691338],[877594.375867456314154,110608.155781652705627],[877187.345998429344036,110614.969540113437688],[876699.281548064318486,110146.332165352607262],[876532.968146046274342,109561.932976567972219],[876525.957214454421774,109057.09425165936409],[876491.322718273266219,108808.300115853373427],[876512.661149463383481,108569.025321280496428],[876402.567170669906773,107913.929277923190966],[876139.779792264918797,107156.806546401116066],[875699.086038274108432,106593.994293245224981],[875340.755566533771344,106564.046491070243064],[874360.637139807338826,106899.050259562049177],[873960.670253801043145,106952.299271459589363],[870017.165701854741201,106652.474128714951803],[869454.020471491967328,106704.323852651505149],[867857.309856342850253,106851.471967965102522],[862386.715432961704209,108847.311935202407767],[860207.468555395375006,108805.559972910312354],[856838.58812214655336,107143.831938080184045],[855006.342687084455974,106988.38848498032894],[853723.189694772590883,107872.257277334254468],[855105.313936725608073,111023.674521489083418],[854768.344858200172894,112932.727064493403304],[852132.222883742535487,114764.766916340900934],[848111.714075693394989,115996.495500996985356],[843996.370960037456825,116409.488278687596903],[837847.957618756452575,115270.862119256111328],[834208.045763182570226,116852.339916026350693],[830229.060008239932358,119252.902261733397609],[827410.850361535325646,120954.452251227063243],[823370.101170263835229,119596.531288894315367],[821999.238617243012413,119572.421281925096991],[820742.349300937959924,119372.320723288154113],[819740.511677287286147,118472.240230496012373],[818783.332854811684228,117351.603653962287353],[817664.938030519871973,116501.63541745475959],[814936.263728781370446,115584.688652662487584],[812157.389935881248675,115135.03233348512731],[806534.885665560839698,115104.405382114753593],[803351.299664822057821,115788.817640002627741],[801858.357506140717305,117317.715059370399103],[800915.306285349535756,119516.769686430154252],[799392.757922151940875,122201.471909647152643],[797719.904538925387897,123834.288987340420135],[795306.186530864913948,125410.279333881931962],[792766.411825201823376,126371.638519305895898],[790665.304630298283882,126128.449393166709342],[789765.981538607738912,125380.25096262266743],[788669.595242317649536,124998.246535171012511],[787495.566666748374701,125047.042495906367549],[786424.756201547686942,125594.940430978036602],[785660.887494432390667,126671.472279537294526],[785606.283317039720714,127739.543817880010465],[785690.062456531566568,128896.237371971685207],[785362.344797702389769,130234.199136869196082],[783467.54607261531055,132273.511365117912646],[781481.971519474987872,131918.442452786723152],[779667.234726285329089,130176.039100666937884],[778267.941576017765328,128006.317577609283035],[777336.108715210109949,133427.414165768859675],[777335.422216217732057,133438.83158866604208],[776972.607059474452399,139472.946896019508131],[776326.742768522817641,142281.664090378559195],[774873.585036486969329,144703.936194666195661],[772561.129167187493294,146244.15619732948835],[766169.246423661825247,149157.78415782545926],[765190.416884146747179,149791.048938767111395],[764879.409071340109222,149992.287981540692272],[765517.864208359154873,153227.164540477620903],[766875.076834406936541,156946.013612535258289],[768812.468164719408378,160195.456441327813081],[771210.329017828917131,162063.261851848859806],[777066.965827740728855,163961.859359605732607],[778449.57830925588496,165166.03520700687659],[779251.064989072270691,165864.258634852390969],[779816.00583408633247,169136.007976992550539],[776970.324398422497325,170832.264447918249061],[775659.8289743430214,171859.285859619500116],[773403.849432130111381,174491.447269488213351],[772276.300463078194298,175122.924107783474028],[771097.947840500622988,175579.546063057612628],[769784.030218363273889,176337.607341559341876],[767484.465890497667715,178704.555740213312674],[765949.295495083322749,181558.565355099301087],[765222.948998666950502,184747.324426855280763],[765301.11367579549551,188161.608395925257355],[765228.462887970730662,189985.340806836495176],[763527.629775721696205,192127.863263606326655],[763374.565213334513828,193674.654014764266321],[763982.38762249040883,195309.596635814610636],[765704.147067288984545,198303.155037306249142],[767014.741285242140293,202355.677040871960344],[769018.950787488603964,206143.329413775791181],[772508.975521126179956,227267.575038984970888],[772522.59307613899,228988.032539246312808],[772057.818248540977947,230954.861750371521339],[771093.739594349754043,232587.894440844218479],[768598.292561734677292,234966.067920260189567],[767707.801359199918807,236317.151812992262421],[767506.4026161871152,238150.916589624161134],[768262.778271678136662,241839.204001753794728],[767954.920103456242941,243749.774487341055647],[767953.893414928228594,243766.910826854145853],[767933.612391899572685,243765.695747185469372],[766397.222444845479913,245462.319347877346445],[764047.257507828529924,247245.308349027589429],[759506.474902060464956,249962.067379593441729],[756959.087634789408185,250556.547027048247401],[751214.998926991363987,251041.056098815315636],[749128.234037760063075,252466.633291518490296],[746905.893337451969273,254830.504961117403582],[745284.886892349692062,254822.057014090503799],[741430.043082013959065,251431.171125518303597],[739392.893768091918901,249201.106988840299891],[738178.653754606260918,246975.825188194721704],[736766.493384874309413,245708.035286906408146],[734103.989670170703903,246372.046659259969601],[732207.545211403397843,245739.0860762289376],[726957.073850600630976,241376.456177885178477],[726958.045729895005934,241359.316642539110035],[726952.974571034195833,241359.02908882452175],[726942.832154824747704,241358.453981848724652],[724959.504996991483495,239904.981154391949531],[707350.94655234052334,236222.210637232084991],[705145.174622675753199,235155.159495095140301],[703995.635109320515767,234773.955829291924601],[702836.925970695680007,234744.797509078664007],[700412.423990554874763,234970.347199987474596],[699355.949743314529769,234560.264606758631999],[697917.252297402126715,232381.644763533433434],[697824.930916350800544,229680.426639397104736],[698696.958255945821293,227034.587177127803443],[700120.369116548332386,225023.441997684130911],[702588.904262079508044,224585.280567752924981],[703931.002178885508329,224165.993897838081466],[704774.314600549056195,223556.136545505840331],[705038.659232228528708,222266.998422061500605],[703972.19540594809223,220162.780482800095342],[703972.195405945996754,220162.780482791655231],[704718.84052605566103,215653.995846708217869],[703856.066101147211157,212796.13256721777725],[702587.712020798702724,209887.569813139503822],[700732.802345853415318,200510.077643296652241],[695179.836100322543643,189770.26035124930786],[692974.766578852781095,184060.042366541078081],[692915.977902952814475,182873.903037461597705],[693095.261752499849536,181820.882915367517853],[693680.247528703766875,179686.954344583791681],[693971.373393083922565,179215.704172784491675],[693971.373393080430105,179215.704172778816428],[694907.949706368497573,178338.159324738691794],[695116.989090340794064,177873.964479212387232],[694938.795212263357826,176913.412110982142622],[694529.248965058475733,176261.19295969925588],[694044.605736650992185,175673.687887225765735],[693712.176119492854923,174916.816094716836233],[693001.732349367695861,172346.642714737623464],[692823.314715862972662,171099.732004752469948],[692823.314715860877186,171099.732004746794701],[693007.580059248837642,169574.454912883753423],[693007.580059246625751,169574.454912876681192],[693500.462770966929384,168398.024014085967792],[694840.501209496869706,166310.62377925158944],[695162.969678144203499,165073.527256162313279],[694706.8106618715683,162333.811964454507688],[692591.516958578606136,156798.362417000666028],[691259.725378106581047,153316.227257923950674],[691290.968183270539157,145556.925676693615969],[690017.127775162225589,142258.51180827524513],[689903.302785856765695,141318.863147693045903],[690104.209771034773439,140436.117511774675222],[690104.209771037800238,140436.117511766206007],[690619.301510902005248,139621.71148850696045],[692264.161488548619673,138197.692382621433353],[694276.43971802003216,134330.838353144761641],[696106.907856728881598,133289.531402366934344],[697674.186282460694201,132663.820206047967076],[699038.332374279038049,131529.02676828604308],[701267.056928125908598,128740.198185267625377],[703436.732736553298309,125261.24562463980692],[705131.666366460267454,121470.402857303401106],[706079.626157676568255,119809.639276023342973],[706079.62615768564865,119809.639276017682278],[708480.33722691424191,116567.476952514713048],[708480.337226923322305,116567.476952511889976],[709424.841839355998673,114889.578012744037551],[709918.303358527016826,113009.465741552630789],[710547.995186248444952,108273.285089619123028],[710547.99518625147175,108273.285089610639261],[711659.575729881413281,103941.633856669519446],[711897.384082372183912,101858.606144490564475],[711858.675467562861741,99754.677824509970378],[711569.154794930946082,97533.912202619583695],[710173.40718908351846,92589.573321019037394],[706186.81799380434677,83587.271235742853605],[704998.937934836139902,78774.93236073605658],[704401.209200015291572,76355.108322821761249],[704395.444608275895007,75226.703847839555237],[704395.444608273683116,75226.703847833879991],[704778.327705949661322,73867.428883091910393],[704778.637536058318801,73861.719301321427338],[704778.637536056223325,73861.719301312943571],[704222.295251257368363,69296.32560763094807],[701539.607581575983204,63802.97661943314597],[698003.885741676087491,59644.511677854425216],[694922.117918642470613,59112.977881769475061],[693429.478843561839312,60407.495352148296661],[693429.478843557764776,60407.495352153957356],[690117.909427422564477,62166.61466102166014],[688634.560279239434749,63399.157749535297626],[688634.560279230121523,63399.157749540951045],[687956.514425217872486,64422.525147076928988],[687206.666798323974945,66318.176551117547206],[686691.211451888084412,67195.606734741682885],[686442.363025764818303,67125.200630988241755],[683943.656410294817761,68963.109066683871788],[683833.445755443884991,69392.467390562334913],[683833.445755446096882,69392.467390570818679],[682093.767137868097052,68860.13552404314396],[679195.178603510372341,66143.197568342162413],[679195.178603501524776,66143.197568339324789],[677489.416493065888062,66036.982908625795972],[677489.416493057855405,66036.982908631456667],[675599.514393695048057,66894.763517872037482],[675599.51439369074069,66894.763517880521249],[673882.129085006192327,67412.495886927135871],[672633.414128367905505,66843.953219578863354],[672086.246192274847999,64468.200749827898107],[671453.493865598924458,62746.496567456742923],[670031.464285996393301,61928.821432609925978],[668364.815044131944887,62054.863031993969344],[666978.076320980326273,63157.327253877978364],[666978.076320971245877,63157.327253882191144],[665303.142120426869951,63953.185077643356635],[663197.054575289133936,63101.271769883533125],[663197.054575280635618,63101.271769875049358],[662155.209517870331183,62215.375149055485963],[659787.187590201501735,60202.579044749494642],[659787.187590199289843,60202.579044743841223],[656187.866583014605567,58371.614514103923284],[652662.624210273264907,59155.988169941578235],[645322.369777487358078,62854.239780694828369],[642239.617154547595419,63279.766277895971143],[638947.644802497932687,62934.33866801228578],[635784.123819506727159,61857.555013635253999],[634424.352926832973026,60953.580140466794546],[633097.971877644187771,60072.061355942933005],[632033.413365733344108,58428.851361376684508],[632033.413365726242773,58428.851361368200742],[630364.347032279125415,54357.89510534107103],[629201.187460889108479,53242.566567219953868],[627841.180773920379579,53423.002598165214295],[627841.180773911299184,53423.002598170867714],[623562.868928342475556,55094.776046618513647],[622217.540264028240927,55837.468687185632007],[621253.352047149674036,57239.613403618583106],[620487.705066244467162,58914.61396847540891],[619409.780952597851865,59899.311495025729528],[616404.650704909814522,58812.000299697923765],[611114.228365504648536,57966.979238791609532],[608199.79146212071646,58998.041239823964133],[608199.791462117806077,58998.041239829624828],[605770.201903068576939,61912.621232551027788],[603947.291409447789192,65542.689381460149889],[602799.997448825277388,68729.232755717530381],[602799.997448828769848,68729.232755726014148],[602779.439571943250485,68728.27899578618235],[602779.174582047271542,68733.990834291282226],[601385.621047377004288,74135.915233509251266],[601242.630202161846682,76001.089250353470561],[601242.630202165222727,76001.089250361954328],[600837.159491775091738,78088.815428268702817],[600837.159491767873988,78088.815428263042122],[599704.259457219974138,77990.644449529951089],[598321.233799447538331,76730.495620118788793],[595459.977337533724494,73462.202055551359081],[595459.977337531629018,73462.202055542875314],[594234.884827864356339,72444.466867732160608],[590585.507504562963732,70983.859114749735454],[587842.706443346804008,69886.979271471704124],[584826.382727768621407,67913.534136470945668],[583915.199044450651854,65382.758457553063636],[582090.499992376891896,63108.76545079380594],[579724.896912539494224,61394.735978368422366],[577227.29329900466837,60550.996931460911583],[576304.290995490038767,60681.752869450327125],[572726.031996002537198,61902.963055624852132],[571372.136507079936564,61643.067713003561948],[570674.645389680983499,60513.54998615335353],[570073.727250695694238,59176.549562550047995],[569065.391082916292362,58313.951770873180067],[567216.569063658243977,58639.522572559937544],[560081.10648261429742,62548.167613205128873],[553240.463599198963493,65322.791077597699768],[551205.209010431542993,66438.152428066241555],[551205.20901042863261,66438.152428073284682],[551184.647409096010961,66437.280299421181553],[549781.669586584554054,67951.687157978100004],[548368.021137778181583,69116.681557329473435],[546769.834925113245845,69902.057346536326804],[544818.389413141063415,70277.915633833588799],[541719.799118659924716,71378.77640218110173],[535500.139057919732295,74417.275789140418055],[532476.252021852415055,75374.56600591923052],[531597.847989645902999,75338.578415153708193],[529456.904430458205752,74970.696732711279765],[528738.903650164254941,75038.731882369305822],[528013.81498433672823,75787.531168330577202],[527909.07326869701501,77351.324069047608646],[527159.168877001968212,78081.991942663007649],[527159.168876994401217,78081.991942661567009],[525461.214430402964354,78345.084846205107169],[523353.297333359252661,77933.746646108120331],[519635.237663331499789,76491.083411451778375],[517477.896055664401501,74985.72037699026987],[517477.896055656776298,74985.72037699026987],[516787.673934279358946,74746.499353911072831],[515737.12498910567956,74899.304852192013641],[515112.595516033004969,75338.046549702994525],[515112.595516030094586,75338.046549711478292],[514614.261229861702304,75839.043299334400217],[513937.156928929092828,76178.47235035453923],[513937.156928924901877,76178.472350363037549],[512414.560372162901331,76564.659248174459208],[511785.457676689082291,76617.855926523392554],[511785.457676680467557,76617.855926517731859],[511630.001291243184824,76631.006015016668243],[509375.373722843185533,76405.025764949736185],[508749.148966166831087,76632.265307597248466],[508217.397991786128841,77074.963786701482604],[508217.397991778503638,77074.963786704305676],[501195.273883227375336,81088.102025053201942],[498143.093640357081313,81966.31075295653136],[494642.900449117762037,80716.593063311447622],[492311.200364711752627,80370.448972515267087],[490613.827218839142006,79293.348780492378864],[484043.157370087807067,73181.565561410534428],[481942.434119638113771,71838.887708973037661],[480338.737159032432828,71516.277181278201169],[479627.405909928493202,72107.963288857863517],[479410.585089055122808,72963.973770959972171],[479354.18056915019406,73934.626009740808513],[479129.732282044074964,74859.026200944063021],[478318.08315118419705,75527.188169456931064],[478318.0831511769793,75527.188169446992106],[477366.952848373563029,75234.701350613584509],[476380.135532992368098,74792.2063684630848],[475477.493882894748822,74999.448202106519602],[469960.722935304685961,79049.99250693738577],[468491.334805822640192,80724.901070325518958],[467293.236836823518388,84584.078940961087937],[467732.145838620373979,92793.880433252154035],[466821.508279605244752,96543.418191251053941],[465366.037425821181387,98179.141177915982553],[457434.115746754279826,102234.202527960005682],[457434.115746745315846,102234.202527962843305],[456349.649650719307829,102567.909497301661759],[456349.649650710634887,102567.909497298824135],[448608.510595067113172,99202.011642227662378],[444345.85897941183066,96709.213060316222254],[440832.072069788933732,94649.572264667338459],[439055.79944843245903,94028.575784195782035],[437216.330347695969976,94515.710577168079908],[437216.330347688402981,94515.710577163801645],[435494.94422350183595,94549.331485159549629],[433893.03097256727051,93007.998617247169022],[432570.267377738724463,91292.462150726438267],[432366.967398770910222,91028.849701763567282],[430800.735102096514311,89780.930532799218781],[430800.735102087957785,89780.930532793572638],[427392.168512617412489,88621.147543590326677],[425895.046329675184097,88531.861596914954134],[416646.833349688560702,90657.397937883812119],[413646.15780998946866,93593.674341064368491],[413508.988265970896464,97411.205698561767349],[413053.713834424386732,100743.759662351192674],[409116.3175180615508,102243.776266102431691],[406878.559568482276518,101933.024014752416406],[401368.83810745284427,99569.932873468715115],[398839.169654584955424,99720.701178055780474],[398624.261918535630684,101201.633809166582068],[398690.472322789602913,102885.749162397245527],[396957.077820190053899,103696.460464683987084],[395696.053795535583049,103829.531815877606277],[394455.46682929166127,104134.987436383366003],[394455.466829282639083,104134.987436389026698],[392133.511331985646393,105254.546074466925347],[391232.582859406771604,107229.782685404599761],[390599.270647103898227,109522.112962905797758],[390599.270647101278882,109522.112962911473005],[389096.230591647152323,111588.075939966161968],[386829.841295281541534,112796.056494576361729],[381843.428912352537736,114301.537324074859498],[381843.428912343573757,114301.537324080534745],[379477.059002998052165,115639.428480228496483],[379477.059002989029977,115639.428480234157178],[379461.361119389475789,115650.411302500797319],[378355.81982470524963,117351.644187411046005],[376804.469648343336303,117655.398799801492714],[376804.469648334663361,117655.398799795817467],[375193.164780866878573,117025.010340714172344],[373881.340459263999946,115957.20825883319776],[373881.340459256491158,115957.208258830389241],[372765.497305234486703,115907.865769544689101],[360738.193849442177452,118816.793173956582905],[359428.226745830150321,119678.586173519681324],[358788.917386785207782,122040.90379655995639],[359599.04345208540326,124592.233499331734492],[360930.534052536590025,127163.9095339425985],[361840.735305412556045,129586.653574099444086],[362254.656793089583516,133998.153737542510498],[362254.656793092028238,133998.153737548156641],[361921.239598553045653,138228.601799182390096],[360870.439299529592972,142330.361498863581801],[359148.897603938588873,146304.881986619730014],[356538.318405961850658,149934.666123253497062],[353565.786098001583014,151907.129564365692204],[325010.507549318834208,156369.218746321217623],[322832.001022137468681,157693.506075529323425],[320908.319375313003547,160289.038451510859886],[319882.259196949074976,162334.904556833469542],[318525.237166013917886,163325.559336914244341],[318525.237166006234474,163325.5593369184935],[315547.167668640380725,162771.714495112770237],[314611.576374208088964,163034.958430169761414],[313484.846096336026676,165702.57862407588982],[312536.86946414684644,166698.090210201160517],[310142.188698062556796,167590.129639087885153],[309066.297618737851735,168190.859845001861686],[309066.297618735057767,168190.859845010360004],[308115.451385994325392,169115.103094436693937],[307633.58738080173498,171132.080770577566],[305885.400284125527833,171488.16587954381248],[303936.391647922631819,170629.525675650103949],[299077.299125923891552,164336.187769124197075],[297013.430180128896609,162858.04431520527578],[293873.169428127934225,162665.960843164240941],[289918.346687318466138,163280.236161257053027],[288633.225337171694264,163680.542711468733614],[288537.250066240667365,163649.856701236509252],[288537.250066231936216,163649.856701230863109],[286362.538947999360971,162954.769359778263606],[281792.830407076573465,162533.716109709872399],[279890.959022409922909,161725.614363892294932],[280781.567979721410666,159977.005349048937205],[283663.171886381402146,156870.318703069002368],[283930.965892325621098,155840.623557356186211],[284348.872345717798453,154722.702266954234801],[284343.249105466587935,153818.596579405246302],[283376.195155163935851,153425.440249696723185],[282813.721194268262479,152984.002655685762875],[282131.941484674054664,151922.08000248123426],[282004.47004546422977,152045.915261794114485],[281463.835401277057827,152571.169259984133532],[276883.860978873330168,154119.858718698291341],[263040.467378897359595,161176.488118147681234],[255781.685754137841286,163725.30124975705985],[244948.159711310494458,164968.236467163456837],[235672.254840386158321,164875.492884713981766],[233117.656740484992042,163913.659106908395188],[232637.069272139458917,162829.387858198722824],[232457.301172632927774,161475.942245067009935],[232674.415601723885629,160192.59360838966677],[234206.742809627001407,158177.876087876909878],[234093.104904791078297,156842.802314023050712],[233444.430757173715392,155440.840301050397102],[231367.347006945696194,152228.309192292392254],[229737.766648930322845,150511.549762547423597],[227831.445457184512634,149396.535912218969315],[225616.651860736223171,149248.951714078662917],[223335.107286410493543,150004.475537087331759],[222320.168400539812865,151091.072430254978826],[221670.412857949064346,152635.964326037123101],[220495.654800957330735,154726.845556855550967],[219251.835570597031619,156095.837893434305442],[214282.313019203953445,160154.338752755778842],[210620.103009128768463,161535.727136975212488],[198543.149128659482813,161252.665298319625435],[192269.111152048280928,162699.420139865920646],[187701.113980953261489,165183.68661538514425],[185220.645815381634748,165943.041253465489717],[185220.645815374067752,165943.041253468341893],[172956.873341501806863,166593.68415560547146],[170709.127645008004038,169132.452581523539266],[169582.893361421680311,173319.723555686709005],[168526.303489655139856,181587.409997408452909],[167268.591949384572217,185830.652386992238462],[165521.685472682351246,188577.32261941357865],[165521.685472678480437,188577.322619422076968],[164947.722738271404523,188796.882704627787462],[162793.96509537746897,189621.066192957339808],[162793.965095369960181,189621.066192954487633],[150417.834172551549273,186266.437646234495332],[142004.715954350220272,185198.258562856703065],[142004.71595434268238,185198.258562859526137],[138171.87779813632369,186346.610765845049173],[132793.938191142602591,191696.826059042999987],[125120.53715455980273,195436.253716725244885],[113278.401923076773528,205047.885286615026416],[113278.401923067984171,205047.885286617849488],[108971.822539029002655,206704.371277725673281],[107285.706868764929823,207660.073585955833551],[105429.029568553887657,209604.5241101210122],[103443.033186982953339,211264.97356704089907],[103305.065273408647045,211309.808016032300657],[101037.506852389036794,212046.93998027141788],[95986.521212340318016,212511.768809210741892],[93093.653072912988137,211205.85825696864049],[89161.250984004494967,206500.204042634431971],[89161.250984002050245,206500.204042625933653],[86919.120527224527905,204928.486713167454582],[84207.119566953551839,205119.286682467121864],[81460.783725628294633,206729.475942499673693],[78722.764567715188605,208755.160692354955245],[73785.088682184155914,211558.280410842737183],[73785.088682180372416,211558.280410848383326],[69853.474552177358419,215727.796577027213061],[69853.474552173560369,215727.79657703571138],[67735.558964069423382,217453.165782091236906],[65419.574055110708287,218282.342319137096638],[60460.806085125586833,219413.956063780060504],[58518.563988134555984,220898.504435757728061],[58518.537909732673143,220904.226805916114245],[58493.089329890281078,220915.555612105672481],[57214.188661716172646,222946.990631716209464],[55217.36706086320919,224345.989041656372137],[55217.367060855700402,224345.989041662047384],[46507.718910133749887,228786.575493726675631],[45006.022031736334611,229985.857627231016522],[44591.300393140190863,231017.371934530237922],[44480.711323507384805,232172.999187794484897],[44013.44267894521181,233762.348773607780458],[44013.44267894767836,233762.348773616249673],[42733.038125023995235,235792.529485431441572],[42733.038125015227706,235792.529485437116819],[40966.469667471981666,237695.396571671532001],[38871.965449481394899,239196.913408567052102],[36627.835128777333011,239988.685186782473465],[35127.163285078648187,239778.452371170074912],[34495.917754456248076,238760.883240619907156],[34088.710628597764298,237389.11690445576096],[33194.1848977880436,236090.505523148021894],[33194.18489777931245,236090.505523145198822],[31780.517653714563494,235368.690722900035325],[30147.459699972954695,235095.769349237874849],[29080.858122111363627,235591.204331231536344],[29080.858122108860698,235591.204331237211591],[29391.80709952660618,237165.739428510336438],[29391.807099517849565,237165.739428515982581],[27787.92749019654002,237557.053744140081108],[27787.927490187790681,237557.053744145727251],[27167.250786937893281,238408.461096223065397],[27555.873687610332126,239316.40243546286365],[29045.67005077977592,239926.343303158704657],[27706.018242438953166,242596.115316222712863],[22000.348499487048684,249141.202169573109131],[20662.455748711330671,252223.995246787788346],[18656.495223775556951,258809.021423747763038],[18656.495223766822164,258809.021423753438285],[16627.436957337573403,261376.30634705236298],[14337.476443645755353,262584.182473599270452],[4610.482623784780117,264442.244312721653841],[40.099203660059828,265318.033994874858763],[-668.47946001151945,266517.285583352844696],[-850.592863216068054,267893.997074253275059],[-1194.609947718263129,269081.834536341426428],[-1194.609947715770886,269081.834536349924747],[-2348.222773592104204,269740.303548838128336],[-3866.370834589704828,269225.473582154721953],[-5758.856933347964514,269271.980872076237574],[-7701.723946955211431,269662.264355945924763],[-9275.01202885281964,270178.509111646271776],[-11095.393341540035181,271502.317146777641028],[-11095.39334154251992,271502.317146786139347],[-11564.498103201691265,273059.813768830208573],[-11709.673805985152285,274725.815417976817116],[-12502.156808639672818,276386.733053897332866],[-13897.312028741547692,277006.448706955183297],[-17907.575914460823697,277022.886456184263807],[-19727.59084976567101,277374.77797837217804],[-21364.369694187276764,278379.253568178392015],[-25088.448562937857787,282287.572382831946015],[-26693.693681499353261,283367.137621964444406],[-29754.75130039877331,284241.254175538662821],[-31430.793533504911466,285043.926925279316492],[-32448.413728142055334,286334.643642293813173],[-34378.959475282834319,290041.121968116611242],[-35619.230503259765101,290943.41615390178049],[-39244.254346764508227,291609.610222133109346],[-40919.458837188321922,292187.420671566738747],[-42654.042068110822584,293089.147574442031328],[-43307.637502710698755,293975.954119826317765],[-43253.632225354551338,295009.251823576516472],[-43088.786067455490411,295970.612794988730457],[-43399.632274261988641,296627.26347668049857],[-43399.632274270690687,296627.263476683350746],[-45489.739497424241563,296701.80830655869795],[-45489.739497431713971,296701.808306555903982],[-47135.697466911158699,296760.753758506500162],[-49099.037114566017408,295671.67354603757849],[-50074.522427647621953,294161.01862772059394],[-50344.644439323608822,292258.318160009454004],[-49543.610084383130015,285204.377930057409685],[-50034.508106189117825,283743.508594222133979],[-51950.956389179002144,284793.137385594774969],[-56063.277989318034088,289791.550564462493639],[-57836.812698370988073,290855.808639801165555],[-59796.372340259360499,290965.029933279147372],[-59796.372340268091648,290965.029933273443021],[-61678.020025681878906,290464.409447594138328],[-61678.020025689351314,290464.409447591286153],[-63568.723395891480322,290204.58290904032765],[-65524.724694437056314,291018.901624274963979],[-66628.762657940023928,292424.513100200798362],[-69265.892605600340175,297929.526201929198578],[-70009.663638932077447,298563.431998653162736],[-71784.313215351910912,299008.459854032844305],[-72579.778120074275648,299396.597145536448807],[-73322.164288444968406,300228.244347071507946],[-74331.485837846281356,302012.020208085188642],[-74882.478026553566451,302731.005547559238039],[-76521.644463879114483,303762.850291613198351],[-79959.651535315846559,304376.597319345106371],[-81822.511652674074867,305052.653815044497605],[-83228.14474369357049,306172.648330713971518],[-86458.068101759345154,310546.230600455484819],[-86458.068101768003544,310546.230600458278786],[-89602.44564680372423,312426.225432056991849],[-90460.704449949014816,312606.438505483616609],[-92241.148878603315097,312980.488842681224924],[-94025.913317716229358,314416.622995457146317],[-94587.472503698823857,318924.985633255040739],[-94490.280988765021903,321154.962133980065119],[-94203.275248702382669,323163.081303880841006],[-93544.5698741190281,325028.18881375703495],[-93544.569874114036793,325028.188813761284109],[-92322.325007823732449,326826.261939508840442],[-90802.55018549360102,328015.239227492362261],[-89164.73070011564414,328839.882789517228957],[-89164.730700113112107,328839.882789524330292],[-87767.147591015629587,329915.545971269893926],[-87767.147591006898438,329915.545971278392244],[-86928.1131485291844,331828.550629006000236],[-86927.976259440227295,331848.596690993348602],[-87215.226609499557526,335490.57824865920702],[-86366.164546151267132,340428.083058788557537],[-84436.089970071479911,344628.281622290553059],[-84436.089970068947878,344628.281622297654394],[-81418.6025377750193,346066.492754094535485],[-79760.192775754898321,345829.707276818575338],[-77728.226594087653211,345799.938699895923492],[-75853.860952261122293,346332.823811127920635],[-74638.12894311195123,347792.131136913900264],[-74638.128943108211388,347792.131136921001598],[-74879.511777936932049,349503.541705079202075],[-74879.511777939376771,349503.541705086245202],[-76480.810398372792406,354150.540024570480455],[-75978.578791679567075,355757.371322450635489],[-74298.621014330841717,355968.004298526910134],[-73077.844490644303733,354998.451087530411314],[-72154.234256946307141,354778.336474347335752],[-70113.58180374155927,362042.961356173909735],[-69707.612778939495911,364616.120163174404297],[-69957.271734234629548,366705.933748519630171],[-69957.271734243244282,366705.933748525276314],[-70666.912724802052253,367325.805418334086426],[-71560.95920625331928,367287.841144155478105],[-71560.959206258237828,367287.841144161124248],[-72393.676477957036695,367438.670324079925194],[-72919.337661932935589,368590.494251950876787],[-73606.309306811046554,373075.260059752909001],[-75642.510082705906825,376714.437706999946386],[-76333.791257027449319,378578.076707397645805],[-75940.717521965576452,380544.131920977844857],[-74902.754148068983341,381323.043754234618973],[-72068.559947006215225,382232.109833653958049],[-71481.029839214097592,383245.974884592753369],[-71481.029839205439202,383245.974884595605545],[-71202.185075072440668,384674.222829006437678],[-70536.235786548917531,385395.445558582898229],[-69660.327420273315511,386015.262945546768606],[-68771.663196156223421,387153.722715987358242],[-68741.504269907542039,387167.886414744425565],[-66788.433506092696916,388641.764995370758697],[-65951.84086743844091,389491.308647258148994],[-65254.95097545869794,390487.777507773949765],[-65254.950975450032274,390487.777507778198924],[-65211.947881351050455,391052.074100021913182],[-65459.349504993289884,391672.317948677111417],[-65596.147288285123068,392355.041634173074272],[-65241.389109529809502,393121.200347067264374],[-64708.009423879942915,393548.313081535394304],[-64708.009423871299077,393548.313081538246479],[-63502.093665641463303,394195.583722577954177],[-63218.442514580499846,394405.738196246500593],[-62948.860948232329974,394605.481457999558188],[-60752.478643845672195,397047.823093418090139],[-59589.491059056403174,399332.077371031045914],[-59427.781277762791433,401770.184382374747656],[-60305.355269636456796,404671.831901011639275],[-61612.64052363668452,407647.376337131834589],[-62519.842910390805628,410443.472011424484663],[-62515.925803921367333,413260.985991158639081],[-61080.201588102914684,416320.972878194588702],[-58529.607369442892377,418378.480347724049352],[-52751.757846789441828,419906.694053934363183],[-50684.600751598642091,421623.900407308829017],[-45712.109906161567778,427848.57408560719341],[-45712.109906152945769,427848.574085610045586],[-43551.251767522910086,431309.827233766729478],[-42248.894306627327751,435301.970752203662414],[-41423.552144772307656,437202.977684761630371],[-39982.796020239868085,438006.862564137380105],[-36496.09776902730664,438443.575570187938865],[-34646.992334811664477,439023.266427745227702],[-33416.615951284460607,439811.2930776560097],[-30894.453735081337072,442190.413949303037953],[-27445.01126341687268,444539.382615263282787],[-26484.568546543683624,445586.793581992154941],[-23581.450903005381406,450220.628290743508842],[-22232.045862270239013,451629.034855186415371],[-16420.22075127939388,456042.122740590479225],[-14502.135758877326225,458953.490619748190511],[-14502.135758874861494,458953.49061975668883],[-15774.623269738085583,461914.737231160281226],[-14427.443806487002803,463232.4131038232008],[-12736.0113069615727,465255.457473191432655],[-12736.011306959113426,465255.457473198475782],[-11195.367078454773946,466389.778864045802038],[-10254.844884636513598,465023.743764256360009],[-10254.844884629157605,465023.74376425211085],[-9324.526751495914141,463061.256222119205631],[-7635.372526067188119,462641.38663876906503],[-1141.449173650109742,464847.534689699066803],[-384.062392395687652,464893.378601200471167],[318.465298274606198,466642.942457529599778],[-359.05381416949615,468214.718800325703342],[-2311.211365421716437,471358.573417875100859],[-5418.156375070879221,473017.452475908445194],[-12815.71640709060739,475059.412359945417847],[-21029.612012840563693,478679.110038301441818],[-22421.198027426031331,479840.449856764345895],[-23592.747315882694238,481437.594924127624836],[-25476.429012883414543,485038.757547966437414],[-26657.174036753025575,486578.941404359880835],[-29377.927764453397685,488771.170062896911986],[-38830.65848645020742,494133.409133710083552],[-40856.580993364485039,494857.146852792764548],[-42328.400357069178426,494735.770136874343734],[-43761.619553832948441,494287.336042519309558],[-45681.464149692779756,494024.458421507384628],[-47300.538288559204375,494443.620323325914796],[-50454.062605589417217,496470.136990284314379],[-55296.573933449704782,498418.743030514451675],[-64800.196705281094182,503870.388979623909108],[-71812.28405528255098,505963.237827676173765],[-75327.382126215044991,506184.717292783956509],[-78828.87381372397067,505391.205273693136405],[-77992.304481701081386,507331.683363621297758],[-77078.696126155657112,508921.6706586756045],[-76542.216571378259687,510582.931759717990644],[-76856.599144214007538,512754.559212073625531],[-77741.769729382504011,514103.197573705983814],[-79013.989966965658823,515431.39571622380754],[-79998.018563526362414,516775.129685605294071],[-80018.930388512540958,518164.451412160356995],[-79410.258453410962829,518688.7114657733473],[-78536.423205279337708,518780.798972597171087],[-77603.916437581880018,518734.81083299923921],[-76819.298923866808764,518844.791888085426763],[-76130.961642935348209,519443.355504867620766],[-73763.909330058173509,523740.532423816912342],[-74412.532275826946716,524760.521961971418932],[-77140.378665717333206,526332.851591107901186],[-79682.619727334400523,530476.791303371079266],[-80846.765262574946973,531362.708831742755137],[-82422.889529633088387,531378.718898079707287],[-85447.858103440608829,529722.448248851462267],[-87086.504955328608048,529331.825278557953425],[-89923.788495414628414,530494.42369816522114],[-91640.872336145417648,532941.331050663604401],[-93137.471167658877675,535628.088790048030205],[-95333.367998296394944,537476.336056938511319],[-102087.627078524383251,540337.562305076280609],[-103567.532327352731954,541310.563808297854848],[-104018.809008687472669,541607.334749614237808],[-105112.238957799316267,542326.533227361971512],[-107269.628497109311866,544860.149357615271583],[-108925.275207817991031,548061.805173000553623],[-110110.460870478433208,549513.719065013108775],[-111716.960027354158228,550309.04818475455977],[-118678.458606875909027,552119.150919087580405],[-120744.674513907375513,552362.921561405295506],[-125597.188416727207368,551095.438840041984804],[-129459.055535375111504,550951.014897616230883],[-131175.11113561296952,550607.053261635359377],[-135111.439821187406778,548173.565815218840726],[-136232.353125643159728,547978.962815902079456],[-137365.852687230479205,548445.070388254593126],[-139438.593722889694618,549019.352470363373868],[-140826.660917203378631,549718.357543833786622],[-142434.052701926557347,551137.956189667922445],[-143859.842150520067662,552825.657723878743127],[-144743.296464603336062,554311.990976895904168],[-144864.545226109621581,554950.9605049691163],[-145105.172792933153687,555533.883000933681615],[-145435.619229865871603,556048.932120415149257],[-145845.986104894749587,556495.998203036608174],[-147251.431386761571048,557299.403161301626824],[-148711.96174330310896,557615.381056966725737],[-150206.511420754075516,557564.315888857934624],[-151773.249317403126042,557273.052553801680915],[-152995.488296706200344,557649.827195903868414],[-153610.734555599541636,559110.654411362833343],[-154198.83533565417747,562759.866087233880535],[-154738.724316144129261,563751.519991055014543],[-155697.429395900457166,565512.935195835540071],[-157984.949260637338739,566799.783898588968441],[-160574.792235268541845,567602.632236556732096],[-162989.165823903778801,568949.531379063497297],[-164253.440309683530359,570528.804394809296355],[-164911.783408695366234,572318.561475222348236],[-165152.575133094447665,574286.738348881015554],[-165163.972525458084419,576412.829856867319904],[-165685.686440469202353,578787.092135066748597],[-167007.802684799622511,579632.156141060870141],[-168641.504512071493082,580062.103113707038574],[-170087.340083469316596,581225.234831471694633],[-170467.055689406377496,582345.217558660311624],[-170315.507380685128737,583320.052984133246355],[-170056.103307901823428,584241.715024007600732],[-170092.377862141438527,585201.903554606251419],[-170623.932695827970747,586036.694681375985965],[-172078.509192325844197,587217.538807265926152],[-172431.342569356958847,588113.189230298972689],[-172345.671673138509504,589313.139327035634778],[-172074.617555824603187,590361.126530720619485],[-171981.422599206824088,591394.346539642196149],[-172409.319541087315883,592561.221648277132772],[-173073.648303064954234,593035.967611611587927],[-174875.809895461075939,593273.770193005795591],[-175620.697600941348355,593623.343304993235506],[-176593.651411890838062,595280.903316580574028],[-176963.671663964807522,597010.482641414389946],[-177533.394884489331162,598559.029970792587847],[-180709.492122979136184,600559.037858751602471],[-183327.01764444046421,602931.098041261546314],[-184696.255331160529749,603669.883170218789019],[-189352.110833616316086,602831.51349712186493],[-191231.651384561497252,598560.505312167108059],[-191956.982184459280688,593726.213592409621924],[-193200.405234966863645,591159.037672608159482],[-194779.890501255256822,591752.603955467347987],[-197108.470330173615366,594260.658262715558521],[-198683.899597016454209,595073.107866421923973],[-200346.427402475936105,591679.866572488681413],[-201417.477581219398417,590128.075282867532223],[-202526.645897854148643,589032.519589318195358],[-202671.233812435268192,588889.728935340186581],[-204153.803589409595588,588161.022605519392528],[-205427.820406852464657,588118.720677667064592],[-207968.605717335973168,588471.173772485344671],[-210455.887288282858208,587892.193236493505538],[-211560.838337810098892,587928.126566379214637],[-214524.714928134490037,589501.781378739164211],[-215282.536050025228178,590198.780501261819154],[-215668.57648677015095,591274.483468389254995],[-215862.259231223317329,593197.543503247085027],[-215117.519827192823868,597472.618448791094124],[-213653.75193957387819,601729.932409377186559],[-213354.177079118497204,605403.9582952108467],[-216128.842386187490774,607969.856802037684247],[-219675.143139649793738,610297.116420006845146],[-219238.203318884596229,612727.197213999810629],[-209821.780414469249081,620223.793437628890388],[-208167.626662909489824,621995.865753379883245],[-207682.145159141800832,623362.120787638123147],[-209876.122738468024181,626337.570614726981148],[-213355.077856140531367,630048.711567601305433],[-215096.947492117178626,630015.464227164164186],[-215899.51674250070937,630253.676882095751353],[-216587.564632647263352,630852.281611970858648],[-217104.454843989369692,631672.247249951586127],[-217827.378424705821089,633640.423089652904309],[-218981.994366400351282,635092.895137131912634],[-219429.323296376212966,635934.804073972045444],[-219468.904615466715768,637034.124707752955146],[-219204.400254585721996,638093.585066546336748],[-219147.942264067620272,639064.702966266078874],[-221449.506812478299253,641757.354580606217496],[-221112.349916525068693,643580.667738769785501],[-218548.962411580781918,647401.202787293936126],[-217912.510228692553937,649518.679118812200613],[-217113.457114998192992,654205.278239060426131],[-216505.490862992126495,656409.883480776916258],[-214353.087107711588033,661096.689214423066005],[-214071.573662594950292,663192.231730940402485],[-215052.152574801206356,665488.090952551341616],[-216141.065299829293508,666611.981557756196707],[-220254.918389864818892,669153.372816313058138],[-222970.378198369406164,671394.758375773206353],[-231975.978943718684604,684252.766141703934409],[-233507.021551401354373,687730.113077853457071],[-235526.732654834486311,690690.350195677834563],[-238955.045875394018367,692633.153398070018739],[-239657.105590070888866,692882.509340954129584],[-239701.939376209920738,692898.435032211593352],[-240695.258906843839213,693251.331258404185064],[-240824.80446152749937,694641.555558581603691],[-240306.35647202518885,696641.111272845533676],[-240132.338246433879249,699050.551746046287008],[-242191.735805454896763,709287.453579764347523],[-242455.129639644670533,709813.885723639279604],[-242579.269563817593735,710461.431748168310151],[-242376.265895945747616,711839.848847981309518],[-241878.353348446253221,712809.310183381894603],[-241230.910342600400327,713433.1501099584857],[-240836.613014955975814,714108.048107256647199],[-241137.20836958050495,715228.551453998195939],[-244767.993659042695072,720856.294052671990357],[-247318.408691410411848,726639.801849508658051],[-246913.814228777569951,728806.818153594504111],[-244684.836979049345246,729969.550282572046854],[-240950.682337645092048,730774.753349346108735],[-227510.066517141502118,730928.555356404045597],[-223689.215077657019719,731760.429084133007564],[-222014.984641993767582,732617.556074758293107],[-220369.857707901857793,734043.040949932299554],[-217520.305320774146821,737409.672710390528664],[-215730.479752120765625,738254.16824447363615],[-213522.459031744569074,737359.929720015614294],[-212219.43872789433226,735435.738942684722133],[-212427.475385253754212,733552.115854596835561],[-213260.350900193618145,731650.547084088553675],[-213831.7080704375403,729649.494223634945229],[-213675.03203086508438,727990.255528671317734],[-212096.348704969801474,722167.056947446777485],[-210576.012521657481557,718557.777628216077574],[-202729.563697357021738,711603.464700029813685],[-200330.667574712104397,708868.807932017487474],[-197554.515148786187638,706425.334851753199473],[-194529.331450797617435,705444.355170085444115],[-191404.255092965933727,707094.499024032964371],[-190109.839954976778245,707350.956903800484724],[-187737.606307941314299,708417.587448003119789],[-186461.913231058279052,708743.828795647015795],[-185379.006947999296244,708603.703258911031298],[-182867.391928763914621,707906.825097670662217],[-182015.926225228758994,707974.880355677916668],[-180429.803632265655324,710154.583171268925071],[-179278.512084089772543,716747.286899837781675],[-178294.905887860018993,719244.5720159932971],[-176389.56008594747982,720674.627135677495971],[-173677.644734039175091,721863.200298788025975],[-170854.065467473730678,722693.668695276486687],[-168574.060212721582502,723068.451622392516583],[-166656.525688036810607,722639.14080223091878],[-164726.487904800364049,721674.214344683801755],[-162860.463764960208209,721015.76949354854878],[-161126.030446829769062,721482.659162195632234],[-157055.305754139495548,726010.124094911967404],[-147714.567266664322233,733338.683661470073275],[-143728.119300786813255,738085.756376147270203],[-141862.87606033240445,741720.595570385106839],[-140939.788906989386305,745721.168147832038812],[-141375.394228282326367,749368.769511389778927],[-143566.349204313271912,751956.219165067886934],[-146142.065808300190838,754865.813367915572599],[-147038.09251262518228,758110.482967643532902],[-147639.306830419023754,761550.799493167782202],[-149407.010677397076506,765048.754455210873857],[-154851.21863905902137,770028.789406381780282],[-156700.354906708118506,772981.627159829833545],[-156705.359317646711133,777162.745785636710934],[-156095.35258148110006,779271.597395144985057],[-155603.007511337753385,785145.660646090167575],[-154906.225689787213923,787248.055456553003751],[-152819.375229003228014,790267.732882225653157],[-151982.884816719830269,791953.406360624707304],[-152232.606206664378988,796081.538519072695635],[-155384.39191388717154,797800.033286761725321],[-162928.717671019141562,798195.088370532961562],[-166182.842128675576532,799375.4321733051911],[-173258.169783288263716,803353.88970395445358],[-176203.101397405931493,803618.034569400595501],[-179492.93247120315209,802179.856555304257199],[-180279.064407551311888,802814.602879657060839],[-180405.251437762810383,805445.003407224896364],[-180781.335527912364341,807562.723779378575273],[-181942.211024507327238,809051.564744019065984],[-183516.739917959494051,810087.9244481457863],[-185114.266127729089931,810868.025591819081455],[-188567.907844910805579,811962.480730325682089],[-190037.466634224605514,812833.64214589970652],[-195114.311784955236362,821479.724737216485664],[-195275.442198221309809,821638.486852135043591],[-195569.846627289720345,823279.536787882563658],[-195996.58513590352959,825659.212137283175252],[-196098.021481255418621,828391.790146085550077],[-196092.038223027833737,828461.821759011712857],[-195657.266974119120277,833552.636165739502758],[-195657.220786278980086,833555.522779391845688],[-196149.956801828375319,836618.250793299404904],[-197673.556714776845183,841704.822013324243017],[-197783.225349241576623,844487.641080771456473],[-196727.068195960571757,847635.934244912234135],[-194703.165628625050886,849090.944890189217404],[-185878.860750744672259,851703.151610279688612],[-187217.431927185243694,857029.992703838157468],[-187262.796927199466154,859737.574581118882634],[-187591.376694727165159,862230.103626142372377],[-188970.022374440130079,864216.048420181148686],[-189252.417408312321641,864559.747241599601693],[-191792.271003866451792,867652.264283655327745],[-193284.547679587936727,871516.183688372955658],[-194405.56862727412954,875620.375812786631286],[-196065.060653987835394,879759.746487563941628],[-196929.364114859199617,884135.475193056394346],[-195437.615349153027637,888219.272311061853543],[-144474.137709656322841,896944.341431954992004],[-136474.504265297495294,909908.765549766714685],[-134702.938693414849695,912732.257721940986812],[-134949.784688748070039,917334.385573321022093],[-137022.381187384453369,928652.935235474025831],[-138381.453760973672615,933220.388437224784866],[-138279.15265852608718,935459.254110974026844],[-137081.542989616951672,937005.648897829698399],[-134047.261259117571171,937288.720647417940199],[-117109.724934910380398,938883.100148525321856],[-117204.661609216258512,940968.03699663723819],[-118236.413010207485058,942355.887944509042427],[-119528.394431053922744,943581.440680730738677],[-120414.140235007333104,945141.824448408442549],[-120353.481370518959011,947387.698248862521723],[-119273.682470892512356,949001.161135114380158],[-117604.765223744339892,950131.334874484455213],[-115748.140543979388895,950883.585658482741565],[-111755.29821723504574,951616.231733010965399],[-110015.060291837115074,952327.494348029838875],[-109995.385727212269558,952335.537640364374965],[-93015.96760617007385,961395.704789940384217],[-89350.912536676682066,962485.968302735360339],[-87998.079722129303264,964231.134717370034195],[-86405.724354698846582,971426.172197238076478],[-84595.926138253504178,975805.144391910522245],[-83444.919776704176911,977709.284550430602394],[-78118.544138901255792,983822.140355115057901],[-76726.859696314350003,986293.748182811541483],[-75942.52471977758978,989482.421123689156957],[-76153.619153323248611,1004174.93047919170931],[-76221.007172787445597,1008877.889994005905464],[-75331.367992565210443,1012381.06484238919802],[-72620.737386301814695,1016093.939750732737593],[-69666.994169485973543,1019301.697675134055316],[-67619.440710790557205,1022550.321539029944688],[-66922.272738081708667,1026311.792387052671984],[-67548.620223864563741,1028995.495146911474876],[-68028.546991456081741,1031052.820458874804899],[-68534.152524621749762,1035860.783907501841895],[-66468.457609396413318,1039505.666924329474568],[-61824.478272465115879,1043596.518636045395397],[-60096.386505418035085,1045120.072954071569256],[-58597.255568272681558,1048415.94250946410466],[-58137.757038995354378,1053023.713356357999146],[-58357.342858352982148,1054023.59415093716234],[-59029.824758021706657,1057086.994620503392071],[-74739.142240838627913,1063075.075387645512819],[-92568.855711421274464,1050464.355401388835162],[-93547.511593435978284,1054141.571180230937898],[-94081.034129255800508,1057583.465916179120541],[-95162.855209065441159,1061285.604260349646211],[-97352.071734319033567,1066455.133130941074342],[-100066.61015964645776,1069829.280168302590027],[-122483.56766998382227,1074737.425437757046893],[-124732.474492872497649,1081001.344043185701594],[-126998.321232340225833,1084546.960026926593855],[-127328.394035170742427,1086480.059760006377473],[-126456.109311720254482,1088330.76937491260469],[-125162.394668143824674,1089747.081418644636869],[-124559.332958874074393,1091263.764699231600389],[-125796.545512321099523,1093398.517565512098372],[-126577.682955461365054,1093854.386450962163508],[-128751.174263805689407,1094226.882798686856404],[-129507.655338457087055,1094356.62844111234881],[-130391.39993831924221,1094935.957965107401833],[-130530.624638636320014,1095485.70025819982402],[-130636.476952033728594,1095903.710900940699503],[-130729.173731751012383,1096951.22683704062365],[-137046.511367175873602,1100100.07584470231086],[-143875.342468703369377,1103509.803055905504152],[-144030.730976404767716,1105054.696487394394353],[-144230.163887421862455,1107038.25921122613363],[-146365.388585797278211,1109559.281680781859905],[-149694.071284801495494,1111083.685593049507588],[-153345.879566167946905,1111676.745317148277536],[-188522.371042841376038,1102624.168824886670336],[-207283.192138827114832,1105673.785329945385456],[-210258.300832736218581,1104359.035212635062635],[-210721.468144845537608,1103834.803620524005964],[-211416.99632960796589,1103047.710919023957103],[-213868.526095430192072,1098259.025892219971865],[-215037.233691514498787,1096971.714178776135668],[-224960.3218412384158,1090427.49630855047144],[-228322.363883832324063,1089002.961411574389786],[-235091.01697956409771,1088355.001414984930307],[-238336.936369777133223,1086669.48725815769285],[-241452.308737345825648,1084453.358092637732625],[-244862.123381126177264,1082732.398157858522609],[-248301.892241050838493,1081902.330155618023127],[-249861.977327481261455,1081202.458657172741368],[-251245.466423744976055,1079888.863617117051035],[-279648.339070609712508,1066903.281156382057816],[-282387.711504233302549,1065880.125360998557881],[-297674.652359933941625,1060185.813105564797297],[-319888.978071632969659,1058611.873531750403345],[-320529.560949651873671,1058567.105651368154213],[-323981.522535988653544,1078159.247318889480084],[-338441.230340385285672,1086196.925505809253082],[-360264.22272011404857,1093601.454558175755665],[-365628.467370513011701,1098241.96781092393212],[-371927.018861591757741,1100721.830834957072511],[-381007.389541873591952,1103200.483440805459395],[-386328.955310355231632,1109083.838516002055258],[-386076.646923891152255,1116889.930075441487134],[-385857.919478974014055,1123657.071213766699657],[-387452.364554244617466,1131619.562675631837919],[-390911.456763017515186,1137350.955652292119339],[-420426.374053688137792,1155247.11145447823219],[-441779.668402877112385,1168964.047893758397549],[-456858.623111089516897,1173606.936352850636467],[-457335.919398518744856,1173848.637953386642039],[-465905.713117867591791,1191881.359678284963593],[-468065.838429773517419,1194819.115622425219044],[-473251.331618321768474,1199890.930515922605991],[-478702.078068609931506,1204101.237362182931975],[-485726.346957409812603,1207871.284115148708224],[-492859.39833637396805,1209601.648857686435804],[-498622.75214138958836,1207682.973964438540861],[-499221.931051386171021,1206616.701080590486526],[-499543.011838097067084,1205462.896782791242003],[-500148.103039038716815,1204706.319020921830088],[-505643.586558678071015,1205190.376929942052811],[-507467.487952782888897,1208023.301483446033671],[-507933.459703817265108,1212275.470657551893964],[-507912.903529293136671,1216916.095154189039022],[-508354.80441831110511,1221273.603922263951972],[-509707.709876016655471,1224724.807434066431597],[-512018.798774803348351,1227254.243529687635601],[-515381.693096102040727,1228866.323453443823382],[-525999.041810162132606,1231608.860500562470406],[-528991.45941985596437,1233474.472618388477713],[-531460.86427791567985,1235901.736605904065073],[-532718.702848825603724,1236697.454239106271416],[-534369.124693419784307,1237099.130096902837977],[-542173.871255683712661,1236364.68242853670381],[-545580.228222559322603,1236497.979596176184714],[-548742.967867364990525,1235820.452506109373644],[-550346.8650273734238,1235202.596111959312111],[-551700.50731032108888,1234324.971023652935401],[-552646.645546405226924,1232940.622312759282067],[-553594.808822027524002,1229713.333176726242527],[-554206.807365113287233,1228664.173842065501958],[-555446.758619933389127,1228231.613462666980922],[-555902.173269248683937,1229322.035683891968802],[-556274.821747595327906,1232768.903801581589505],[-556903.08605734037701,1234165.645317444344983],[-559316.763924626284279,1238252.930180744268],[-559335.471419625799172,1238253.815174978226423],[-562094.207896082778461,1240763.113281917059794],[-568726.847507438622415,1241226.475420026807114],[-571061.605118619394489,1243536.60378552088514],[-572265.42179139633663,1245383.403832822106779],[-573652.343624683097005,1245766.297373139532283],[-577007.37885733821895,1244602.79586795414798],[-584389.044179122080095,1242088.528841730672866],[-590413.42603304318618,1240041.010412919102237],[-608523.32613739289809,1233909.97815552749671],[-610944.001308680512011,1232131.987366703804582],[-613136.623640420730226,1230522.483872957294807],[-615349.31492644327227,1229842.728293271968141],[-621263.583407537196763,1230893.868285383796319],[-622761.865471998811699,1230601.604375158669427],[-624115.737408332293853,1229667.947320210747421],[-624788.203081556945108,1228131.726474319351837],[-624788.20308155391831,1228131.726474313763902],[-625432.598310866509564,1224286.486990712350234],[-625432.598310875007883,1224286.486990705132484],[-626363.625638225581497,1223196.557480916380882],[-631805.53131904581096,1221715.704971444560215],[-634427.288620501873083,1221873.424461238551885],[-637060.345752646564506,1223042.961312313796952],[-639720.840478627244011,1223869.943174824817106],[-646880.883437311626039,1228974.119048165623099],[-649625.532254884135909,1230287.312769319862127],[-655109.499509503599256,1231624.034110644832253],[-655109.499509511748329,1231624.034110642038286],[-660624.333786747651175,1232171.150377800688148],[-660624.333786755800247,1232171.150377796264365],[-660670.139053799328394,1232175.705529746366665],[-660688.801443908014335,1232177.561505720019341],[-660749.215853808680549,1232183.569906152551994],[-660837.460969969979487,1232192.346719426102936],[-667106.042933180578984,1232817.524447563802823]]]}}
]
}
