seg_id,trend,p_value,tau,sens_slope_m3s_yr,intercept,long_term_mean_m3s,norm_slope_pct_yr,total_change_pct,river_name,tier,updated_tier
3821,decreasing,5.4599214038830723e-11,-0.528169014084507,-0.04195549078692027,3.268203650019003,2.0603251338183926,-2.0363529084928613,-146.61740941148602,Sengur,4,4
3894,decreasing,9.959900681977274e-09,-0.4616588419405321,-0.11217587212239587,9.49649820326172,5.890588389130892,-1.9043237230660839,-137.11130806075803,Mandal,5,5
3822,decreasing,2.0484511864538035e-09,-0.48278560250391234,-0.03822061498560855,3.1335124053224375,2.051549832348485,-1.8630117768992236,-134.1368479367441,Rihand,3,3
3533,decreasing,1.1824122125858594e-08,-0.4593114241001565,-0.051697126019705594,3.7175868945328823,2.77863681820181,-1.8605211620697268,-133.95752366902033,Yamuna,1,1
3481,decreasing,3.7085956527960207e-09,-0.4749608763693271,-0.03662153114130434,3.291549559682971,2.1350952787331647,-1.7152176535668855,-123.49567105681575,Sengur,4,4
3367,decreasing,1.1167884617080404e-08,-0.460093896713615,-0.15887286687309857,14.77687103232833,9.370664452566288,-1.6954279782111823,-122.07081443120512,Non,4,4
3896,decreasing,2.46323537123061e-08,-0.4491392801251956,-0.08091148491374268,7.190767708604532,4.830104364161405,-1.6751498272810177,-120.61078756423328,Palain,5,5
3354,decreasing,1.611351940766781e-09,-0.4859154929577465,-0.03153291513691603,2.7742960827771856,1.888995855959596,-1.6692950933392885,-120.18924672042877,Sengur,4,4
3502,decreasing,2.2024644996676557e-08,-0.4507042253521127,-0.15075777610615076,12.123436347601686,9.095613037205387,-1.657477901593655,-119.33840891474316,Karwan,4,4
4120,decreasing,4.057102631627174e-08,-0.44209702660406885,-0.05592712134577922,5.167387813608496,3.389866187397937,-1.6498327147452658,-118.78795546165914,Manmaheshwari,5,5
3824,decreasing,3.406450872489586e-07,-0.4107981220657277,-0.12391642062500004,10.55110383635417,7.612759267018098,-1.6277464750772008,-117.19774620555846,Yamuna,1,1
3825,decreasing,2.9114001653951505e-08,-0.44679186228482004,-0.2733233971212121,26.065453376969696,16.835369835079966,-1.6235069368757582,-116.89249945505459,Non,4,4
3541,decreasing,9.166803605076268e-08,-0.4303599374021909,-0.03116106477941177,2.5504303375857846,1.9373125621306815,-1.6084686275476594,-115.80974118343147,Karwan,4,4
3305,decreasing,1.6448260775625556e-07,-0.4217527386541471,-0.0188857179248366,1.517516389248366,1.2129908892003367,-1.5569546393944471,-112.1007340364002,Yamuna,1,1
4797,decreasing,8.23258075044464e-08,-0.431924882629108,-0.10043450258799157,10.187567075207035,6.678490935834385,-1.5038502492995247,-108.27721794956578,Sharda,2,2
3823,decreasing,1.3315257252344281e-07,-0.42488262910798125,-0.10557934098743496,10.016311142553942,7.022368058547979,-1.5034720497015033,-108.24998757850824,Non,4,4
3363,decreasing,3.585818360019033e-07,-0.41001564945226915,-0.10663135158222853,10.116934818669112,7.208006191683501,-1.4793460042425923,-106.51291230546664,Pahuj,4,4
3826,decreasing,2.082334549236009e-08,-0.4514866979655712,-0.5418279520299145,53.82745696372862,36.84261670348274,-1.470655454227537,-105.88719270438266,Sengur,4,4
3503,decreasing,6.632752858060087e-08,-0.4350547730829421,-0.1873639524232456,16.319876340191886,12.830548327146467,-1.4602957538987393,-105.14129428070923,Karwan,4,4
3884,decreasing,1.4801795722441113e-07,-0.42331768388106417,-0.19238925447807015,18.813861038138157,13.271238380471381,-1.4496707011244014,-104.3762904809569,Dhela,5,5
3303,decreasing,1.3845329056572098e-06,-0.3888888888888889,-0.02273207625816994,1.8343375589832145,1.5796219876778201,-1.4390833019226354,-103.61399773842976,Yamuna,1,1
4795,decreasing,1.8524984579659787e-06,-0.3841940532081377,-0.08484290508080805,8.677586467035352,5.906066385385101,-1.4365382903713488,-103.43075690673712,Mahakali,2,2
4800,decreasing,6.267776151425153e-07,-0.4014084507042254,-0.1156612131115984,11.82693401962841,8.110898600857533,-1.4259975226341752,-102.67182162966061,Mohana,4,4
4799,decreasing,5.667290556843341e-07,-0.4029733959311424,-0.08010635740064102,8.18907593355609,5.627829402211701,-1.4233970448564013,-102.48458722966089,Mohana,4,4
3497,decreasing,5.960248015135505e-07,-0.40219092331768386,-0.013462260511825575,1.1698786198364746,0.9472564204156144,-1.4211844038933965,-102.32527708032455,Yamuna,1,1
3484,decreasing,5.052355733781155e-08,-0.43896713615023475,-0.4917665317676768,50.18926644593435,34.77557926601431,-1.4141145658737406,-101.81624874290932,Sengur,4,4
3538,decreasing,1.6021709046132315e-06,-0.3865414710485133,-0.2750173467132505,24.62788937498706,19.48285230126263,-1.4115866735561478,-101.63424049604264,Karwan,4,4
3805,decreasing,6.594417740757308e-06,-0.36306729264475746,-0.03170175717699196,2.860922302699881,2.253710188818918,-1.406647462227857,-101.27861728040571,Kali,3,3
3796,decreasing,5.238843956867356e-06,-0.3669796557120501,-0.05267751394097221,4.440908960737847,3.747358943937289,-1.4057237304741566,-101.21210859413927,Garra,4,4
3381,decreasing,2.470510877650156e-06,-0.3794992175273865,-0.48357082931818185,47.93854550329545,34.46032503196549,-1.4032683350189539,-101.03532012136468,Pahuj,4,4
3806,decreasing,1.1954765215538288e-06,-0.39123630672926446,-0.06026182052014653,5.479426115965202,4.308944348621633,-1.3985286335717793,-100.6940616171681,Ganga,1,1
4787,decreasing,2.039823144395214e-06,-0.3826291079812207,-0.05520432277182541,5.568117752983135,3.9655785425452432,-1.3920874893677782,-100.23029923448003,Surna,5,5
3482,decreasing,7.001871904499524e-08,-0.43427230046948356,-0.17323631796698324,16.215604191994572,12.581416119181398,-1.3769222504521594,-99.13840203255548,Ganga,1,1
3975,decreasing,7.562535996985531e-06,-0.36071987480438183,-0.04527859444058642,4.146679835974151,3.289467326383628,-1.3764719314103895,-99.10597906154804,Sai,3,3
3539,decreasing,1.8524984579659787e-06,-0.3841940532081377,-0.2866813213967338,26.672104030417387,20.8286688965383,-1.376378504170182,-99.0992523002531,Karwan,4,4
4119,decreasing,5.960248015135505e-07,-0.40219092331768386,-0.03099554767460317,3.026152471615079,2.2628467996390995,-1.369758999130946,-98.62264793742811,Orai,5,5
4789,decreasing,4.350827704779903e-06,-0.3701095461658842,-0.12974214422809832,13.47010523134749,9.522916264434976,-1.3624202988389538,-98.09426151640467,Surna,5,5
3316,decreasing,3.608079779171547e-06,-0.3732394366197183,-0.09484250114534885,9.907489169826551,7.043060249866372,-1.3466092547930184,-96.95586634509732,Shallu,5,5
3867,decreasing,1.0835143919862844e-06,-0.39280125195618154,-0.07835099500345066,7.951926110122498,5.870731419995791,-1.3346036362110878,-96.09146180719833,Bahalla,5,5
3905,decreasing,4.62831504011163e-07,-0.4061032863849765,-0.06137513222381865,5.878932623112229,4.642342542743055,-1.3220724592966695,-95.18921706936021,Ganga,1,1
4657,decreasing,9.816794590555844e-07,-0.39436619718309857,-0.17094741901041666,18.37462313736979,12.99747148042824,-1.315235961608621,-94.69698923582072,Ghaghara,1,1
3877,decreasing,2.470510877650156e-06,-0.3794992175273865,-0.03392601768003034,3.3830794009744105,2.5968942118823657,-1.3064073817407824,-94.06133148533634,Ganga,1,1
4788,decreasing,5.486591412084962e-06,-0.36619718309859156,-0.05685296726449279,6.1819319478894945,4.366221189909512,-1.302109187594114,-93.75186150677621,Surna,5,5
4782,decreasing,9.342814411006373e-07,-0.3951486697965571,-0.3742831405009921,40.54368883361855,28.765556007649415,-1.3011503772131563,-93.68282715934726,Mohana,4,4
4796,decreasing,3.235759389319526e-07,-0.41158059467918623,-0.059227062172807,6.564735763801314,4.559366864095118,-1.2990194458625033,-93.52940010210024,Sharda,2,2
3548,decreasing,3.373843693799117e-05,-0.33411580594679186,-0.12890315811403513,13.006514408881582,10.001837886902358,-1.288794715247653,-92.79321949783102,Kali,3,3
4138,decreasing,2.039823144395214e-06,-0.3826291079812207,-0.028817884804613596,3.1751008568137826,2.2465447371012206,-1.282764786682954,-92.35906464117268,Dhasan,3,3
4137,decreasing,2.501090717843546e-05,-0.3395931142410016,-0.05793707798611111,6.228255497673611,4.523544422430555,-1.2807894114805847,-92.2168376266021,Lakheri,5,5
3873,decreasing,3.406450872489586e-07,-0.4107981220657277,-1.333413295865633,143.3011968365633,104.17643136237375,-1.2799567795016953,-92.15688812412206,Ramganga,2,2
4784,decreasing,1.2555521791135504e-06,-0.3904538341158059,-0.49039597553745573,53.727335656579676,38.35163923604798,-1.2786832200812848,-92.0651918458525,Mohana,4,4
3807,decreasing,3.8304393702892625e-05,-0.3317683881064163,-0.17729069490327382,17.44609102323289,13.929653752935605,-1.2727573710574873,-91.63853071613909,Pandu,5,5
3882,decreasing,1.6817629808763002e-06,-0.3857589984350548,-0.7321126077884106,79.51992445148858,57.60789425411406,-1.2708546584934874,-91.5015354115311,Ramganga,2,2
3883,decreasing,5.388239794346106e-07,-0.40375586854460094,-1.1442898734567901,125.17127438271606,90.31578932570497,-1.2669876242017313,-91.22310894252465,Ramganga,2,2
3318,decreasing,8.665695803600215e-06,-0.35837245696400627,-0.06800627150449673,7.412252213826299,5.376124942785143,-1.2649682108999787,-91.07771118479846,Sainj,5,5
3820,decreasing,8.460085512140836e-07,-0.3967136150234742,-0.41248071181318696,43.498091686034805,32.614738725242006,-1.26470647300924,-91.0588660566653,Rihand,3,3
3537,decreasing,9.066435339821766e-06,-0.35758998435054773,-0.07359729632183908,7.32815520275862,5.864194599288721,-1.2550282067850516,-90.36203088852372,Karwan,4,4
3375,decreasing,2.1969892461726204e-05,-0.34194053208137715,-0.29161456247807016,31.60282363047149,23.57070752070707,-1.2371905349972385,-89.07771851980118,Pahuj,4,4
4779,decreasing,1.8524984579659787e-06,-0.3841940532081377,-0.11432048843537418,12.925242897789119,9.285899836900253,-1.2311191208534051,-88.64057670144517,Mohana,4,4
3543,decreasing,2.0141744302870634e-05,-0.3435054773082942,-0.03905348630242311,3.831207559569354,3.2148751954608588,-1.2147745690894454,-87.46376897444007,Kali,3,3
4217,decreasing,7.562535996985531e-06,-0.36071987480438183,-0.18675418643438368,21.078067397587287,15.394363913942552,-1.2131335044330211,-87.34561231917752,Purvi Nayar,4,4
3545,decreasing,8.744356600076664e-05,-0.3161189358372457,-0.07501999281236274,7.855142474005543,6.221482893722643,-1.2058217324370766,-86.81916473546951,Kali,3,3
4414,decreasing,0.0002819407928926765,-0.29264475743348983,-0.18033833903907504,20.74607361505383,14.977218550315659,-1.2040843126728242,-86.69407051244335,Rapti,2,2
3895,decreasing,1.6910775457512628e-05,-0.34663536776212833,-0.49782008563190383,55.91279471076592,41.59434109130892,-1.1968457068212162,-86.17289089112757,Ramganga,2,2
3495,decreasing,9.104183740804572e-05,-0.31533646322378717,-0.051517452083333345,5.531886136458334,4.31693800638468,-1.193379474227795,-85.92332214440124,Khari,3,3
3855,decreasing,2.501090717843546e-05,-0.3395931142410016,-0.07764052987618875,8.828132854316822,6.5074391745359845,-1.1931041965017664,-85.90350214812717,Dabka,5,5
3881,decreasing,6.594417740757308e-06,-0.36306729264475746,-0.20355650626456875,23.084711393225525,17.23259374850589,-1.1812296467687438,-85.04853456734955,Khoh,4,4
3536,decreasing,0.00015253140868631831,-0.3051643192488263,-0.01478993464285714,1.5233112230411257,1.25732326447601,-1.1763032674831522,-84.69383525878696,Karwan,4,4
3809,decreasing,2.0141744302870634e-05,-0.3435054773082942,-0.8428028223684212,92.94886623574561,71.82487054524411,-1.173413632312112,-84.48578152647207,Kali,3,3
3874,decreasing,1.6021709046132315e-06,-0.3865414710485133,-1.5085047493386243,174.34701310152116,129.2483354764836,-1.16713669369699,-84.03384194618329,Ramganga,2,2
4134,decreasing,4.925350085827063e-05,-0.3270735524256651,-0.12459929840067335,14.30775345989057,10.69777834490425,-1.1647212569142884,-83.85993049782877,Lakheri,5,5
3551,decreasing,0.00010269423817677037,-0.3129890453834116,-0.018867062413419913,1.8339643123430736,1.6374159890919615,-1.1522461328768843,-82.96172156713567,Hindon,3,3
4415,decreasing,0.0004091250147599812,-0.28482003129890454,-0.2278339750385803,27.273034622202935,19.91361551753998,-1.1441115493964586,-82.37603155654503,Rapti,2,2
3978,decreasing,1.2974267009857599e-05,-0.3513302034428795,-0.42642893504464296,45.427032485751496,37.31780771439394,-1.142695568582835,-82.27408093796413,Sai,3,3
3384,decreasing,0.00015253140868631831,-0.3051643192488263,-0.53059675,58.126127775,46.513951304124575,-1.1407260297685133,-82.13227414333296,Kunwari,4,4
3361,decreasing,0.0002001286618467102,-0.2996870109546166,-0.04906819218599033,5.576902110102656,4.301627173181818,-1.140689097648964,-82.12961503072542,Jhilmil,5,5
3451,decreasing,5.134498404757437e-05,-0.32629107981220656,-0.030929602620614033,3.6348861301151314,2.7159234828314394,-1.138824521976919,-81.99536558233817,Sindh,3,3
3977,decreasing,2.0141744302870634e-05,-0.3435054773082942,-0.3516737729166665,38.09093157604167,30.90893575768098,-1.1377738000224558,-81.91971360161682,Sai,3,3
3979,decreasing,9.484845781004836e-06,-0.3568075117370892,-0.6160068056891015,64.97511606029644,54.25825561488847,-1.1353236456058664,-81.74330248362239,Sai,3,3
3498,decreasing,4.925350085827063e-05,-0.3270735524256651,-0.02097738272120519,2.0891272878527847,1.8482492766319443,-1.1349866593445757,-81.71903947280944,Karwan,4,4
3380,decreasing,5.486591412084962e-06,-0.36619718309859156,-0.25677370778363784,29.816898355485808,22.669660369497052,-1.1326755831293234,-81.55264198531128,Sengur,4,4
3808,decreasing,3.373843693799117e-05,-0.33411580594679186,-0.7657938170175445,84.92691937912282,67.60935344991583,-1.13267436817723,-81.55255450876056,Kali,3,3
3360,decreasing,9.104183740804572e-05,-0.31533646322378717,-0.04823252631944445,5.585101044756945,4.286212731930766,-1.1252947377093354,-81.02122111507215,Vaisali,4,4
3483,decreasing,2.2452712074017e-06,-0.3810641627543036,-0.18928971494815666,22.054050297326228,16.85939429152988,-1.1227551338736728,-80.83836963890444,Rihand,3,3
3372,decreasing,0.0001714521556526183,-0.3028169014084507,-0.190616157907197,22.585154251538825,17.054964269528618,-1.1176579141110417,-80.471369815995,Asan,4,4
3530,decreasing,9.104183740804572e-05,-0.31533646322378717,-0.17792171050845285,19.873801873050077,15.925590922359008,-1.1172063339807163,-80.43885604661158,Khari,3,3
3802,decreasing,2.725632818467716e-05,-0.3380281690140845,-0.06774327424242424,7.628024231439394,6.075895393031355,-1.114951292942292,-80.27649309184503,Ganga,1,1
3357,decreasing,0.0003039540655975781,-0.29107981220657275,-0.038355789815359476,4.187809753861928,3.4426724927156984,-1.1141283376945075,-80.21724031400454,Kunwari,4,4
3377,decreasing,8.39799529983587e-05,-0.31690140845070425,-0.2509717216346158,29.318663230528863,22.577127524042506,-1.1116193650735888,-80.03659428529839,Vaisali,4,4
3983,decreasing,1.1350394938602903e-05,-0.3536776212832551,-0.7025622938596492,79.03564934868422,63.21915342203283,-1.1113124042796745,-80.01449310813656,Sai,3,3
4430,decreasing,0.0002715030076816394,-0.2934272300469484,-0.18731889471354152,23.78639785399739,16.968060900789144,-1.1039499198451708,-79.4843942288523,Gandak,2,2
4428,decreasing,0.0006787751394352615,-0.27386541471048514,-0.1071918721210692,12.861447443631292,9.740212605823864,-1.1005085459528583,-79.23661530860579,Rapti,2,2
3374,decreasing,4.925350085827063e-05,-0.3270735524256651,-0.21383338618827177,25.22394499301698,19.45409297957702,-1.0991691384057578,-79.14017796521456,Vaisali,4,4
3974,decreasing,5.134498404757437e-05,-0.32629107981220656,-0.028713694562820517,2.9657813932301287,2.615871337265362,-1.097672280504357,-79.0324041963137,Sai,3,3
3843,decreasing,3.233493130805343e-05,-0.3348982785602504,-0.03485989367156182,3.83559182954499,3.1760641117140147,-1.0975815489048524,-79.02587152114937,Khaimua,5,5
3356,decreasing,0.0002517048330354932,-0.2949921752738654,-0.04284538715029762,5.167590181335566,3.9121535926525675,-1.0951867337408665,-78.8534448293424,Vaisali,4,4
3813,decreasing,4.1667895961605694e-05,-0.3302034428794992,-0.27031399624999997,30.187358675208333,24.68360034228746,-1.0951157550015236,-78.8483343601097,Sai,3,3
3370,decreasing,0.00015860838060177684,-0.30438184663536777,-0.16309898029513892,19.368925479644098,14.95305348314394,-1.090740299156923,-78.53330153929846,Vaisali,4,4
4785,decreasing,2.470510877650156e-06,-0.3794992175273865,-0.5876514052936309,71.1097700129239,53.87846125391414,-1.0906981966767646,-78.53027016072706,Mohana,4,4
3366,decreasing,0.00017823497724278603,-0.30203442879499215,-0.09010274277402402,10.526882985144521,8.270585362539984,-1.0894361018523182,-78.43939933336691,Asan,4,4
3383,decreasing,0.0002001286618467102,-0.2996870109546166,-0.4137807623090278,47.84797531197049,38.03953645359849,-1.0877649963315594,-78.31907973587228,Kunwari,4,4
3279,decreasing,0.00015860838060177684,-0.30438184663536777,-0.022453282677469134,2.255268899216821,2.065081518521675,-1.0872831157552905,-78.28438433438092,Yamuna,1,1
4009,decreasing,3.51996815266542e-05,-0.3333333333333333,-0.031155505923913043,3.1955011452989126,2.865785014592803,-1.0871543317194678,-78.27511188380169,Sai,3,3
4006,decreasing,8.39799529983587e-05,-0.31690140845070425,-0.028872599641644014,3.250839838945029,2.6587264888710016,-1.085955992934965,-78.18883149131747,Sai,3,3
3859,decreasing,5.001828726980406e-06,-0.3677621283255086,-2.122066470794753,252.48449992154707,195.68308112321128,-1.0844404424818925,-78.07971185869626,Ramganga,2,2
3900,decreasing,0.00013034731588645876,-0.3082942097026604,-0.41677680216049384,49.27836747669754,38.45932102263257,-1.0836821635910543,-78.02511577855591,Kali,3,3
3362,decreasing,0.0002614282568833559,-0.2942097026604069,-0.07597926866096862,9.010132100381053,7.014357088159723,-1.0831964741176647,-77.99014613647186,Sank,5,5
3817,decreasing,0.00024232137168067602,-0.29577464788732394,-0.0203106784281517,2.1688502854493854,1.8795130054871636,-1.08063516287759,-77.80573172718648,Ganga,1,1
3320,decreasing,3.233493130805343e-05,-0.3348982785602504,-0.4861838062260537,56.311454450191576,44.99644240587121,-1.0804938795841683,-77.79555933006012,Yamuna,1,1
3889,decreasing,0.00011574432366678877,-0.310641627543036,-0.04637735661784512,5.692531719933502,4.300162215257787,-1.0785024912150873,-77.65217936748628,Bino,5,5
3456,decreasing,0.0002614282568833559,-0.2942097026604069,-0.03547668993793966,4.528602087796858,3.299811534597012,-1.0751126107046667,-77.408107970736,Pahuj,4,4
3368,decreasing,3.233493130805343e-05,-0.3348982785602504,-0.08352141987976781,9.802566434898424,7.804863864156145,-1.0701201370512063,-77.04864986768686,Sengur,4,4
3350,decreasing,0.0002715030076816394,-0.2934272300469484,-0.016645851447679924,1.9483706734759707,1.5600752547996635,-1.0669902875818318,-76.82330070589188,Kunwari,4,4
3815,decreasing,0.00039433083413165093,-0.2856025039123631,-0.03920485240270351,4.581037772795974,3.686041902000211,-1.0636030041174847,-76.5794162964589,Ganga,1,1
3989,decreasing,1.4818365223767671e-05,-0.3489827856025039,-0.7474416049603174,87.3484326844246,70.3012785641835,-1.063197740106419,-76.55023728766217,Sai,3,3
4136,decreasing,0.0003400101562260893,-0.2887323943661972,-0.045306606972117774,5.480610322510182,4.264096967608375,-1.0625135243471986,-76.5009737529983,Lakheri,5,5
3990,decreasing,1.2974267009857599e-05,-0.3513302034428795,-0.773140387254902,92.06995874754902,73.14535317924032,-1.0569918028290144,-76.10340980368903,Sai,3,3
3281,decreasing,0.0004091250147599812,-0.28482003129890454,-0.042730011165064107,4.262938650109776,4.04677105424558,-1.0559038451220228,-76.02507684878564,Yamuna,1,1
3379,decreasing,2.395529740906177e-05,-0.3403755868544601,-0.20454450662581705,24.261454226883174,19.65578452198022,-1.0406326259686236,-74.9255490697409,Sengur,4,4
3550,decreasing,0.00015253140868631831,-0.3051643192488263,-0.31058258640023,37.12907519220816,29.88188272573653,-1.0393675299874359,-74.83446215909538,Kali,3,3
3993,decreasing,2.1036920222039512e-05,-0.3427230046948357,-0.9221205976037852,111.62761875660104,88.7286040625,-1.0392596698064223,-74.82669622606241,Sai,3,3
3322,decreasing,7.137987113781108e-05,-0.32003129890453835,-0.3329846706281566,40.05011643229956,32.061409934417085,-1.0385839902527376,-74.77804729819711,Yamuna,1,1
3295,decreasing,0.0002715030076816394,-0.2934272300469484,-0.07737476914673044,9.481301783875598,7.450350833594276,-1.0385385987172702,-74.77477910764345,Yamuna,1,1
3353,decreasing,0.0008686025351922755,-0.2683881064162754,-0.020794208984848482,2.5439296631287878,2.0074975251699283,-1.0358273783220886,-74.57957123919039,Vaisali,4,4
3459,decreasing,0.0010693346642680623,-0.26369327073552423,-0.13601325534821207,16.914177731528195,13.161245867834596,-1.0334375386195118,-74.40750278060486,Pahuj,4,4
3919,decreasing,0.00013558912996058936,-0.3075117370892019,-0.04873644476255179,6.099010941987254,4.7391465117350595,-1.028380208163448,-74.04337498776826,Ganga,1,1
4423,decreasing,0.00029275367198056124,-0.2918622848200313,-0.24065011076515158,31.985935369662883,23.406789638783668,-1.028120961818739,-74.02470925094921,Ghaghi,5,5
3888,decreasing,0.0002614282568833559,-0.2942097026604069,-0.3250300482371794,40.60398589991988,31.76146349681187,-1.0233472027188075,-73.68099859575415,Ramganga,2,2
4781,decreasing,1.766875336217666e-05,-0.3458528951486698,-0.10454354271255062,13.390244528795545,10.242509965509258,-1.0206828508304284,-73.48916525979085,Mohana,4,4
3956,decreasing,3.672089660122779e-05,-0.33255086071987483,-1.0796528700396826,135.11075726140874,106.47721026536195,-1.0139755421361787,-73.00623903380486,Sai,3,3
3872,decreasing,9.104183740804572e-05,-0.31533646322378717,-0.5623310097960373,70.72152266025932,55.71114965703914,-1.0093688844293782,-72.67455967891523,Kosi,2,2
4213,decreasing,9.104183740804572e-05,-0.31533646322378717,-0.28575045040323255,36.55187459348142,28.3919903105745,-1.0064474074464789,-72.46421333614649,Nayar,4,4
3490,decreasing,0.0008098700573617723,-0.2699530516431925,-0.016475537253151266,1.9160414233202034,1.6440049813583755,-1.0021585968394202,-72.15541897243826,Banganga,4,4
3864,decreasing,9.477964913395809e-05,-0.3145539906103286,-0.024342680836975526,2.878464757629298,2.432865381037458,-1.0005765640265292,-72.0415126099101,Ramganga,2,2
3359,decreasing,0.000781906146680722,-0.27073552425665104,-0.025161025936658244,2.890042597834701,2.5314676907954543,-0.993930360167938,-71.56298593209154,Gambhir,4,4
3544,decreasing,0.0009641412662289017,-0.26604068857589985,-0.061263655625000024,7.916615333020834,6.16571032210122,-0.9936187790950566,-71.54055209484407,Kali,3,3
3943,decreasing,0.00018526952222486237,-0.30125195618153366,-0.0353661040109767,4.461324034056339,3.5632178390098903,-0.9925327501392354,-71.46235801002494,Ganga,1,1
3494,decreasing,0.0005676376150720586,-0.2777777777777778,-0.37190216171874996,42.98285434518229,37.57774715818603,-0.9896872214111267,-71.25747994160113,Khari,3,3
3865,decreasing,0.0001714521556526183,-0.3028169014084507,-0.21373250276781447,25.39478522742408,21.628355739699074,-0.9882050459134359,-71.15076330576738,Ramganga,2,2
3902,decreasing,9.477964913395809e-05,-0.3145539906103286,-0.01998856841081872,2.482230610667398,2.0232206252640994,-0.9879579202198736,-71.1329702558309,Ganga,1,1
3297,decreasing,0.000632091476657326,-0.27543035993740217,-0.13189527259920644,16.872382173105162,13.359741545254629,-0.9872591633036162,-71.08265975786037,Yamuna,1,1
3515,decreasing,0.000728647476739841,-0.27230046948356806,-0.2503156722364777,29.49414855189496,25.354715947811446,-0.9872548868293841,-71.08235185171566,Khari,3,3
4111,decreasing,0.000728647476739841,-0.27230046948356806,-0.031571344740861,3.9364993966338986,3.199214313779461,-0.9868468206358925,-71.05297108578426,Parwar,5,5
3981,decreasing,0.00019256444293835884,-0.3004694835680751,-0.04654774611434109,5.929053757892442,4.718905502841961,-0.986409795371145,-71.02150526672244,Sai,3,3
3385,decreasing,0.001033144690702148,-0.2644757433489828,-0.36715913944892464,42.704161867103494,37.31354124882155,-0.9839836347897437,-70.84682170486155,Gambhir,4,4
3858,decreasing,0.00031555476495959134,-0.29029733959311427,-0.461910251686508,59.151289530704375,46.97618630880682,-0.9832859752600049,-70.79659021872035,Kosi,2,2
3944,decreasing,0.00015253140868631831,-0.3051643192488263,-0.05902202348569652,7.444989225408894,6.0067835179703275,-0.9825894891853846,-70.74644322134769,Tamasa,3,3
3976,decreasing,0.002089765003054689,-0.24804381846635368,-0.09512920688301282,11.242569294346955,9.69797382767782,-0.9809183709231716,-70.62612270646835,Ganga,1,1
3376,decreasing,0.000728647476739841,-0.27230046948356806,-0.20025053630279044,23.95627233041573,20.45067111741372,-0.9791880919363931,-70.5015426194203,Kunwari,4,4
3920,decreasing,0.00019256444293835884,-0.3004694835680751,-0.07065423418091171,9.101767592589031,7.243072735823863,-0.975473210857866,-70.23407118176635,Ganga,1,1
3321,decreasing,0.00029275367198056124,-0.2918622848200313,-0.0661137805400697,8.704262657922474,6.795168559804292,-0.9729527672228021,-70.05259924004176,Aglad,5,5
3857,decreasing,0.0008686025351922755,-0.2683881064162754,-0.33919709260265696,45.109097258227656,34.922607519549665,-0.971282262966116,-69.93232293356036,Kosi,2,2
4118,decreasing,0.000632091476657326,-0.27543035993740217,-0.011217345898674243,1.341731478986269,1.1551456209743267,-0.9710763469988127,-69.91749698391452,Sengur,4,4
3504,decreasing,0.0005676376150720586,-0.2777777777777778,-0.32615594901556777,38.53287846088598,33.72881932671507,-0.9669948593701128,-69.62362987464812,Khari,3,3
3814,decreasing,0.001957443199985809,-0.24960876369327073,-0.022471313077237588,2.793874575075268,2.3256780071790826,-0.9662263222970421,-69.56829520538703,Ganga,1,1
3324,decreasing,8.064627420267811e-05,-0.31768388106416273,-1.0189123117035042,134.46974602380772,106.3097284834175,-0.9584375073090673,-69.00750052625284,Yamuna,1,1
3514,decreasing,0.0004736415939812222,-0.28169014084507044,-0.2917733983230135,35.09594186963365,30.519205425115743,-0.9560320927716517,-68.83431067955893,Khari,3,3
3371,decreasing,0.00021610207933320247,-0.2981220657276995,-0.1068827113744589,13.339174774626624,11.18090078376473,-0.9559400753261162,-68.82768542348037,Sengur,4,4
4007,decreasing,0.0003528923704996245,-0.28794992175273865,-0.026799496857493027,3.265351610107669,2.8190359064078283,-0.950661777545162,-68.44764798325167,Sai,3,3
3792,decreasing,0.0002715030076816394,-0.2934272300469484,-0.06230276992141686,7.582872369710299,6.5550195780187295,-0.9504589449334342,-68.43304403520726,Garra,4,4
3260,decreasing,0.0001714521556526183,-0.3028169014084507,-0.011055368272569442,1.1144705461762152,1.1652081967003367,-0.9487890922734913,-68.31281464369137,Yamuna,1,1
3836,decreasing,0.0005475506067189606,-0.27856025039123633,-0.03717442135044642,4.658727241274182,3.922674934789563,-0.9476803958633573,-68.23298850216173,Garra,4,4
3287,decreasing,0.00013034731588645876,-0.3082942097026604,-1.4021616558340724,193.0531943237762,148.35549559953702,-0.9451363093545205,-68.04981427352548,Yamuna,1,1
3382,decreasing,0.002457247707108312,-0.24413145539906103,-0.2352936894994837,28.13281620639834,24.906018562584176,-0.9447262271496127,-68.02028835477212,Gambhir,4,4
3389,decreasing,0.0002517048330354932,-0.2949921752738654,-1.0013487307504871,129.80306598330895,105.99581196748737,-0.9447059390022275,-68.01882760816038,Yamuna,1,1
4164,decreasing,0.0009312636915865813,-0.2668231611893584,-0.11631502225221471,15.922298914953622,12.338476015083124,-0.9427016927376269,-67.87452187710915,Sajnam,5,5
3476,decreasing,0.0015525794457502684,-0.25508607198748046,-0.029760276085622712,3.9523344218729397,3.1636989266414144,-0.9406797794509558,-67.72894412046882,Non,4,4
3947,decreasing,3.8304393702892625e-05,-0.3317683881064163,-0.09200276971726191,11.835245108296132,9.821852647843013,-0.9367150273575601,-67.44348196974433,Ganga,1,1
3893,decreasing,0.0010693346642680623,-0.26369327073552423,-0.07945436404914528,10.440599348327991,8.489773208618475,-0.9358832338240369,-67.38359283533066,Gagas,5,5
3288,decreasing,9.477964913395809e-05,-0.3145539906103286,-1.5755380260802472,214.5021565091821,168.59134989493896,-0.9345307615497919,-67.28621483158501,Yamuna,1,1
3496,decreasing,0.0014039422890037567,-0.257433489827856,-0.5671501406695159,74.21802395210113,60.760783930765996,-0.9334147849635321,-67.20586451737431,Khari,3,3
3980,decreasing,0.0007548407512556476,-0.2715179968701095,-0.03827987928571429,5.1582851933928575,4.113530728288089,-0.9305844981895897,-67.00208386965045,Kadhu,5,5
3326,decreasing,0.0003800377024256729,-0.2863849765258216,-0.13096588386437924,17.82068518135213,14.07837083611111,-0.9302630637378219,-66.97894058912317,Giri,4,4
3479,decreasing,0.0011066942735853402,-0.26291079812206575,-0.612424482473545,81.52825446114417,65.97951262742004,-0.9282040107386775,-66.83068877318479,Khari,3,3
3987,decreasing,0.0022302457568530443,-0.24647887323943662,-0.06260320548787461,8.064805003152882,6.752063238752105,-0.9271714922421955,-66.75634744143808,Sai,3,3
3391,decreasing,2.611067123825528e-05,-0.33881064162754304,-4.775366519097222,636.9791674279514,515.8277204074075,-0.9257677185951881,-66.65527573885355,Yamuna,1,1
3349,decreasing,0.0029758464158153863,-0.23943661971830985,-0.12158429676973356,14.476312376992208,13.146538898758417,-0.9248388317720355,-66.58839588758656,Kunwari,4,4
3369,decreasing,0.00316975698026134,-0.2378716744913928,-0.09117133500000002,11.023821675833334,9.896827479187712,-0.9212177861211235,-66.3276806007209,Parbati,3,3
3982,decreasing,0.0007033006170711342,-0.2730829420970266,-0.09459337366071427,12.373642048288689,10.295514392760943,-0.9187823944690463,-66.15233240177133,Kadhu,5,5
3856,decreasing,0.0018328536014384778,-0.2511737089201878,-0.10987764772849462,15.293963940194892,12.040627457175926,-0.9125574902079556,-65.7041392949728,Baur,4,4
3887,decreasing,0.011636262412253684,-0.20344287949921752,-0.07066646107738074,9.508241601163682,7.749243326583543,-0.911914339235698,-65.65783242497025,Kosi,2,2
3994,decreasing,0.00050934779772005,-0.28012519561815336,-0.13724187327491177,18.3198440595927,15.061320314172981,-0.9112207323933256,-65.60789273231944,Kadhu,5,5
3480,decreasing,2.395529740906177e-05,-0.3403755868544601,-3.6630641695696715,499.9931221030567,402.25699987752523,-0.9106278251677313,-65.56520341207666,Yamuna,1,1
3492,decreasing,0.005032601432980233,-0.22613458528951486,-0.1864925306775068,23.39259925571816,20.49325114861111,-0.9100192513384873,-65.52138609637109,Gambhir,4,4
3878,decreasing,0.0004911922251926715,-0.2809076682316119,-0.2731274430555555,35.743186020138886,30.04350913532197,-0.9091063291752468,-65.45565570061777,Ganga,1,1
4166,decreasing,0.002089765003054689,-0.24804381846635368,-0.3209217160440612,46.79947278206417,35.339502706134255,-0.9081104471466018,-65.38395219455533,Jamni,4,4
4783,decreasing,5.745532577483559e-06,-0.365414710485133,-0.2988062028484285,41.92543355945254,32.97772899772727,-0.9060848394655114,-65.23810844151683,Suheli,4,4
4447,decreasing,0.0016595808139703294,-0.2535211267605634,-0.07630623644359277,10.940386656247544,8.438672947480008,-0.904244505249841,-65.10560437798856,Rohini,3,3
3289,decreasing,0.00011574432366678877,-0.310641627543036,-1.6350418759645067,226.63220230507332,181.01208242760944,-0.9032777558472619,-65.03599842100286,Yamuna,1,1
4163,decreasing,0.002379332161984049,-0.24491392801251957,-0.10784463858411708,15.422352344736154,12.01821814138889,-0.8973429947382696,-64.60869562115542,Jamni,4,4
4165,decreasing,0.00288300647311468,-0.24021909233176839,-0.1906376015361953,27.4596671712016,21.32266788034512,-0.8940607367051,-64.3723730427672,Jamni,4,4
4168,decreasing,0.0015525794457502684,-0.25508607198748046,-0.4341882499198718,63.12618299715545,48.75781958374369,-0.8904997262523902,-64.11598029017209,Jamni,4,4
3262,decreasing,0.0003400101562260893,-0.2887323943661972,-2.1854209072802195,295.02226291678113,245.54148826104802,-0.890041403087361,-64.08298102229,Yamuna,1,1
3261,decreasing,0.0003039540655975781,-0.29107981220657275,-2.161406077807647,293.14438855383816,243.02887296906567,-0.889361848821463,-64.03405311514533,Yamuna,1,1
3886,decreasing,0.010122986091542163,-0.20735524256651017,-0.06538695984613657,9.357782542454515,7.3530150539593855,-0.8892537192743484,-64.02626778775308,Kali Rau,5,5
3897,decreasing,0.0005676376150720586,-0.2777777777777778,-0.016444916132546394,2.1489230493720632,1.8519091174010944,-0.8879980112428316,-63.93585680948388,Kali,3,3
3475,decreasing,0.0012685253445046119,-0.2597809076682316,-0.02044619820535715,2.824960812540179,2.3056635534322387,-0.886781515669131,-63.848269128177435,Non,4,4
3489,decreasing,0.006202451609587989,-0.22065727699530516,-0.011088677237980772,1.347790539864984,1.2566577673179713,-0.8823943579839436,-63.53239377484394,Kakund,5,5
3358,decreasing,0.003942583176619108,-0.2323943661971831,-0.024703114402020682,2.9929258866884014,2.799596936723485,-0.8823811055791492,-63.53143960169874,Parbati,3,3
3452,decreasing,0.0011850598945115642,-0.26134585289514867,-0.07944569025843108,11.205275341674302,9.044626970875422,-0.8783744262118707,-63.242958687254685,Non,4,4
3304,decreasing,0.00042443636130151674,-0.284037558685446,-2.0902923621794836,288.68725014903833,238.45333304661193,-0.8766043801832207,-63.11551537319189,Yamuna,1,1
3899,decreasing,0.00039433083413165093,-0.2856025039123631,-0.11495124240740734,14.99381703046296,13.153681078219698,-0.8739093013114589,-62.92146969442504,Kali,3,3
3286,decreasing,0.0003039540655975781,-0.29107981220657275,-0.361244438047757,51.46027680486204,41.346125477346376,-0.8737080775457027,-62.906981583290595,Giri,4,4
3506,decreasing,6.312700303490182e-05,-0.3223787167449139,-3.278768097410759,465.1660171247486,376.35749421706646,-0.8711844849088376,-62.72528291343631,Yamuna,1,1
3264,decreasing,0.00011574432366678877,-0.310641627543036,-2.65272149550456,369.4702096737452,304.9497496457281,-0.8698880712597171,-62.63194113069963,Yamuna,1,1
3300,decreasing,0.0004911922251926715,-0.2809076682316119,-2.0477257480971893,285.68511626578356,235.65677857912456,-0.868944131564474,-62.56397747264213,Yamuna,1,1
4149,decreasing,0.006202451609587989,-0.22065727699530516,-0.03628091461998154,5.104570533176012,4.175789667549452,-0.868839608994791,-62.55645184762495,Dhasan,3,3
3505,decreasing,6.852168310755857e-05,-0.3208137715179969,-3.215807793604651,457.34827875629844,370.18686498842595,-0.8686985135750818,-62.546292977405884,Yamuna,1,1
3477,decreasing,0.0015525794457502684,-0.25508607198748046,-0.04917872258306101,6.986781318365332,5.665064926371002,-0.8681051889473141,-62.50357360420662,Non,4,4
4429,decreasing,0.002089765003054689,-0.24804381846635368,-0.1645158618981481,23.519666126550923,18.95550831651936,-0.8679053030446865,-62.48918181921743,Bansi,5,5
3292,decreasing,0.00014667410956259452,-0.3059467918622848,-1.6731911443376066,239.1792623323184,193.2707565618687,-0.8657239067628911,-62.332121286928164,Yamuna,1,1
3298,decreasing,0.0003800377024256729,-0.2863849765258216,-1.9759544404633615,278.05899896978264,228.63688191498315,-0.8642325874607164,-62.22474629717158,Yamuna,1,1
3319,decreasing,0.0009980910481652838,-0.2652582159624413,-0.49865646224999993,71.13206468904167,57.82938904819024,-0.8622890029746999,-62.084808214178395,Tons,2,2
4424,decreasing,0.0021589580682042087,-0.24726134585289514,-0.4190557938126572,60.868617305349325,48.603332520612376,-0.8621955986967318,-62.07808310616469,Ghaghara,1,1
3535,decreasing,8.744356600076664e-05,-0.3161189358372457,-3.1518443078703746,451.1714368043983,366.36574769833754,-0.8602999400657882,-61.941595684736754,Yamuna,1,1
4161,decreasing,0.0025374915777234275,-0.2433489827856025,-0.47200305046296276,70.03761714560186,55.03571876990741,-0.8576303917030805,-61.7493882026218,Jamni,4,4
4162,decreasing,0.00288300647311468,-0.24021909233176839,-0.03987826698056415,5.9387722140600285,4.655816736434133,-0.8565257018923541,-61.6698505362495,Jamni,4,4
3390,decreasing,0.001033144690702148,-0.2644757433489828,-2.006730343073593,297.28938830411255,234.79182229882156,-0.8546849389497094,-61.53731560437908,Sindh,3,3
3986,decreasing,0.0017155887229374223,-0.25273865414710484,-0.05092999091414141,7.112302231618687,5.9882623000810185,-0.8504969949872161,-61.23578363907956,Sai,3,3
3960,decreasing,0.0009312636915865813,-0.2668231611893584,-0.021531499209302325,3.088266207346899,2.5379322306008,-0.8483874766114308,-61.08389831602302,Ganga,1,1
3457,decreasing,0.01298803290764261,-0.20031298904538342,-0.028854161613014635,4.19012057476202,3.401264242690446,-0.8483363700725176,-61.080218645221265,Betwa,2,2
3907,decreasing,0.0008098700573617723,-0.2699530516431925,-0.05111123907180061,6.934823412048921,6.027388575697601,-0.8479831427806207,-61.05478628020469,Rihand,3,3
3832,decreasing,0.0017733303062426042,-0.2519561815336463,-0.21625787858796294,28.87797256487268,25.524057728914144,-0.8472707626851268,-61.00349491332913,East Bahgul,5,5
3293,decreasing,0.00032756894141861004,-0.2895148669796557,-1.813244931964574,260.7450216680757,214.0773543945707,-0.8470045498705772,-60.98432759068156,Yamuna,1,1
3891,decreasing,0.0038225973447996164,-0.23317683881064163,-0.13016484388111896,19.22907304944639,15.383897701546719,-0.8461109557952404,-60.91998881725731,Ramganga,2,2
3885,decreasing,0.022612143982560395,-0.1838810641627543,-0.057410147232804236,8.270892604264551,6.789238792933502,-0.8456050668384045,-60.88356481236512,Gomti,2,2
3527,decreasing,0.0014039422890037567,-0.257433489827856,-0.08268840172772408,11.158297115500872,9.801747784364478,-0.8436087476115914,-60.73982982803459,Khari,3,3
3904,decreasing,0.0016052596612825543,-0.2543035993740219,-0.024808088003246753,3.4093625907819267,2.9479384854819024,-0.8415402195609706,-60.59089580838988,Rihand,3,3
3949,decreasing,0.004737150999633677,-0.22769953051643194,-0.08517862914285712,12.05685971790476,10.147235530450338,-0.8394269442869319,-60.438739988659094,Varuna,4,4
3351,decreasing,0.004323344641186555,-0.2300469483568075,-0.013434610833333329,1.685546079583333,1.601135838677399,-0.8390675237418235,-60.41286170941129,Bamni,5,5
4154,decreasing,0.004065979420274202,-0.23161189358372458,-0.029342490982481075,4.585450406961411,3.499446325475589,-0.838489528153952,-60.37124602708454,Dhasan,3,3
3510,decreasing,0.011318463648904986,-0.20422535211267606,-0.012394314640505893,1.6250408080712926,1.484360453900463,-0.8349935898613627,-60.119538470018114,Banganga,4,4
3355,decreasing,0.009301555366874492,-0.20970266040688576,-0.014182335077363188,1.772604422746393,1.7089753443949915,-0.8298735920256354,-59.75089862584575,Sesar,5,5
3549,decreasing,0.00279281772281581,-0.24100156494522693,-0.1416096916985951,20.48833317613346,17.16339724430766,-0.8250679610970421,-59.404893198987025,Kali,3,3
3863,decreasing,0.0008098700573617723,-0.2699530516431925,-2.3658081667361412,348.6680396274663,287.32498575789145,-0.8233910324560639,-59.2841543368366,Ramganga,2,2
4146,decreasing,0.007182337359747715,-0.2167449139280125,-0.04872713648645548,7.415292153375231,5.928296819877946,-0.8219415789551963,-59.17979368477413,Dhasan,3,3
4004,decreasing,0.00316975698026134,-0.2378716744913928,-0.06690659971139971,9.993584310588023,8.15101952294297,-0.8208371912627037,-59.100277770914666,Tamasa,3,3
4732,decreasing,0.0023036845355648428,-0.24569640062597808,-0.057139449126984126,9.039038923174603,6.97016644988005,-0.8197716587954287,-59.02355943327086,Rapti,2,2
3946,decreasing,0.003482278446820475,-0.23552425665101723,-0.06972144425770305,10.131505558648458,8.509994530251474,-0.8192889432520324,-58.98880391414633,Gomti,2,2
4139,decreasing,0.003482278446820475,-0.23552425665101723,-1.177266891981792,182.5639463320203,143.77758428630054,-0.8188111504485505,-58.954402832295635,Dhasan,3,3
3474,decreasing,0.003071406452135106,-0.23865414710485133,-0.018438522776650493,2.7783680789877594,2.2533707924673823,-0.8182640352971289,-58.91501054139328,Non,4,4
4811,decreasing,0.02148394527669195,-0.18544600938967137,-0.07818642590780334,12.572595144727018,9.592349132244317,-0.8150915362847109,-58.68659061249918,Panar,5,5
4005,decreasing,0.0038225973447996164,-0.23317683881064163,-0.10285911687565305,15.149408124085683,12.65980900959596,-0.8124855343211517,-58.49895847112292,Tamasa,3,3
3285,decreasing,0.0017155887229374223,-0.25273865414710484,-0.16101583171502765,23.56635987588348,19.83866510430345,-0.8116263411296747,-58.437096561336574,Tons,2,2
4135,decreasing,0.003375118730837512,-0.23630672926447574,-1.146619458085317,179.12040222036208,141.39007452430553,-0.8109617750347875,-58.3892478025047,Dhasan,3,3
3364,decreasing,0.008298993251090847,-0.21283255086071987,-0.04059008289583333,5.176777959468749,5.011204251996001,-0.8099865991226757,-58.319035136832646,Parbati,3,3
4216,decreasing,0.00419287101630994,-0.23082942097026604,-0.08160151867069557,12.791842025309693,10.12035515200442,-0.806310820569708,-58.05437908101898,Pashchimi Nayar,4,4
4186,decreasing,0.006021568057310356,-0.2214397496087637,-0.0311955810859375,4.8169818689674475,3.8822395247401094,-0.8035460173732026,-57.85531325087059,Sanr,5,5
4131,decreasing,0.0025374915777234275,-0.2433489827856025,-0.15093160827380958,24.65458494788691,18.791278261321548,-0.8032003261027485,-57.83042347939789,Dhasan,3,3
4114,decreasing,0.010410811754354654,-0.20657276995305165,-0.019364804481837607,2.8051089353552348,2.4215967594107743,-0.7996708951059827,-57.576304447630754,Shyam,4,4
4025,decreasing,0.00419287101630994,-0.23082942097026604,-0.026480874265873002,3.9828605672718247,3.3171799018160772,-0.7982947880329118,-57.47722473836965,Ghaghara,1,1
4160,decreasing,0.005032601432980233,-0.22613458528951486,-0.10627702270671835,15.6652338185885,13.34438504849537,-0.7964175368178654,-57.34206265088631,Jamni,4,4
3835,decreasing,0.0010693346642680623,-0.26369327073552423,-2.606058342500001,394.23269678375004,327.26017109343434,-0.7963261565844377,-57.335483274079515,Ramganga,2,2
3992,decreasing,0.004882855068526926,-0.2269170579029734,-0.019811860836956526,2.8166750609619564,2.494681655727062,-0.7941638882650325,-57.17979995508234,Sai,3,3
3378,decreasing,0.011008394820119616,-0.20500782472613457,-0.12482275819358181,17.11351248253882,15.722922158743687,-0.7938903273407514,-57.1601035685341,Gambhir,4,4
3866,decreasing,0.001145257675077005,-0.2621283255086072,-2.4025925662140835,364.9406750172666,303.55340490025253,-0.7914892494793706,-56.987225962514685,Ramganga,2,2
3799,decreasing,0.0007033006170711342,-0.2730829420970266,-2.8336293590949824,420.94065928953853,358.30747277167507,-0.7908373602078517,-56.94028993496532,Ramganga,2,2
3365,decreasing,0.006202451609587989,-0.22065727699530516,-0.0423215446382429,5.645018442990956,5.3861452389215065,-0.7857482997750939,-56.573877583806755,Gambhir,4,4
3388,decreasing,0.0017155887229374223,-0.25273865414710484,-1.4758846334033615,238.76278140248598,188.1989507538931,-0.7842151231402821,-56.463488866100306,Sindh,3,3
3834,decreasing,0.0011066942735853402,-0.26291079812206575,-2.346754112037038,360.4741970189815,300.68277755492426,-0.7804750678174003,-56.19420488285282,Ramganga,2,2
3453,decreasing,0.008540127721574642,-0.21205007824726135,-0.14310990499999998,22.056145694166663,18.355086385122053,-0.7796743747062913,-56.13655497885297,Parbati,3,3
3952,decreasing,0.008787507339092171,-0.2112676056338028,-0.2160805616927084,33.590852481757814,27.78159159555976,-0.777783234446668,-56.00039288016009,Tamasa,3,3
3850,decreasing,0.003705938696041855,-0.23395931142410015,-0.19683792441748904,30.598434706593586,25.30796598385943,-0.777770621878604,-55.99948477525949,Baur,4,4
3932,decreasing,0.0004911922251926715,-0.2809076682316119,-2.5187819222830257,401.38826178271404,325.20969293507994,-0.774510101328941,-55.764727295683755,Gomti,2,2
3931,decreasing,0.0004911922251926715,-0.2809076682316119,-2.461037255208336,390.64775110156256,317.8571795328283,-0.7742588224137187,-55.74663521378775,Gomti,2,2
4765,decreasing,0.007834920270909373,-0.21439749608763695,-0.029961243509615307,4.77369763250801,3.8995479672506312,-0.7683260665399488,-55.319476790876315,Ghaghara,1,1
4295,decreasing,0.008787507339092171,-0.2112676056338028,-0.03339997088584011,5.274137770197324,4.349016029633838,-0.767989141871528,-55.295218214750015,Sonar,3,3
4011,decreasing,0.004882855068526926,-0.2269170579029734,-0.06270847261494253,8.810584219497127,8.168616254271887,-0.7676755849823194,-55.27264211872699,Gomti,2,2
3988,decreasing,0.0021589580682042087,-0.24726134585289514,-0.11589615604166668,18.210905806145835,15.109057939362373,-0.7670640784276302,-55.22861364678938,Sai,3,3
3841,decreasing,0.003705938696041855,-0.23395931142410015,-0.10218531026190483,17.145048560130956,13.321966543509047,-0.7670437388366906,-55.227149196241726,Ladhiya,5,5
4304,decreasing,0.007834920270909373,-0.21439749608763695,-0.04186404041373988,6.815071254271099,5.4867134136805555,-0.7630076014059018,-54.936547301224934,Bewas,5,5
4436,decreasing,0.008298993251090847,-0.21283255086071987,-0.030821632274865562,4.766565309015302,4.044523752555766,-0.7620583821615371,-54.86820351563067,Ghaghara,1,1
3547,decreasing,0.006021568057310356,-0.2214397496087637,-0.08257413919753086,12.139331662345679,10.842413495454545,-0.7615844869977365,-54.83408306383703,Kali,3,3
4464,decreasing,0.009842267477765398,-0.2081377151799687,-0.042005927209595985,6.679315815940657,5.550214394458122,-0.7568343170948283,-54.492070830827636,Ghaghara,1,1
3373,decreasing,0.01527627229679851,-0.19561815336463223,-0.08780945018210956,12.138029456464889,11.61438183257576,-0.7560406696447982,-54.43492821442547,Gambhir,4,4
4564,decreasing,0.003071406452135106,-0.23865414710485133,-0.7434180718005953,120.5974798405878,98.36552119728535,-0.7557709884031112,-54.41551116502401,Ganga,1,1
4133,decreasing,0.007834920270909373,-0.21439749608763695,-0.9731651699446391,161.18359544970136,129.70431948211277,-0.7502951126302668,-54.021248109379215,Dhasan,3,3
4132,decreasing,0.010705896503248047,-0.20579029733959311,-0.8733094255514708,142.83586119041055,116.54217877451599,-0.7493505224757608,-53.95323761825478,Dhasan,3,3
3953,decreasing,0.009842267477765398,-0.2081377151799687,-0.31320116249508645,50.52547889357557,41.813900155829124,-0.7490359935999039,-53.93059153919308,Tamasa,3,3
4422,decreasing,0.007611717728657208,-0.21517996870109546,-0.1685944203231292,25.561598988137757,22.53841929222433,-0.7480312533776211,-53.85825024318872,Ghaghi,5,5
3941,decreasing,0.009568506303155644,-0.20892018779342722,-0.02261445674482057,3.45224070444113,3.026861609894781,-0.7471255597181625,-53.7930402997077,Tamasa,3,3
4715,decreasing,0.007834920270909373,-0.21439749608763695,-0.4937668569940479,79.63869650662203,66.15929563193393,-0.746330280994883,-53.73578023163157,Tamasa,3,3
4443,decreasing,0.005032601432980233,-0.22613458528951486,-0.045089150035612535,7.564388209597579,6.05418338425505,-0.7447602289827339,-53.622736486756835,Rohini,3,3
3517,decreasing,0.025660442063474287,-0.17996870109546165,-0.009777544444444446,1.531981501527778,1.318624789430766,-0.7414955734804053,-53.38768129058918,Sanwan,4,4
3955,decreasing,0.010122986091542163,-0.20735524256651017,-0.44114018677849937,70.4314297973034,59.566847262773564,-0.7405800492217605,-53.32176354396675,Tamasa,3,3
4001,decreasing,0.0038225973447996164,-0.23317683881064163,-0.18650268744071824,28.8246704916455,25.22166798904672,-0.7394542165954795,-53.240703594874525,Gomti,2,2
4563,decreasing,0.005032601432980233,-0.22613458528951486,-0.6151972865196083,101.89070996311276,83.58744718465908,-0.735992433362071,-52.99145520206911,Tamasa,3,3
4151,decreasing,0.01744699992026555,-0.19170579029733958,-0.06591299210471421,10.712697207217353,8.974333040567128,-0.7344611773015822,-52.88120476571392,Kathan,5,5
3922,decreasing,0.00032756894141861004,-0.2895148669796557,-0.07110432701994589,10.86099492170808,9.69858620363005,-0.7331411561133776,-52.78616324016319,Malin,5,5
4716,decreasing,0.005032601432980233,-0.22613458528951486,-0.5731154652436806,95.00421818281733,78.27350797027567,-0.7321959627276714,-52.71810931639234,Tamasa,3,3
3263,decreasing,0.008787507339092171,-0.2112676056338028,-0.3996679356944445,59.169309042152776,54.65720759573864,-0.7312264077786598,-52.648301360063506,Yamuna,1,1
3845,decreasing,0.00419287101630994,-0.23082942097026604,-0.09996862412402216,15.94052172723612,13.67311458844697,-0.7311327896607416,-52.641560855573395,Katna,5,5
3526,decreasing,0.008298993251090847,-0.21283255086071987,-0.010340801574432956,1.3741954079757033,1.415983805669192,-0.7302909491642037,-52.58094833982266,Khari,3,3
4153,decreasing,0.0122956999231143,-0.20187793427230047,-0.4009232269084022,66.83268513971798,54.90050370859638,-0.7302724015729298,-52.57961291325095,Dhasan,3,3
3954,decreasing,0.008298993251090847,-0.21283255086071987,-0.36736799897278916,59.18395773436735,50.35882863131313,-0.7295006833108895,-52.52404919838404,Tamasa,3,3
4258,decreasing,0.008540127721574642,-0.21205007824726135,-0.07320555155092592,11.657712584224537,10.067162764619107,-0.7271716298082092,-52.35635734619106,Ken,2,2
3470,decreasing,0.014871849830208062,-0.19640062597809077,-0.02016880065918803,3.2914104717345083,2.784784999305556,-0.7242498312874258,-52.14598785269466,Mahuar,4,4
3301,decreasing,0.015690346136617128,-0.19483568075117372,-0.05095444290123452,7.190374493827159,7.054643659598065,-0.7222823059519016,-52.004326028536916,Hindon,3,3
4148,decreasing,0.01298803290764261,-0.20031298904538342,-0.2726675202950043,44.87303029547265,37.82497059237163,-0.7208664435815706,-51.90238393787308,Dhasan,3,3
3352,decreasing,0.02319530613789267,-0.18309859154929578,-0.010509350255681829,1.5079658769933715,1.4585629244770624,-0.7205277248802783,-51.877996191380035,Parbati,3,3
4141,decreasing,0.014871849830208062,-0.19640062597809077,-0.696747860484545,120.53377713053467,96.96794610106271,-0.7185342048581443,-51.734462749786395,Dhasan,3,3
4812,decreasing,0.013346960537039543,-0.19953051643192488,-0.4076398001507173,70.29689737201714,56.9148243678872,-0.7162278100267988,-51.56840232192951,Sarju,3,3
4130,decreasing,0.008540127721574642,-0.21205007824726135,-0.06979069603587963,11.933048009273726,9.757139373005051,-0.7152782528552234,-51.500034205576085,Kurai,4,4
4152,decreasing,0.02834901810524748,-0.17683881064162754,-0.14249021850473487,23.70455097775142,20.139193916224748,-0.7075269203795709,-50.94193826732911,Kathan,5,5
4000,decreasing,0.005344613350192207,-0.2245696400625978,-0.14514719132495588,22.8526091962026,20.517673085637625,-0.707425207133059,-50.93461491358025,Gomti,2,2
4603,decreasing,0.003482278446820475,-0.23552425665101723,-0.03293780613425919,5.385203840682868,4.674555534451809,-0.704618993003831,-50.732567496275834,Banki,5,5
4128,decreasing,0.008540127721574642,-0.21205007824726135,-0.0303297775337382,5.307639623697707,4.312911924402357,-0.7032320173786303,-50.63270525126138,Kurai,4,4
3995,no trend,0.05607271202075026,-0.1541471048513302,-0.02217315124387255,3.5108760074150513,3.1604266482733587,-0.7015872763883461,-50.514283899960915,Ganga,1,1
4147,decreasing,0.010410811754354654,-0.20657276995305165,-0.159493987480346,27.919169130552284,22.800131403367004,-0.6995310011976192,-50.366232086228585,Bewas,5,5
3945,decreasing,0.01298803290764261,-0.20031298904538342,-0.055039208123594544,8.37096364672094,7.88898888948127,-0.6976712592025665,-50.232330662584786,Tamasa,3,3
3957,decreasing,0.002620125539001261,-0.24256651017214398,-1.3567549257168456,224.261146362948,194.80873887110693,-0.696454858020783,-50.14474977749637,Gomti,2,2
3509,decreasing,0.026311031842497945,-0.17918622848200313,-0.02769108504978181,3.8694504255172544,3.979696667467383,-0.6958089362977503,-50.09824341343802,Gambhir,4,4
4743,decreasing,0.002457247707108312,-0.24413145539906103,-0.05093685833333336,8.994317633333335,7.3286558337089645,-0.6950368456251368,-50.04265288500985,Jamwar,5,5
4736,decreasing,0.006202451609587989,-0.22065727699530516,-0.34901799352134144,63.57392989500762,50.60745705132576,-0.6896572439262649,-49.65532156269107,Sotwa,4,4
4305,decreasing,0.011008394820119616,-0.20500782472613457,-0.20217655187346445,36.12493938317465,29.326901684827437,-0.6893894010565136,-49.63603687606898,Bewas,5,5
3958,decreasing,0.002022611363822868,-0.24882629107981222,-1.4224177725202454,238.63730984113536,207.87976923726853,-0.6842502171997001,-49.26601563837841,Gomti,2,2
3830,decreasing,0.025660442063474287,-0.17996870109546165,-0.05861610652777784,9.365893423402781,8.583566283375422,-0.6828875620300738,-49.16790446616532,East Bahgul,5,5
4150,decreasing,0.03615343997857279,-0.16901408450704225,-0.0381659361378205,6.562895754975961,5.628123621554083,-0.6781289592086432,-48.825285063022314,Kathan,5,5
4266,decreasing,0.02148394527669195,-0.18544600938967137,-0.034404349615384605,5.901626523846154,5.0872697227788315,-0.6762831831254238,-48.692389185030514,Shyam,4,4
3317,decreasing,0.023791482863633417,-0.18231611893583724,-0.2828826005819059,47.71204079982432,41.863406571759256,-0.675727619292063,-48.65238858902854,Tons,2,2
3284,decreasing,0.018388307314498142,-0.19014084507042253,-0.04376652384622165,7.611651017374202,6.478440435760732,-0.675571910866575,-48.6411775823934,Bata,5,5
4437,decreasing,0.014091211151922245,-0.19796557120500782,-0.031127105103818282,5.345194910352216,4.6146787911016425,-0.6745237645540968,-48.56571104789497,Tamasa,3,3
3310,decreasing,0.01988358815885749,-0.18779342723004694,-0.08588114229227758,14.838389055542523,12.816811757586278,-0.6700663465814304,-48.24477695386299,Pabbar,4,4
4810,decreasing,0.014871849830208062,-0.19640062597809077,-0.3145349454680978,56.626939997450805,47.15296568876263,-0.667052307047268,-48.027766107403295,Sarju,3,3
3936,decreasing,0.0035925256892277435,-0.2347417840375587,-0.11051962160027476,17.97282166264309,16.668035633249158,-0.6630632669143796,-47.74055521783533,Ganga,1,1
3915,decreasing,0.00739423222624036,-0.215962441314554,-0.06843111363767615,12.40659969455417,10.3252712369476,-0.6627536659066599,-47.71826394527951,Song,4,4
4770,decreasing,0.0007548407512556476,-0.2715179968701095,-0.07597592529572036,14.007577902164737,11.468144920265152,-0.6624953366386631,-47.69966423798375,Man,5,5
4282,decreasing,0.03363963628823741,-0.17136150234741784,-0.05919619160714286,10.58542433955357,8.983861046965488,-0.6589170435481944,-47.44202713546999,Kutni,5,5
4014,decreasing,0.005673990546164243,-0.22300469483568075,-0.16625124834096122,27.53361377443746,25.275290808017676,-0.6577619605002685,-47.35886115601933,Gomti,2,2
3478,decreasing,0.018388307314498142,-0.19014084507042253,-0.0364548765597148,6.385897117869876,5.545711464712753,-0.6573525649806418,-47.3293846786062,Betwa,2,2
4297,decreasing,0.013714627554055836,-0.19874804381846636,-0.44145944309210494,82.40088900060306,67.18991604686448,-0.6570322885716812,-47.306324777161045,Sonar,3,3
4737,decreasing,0.005186487692201203,-0.22535211267605634,-0.4204699341666665,78.69130432958332,64.03932351679293,-0.6565808491971458,-47.27382114219449,Sotwa,4,4
4167,decreasing,0.01744699992026555,-0.19170579029733958,-0.13601375338541666,24.43459091601563,20.823483105566076,-0.653174844457508,-47.028588800940575,Narain,5,5
4003,decreasing,0.0032709699188853136,-0.23708920187793428,-1.0647099909867173,191.27684130502848,163.14084270275674,-0.6526323962458763,-46.9895325297031,Gomti,2,2
4110,decreasing,0.014871849830208062,-0.19640062597809077,-0.1465419740132593,24.851315539970706,22.51209657372685,-0.6509476962011782,-46.86823412648483,Betwa,2,2
3997,decreasing,0.016114261602663937,-0.19405320813771518,-0.20463257748015895,36.403220896378976,31.686887051914987,-0.6457957739581491,-46.497295724986735,Varuna,4,4
3950,decreasing,0.01744699992026555,-0.19170579029733958,-0.08465749843960862,15.548953773772773,13.122106272043348,-0.6451517514377357,-46.45092610351697,Tamasa,3,3
3387,decreasing,0.009301555366874492,-0.20970266040688576,-0.985070115027455,179.04197329180798,153.69337140625,-0.6409320753486943,-46.147109425105995,Sindh,3,3
3460,decreasing,0.019373772552436996,-0.18857589984350548,-0.10783465622814681,19.189928179432542,16.85734401981271,-0.6396894795609971,-46.05764252839179,Mahuar,4,4
3520,decreasing,0.03446043002146326,-0.1705790297339593,-0.019240189824915828,3.198081990867845,3.0112978294875843,-0.638933473683997,-46.00321010524778,Barah,4,4
4267,decreasing,0.04467570736996129,-0.1619718309859155,-0.06082615296717171,11.834447930334598,9.534582577445285,-0.6379529724883833,-45.9326140191636,Shyamri,5,5
4016,decreasing,0.008298993251090847,-0.21283255086071987,-0.19397843738095238,32.564625356190476,30.46089976063763,-0.6368112528035577,-45.85041020185615,Gomti,2,2
3991,decreasing,0.0250238140282939,-0.1807511737089202,-0.027179754305555553,4.8304759611805554,4.274634754452862,-0.6358380508941158,-45.78033966437634,Sai,3,3
4280,decreasing,0.02148394527669195,-0.18544600938967137,-0.02876039437731482,5.137459634561344,4.523466332882996,-0.6358043204222238,-45.777911070400116,Khudar,5,5
3870,decreasing,0.005845450831379884,-0.2222222222222222,-0.14048966670746632,23.698743130615053,22.11763267616793,-0.6351930550815503,-45.73389996587162,Ganga,1,1
3528,decreasing,0.025660442063474287,-0.17996870109546165,-0.058345617344597436,9.107508057399876,9.195318260058922,-0.6345143875881851,-45.68503590634933,Barah,4,4
4298,decreasing,0.022612143982560395,-0.1838810641627543,-0.5392596877631584,103.47612339475879,85.02591656679293,-0.6342297849145062,-45.66454451384445,Sonar,3,3
3880,decreasing,0.008540127721574642,-0.21205007824726135,-0.0773941053252688,14.096334464047045,12.229842744297137,-0.6328299303877658,-45.56375498791914,Gangan,4,4
4306,decreasing,0.011008394820119616,-0.20500782472613457,-0.21649855151895225,41.3998283664228,34.225622775021044,-0.6325627818143307,-45.54452029063181,Sonar,3,3
3473,decreasing,0.0305215757337165,-0.17449139280125195,-0.08502840672051526,15.69798260107829,13.453111705450336,-0.632035239000262,-45.50653720801887,Mahuar,4,4
4759,decreasing,0.01298803290764261,-0.20031298904538342,-0.22513688486696226,43.21687736277716,35.67511346613006,-0.6310754556694183,-45.43743280819811,Sotwa,4,4
4091,no trend,0.08089239650896274,-0.14084507042253522,-0.0720994983217593,11.124318623755789,11.441321531526725,-0.630167573938798,-45.37206532359345,Yamuna,1,1
4275,decreasing,0.026311031842497945,-0.17918622848200313,-0.6657394812424969,129.48820393827532,105.72459162489479,-0.6296921756903117,-45.33783664970244,Sonar,3,3
3996,decreasing,0.01744699992026555,-0.19170579029733958,-0.09373806654766978,17.807752812442278,14.914789323863637,-0.6284907182543239,-45.25133171431132,Varuna,4,4
3466,decreasing,0.03363963628823741,-0.17136150234741784,-0.018912224097222215,3.4536737954513885,3.021372317054924,-0.6259481491396223,-45.068266738052806,Sindh,3,3
3325,decreasing,0.014476891115061674,-0.19718309859154928,-0.02169256043676899,4.020174590088633,3.4873701669181396,-0.6220320584992315,-44.786308211944664,Ashmi,5,5
4108,decreasing,0.026311031842497945,-0.17918622848200313,-0.0696239732905983,11.940554530982906,11.214367647606272,-0.6208461812419683,-44.70092504942172,Betwa,2,2
4002,decreasing,0.006021568057310356,-0.2214397496087637,-0.8103640396959457,150.45327236753943,130.60977594612794,-0.6204466961417904,-44.67216212220891,Gomti,2,2
3532,decreasing,0.03615343997857279,-0.16901408450704225,-0.03138499726973684,5.191360682242324,5.059000877269572,-0.6203793600975981,-44.66731392702706,Barah,4,4
3516,no trend,0.053617359017357646,-0.15571205007824726,-0.007721209856436966,1.4153976090701792,1.2513438526273148,-0.6170334269214297,-44.42640673834294,Sanwan,4,4
3999,decreasing,0.020405077125275284,-0.18701095461658843,-0.04985661571637426,8.32330045376462,8.093938458196549,-0.6159747318795783,-44.35018069532964,Gomti,2,2
3798,decreasing,0.004882855068526926,-0.2269170579029734,-0.5946378667800454,110.70408777069161,96.92594370612375,-0.6134971134074977,-44.17179216533983,Ganga,1,1
3890,decreasing,0.038825645914868145,-0.16666666666666666,-0.05661597926587297,11.412834216021823,9.27996323265362,-0.6100884006378068,-43.92636484592209,Ramganga,2,2
3534,decreasing,0.014476891115061674,-0.19718309859154928,-0.33753162282986204,60.6890869229601,55.655950179313976,-0.6064609834930367,-43.66519081149864,Hindon,3,3
4145,decreasing,0.01298803290764261,-0.20031298904538342,-0.1592304169557824,31.033238964430275,26.290794568992006,-0.6056508354585167,-43.6068601530132,Dhasan,3,3
3472,decreasing,0.03283562132819329,-0.17214397496087636,-0.05974166263931103,11.632780823695542,9.88880483241372,-0.6041343079548767,-43.49767017275112,Mahuar,4,4
4276,no trend,0.052423749532427566,-0.1564945226917058,-0.06901088615827201,13.941171221118658,11.427436316097433,-0.6039052351668657,-43.48117693201433,Banne,5,5
4013,decreasing,0.01744699992026555,-0.19170579029733958,-0.11642083479199376,20.96431201011578,19.347776909522306,-0.6017271924129716,-43.32435785373395,Gomti,2,2
3793,decreasing,0.014871849830208062,-0.19640062597809077,-0.09980434480357145,18.200181153026787,16.593812223421722,-0.6014551898008119,-43.30477366565846,Khaimua,5,5
4301,no trend,0.05125243818570069,-0.1572769953051643,-0.1421348649186538,27.46918227544554,23.64647292383207,-0.6010827296590322,-43.277956535450315,Patne,5,5
4291,no trend,0.08265843858017319,-0.14006259780907668,-0.027340718747680886,5.427441863042672,4.5562101137594695,-0.6000758978413577,-43.20546464457776,Bearma,3,3
4142,decreasing,0.01988358815885749,-0.18779342723004694,-0.03025326152462122,5.695546162040721,5.043167509410775,-0.5998861126101263,-43.19180010792909,Dhasan,3,3
3869,decreasing,0.01298803290764261,-0.20031298904538342,-0.14520021669721672,27.972167151084527,24.21120149736953,-0.599723300444186,-43.18007763198139,Gangan,4,4
3508,no trend,0.061264714794432074,-0.15101721439749607,-0.010184582755769233,1.6138118986631413,1.701658712494739,-0.5985091300028071,-43.09265736020211,Gambhir,4,4
4049,decreasing,0.014476891115061674,-0.19718309859154928,-0.01728025128968254,3.113322317450397,2.8896401576925506,-0.5980070301722705,-43.05650617240348,Gomti,2,2
4169,no trend,0.052423749532427566,-0.1564945226917058,-0.02320138801449887,4.564206464666225,3.888741905038932,-0.5966296704966485,-42.95733627575869,Jamni,4,4
4109,decreasing,0.026311031842497945,-0.17918622848200313,-0.10809045471517711,19.352413859055456,18.13192904159301,-0.5961332325271479,-42.92159274195465,Betwa,2,2
4303,decreasing,0.01654821158723152,-0.19327073552425664,-0.026468619861111126,5.256030054236112,4.442585453950968,-0.5957931509808445,-42.8971068706208,Sonar,3,3
3493,no trend,0.05993076455193247,-0.15179968701095461,-0.12947285977011572,23.033095692672443,21.76007621354167,-0.5950018671788592,-42.84013443687786,Banganga,4,4
4271,decreasing,0.029782014738143348,-0.1752738654147105,-1.2026153346674877,247.38105367236247,202.60869686679294,-0.5935655049685052,-42.73671635773238,Sonar,3,3
4279,no trend,0.05125243818570069,-0.1572769953051643,-0.03151421258187646,6.335066829573281,5.33379645572601,-0.5908401800380833,-42.54049296274199,Banne,5,5
4624,decreasing,0.005344613350192207,-0.2245696400625978,-0.049114476907442146,9.912731392714196,8.313453916776094,-0.5907830535793531,-42.53637985771343,Kanhar,3,3
4261,decreasing,0.02834901810524748,-0.17683881064162754,-0.027969777847346444,5.265420696914132,4.740668859396044,-0.5899964472715725,-42.479744203553224,Shyam,4,4
4296,decreasing,0.022612143982560395,-0.1838810641627543,-0.10478202293709149,21.251337205933414,17.805303267603115,-0.5884877183066193,-42.37111571807659,Kopra,5,5
3916,decreasing,0.01654821158723152,-0.19327073552425664,-0.13784324644097218,28.204009569487848,23.518792033059768,-0.5860983261691732,-42.19907948418047,Song,4,4
4140,decreasing,0.047869222228202,-0.1596244131455399,-0.08056560924873736,15.694145532496842,13.795085806372054,-0.5840167316068704,-42.04920467569467,Urmal,5,5
3471,decreasing,0.03283562132819329,-0.17214397496087636,-0.015815786752705625,2.994033613054383,2.713264633843645,-0.5829061623930425,-41.96924369229906,Bilrai,5,5
3914,decreasing,0.017912237310871548,-0.19092331768388107,-0.042971833578431345,8.90070945870098,7.376017041157407,-0.5825885886468671,-41.94637838257444,Saswa,5,5
3831,no trend,0.052423749532427566,-0.1564945226917058,-0.05498158590686279,10.325489341360298,9.53410772814394,-0.5766830780038436,-41.521181616276735,Afsarha,5,5
4121,decreasing,0.01263767005200167,-0.20109546165884193,-3.1724988549504762,646.1779333924086,550.5409170146254,-0.5762512389004135,-41.49008920082977,Betwa,2,2
3929,decreasing,0.0122956999231143,-0.20187793427230047,-0.03326231762748756,6.384549113275808,5.7742717222169615,-0.576043512110942,-41.475132871987825,Ganga,1,1
4262,decreasing,0.03529827347774339,-0.1697965571205008,-0.05858460989684078,11.152989005504516,10.217609388505894,-0.5733690501297146,-41.282571609339456,Shyam,4,4
4019,decreasing,0.011636262412253684,-0.20344287949921752,-0.6574491347517727,129.65012149202127,114.68933883207072,-0.573243460505441,-41.273529156391746,Gomti,2,2
4184,decreasing,0.02834901810524748,-0.17683881064162754,-0.0887417878737542,17.04889428618494,15.576275798621635,-0.5697240407209987,-41.02013093191191,Narain,5,5
4269,decreasing,0.04467570736996129,-0.1619718309859155,-0.10393892823275862,22.201505598096265,18.251665409901094,-0.5694764061167493,-41.00230124040595,Shyamri,5,5
3797,decreasing,0.009301555366874492,-0.20970266040688576,-0.5302919163204627,104.46241171687643,93.13574876815025,-0.5693752649592777,-40.995019077067994,Garra,4,4
4112,decreasing,0.0122956999231143,-0.20187793427230047,-3.1571884603758154,648.5147614266748,554.9732960849116,-0.5688901578955903,-40.9600913684825,Betwa,2,2
3901,decreasing,0.009301555366874492,-0.20970266040688576,-0.031092742033730157,5.606291854697421,5.471646353418561,-0.5682520401616254,-40.91414689163703,Bagad,5,5
3935,decreasing,0.02204176620701781,-0.18466353677621283,-0.022861361669637564,4.411775964272134,4.025128605384048,-0.5679659934109434,-40.89355152558793,Ganga,1,1
4265,decreasing,0.04264809361089461,-0.16353677621283255,-0.01764786112593157,3.319225959970571,3.1086477061795033,-0.5677021905972296,-40.87455772300053,Shyam,4,4
4042,decreasing,0.0025374915777234275,-0.2433489827856025,-6.680020600749565,1319.8289513266095,1177.9752800336698,-0.567076467051043,-40.8295056276751,Ganga,1,1
4763,decreasing,0.04467570736996129,-0.1619718309859155,-0.02198273058391725,4.272949371562396,3.8851280676273143,-0.5658173990990809,-40.738852735133825,Sarju,3,3
4453,no trend,0.05993076455193247,-0.15179968701095461,-0.035777177281745995,7.492119647668649,6.331965228644781,-0.5650248538936359,-40.681789480341784,Aami,5,5
4126,decreasing,0.01654821158723152,-0.19327073552425664,-0.09926808919457758,20.481726016407507,17.6231902804819,-0.5632810383062103,-40.55623475804715,Sonar,3,3
3984,decreasing,0.002620125539001261,-0.24256651017214398,-6.574598321180554,1305.121686235243,1168.1879544833755,-0.5628031256398405,-40.521825046068514,Ganga,1,1
4043,decreasing,0.002379332161984049,-0.24491392801251957,-6.650493151999912,1320.73300522933,1182.5224930955387,-0.5623988711276551,-40.49271872119117,Ganga,1,1
3921,decreasing,0.013714627554055836,-0.19874804381846636,-0.038140461732456124,7.949019662335526,6.79402330271149,-0.5613825568898814,-40.41954409607146,Banganga,4,4
4307,decreasing,0.017912237310871548,-0.19092331768388107,-0.086750328185544,18.278962313086815,15.502800177662039,-0.5595784451285285,-40.289648049254055,Bearma,3,3
4113,decreasing,0.010705896503248047,-0.20579029733959311,-3.2540112066666707,672.2608299200001,581.5815059339226,-0.5595107776753102,-40.284775992622336,Betwa,2,2
4264,decreasing,0.029782014738143348,-0.1752738654147105,-0.11197572980850166,22.030460262368475,20.06504194703283,-0.5580637713297198,-40.18059153573983,Shyam,4,4
4155,no trend,0.053617359017357646,-0.15571205007824726,-0.03256662136904762,7.018988464017856,5.855585448448021,-0.5561633700978466,-40.04376264704495,Shyamri,5,5
4124,decreasing,0.026975826713707685,-0.1784037558685446,-0.04299314933779763,8.967243934825149,7.739061173437499,-0.555534429490769,-39.99847892333537,Dehar,5,5
4738,decreasing,0.009842267477765398,-0.2081377151799687,-0.09056528692193228,18.96180586906193,16.348124031555137,-0.5539796905572971,-39.88653772012539,Jamwar,5,5
4182,decreasing,0.04467570736996129,-0.1619718309859155,-0.01992690887345678,4.163882272507716,3.600889219512837,-0.5533885565119575,-39.84397606886094,Betwa,2,2
4719,no trend,0.052423749532427566,-0.1564945226917058,-0.01884890243971913,3.785939476610029,3.420370561232113,-0.551077788277105,-39.67760075595156,Ghaghara,1,1
3291,no trend,0.05607271202075026,-0.1541471048513302,-0.06525516252616431,13.656777969678833,11.852294915298822,-0.5505698515983906,-39.64102931508412,Yamuna,1,1
3795,decreasing,0.01887541611160848,-0.18935837245696402,-0.46640691133252865,94.89249247730477,85.71254196743477,-0.5441524666363683,-39.178977597818516,Garra,4,4
4272,decreasing,0.046784041218261185,-0.16040688575899845,-1.4503046542623157,316.93892864297885,266.7484000442971,-0.5436976019430569,-39.1462273399001,Ken,2,2
3338,no trend,0.11865114122914533,-0.12597809076682315,-0.022646318392857148,4.4032835554464285,4.165746277080177,-0.5436317261436823,-39.141484282345125,Karisil,5,5
3409,no trend,0.08439370968045279,-0.13928012519561817,-0.017235228943303735,3.1462163441539492,3.1744993501988636,-0.5429274679871662,-39.090777695075964,Kareli,4,4
3522,no trend,0.09738101127481946,-0.13380281690140844,-0.032637512363607166,6.655469363908054,6.016598548309133,-0.5424578705318374,-39.05696667829229,Sanwan,4,4
3827,decreasing,0.00288300647311468,-0.24021909233176839,-6.199964595200123,1241.7057964629378,1146.4838660248317,-0.5407807976135827,-38.936217428177955,Ganga,1,1
4273,decreasing,0.04467570736996129,-0.1619718309859155,-1.5597863616793308,340.97365608961627,288.4967842933502,-0.5406598778908066,-38.92751120813808,Ken,2,2
4277,decreasing,0.047869222228202,-0.1596244131455399,-1.7818507635561107,392.9524791062419,330.0383690464015,-0.5398920036796063,-38.87222426493165,Ken,2,2
3558,decreasing,0.046784041218261185,-0.16040688575899845,-0.01706136805443548,3.4271338271824594,3.1619867830744948,-0.5395774626814285,-38.84957731306285,Kali,3,3
4274,decreasing,0.04264809361089461,-0.16353677621283255,-1.660144463716109,364.9549871285885,308.1998536907618,-0.5386584204487801,-38.78340627231216,Ken,2,2
3816,decreasing,0.003942583176619108,-0.2323943661971831,-5.993749957482992,1208.6719080739797,1112.9676675810185,-0.5385376531656232,-38.774711027924866,Ganga,1,1
4287,decreasing,0.0457196359547174,-0.16118935837245696,-0.22594096711601303,48.13232317428513,42.05320525839646,-0.5372740691885811,-38.68373298157784,Bearma,3,3
3818,decreasing,0.003705938696041855,-0.23395931142410015,-5.986021223672141,1209.8410101070276,1116.7622662173821,-0.5360157129903366,-38.593131335304236,Ganga,1,1
3812,decreasing,0.0035925256892277435,-0.2347417840375587,-5.93407882034632,1205.497302288961,1110.506217934554,-0.5343580003886153,-38.4737760279803,Ganga,1,1
3804,decreasing,0.0038225973447996164,-0.23317683881064163,-5.892193796863188,1200.4682197886432,1103.943800613426,-0.5337403764203472,-38.429307102265,Ganga,1,1
3819,decreasing,0.00316975698026134,-0.2378716744913928,-5.992650777777778,1213.6130471944446,1124.876959050926,-0.532738334584954,-38.357160090116686,Ganga,1,1
4263,decreasing,0.0379168470815372,-0.1674491392801252,-0.08591231192129621,17.379725089872682,16.156180477346382,-0.5317612788601822,-38.28681207793312,Shyam,4,4
4281,no trend,0.05010311706572379,-0.15805946791862285,-1.777222414148109,396.02965470225786,334.6096049665405,-0.5311331138643864,-38.24158419823583,Ken,2,2
4029,decreasing,0.02905791425850568,-0.176056338028169,-0.15363981043178526,32.89751658282837,29.026593989867422,-0.529307057126364,-38.11010811309821,Ghaghara,1,1
4293,no trend,0.08977699556483376,-0.13693270735524257,-0.022456632476689987,4.747633579172494,4.246137942188552,-0.5288719486375271,-38.07878030190195,Bearma,3,3
3801,decreasing,0.005673990546164243,-0.22300469483568075,-5.220796493055554,1110.0095717534723,987.9598579482323,-0.5284421680753264,-38.0478361014235,Ganga,1,1
4125,decreasing,0.020938456318516208,-0.18622848200312989,-0.04697188742108594,10.380205482615217,8.889639134846382,-0.5283891360332215,-38.04401779439195,Sonar,3,3
3290,decreasing,0.04166382008353642,-0.1643192488262911,-0.06300874386837119,14.040768644827176,11.929067330197812,-0.5281950560281259,-38.03004403402507,Yamuna,1,1
3913,decreasing,0.022612143982560395,-0.1838810641627543,-0.059636133552631566,11.757907099451753,11.324013741130052,-0.5266342386712817,-37.91766518433228,Ganga,1,1
3423,no trend,0.07600441755067244,-0.1431924882629108,-0.006691002527006173,1.1278819792920525,1.2741872765239899,-0.525119238771507,-37.8085851915485,Mashi,4,4
3803,decreasing,0.004882855068526926,-0.2269170579029734,-5.714949241666663,1189.3247255791666,1089.2147862384259,-0.5246852424215693,-37.77733745435299,Ganga,1,1
4018,decreasing,0.01654821158723152,-0.19327073552425664,-0.5196632568473192,111.1294550347465,99.14206139888468,-0.5241602297903857,-37.73953654490777,Gomti,2,2
3386,decreasing,0.0379168470815372,-0.1674491392801252,-0.6751220534722221,144.46035343993054,128.82004794381314,-0.5240815107961201,-37.733868777320644,Sindh,3,3
4457,decreasing,0.010705896503248047,-0.20579029733959311,-0.4809678453302374,107.65171675922343,92.21510991798192,-0.5215716228696364,-37.553156846613824,Rapti,2,2
4794,decreasing,0.03702620518791244,-0.16823161189358374,-0.5348396285714285,121.00675733095238,102.54870407097013,-0.5215469404677079,-37.55137971367497,Sarju,3,3
4259,no trend,0.06979401695432808,-0.14632237871674492,-1.9419497886904766,433.89682545684525,373.8989341178451,-0.5193782628110982,-37.39523492239907,Ken,2,2
4767,decreasing,0.04897547992369633,-0.15884194053208137,-0.22676371737264672,49.63357496672896,43.72119264049874,-0.5186585810621198,-37.343417836472625,Manorama,4,4
4283,no trend,0.052423749532427566,-0.1564945226917058,-1.7817103411458426,402.5638297356775,343.9578420119949,-0.5180025350559412,-37.29618252402776,Ken,2,2
4090,no trend,0.1381593548578981,-0.11971830985915492,-0.043370950424731186,7.826867885911291,8.377472499281355,-0.5177092545329356,-37.27506632637136,Sasur Khaderi,5,5
3458,no trend,0.07284506909758859,-0.14475743348982786,-0.02657877369632767,5.660878153719632,5.142732582756733,-0.51682200597878,-37.21118443047216,Ghurari,5,5
4123,decreasing,0.011636262412253684,-0.20344287949921752,-15.373668019841269,3470.314770954365,2988.4611154429713,-0.5144342665326088,-37.039267190347836,Yamuna,1,1
3847,decreasing,0.014871849830208062,-0.19640062597809077,-1.4942154052247036,344.69084821881034,290.75735261332073,-0.5139045983858115,-37.001131083778425,Sharda,2,2
4294,no trend,0.07130616862351746,-0.14553990610328638,-0.4880821275545636,110.12631454902035,95.02359616494108,-0.5136430815640308,-36.98230187261022,Bearma,3,3
4250,no trend,0.06541481350121581,-0.1486697965571205,-1.8986636770833334,428.78231241145835,370.311754972117,-0.5127203367406727,-36.915864245328436,Ken,2,2
4122,no trend,0.06400641968236065,-0.14945226917057902,-2.1146762403846155,472.4205214503205,413.47934920517673,-0.5114345479283587,-36.82328745084183,Ken,2,2
4288,no trend,0.11865114122914533,-0.12597809076682315,-0.024632075983950015,5.671497612846892,4.816376858596381,-0.5114233521819647,-36.82248135710145,Bearma,3,3
4117,decreasing,0.013714627554055836,-0.19874804381846636,-13.112936576797372,2878.0777709763065,2572.1234538299664,-0.5098097666063357,-36.70630319565617,Yamuna,1,1
4031,decreasing,0.03446043002146326,-0.1705790297339593,-0.1707708557643744,37.40064001713529,33.56500246882365,-0.5087765327084136,-36.63191035500578,Ghaghara,1,1
4308,no trend,0.052423749532427566,-0.1564945226917058,-0.06719392838438736,14.798884849312417,13.220608050683923,-0.5082514217711136,-36.59410236752018,Bearma,3,3
4116,decreasing,0.0122956999231143,-0.20187793427230047,-12.853804403594781,2837.1297192442817,2538.2733284522305,-0.5063995378083526,-36.460766722201384,Yamuna,1,1
3829,decreasing,0.022612143982560395,-0.1838810641627543,-9.8011039351852,2078.7132201157415,1946.84464652883,-0.5034353384416315,-36.24734436779747,Yamuna,1,1
3911,decreasing,0.03204811659075668,-0.1729264475743349,-0.028484558665717002,6.07972147429962,5.661051258108165,-0.5031672982101932,-36.22804547113391,Ganga,1,1
4094,decreasing,0.013714627554055836,-0.19874804381846636,-15.09501269230767,3478.836427660255,3007.231943677399,-0.501957048043614,-36.14090745914021,Yamuna,1,1
3407,no trend,0.12811677460841087,-0.12284820031298904,-0.038918889295976755,7.639604743757175,7.763416931640361,-0.501311338018702,-36.094416337346544,Kareli,4,4
4721,no trend,0.06830828959532842,-0.14710485133020346,-0.13044465995370375,28.301189124189815,26.026222144518094,-0.5012047435443078,-36.08674153519016,Ghaghara,1,1
3296,no trend,0.11637258786708138,-0.1267605633802817,-0.02954397701295046,5.861273233959742,5.899777233012415,-0.5007642805161537,-36.05502819716307,Yamuna,1,1
3552,decreasing,0.03529827347774339,-0.1697965571205008,-0.24680345652777785,50.97493687340278,49.318832907407405,-0.5004243652544126,-36.0305542983177,Hindon,3,3
4115,decreasing,0.014091211151922245,-0.19796557120500782,-12.65723560185185,2825.069405949074,2529.408219013047,-0.5004030392053755,-36.02901882278704,Yamuna,1,1
3410,no trend,0.1233130559725113,-0.12441314553990611,-0.010398462276408586,2.0240636512291714,2.0791340458512204,-0.5001342889439021,-36.00966880396095,Morel,4,4
4041,no trend,0.06684866277056156,-0.14788732394366197,-0.02594710398148148,6.0845224921759264,5.192384083903619,-0.4997146505767448,-35.97945484152562,Varuna,4,4
4292,no trend,0.07441104350988703,-0.14397496087636932,-0.4057705456452546,92.8813219745732,81.38333521750842,-0.4985916890242649,-35.89860160974707,Bearma,3,3
4720,decreasing,0.047869222228202,-0.1596244131455399,-0.08418380913525131,20.13356252430142,16.909393717245372,-0.49785232127746143,-35.84536713197722,Manorama,4,4
4021,decreasing,0.04897547992369633,-0.15884194053208137,-0.062062556888888926,13.254693736222222,12.48843370394571,-0.49696029430240174,-35.781141189772924,Gomti,2,2
4289,no trend,0.06684866277056156,-0.14788732394366197,-0.3055151293979416,69.6843380727936,61.52400429580176,-0.4965787466125465,-35.75366975610335,Bearma,3,3
3559,no trend,0.052423749532427566,-0.1564945226917058,-0.19895255128378392,43.438523987241,40.11542263018729,-0.4959502810624011,-35.70842023649288,Hindon,3,3
4260,no trend,0.07927466956132867,-0.14162754303599373,-1.9441570926840086,449.424267831949,392.01399603388046,-0.4959407348598803,-35.70773290991138,Ken,2,2
4095,decreasing,0.013346960537039543,-0.19953051643192488,-14.908388667832181,3480.991935208043,3013.980451785564,-0.4946411865080294,-35.61416542857812,Yamuna,1,1
4798,decreasing,0.020405077125275284,-0.18701095461658843,-1.3965694087301586,328.1360593849206,282.482926734638,-0.4943907318130004,-35.59613269053603,Mahakali,2,2
3465,no trend,0.08795266108767041,-0.13771517996870108,-0.014486197745750176,3.3032496208074646,2.930666324960017,-0.49429706897621006,-35.589388966287125,Sindh,3,3
4143,decreasing,0.03975288418927492,-0.16588419405320814,-0.06765796598659003,14.532030817523946,13.70716831886574,-0.4935954999069326,-35.53887599329914,Dhasan,3,3
4187,no trend,0.08095220093758604,-0.14084507042253522,-0.021456738142857132,4.338233674071429,4.356472390993265,-0.49252551645266013,-35.46183718459153,Betwa,2,2
3794,decreasing,0.038825645914868145,-0.16666666666666666,-0.38313750482954545,82.78856398811553,77.82056687022308,-0.4923345077509934,-35.44808455807153,Deoha,4,4
3531,no trend,0.06979401695432808,-0.14632237871674492,-0.012574032883986943,2.3132903298815366,2.5575004288878365,-0.4916532072471609,-35.399030921795585,Barah,4,4
3879,decreasing,0.03446043002146326,-0.1705790297339593,-0.043579676691972685,9.718506185065031,8.870452582814604,-0.49129034043204145,-35.37290451110698,Gangan,4,4
3581,no trend,0.09543335382021478,-0.13458528951486698,-0.019980159894674773,4.553189677094288,4.070641633179714,-0.4908356395664239,-35.34016604878252,Newaj,4,4
4050,decreasing,0.010410811754354654,-0.20657276995305165,-1.609129328022876,388.1371368531455,328.58378096559346,-0.48971660235152337,-35.25959536930968,Sharda,2,2
4778,decreasing,0.010705896503248047,-0.20579029733959311,-1.6861368439886668,405.2400774615977,344.63899795707067,-0.4892472569800988,-35.22580250256711,Sharda,2,2
3828,decreasing,0.029782014738143348,-0.1752738654147105,-9.308740891176472,2025.6784820534313,1907.4609543402776,-0.48801737566345266,-35.13725104776859,Yamuna,1,1
4290,no trend,0.07441104350988703,-0.14397496087636932,-0.35640486398809534,82.48651579657738,73.05739843131313,-0.4878422605250294,-35.124642757802114,Bearma,3,3
3491,no trend,0.12811677460841087,-0.12284820031298904,-0.08854988278619533,18.7144979680766,18.159892771454125,-0.4876123658912158,-35.108090344167536,Banganga,4,4
4096,decreasing,0.014476891115061674,-0.19718309859154928,-14.86829496969697,3512.647797674242,3052.866540426136,-0.48702734865119823,-35.06596910288627,Yamuna,1,1
3312,no trend,0.0935170157483709,-0.13536776212832552,-0.1654885477150538,37.36523353971774,34.066360596738214,-0.48578288028483735,-34.976367380508286,Tons,2,2
3455,no trend,0.058620991554720225,-0.15258215962441316,-0.5832185099439777,135.1263087280112,120.72394153493266,-0.4831009512518423,-34.78326849013265,Sindh,3,3
4251,decreasing,0.01527627229679851,-0.19561815336463223,-14.790243485497697,3523.356144568502,3065.815861042719,-0.4824243906307982,-34.73455612541747,Yamuna,1,1
4370,decreasing,0.04467570736996129,-0.1619718309859155,-0.26671563076727656,61.97144560057165,55.29612908859427,-0.48234050947752694,-34.72851668238194,Katni,4,4
4461,no trend,0.06979401695432808,-0.14632237871674492,-0.30439606188200397,72.79889536347781,63.19744384388678,-0.48165881935658195,-34.6794349936739,Manorama,4,4
4450,no trend,0.06979401695432808,-0.14632237871674492,-0.12558679433008588,28.609664244551382,26.291209566929712,-0.4776759852390158,-34.39267093720913,Aami,5,5
3464,decreasing,0.03127685595086138,-0.17370892018779344,-1.917422094753086,444.9508868637346,402.1485920679713,-0.4767944318524438,-34.329199093375955,Betwa,2,2
4254,decreasing,0.01699239162916233,-0.19248826291079812,-14.682339009740254,3534.321979012446,3086.933242391625,-0.47562865332212373,-34.245263039192906,Yamuna,1,1
4617,decreasing,0.024400906999848537,-0.18153364632237873,-0.06565339146825398,15.903780422123017,13.81261484698022,-0.47531471915766516,-34.22265977935189,Burha,5,5
3403,no trend,0.11191872757207388,-0.12832550860719874,-0.008177205361111108,1.697557798236111,1.7283281417918772,-0.47312805730474505,-34.06522012594164,Kareli,4,4
3393,decreasing,0.03702620518791244,-0.16823161189358374,-8.917951802777779,1993.9229748319444,1885.8407925157828,-0.4728899617703621,-34.04807724746607,Yamuna,1,1
4278,no trend,0.05010311706572379,-0.15805946791862285,-0.020134670203954805,5.023069582657062,4.268123997873527,-0.471745202669518,-33.9656545922053,Banne,5,5
4232,decreasing,0.018388307314498142,-0.19014084507042253,-14.497306697822822,3542.5381906893763,3103.1151569854796,-0.46718558494961643,-33.63736211637238,Yamuna,1,1
3790,no trend,0.10974279083839389,-0.12910798122065728,-0.034542042095295024,7.993134286049639,7.431158145627104,-0.4648271698486384,-33.467556229101966,Ajnal,5,5
3302,no trend,0.07600441755067244,-0.1431924882629108,-0.09466252116402117,21.991307180489418,20.40055181870791,-0.46401941479451964,-33.40939786520541,Hindon,3,3
4044,decreasing,0.019373772552436996,-0.18857589984350548,-14.445832745840754,3560.880779144013,3124.977029674874,-0.4622700457847434,-33.283443296501524,Yamuna,1,1
4023,no trend,0.09163167164945318,-0.13615023474178403,-0.029554160476190496,6.850926534404763,6.413941872023359,-0.46077998625309124,-33.17615901022257,Gomti,2,2
4793,decreasing,0.03127685595086138,-0.17370892018779344,-1.2366026088339592,300.5497487802722,270.06086143081865,-0.4578977502635046,-32.96863801897233,Mahakali,2,2
4045,decreasing,0.011008394820119616,-0.20500782472613457,-19.69881128472222,4907.709615607639,4313.18816226852,-0.45671115062973827,-32.88320284534115,Ganga,1,1
4017,decreasing,0.03615343997857279,-0.16901408450704225,-0.2822507339285715,67.21989447113096,61.87293771849747,-0.45617800663146807,-32.8448164774657,Gomti,2,2
4012,no trend,0.08265843858017319,-0.14006259780907668,-0.08567335273148147,19.780065692800925,18.835925847695705,-0.4548401465594128,-32.74849055227772,Gomti,2,2
3846,decreasing,0.04166382008353642,-0.1643192488262911,-0.27342829928160894,64.23875999949712,60.320281879513885,-0.4532941338499801,-32.63717763719856,Deoha,4,4
7677,no trend,0.16005089535061545,-0.1134585289514867,-0.0026012888699550657,0.5028714382546169,0.5746183511445707,-0.45269853717230063,-32.594294676405646,Mendha,3,3
3556,no trend,0.13306473930212648,-0.12128325508607199,-0.08222436096774197,19.02903278102151,18.210453349031987,-0.4515228665194805,-32.5096463894026,Kali,3,3
3441,no trend,0.16005089535061545,-0.1134585289514867,-0.013878585853174601,2.6510191252876987,3.080364879305556,-0.45055006133894826,-32.43960441640427,Bajyan,5,5
4343,decreasing,0.01699239162916233,-0.19248826291079812,-0.18124714587053556,45.17188873294947,40.30180151725589,-0.44972467494519214,-32.380176596053836,Kanhar,3,3
4791,decreasing,0.04467570736996129,-0.1619718309859155,-1.1514899427083338,283.99229984114584,256.302366714436,-0.4492701169596641,-32.34744842109582,Sharda,2,2
4040,no trend,0.16591325516784172,-0.11189358372456965,-0.017926043011363663,4.2760928331534105,4.002536770509259,-0.4478670413084764,-32.2464269742103,Ganga,1,1
4570,decreasing,0.011008394820119616,-0.20500782472613457,-23.304372632575735,6026.658815956438,5231.6517585153615,-0.4454496153082837,-32.07237230219643,Ganga,1,1
4569,decreasing,0.011636262412253684,-0.20344287949921752,-23.202239778645847,6006.168941308594,5216.130985353536,-0.44481704627042185,-32.02682733147037,Ganga,1,1
4402,decreasing,0.011008394820119616,-0.20500782472613457,-23.233572658617465,6019.81209188092,5228.106976947602,-0.4443974226438313,-31.996614430355855,Ganga,1,1
4809,no trend,0.08615834146201906,-0.13849765258215962,-0.09146024095695976,23.356004762305407,20.603286490296718,-0.4439109313945311,-31.961587060406238,Sarju,3,3
3463,decreasing,0.04897547992369633,-0.15884194053208137,-1.7099619223698455,421.6879658691295,385.7329933328072,-0.4433019606633713,-31.917741167762735,Betwa,2,2
3923,no trend,0.06541481350121581,-0.1486697965571205,-0.15818865137776505,41.11917737807732,35.757328315909085,-0.44239505250559796,-31.852443780403053,Banganga,4,4
4015,no trend,0.07284506909758859,-0.14475743348982786,-0.13047883005952388,31.2749843796131,29.534979582218014,-0.4417772820743057,-31.807964309350012,Gomti,2,2
4404,decreasing,0.010705896503248047,-0.20579029733959311,-23.083243609775664,6035.236743980369,5243.622316896044,-0.4402156031603695,-31.695523427546604,Ganga,1,1
4405,decreasing,0.007834920270909373,-0.21439749608763695,-30.56311793924465,8100.531907676517,6980.806638299664,-0.4378164232706637,-31.522782475487787,Ghaghara,1,1
4407,decreasing,0.007834920270909373,-0.21439749608763695,-30.536857224025997,8111.373831452924,6992.10953610059,-0.43673310703104357,-31.444783706235135,Ganga,1,1
3930,no trend,0.07130616862351746,-0.14553990610328638,-0.030137377330246906,7.396116174390432,6.947048779008838,-0.4338155422387392,-31.234719041189223,Gomti,2,2
4757,no trend,0.10137158261412194,-0.1322378716744914,-0.06616188905608755,16.495767448991106,15.321393213541663,-0.4318268458615827,-31.091532902033954,Sarju,3,3
3462,decreasing,0.0457196359547174,-0.16118935837245696,-1.6179091005329433,407.19350719391946,376.20003005029463,-0.4300661805679928,-30.96476500089548,Betwa,2,2
3959,decreasing,0.014476891115061674,-0.19718309859154928,-21.505118609742762,5644.694977312535,5002.191445569234,-0.4299139455926111,-30.953804082668,Ganga,1,1
4103,no trend,0.08615834146201906,-0.13849765258215962,-0.39098676423076906,102.68012196352562,91.11838069665403,-0.42909757750460825,-30.895025580331794,Katni,4,4
4397,decreasing,0.016114261602663937,-0.19405320813771518,-7.259003566849824,1955.7329587065021,1697.0492817087543,-0.42774264985049537,-30.797470789235668,Ghaghara,1,1
3961,decreasing,0.014476891115061674,-0.19718309859154928,-21.401824621126927,5644.60139488334,5005.057212993477,-0.4276039955260911,-30.78748767787856,Ganga,1,1
3449,no trend,0.17500757215046248,-0.10954616588419405,-0.004904661176879085,0.9791775559458742,1.1517182270314603,-0.42585600034487514,-30.66163202483101,Mendha,3,3
3938,decreasing,0.015690346136617128,-0.19483568075117372,-21.24104916666662,5616.373678749998,4991.708602207491,-0.4255266254378943,-30.637917031528392,Ganga,1,1
4435,decreasing,0.017912237310871548,-0.19092331768388107,-7.1844722767857165,1948.5594299925597,1689.8593753230218,-0.4251520796168251,-30.610949732411406,Ghaghara,1,1
3217,decreasing,0.01699239162916233,-0.19248826291079812,-0.07353507274492231,19.59010705744474,17.303953360006314,-0.4249611127297645,-30.597200116543043,Koel,3,3
4425,decreasing,0.019373772552436996,-0.18857589984350548,-7.130934482793116,1940.866469555822,1679.9665874515995,-0.4244688278955763,-30.56175560848149,Ghaghara,1,1
4399,decreasing,0.014091211151922245,-0.19796557120500782,-7.3003865568009125,1982.0676685997657,1726.6854189656988,-0.4227977184850448,-30.441435730923228,Ghaghara,1,1
4401,decreasing,0.014091211151922245,-0.19796557120500782,-7.32016495767196,1990.4143326640215,1735.3517790193603,-0.4218259978278614,-30.37147184360602,Ganga,1,1
3937,decreasing,0.01654821158723152,-0.19327073552425664,-20.935158248491675,5586.7731969881215,4972.960014909512,-0.42097982259510713,-30.310547226847714,Ganga,1,1
4568,decreasing,0.013714627554055836,-0.19874804381846636,-21.449705261243402,5802.83928677414,5115.221182265362,-0.4193309438037641,-30.191827953871016,Ganga,1,1
3934,decreasing,0.01699239162916233,-0.19248826291079812,-20.79962810882506,5577.194464529956,4967.997195381944,-0.4186722997380027,-30.144405581136194,Ganga,1,1
4567,decreasing,0.014091211151922245,-0.19796557120500782,-21.317889117647038,5777.277859509803,5099.906550092592,-0.41800548516442915,-30.096394931838898,Ganga,1,1
3405,no trend,0.1812739066944027,-0.107981220657277,-0.015411253261904699,3.6121927307976165,3.689122589957912,-0.4177484723293112,-30.07789000771041,Kareli,4,4
4462,no trend,0.11637258786708138,-0.1267605633802817,-0.3580115339506172,98.42804824691359,85.78391085400884,-0.4173411195485111,-30.0485606074928,Ghaghara,1,1
4792,no trend,0.06830828959532842,-0.14710485133020346,-1.0136148421934863,265.7092058978688,243.4643375575547,-0.41632990373954415,-29.97575306924718,Sharda,2,2
3392,no trend,0.0776255173837277,-0.14241001564945227,-6.834830876436814,1714.2606673635069,1642.6422502662035,-0.4160876097841252,-29.958307904457012,Yamuna,1,1
4286,no trend,0.15155288998208172,-0.11580594679186229,-0.06543495541666665,17.577135988125,15.840041896843433,-0.41309837336797933,-29.743082882494512,Bearma,3,3
3586,no trend,0.16890433439895003,-0.1111111111111111,-0.14309463213848037,37.47532972008272,34.71551731099537,-0.4121921354551105,-29.677833752767956,Parbati,3,3
4268,no trend,0.1381593548578981,-0.11971830985915492,-0.07087401051384537,19.18268433574151,17.29947880828072,-0.4096887039158671,-29.49758668194243,Mirhasan,5,5
3555,no trend,0.10974279083839389,-0.12910798122065728,-0.052672674829931945,14.509858285629251,12.8661895809133,-0.40938830023203343,-29.475957616706406,Solani,4,4
4421,decreasing,0.020405077125275284,-0.18701095461658843,-6.650942444566276,1885.161347615436,1630.1206883459595,-0.4080030694730224,-29.376221002057612,Ghaghara,1,1
4419,decreasing,0.020405077125275284,-0.18701095461658843,-6.606439027777791,1880.4786217361113,1624.9679757154881,-0.40655810616014854,-29.272183643530695,Ghaghara,1,1
4037,decreasing,0.03127685595086138,-0.17370892018779344,-18.518212209935903,5086.993183452724,4569.344297302188,-0.4052706691607665,-29.179488179575188,Ganga,1,1
3576,no trend,0.14879794762292553,-0.11658841940532082,-0.023204971240662932,6.121716778626868,5.7317278336858175,-0.40485124056807936,-29.149289320901715,Baleti,5,5
4270,no trend,0.14608140660322566,-0.11737089201877934,-0.25794760636867975,69.98509535942146,64.0458127666877,-0.4027548331822352,-28.998347989120933,Ken,2,2
3524,no trend,0.21873623484799687,-0.09937402190923318,-0.06451692771923451,16.171704275699494,16.06671693376473,-0.4015563850736056,-28.912059725299603,Banganga,4,4
4602,decreasing,0.04069884661683587,-0.1651017214397496,-0.2477379251937985,70.02864434437984,61.9913171567761,-0.3996332656834328,-28.773595129207163,Kanhar,3,3
4038,decreasing,0.03127685595086138,-0.17370892018779344,-18.265430633699616,5102.755824996336,4591.132977238006,-0.3978414636268709,-28.644585381134704,Ganga,1,1
4644,no trend,0.05993076455193247,-0.15179968701095461,-0.26037492575571897,72.73618144766137,65.75361340813342,-0.39598572954397027,-28.51097252716586,Bhada,5,5
4104,no trend,0.0776255173837277,-0.14241001564945227,-0.40548354678030285,115.17734320236741,102.44231110200968,-0.39581647701849654,-28.49878634533175,Son,2,2
4400,no trend,0.08795266108767041,-0.13771517996870108,-0.031454385330258836,8.287388166724188,7.965375557312711,-0.3948889177156468,-28.432002075526572,Ganga,1,1
4418,decreasing,0.011008394820119616,-0.20500782472613457,-4.481619337572152,1266.0620239838113,1134.991190055766,-0.3948593942259547,-28.429876384268738,Ghaghara,1,1
4285,no trend,0.17193568941362392,-0.11032863849765258,-0.03597204127777777,10.126929707027779,9.121998800223064,-0.39434385013181683,-28.39275720949081,Bearma,3,3
3972,decreasing,0.03283562132819329,-0.17214397496087636,-18.084384672619038,5108.894968377976,4602.495926920244,-0.3929255986266606,-28.290643101119564,Ganga,1,1
3454,no trend,0.07927466956132867,-0.14162754303599373,-0.4266027938866117,115.90085197464137,108.67406209669612,-0.39255254258097816,-28.263783065830427,Sindh,3,3
3933,decreasing,0.03204811659075668,-0.1729264475743349,-18.195153530687485,5140.0933920060725,4637.884059203493,-0.3923158340834485,-28.246740054008292,Ganga,1,1
4465,decreasing,0.013714627554055836,-0.19874804381846636,-4.407700927337398,1257.6579516704776,1127.7650476378367,-0.39083503577004447,-28.1401225754432,Ghaghara,1,1
4432,no trend,0.11412855467659666,-0.12754303599374023,-0.025596837357954573,6.5719219637073865,6.591125633915194,-0.3883530489275441,-27.961419522783174,Ghaghara,1,1
4725,no trend,0.14608140660322566,-0.11737089201877934,-0.026737201779279275,6.938972742331082,6.885819219929504,-0.3882936935360468,-27.95714593459537,Ghaghara,1,1
3579,no trend,0.21154056044294678,-0.10093896713615023,-0.05711563622093024,15.968685994176356,14.746169395801767,-0.3873252414772277,-27.887417386360394,Parbati,3,3
4463,decreasing,0.014476891115061674,-0.19718309859154928,-3.9595422326388885,1151.0823030086804,1023.2169950841752,-0.38696994397685464,-27.861835966333533,Ghaghara,1,1
4762,decreasing,0.013346960537039543,-0.19953051643192488,-4.3183574500000015,1244.3138653083336,1116.3661970117846,-0.3868226628107422,-27.851231722373438,Ghaghara,1,1
3461,no trend,0.13559356698718927,-0.12050078247261346,-0.34830503641456584,94.52246462605042,90.12727414967382,-0.3864590821155178,-27.825053912317284,Sindh,3,3
4729,no trend,0.1407623970401941,-0.1189358372456964,-0.019338100159191584,5.419429709817967,5.00712243087963,-0.3862118497428942,-27.80725318148838,Karmanasa,3,3
4773,no trend,0.053617359017357646,-0.15571205007824726,-0.35113210984848464,104.41507619128788,90.94690512820917,-0.3860847264164609,-27.798100301985187,Babai,4,4
4761,decreasing,0.016114261602663937,-0.19405320813771518,-3.9743099229166683,1157.486905596875,1030.0023660921715,-0.38585444594609997,-27.781520108119196,Ghaghara,1,1
4724,decreasing,0.013346960537039543,-0.19953051643192488,-3.8854427513020866,1140.006642671224,1009.6786995754418,-0.3848197206632041,-27.707019887750693,Ghaghara,1,1
5151,no trend,0.1381593548578981,-0.11971830985915492,-0.01732503469551281,4.9312362650240384,4.511455631066919,-0.38402316485634136,-27.64966786965658,Harohar,3,3
3927,no trend,0.11637258786708138,-0.1267605633802817,-0.0942567636172839,28.178079858413575,24.56037960637626,-0.38377567907302773,-27.631848893257995,Solani,4,4
4801,no trend,0.11412855467659666,-0.12754303599374023,-0.04118128255025587,11.652439376367417,10.879405275639732,-0.37852512620763934,-27.25380908695003,Darma Yankti,4,4
4398,no trend,0.12096452710401095,-0.12519561815336464,-0.0969572400902407,26.462991210703542,25.615332054282405,-0.37851252478310643,-27.252901784383663,Ghaghara,1,1
3839,no trend,0.22985671735809987,-0.09702660406885759,-0.040561803507870475,11.494321859529402,10.861958826099537,-0.37342991404466563,-26.886953811215925,Deoha,4,4
4156,no trend,0.19098340821060988,-0.1056338028169014,-0.08684886940314723,23.711137842978392,23.2713116224537,-0.37320143708337306,-26.87050347000286,Urvashi,5,5
4742,decreasing,0.047869222228202,-0.1596244131455399,-0.02917333412809722,8.779907082380785,7.830938296662459,-0.3725394457587653,-26.8228400946311,Jamwar,5,5
4766,no trend,0.2151167171899746,-0.10015649452269171,-0.01597435123476473,4.663638953834147,4.2885778547948235,-0.37248597963319435,-26.818990533589993,Manorama,4,4
4417,decreasing,0.03975288418927492,-0.16588419405320814,-1.807048903230674,561.0420848146889,485.1873491644571,-0.3724435326565294,-26.815934351270116,Rapti,2,2
3844,no trend,0.09936031287120262,-0.13302034428794993,-0.03581781231060606,10.088038524526516,9.636554097958756,-0.3716869323464193,-26.76145912894219,Khaimua,5,5
4590,no trend,0.07284506909758859,-0.14475743348982786,-0.214097923745237,63.53622183462258,57.72423168634259,-0.3708978317954677,-26.704643889273676,Koel,3,3
3926,no trend,0.10760042724468888,-0.1298904538341158,-0.026490535561594183,8.046874608269928,7.154253410104167,-0.37027672970293174,-26.659924538611087,Solani,4,4
4034,decreasing,0.020938456318516208,-0.18622848200312989,-3.391155252039627,1028.6301718640734,918.8992066779251,-0.36904539990839597,-26.57126879340451,Ghaghara,1,1
4772,no trend,0.06979401695432808,-0.14632237871674492,-0.27202035865687735,81.81872029481914,73.81418832465278,-0.36852042247008876,-26.53347041784639,Babai,4,4
5153,no trend,0.1034151436492392,-0.13145539906103287,-0.052802794652981426,15.593268206014173,14.435834607733588,-0.36577583553564563,-26.335860158566486,Phalgu,3,3
4543,no trend,0.12811677460841087,-0.12284820031298904,-0.021423097523148166,6.577141241238427,5.872556449215066,-0.36480019746786096,-26.26561421768599,Batane,5,5
4768,decreasing,0.01988358815885749,-0.18779342723004694,-3.3799555349157213,1041.5841114895081,927.4661135895411,-0.3644290055875349,-26.23888840230251,Ghaghara,1,1
3443,no trend,0.1976657456561186,-0.10406885758998435,-0.0023046230032894733,0.5027028053667763,0.6332696894698022,-0.36392441350208826,-26.202557772150357,Mashi,4,4
4396,no trend,0.14340298483681213,-0.11815336463223787,-0.06849663288552901,19.461204729936277,18.822094304093014,-0.3639161072029794,-26.201959718614518,Ghaghara,1,1
4448,no trend,0.06400641968236065,-0.14945226917057902,-0.23694701019607795,73.79411179946075,65.2904693275042,-0.3629120951903801,-26.129670853707367,Rohini,3,3
4777,decreasing,0.03975288418927492,-0.16588419405320814,-2.773277817708329,857.841054611979,766.4876063913089,-0.3618163939747395,-26.050780366181247,Sharda,2,2
4573,decreasing,0.01988358815885749,-0.18779342723004694,-29.337240625000618,9206.092967187524,8108.92850932239,-0.36178936084185725,-26.048833980613722,Gandak,2,2
4189,no trend,0.24927359025181262,-0.09311424100156494,-0.012850127286750815,3.658495287429654,3.554540028241793,-0.3615130842430536,-26.028942065499862,Urvashi,5,5
3592,no trend,0.27405121710465385,-0.08841940532081377,-0.020076913716517868,5.608853543186385,5.605962807693603,-0.3581349788650825,-25.78571847828594,Londri,5,5
4616,decreasing,0.046784041218261185,-0.16040688575899845,-0.10016356269636215,30.647343821554188,28.018974620686024,-0.35748475471480234,-25.738902339465767,Koel,3,3
4805,no trend,0.10549131815691903,-0.13067292644757433,-0.17479275895061724,52.70000980941358,48.9352177705282,-0.3571921550860824,-25.71783516619793,Sharda,2,2
3347,no trend,0.2374903017794887,-0.09546165884194054,-0.015573811645473622,4.640409445497647,4.362248306074284,-0.35701341493531247,-25.7049658753425,Manki,5,5
4776,no trend,0.05733507915924174,-0.15336463223787167,-1.502292600789473,468.14825695302636,421.83242909396046,-0.35613492400671903,-25.64171452848377,Ghaghara,1,1
3404,no trend,0.24927359025181262,-0.09311424100156494,-0.006856612933006528,1.8341929003717319,1.929627557023358,-0.3553334895146053,-25.58401124505158,Kareli,4,4
4607,no trend,0.14879794762292553,-0.11658841940532082,-0.027256069210317473,8.42717798196627,7.686508566537248,-0.354596224987963,-25.530928199133335,Kanhar,3,3
4033,decreasing,0.02148394527669195,-0.18544600938967137,-3.181591253156565,995.5044986537249,900.3767470334595,-0.3533622190532128,-25.44207977183132,Ghaghara,1,1
4599,no trend,0.08795266108767041,-0.13771517996870108,-0.028622182698412706,8.437286964960318,8.105687442981901,-0.35311234117711354,-25.424088564752175,Danru,5,5
4371,no trend,0.07278866636800574,-0.14475743348982786,-0.023238683859953715,7.226226652028356,6.581193906239478,-0.35310741775776666,-25.4237340785592,Ghodchhatra,5,5
4723,decreasing,0.022612143982560395,-0.1838810641627543,-3.434621906318083,1103.7529868409586,973.918555855324,-0.3526600746714079,-25.39152537634137,Ghaghara,1,1
3580,no trend,0.2453012535825112,-0.09389671361502347,-0.056927300020703925,17.124234746568323,16.142980486805552,-0.3526442968027707,-25.39038936979949,Newaj,4,4
3833,no trend,0.15717909032089183,-0.11424100156494522,-0.14871388603371163,44.669060379196765,42.40901767006523,-0.35066571734973856,-25.247931649181176,Deoha,4,4
4802,no trend,0.15434651244363784,-0.11502347417840375,-0.04810547412473545,13.962687574761441,13.728952266439395,-0.35039435778599015,-25.228393760591292,Lassar Yankti,4,4
4718,no trend,0.15155288998208172,-0.11580594679186229,-0.044103642887931005,13.804484289188217,12.598245581657197,-0.35007765646468314,-25.205591265457187,Kuthi Yankti,4,4
4032,decreasing,0.03127685595086138,-0.17370892018779344,-3.0188895249999987,963.4016910541666,863.6162689114058,-0.34956376271203526,-25.168590915266538,Ghaghara,1,1
4451,no trend,0.06541481350121581,-0.1486697965571205,-1.5132644422161183,491.3233441986722,434.1367080105219,-0.348568645381501,-25.09694246746807,Rapti,2,2
4722,decreasing,0.022612143982560395,-0.1838810641627543,-3.373442041954022,1098.5991679060344,969.7066665656566,-0.3478827317854284,-25.047556688550845,Ghaghara,1,1
4191,no trend,0.16890433439895003,-0.1111111111111111,-0.04385770324147677,13.406350140072425,12.668926563920456,-0.34618326201667404,-24.92519486520053,Ajmar,5,5
3554,no trend,0.21154056044294678,-0.10093896713615023,-0.01789118946452255,5.555865563490551,5.202213049568602,-0.3439149703029981,-24.761877861815865,Kali,3,3
4597,no trend,0.10137158261412194,-0.1322378716744914,-0.04301126096616067,12.957799814298703,12.559870995275674,-0.3424498626008111,-24.6563901072584,Tahle,5,5
5154,no trend,0.1381593548578981,-0.11971830985915492,-0.07211651562499993,22.912231879687496,21.155906674537036,-0.3408812334750862,-24.543448810206208,Phalgu,3,3
4658,no trend,0.1034151436492392,-0.13145539906103287,-0.6328816929475505,203.30523626630472,186.84936962836701,-0.3387122440960421,-24.387281574915033,Ghaghara,1,1
3967,no trend,0.10760042724468888,-0.1298904538341158,-0.04259400977517104,12.943680205351907,12.625650226862373,-0.33736092010966606,-24.289986247895957,Karmanasa,3,3
7668,no trend,0.26145954726989884,-0.09076682316118936,-0.006147229979219949,1.3607700888456415,1.8233408010742846,-0.33714103121029787,-24.274154247141446,Mendha,3,3
3577,no trend,0.2783390390292886,-0.08763693270735524,-0.02857047891088301,9.161834913836346,8.52592111828283,-0.33510137514194216,-24.127299010219836,Newaj,4,4
4369,no trend,0.12323919377751236,-0.12441314553990611,-0.051991210939510916,16.730460550852637,15.6335127645202,-0.3325625642977914,-23.94450462944098,Katni,4,4
4416,no trend,0.05010311706572379,-0.15805946791862285,-1.5395138155878656,524.4697673283692,464.2675982597853,-0.3316005298147936,-23.87523814666514,Rapti,2,2
3521,no trend,0.2573526206385808,-0.09154929577464789,-0.012110803810876626,3.641261084452787,3.653166247779882,-0.3315152661950892,-23.86909916604642,Sanwan,4,4
4459,no trend,0.06262316015799874,-0.15023474178403756,-0.9087667637566132,314.5479798633597,275.46105573421715,-0.3299075295178752,-23.753342125287016,Rapti,2,2
4565,no trend,0.08795266108767041,-0.13771517996870108,-0.5419517404214562,178.85265899329502,164.59210345843857,-0.32926958768608566,-23.707410313398167,Koel,3,3
4550,no trend,0.17500757215046248,-0.10954616588419405,-0.03690332524698739,11.88313653793472,11.209274895275675,-0.32922134207397197,-23.70393662932598,Morhar,4,4
4449,no trend,0.058620991554720225,-0.15258215962441316,-1.2048504553921564,406.1239757497549,366.5280578843645,-0.32871984271727245,-23.667828675643616,Rapti,2,2
4605,no trend,0.09936031287120262,-0.13302034428794993,-0.5041163224681005,169.15905982261756,155.03388870549242,-0.32516524398464697,-23.41189756689458,Koel,3,3
4756,no trend,0.10137158261412194,-0.1322378716744914,-0.04765439087938204,15.575417476218064,14.693427797779881,-0.32432453158807795,-23.35136627434161,Sotwa,4,4
3444,no trend,0.2914753538276562,-0.08528951486697965,-0.006260457532407409,1.5592906949004628,1.9387030018602696,-0.32291988646018643,-23.250231825133422,Mashi,4,4
3800,no trend,0.05607271202075026,-0.1541471048513302,-2.0310607381221724,673.1405224533371,629.5159124071969,-0.3226385065241049,-23.229972469735554,Ganga,1,1
4608,no trend,0.13306473930212648,-0.12128325508607199,-0.03893174484737485,13.722776008748474,12.07578108533249,-0.32239525188695417,-23.2124581358607,Kanhar,3,3
3969,no trend,0.14608140660322566,-0.11737089201877934,-0.07150474026915106,23.128707375388196,22.33039124285564,-0.3202126621584752,-23.055311675410216,Karmanasa,3,3
3518,no trend,0.26145954726989884,-0.09076682316118936,-0.0060468338937451445,1.578639556561286,1.9077544616382578,-0.31696080472287347,-22.82117794004689,Banganga,4,4
4790,no trend,0.16296219556576563,-0.11267605633802817,-0.4229137228331704,143.1978924939109,133.6878881954966,-0.31634408213160525,-22.77677391347558,Sharda,2,2
4572,no trend,0.18446884014242082,-0.10719874804381847,-0.05945140903455301,19.548459166559965,18.796668803924664,-0.31628694240832617,-22.772659853399485,Gandak,2,2
4048,no trend,0.21154056044294678,-0.10093896713615023,-0.06218366114260521,20.96041511222915,19.682242522990318,-0.31593788700637176,-22.747527864458768,Gomti,2,2
4726,no trend,0.18770526433739065,-0.10641627543035993,-0.0892474879629631,29.748592801851856,28.519967678440658,-0.3129298355777195,-22.530948161595802,Karmanasa,3,3
3578,no trend,0.36332204192852346,-0.07355242566510173,-0.13744918993104266,44.27899215921868,43.985117505397724,-0.31249021879769967,-22.499295753434374,Kali Sindh,3,3
5133,decreasing,0.047869222228202,-0.1596244131455399,-27.773096436781497,10032.162331839078,8891.404765793348,-0.31235892604539867,-22.489842675268704,Ganga,1,1
4601,no trend,0.10974279083839389,-0.12910798122065728,-0.46902068222630955,163.44143988570065,150.23387152409512,-0.31219370004126273,-22.477946402970918,Koel,3,3
3435,no trend,0.28267229215716716,-0.08685446009389672,-0.017933686882411017,5.224838827658925,5.764557191982323,-0.3111025927083214,-22.399386674999143,Galwa,5,5
3433,no trend,0.3050221061741585,-0.08294209702660407,-0.0792806426164216,19.975241087882964,25.484572068002947,-0.311092697200759,-22.398674198454646,Mashi,4,4
5095,decreasing,0.04467570736996129,-0.1619718309859155,-27.69550175326189,10039.650787240796,8903.646323695288,-0.31105797272692437,-22.396174036338554,Ganga,1,1
3420,no trend,0.26145954726989884,-0.09076682316118936,-0.0107167946762356,2.762870569339697,3.4462060174631737,-0.31097370911459504,-22.390107056250844,Mashi,4,4
4553,no trend,0.22239929289705085,-0.09859154929577464,-0.04400246012696872,15.668959305340723,14.15494388119739,-0.31086283701498135,-22.38212426507866,Punpun,3,3
3582,no trend,0.295945273327078,-0.08450704225352113,-0.12340120706835685,42.29369090509333,39.69709923664772,-0.3108569881459622,-22.381703146509278,Newaj,4,4
4300,no trend,0.22985671735809987,-0.09702660406885759,-0.07730790060778726,27.03411894240978,24.895404818045034,-0.3105308034667983,-22.358217849609478,Katni,4,4
3625,no trend,0.3333500217009937,-0.0782472613458529,-0.05337209820402303,15.718826236242817,17.362507146170035,-0.3073985672385816,-22.132696841177875,Mej,4,4
3760,no trend,0.295945273327078,-0.08450704225352113,-0.35224487937062904,121.24968355099067,114.62748551430975,-0.307295303382238,-22.125261843521134,Parbati,3,3
4541,no trend,0.2080075791290077,-0.10172143974960876,-0.01696501997674419,5.803137221674419,5.5249145336563545,-0.3070639350780481,-22.108603325619463,Sorhur,5,5
5097,decreasing,0.04365195831600177,-0.162754303599374,-27.736839033264054,10182.916706514208,9048.502966361531,-0.3065351156581124,-22.070528327384096,Ganga,1,1
7669,no trend,0.31428178970687237,-0.081377151799687,-0.007575330973958329,1.8417643162421873,2.4767989113268096,-0.3058516756978167,-22.0213206502428,Mendha,3,3
3422,no trend,0.2783390390292886,-0.08763693270735524,-0.02368935923241789,6.148357931917501,7.754830087033879,-0.3054787657053458,-21.9944711307849,Mashi,4,4
4433,no trend,0.30046084574552445,-0.0837245696400626,-0.060429852806122286,20.710699116284008,19.78909610986953,-0.3053694442162204,-21.98659998356787,Gandak,2,2
5096,decreasing,0.04365195831600177,-0.162754303599374,-27.523789365452437,10153.556518306894,9014.285060627104,-0.30533524489559094,-21.984137632482547,Ganga,1,1
5098,decreasing,0.03975288418927492,-0.16588419405320814,-28.300194373865708,10368.194571105567,9283.941862920876,-0.30482950875526077,-21.947724630378776,Ganga,1,1
4804,no trend,0.16005089535061545,-0.1134585289514867,-0.047868569596797056,16.871030333186297,15.721063725273568,-0.30448683647177366,-21.9230522259677,Sharda,2,2
4803,no trend,0.15717909032089183,-0.11424100156494522,-0.08864474355585414,29.742753192066157,29.140920031744525,-0.3041933592326166,-21.901921864748395,Darma Yankti,4,4
4591,no trend,0.19430349570679217,-0.10485133020344288,-0.011212640128205121,3.7543246133012818,3.6946459183291247,-0.30348348329076014,-21.85081079693473,Jinjoi,5,5
3418,no trend,0.2573526206385808,-0.09154929577464789,-0.0029907548318713457,0.7643318269480994,0.990013520777357,-0.3020923218829385,-21.750647175571572,Mashi,4,4
3786,no trend,0.4395589046351571,-0.06259780907668232,-0.008373140385734765,2.399460177860251,2.7798666172064395,-0.3012065519225937,-21.686871738426746,Machhli,5,5
4727,no trend,0.16005089535061545,-0.1134585289514867,-0.11011912194499354,37.667302787380606,36.66468279496002,-0.3003411281663418,-21.62456122797661,Karmanasa,3,3
4594,no trend,0.19430349570679217,-0.10485133020344288,-0.09728520404213109,34.50090014766232,32.4325997868266,-0.2999611646354856,-21.597203853754962,Amanat,4,4
3789,no trend,0.35821290560466945,-0.07433489827856025,-0.017999934020467845,6.409631424809943,6.001306847435817,-0.2999335724377881,-21.595217215520744,Parbati,3,3
4786,no trend,0.09738101127481946,-0.13380281690140844,-1.1105813534722224,404.2804286732639,370.38810029945284,-0.29984261172924703,-21.588668044505788,Suheli,4,4
4302,no trend,0.2573526206385808,-0.09154929577464789,-0.10537748182773103,38.266801100717785,35.16844505824915,-0.29963645436468783,-21.573824714257523,Ken,2,2
4159,no trend,0.1305725749769009,-0.12206572769953052,-0.9551288203854266,334.0459832903493,319.0012881400463,-0.2994122142748561,-21.557679427789637,Betwa,2,2
7681,no trend,0.3050221061741585,-0.08294209702660407,-0.0033509150414781294,0.8106968277224735,1.1212265886205808,-0.2988615392719756,-21.518030827582244,Mendha,3,3
4808,no trend,0.24927359025181262,-0.09311424100156494,-0.12047888780958016,43.514858425573436,40.35615133116161,-0.29853909214715074,-21.494814634594853,Ramganga,2,2
4092,no trend,0.3684765339307223,-0.07276995305164319,-0.04935653193277313,14.31245147944678,16.540514073863637,-0.2983978110496787,-21.484642395576866,Sasur Khaderi,5,5
4596,no trend,0.1305725749769009,-0.12206572769953052,-0.253393634722222,91.87343224097222,84.98166141708754,-0.2981744890566134,-21.468563212076166,Koel,3,3
3791,no trend,0.30046084574552445,-0.0837245696400626,-0.038214025335249036,11.67570656190134,12.848544645643939,-0.29741909600792643,-21.414174912570704,Mej,4,4
5144,no trend,0.22610606469567318,-0.09780907668231612,-0.009903058534297689,3.294386815467568,3.332933343515362,-0.297127410410572,-21.393173549561183,Paimar,5,5
3421,no trend,0.30046084574552445,-0.0837245696400626,-0.017367391902680614,4.670139629211828,5.845502790813342,-0.29710689609069746,-21.391696518530217,Mashi,4,4
4600,no trend,0.12569703633802876,-0.12363067292644757,-0.41168910227272704,150.72146438068182,138.56639054208756,-0.2971060303022632,-21.39163418176295,Koel,3,3
3488,no trend,0.2698087511110099,-0.0892018779342723,-0.01472672167892156,5.242428270018381,4.965914957549453,-0.29655605874871455,-21.352036229907448,Aerma,5,5
4194,no trend,0.26561155804343417,-0.08998435054773082,-0.14018693326781964,48.25066419767427,47.33311312374789,-0.2961709552070119,-21.324308774904857,Betwa,2,2
3779,no trend,0.38954613981986475,-0.06964006259780908,-0.017590322229938286,5.868368941662808,5.940296769674873,-0.29611857642763945,-21.32053750279004,Chopani,5,5
3553,no trend,0.24927359025181262,-0.09311424100156494,-0.012428880289855072,4.514343261539855,4.207611302042298,-0.29539041032194013,-21.26810954317969,Kali,3,3
4445,no trend,0.18446884014242082,-0.10719874804381847,-0.16507742296296324,61.960098202685195,55.8915852892782,-0.2953529088655683,-21.26540943832092,Rohini,3,3
4171,no trend,0.2151167171899746,-0.10015649452269171,-0.028714697646547528,9.879315973119105,9.722202133960439,-0.29535178605518564,-21.265328595973365,Bina,4,4
3853,no trend,0.36332204192852346,-0.07355242566510173,-0.22921110164141834,78.27380331660368,77.64457165761785,-0.29520557168136563,-21.254801161058325,Gaula,4,4
4595,no trend,0.20107037164659647,-0.10328638497652583,-0.10667291242588933,37.984234120285734,36.156755540835434,-0.2950289948040636,-21.242087625892577,Amanat,4,4
4751,no trend,0.14340298483681213,-0.11815336463223787,-0.023406112559523816,8.288747645863095,7.933557087747265,-0.29502671122985497,-21.241923208549558,Rapti,2,2
3780,no trend,0.295945273327078,-0.08450704225352113,-0.3097674268048126,110.64704915157085,105.07255209885312,-0.2948128893960631,-21.22652803651654,Parbati,3,3
4604,no trend,0.16591325516784172,-0.11189358372456965,-0.02055418812358274,7.468328378387187,6.977118127372686,-0.2945942400336377,-21.210785282421917,Barhki,5,5
4807,no trend,0.22985671735809987,-0.09702660406885759,-0.34469502159722215,121.83391605836806,117.01595889645412,-0.2945709498498732,-21.20910838919087,Mahakali,2,2
4158,no trend,0.14879794762292553,-0.11658841940532082,-0.9094235677380947,320.6175748213691,309.29519799705383,-0.29403093666742197,-21.170227440054383,Betwa,2,2
5099,no trend,0.05125243818570069,-0.1572769953051643,-27.982972805788975,10577.916926272175,9538.381201851851,-0.2933723470850185,-21.122808990121335,Ganga,1,1
4218,no trend,0.18770526433739065,-0.10641627543035993,-0.011736122215854662,4.353280337829507,4.0115157312405305,-0.29256079253178835,-21.064377062288763,Hiyuni,5,5
3761,no trend,0.35314920453786036,-0.07511737089201878,-0.3644017757867133,131.93464541542832,124.79285205860691,-0.2920053270483617,-21.024383547482042,Parbati,3,3
5101,no trend,0.052423749532427566,-0.1564945226917058,-27.73994411764697,10594.212128676467,9561.611923495371,-0.29011786233953607,-20.888486088446598,Ganga,1,1
3431,no trend,0.27405121710465385,-0.08841940532081377,-0.014260081716888931,3.7237977946995566,4.92773188920665,-0.2893842854584518,-20.835668553008528,Sohadra,5,5
3406,no trend,0.36332204192852346,-0.07355242566510173,-0.01295872782407408,3.9291484844212965,4.488051549493897,-0.2887383908399045,-20.789164140473122,Dhil,5,5
5107,no trend,0.053617359017357646,-0.15571205007824726,-27.42392857744104,10602.386414499158,9581.487159027778,-0.2862178712163897,-20.60768672758006,Ganga,1,1
3840,no trend,0.22610606469567318,-0.09780907668231612,-0.0474716260607448,17.258850095989775,16.66410560290404,-0.28487353112111796,-20.510894240720493,Deoha,4,4
4864,no trend,0.05993076455193247,-0.15179968701095461,-27.57616643917623,10733.243096090757,9692.649223390152,-0.2845059777117473,-20.484430395245806,Ganga,1,1
5108,no trend,0.053617359017357646,-0.15571205007824726,-27.248936863425982,10612.250833651622,9594.681230839646,-0.28400043949184317,-20.44803164341271,Ganga,1,1
4593,no trend,0.17500757215046248,-0.10954616588419405,-0.07487646788194449,28.382125451475698,26.544875742003367,-0.28207503628831637,-20.309402612758777,Amanat,4,4
3445,no trend,0.36332204192852346,-0.07355242566510173,-0.0037991461440058474,1.0360230706122076,1.3476495207965067,-0.28190906354943257,-20.297452575559145,Mashi,4,4
4774,no trend,0.3333500217009937,-0.0782472613458529,-0.009242681278205128,3.520752771209615,3.2854386327662035,-0.28132259680720845,-20.255226970119008,Ghaghara,1,1
4144,no trend,0.30046084574552445,-0.0837245696400626,-0.07332868997493733,26.41143021077694,26.077269754093013,-0.2811977276241807,-20.24623638894101,Bina,4,4
4195,no trend,0.30046084574552445,-0.0837245696400626,-0.20762222820917525,76.25020118475906,73.84389740197813,-0.2811636919418794,-20.243785819815315,Betwa,2,2
4740,no trend,0.16296219556576563,-0.11267605633802817,-0.11462921532738081,45.33783947745535,40.8205803764415,-0.28081231151121994,-20.218486428807836,Danau,4,4
4188,no trend,0.3050221061741585,-0.08294209702660407,-0.034623374075071836,12.246200075498383,12.363688750925926,-0.2800408096044869,-20.16293829152306,Urvashi,5,5
4587,no trend,0.23365141163238423,-0.09624413145539906,-0.021448025892857152,8.132392365029762,7.663177390021044,-0.2798842412389758,-20.15166536920626,Sukri,5,5
3469,no trend,0.2532906725868418,-0.09233176838810642,-0.1998499482920421,72.84465268520083,71.66860063105008,-0.2788528679677583,-20.0774064936786,Sindh,3,3
4458,no trend,0.16591325516784172,-0.11189358372456965,-0.5010803269969282,194.6995459417243,179.7332392059133,-0.2787911291260156,-20.072961297073125,Rapti,2,2
3762,no trend,0.38954613981986475,-0.06964006259780908,-0.36454920039682537,136.95309507242064,130.83095829545454,-0.27864138973404656,-20.062180060851354,Parbati,3,3
3587,no trend,0.35314920453786036,-0.07511737089201878,-0.18282240293880836,69.37501022099437,65.65683657558924,-0.2784514339619897,-20.048503245263255,Parbati,3,3
3412,no trend,0.3949258884499005,-0.06885758998435054,-0.09365139573511161,31.533867006929796,33.713146759606474,-0.27778894804124415,-20.00080425896958,Morel,4,4
3523,no trend,0.3736762927138684,-0.07198748043818466,-0.027520437187279763,9.176617511815099,9.957417904229798,-0.2763812612061747,-19.899450806844577,Banganga,4,4
4538,no trend,0.22239929289705085,-0.09859154929577464,-0.009433498333333342,3.602805834583333,3.4210821506965488,-0.27574603350032495,-19.853714412023397,Punpun,3,3
3425,no trend,0.32372443651094795,-0.07981220657276995,-0.05620528955026459,16.38786282070106,20.405873405124158,-0.27543682367524036,-19.831451304617307,Mashi,4,4
4558,no trend,0.17812023020364975,-0.10876369327073553,-0.0750693401010102,28.41897224025253,27.343730123947807,-0.27453950050239856,-19.766844036172696,Morhar,4,4
4190,no trend,0.2698087511110099,-0.0892018779342723,-0.030797383833333344,11.65838219275,11.23883650501894,-0.27402644232416873,-19.729903847340147,Betwa,2,2
4598,no trend,0.11637258786708138,-0.1267605633802817,-0.3411295605545249,132.75320252468563,125.09654888994108,-0.27269302277447155,-19.63389763976195,Koel,3,3
3778,no trend,0.3333500217009937,-0.0782472613458529,-0.25887809168609177,98.53360462985626,95.13716536521464,-0.2721103689523488,-19.591946564569113,Parbati,3,3
3424,no trend,0.35821290560466945,-0.07433489827856025,-0.05196789167325426,15.508120196067194,19.11982767024411,-0.2718010463772698,-19.569675339163428,Mashi,4,4
4299,no trend,0.295945273327078,-0.08450704225352113,-0.050790521346452226,20.600989220299056,18.84569793157618,-0.269507245265521,-19.404521659117513,Ken,2,2
7678,no trend,0.3285143688068808,-0.07902973395931143,-0.009036780569566279,2.677332497719603,3.3537204172232746,-0.2694553941693302,-19.400788380191774,Mendha,3,3
4197,no trend,0.3050221061741585,-0.08294209702660407,-0.26455285421506003,102.95677940796797,98.43138732128577,-0.26876879561957623,-19.351353284609488,Betwa,2,2
4233,no trend,0.28267229215716716,-0.08685446009389672,-0.04189881022727284,15.934842463068184,15.64318759119318,-0.26784061741266263,-19.28452445371171,Dhauli Ganga,4,4
4547,no trend,0.2783390390292886,-0.08763693270735524,-0.020746811425848884,8.648304505617634,7.767440442387415,-0.26709971682090045,-19.23117961110483,Punpun,3,3
3776,no trend,0.3736762927138684,-0.07198748043818466,-0.2156428842054266,84.22040738929266,80.79791505434554,-0.26689164449402303,-19.216198403569656,Parbati,3,3
3348,no trend,0.38954613981986475,-0.06964006259780908,-0.023367341157407413,8.745099181921296,8.768289593683711,-0.2664982823359326,-19.187876328187148,Kuno,4,4
5083,no trend,0.06979401695432808,-0.14632237871674492,-0.021389098645833347,8.596934710260417,8.057422400010521,-0.26545832629806543,-19.112999493460713,Hooghly,1,1
3727,no trend,0.34315838025944156,-0.07668231611893583,-0.022246562166045376,8.035533144394611,8.382901521450968,-0.2653802160161222,-19.1073755531608,Mej,4,4
3777,no trend,0.41689018199117855,-0.06572769953051644,-0.009060762758620701,3.237920747097702,3.451012507877736,-0.2625537501801981,-18.903870012974263,Parbati,3,3
3788,no trend,0.38954613981986475,-0.06964006259780908,-0.008736286243315508,3.3264729391377004,3.3330095754061446,-0.26211404574950686,-18.872211293964494,Papras,5,5
4226,no trend,0.3842112081012248,-0.07042253521126761,-0.015078154261363608,5.852097720028408,5.811110606170034,-0.2594711283821401,-18.681921243514086,Mana,5,5
4897,no trend,0.2573526206385808,-0.09154929577464789,-0.012916351951754418,5.167765222203948,5.0044433035827005,-0.2580976777678259,-18.583032799283465,Bagmati,2,2
4174,no trend,0.27405121710465385,-0.08841940532081377,-0.1295505128728413,49.94555120698587,50.542296227567334,-0.256320987652675,-18.4551111109926,Bina,4,4
3764,no trend,0.43382633879160837,-0.06338028169014084,-0.3844783355978259,152.92521758038947,150.03282109848485,-0.25626281821725255,-18.450922911642184,Parbati,3,3
4855,decreasing,0.016114261602663937,-0.19405320813771518,-0.047529715571581234,20.576944265291132,18.586435755471378,-0.25572259359941935,-18.412026739158193,Kankai,4,4
4456,no trend,0.20451758189679325,-0.10250391236306729,-0.4355300639249211,182.51950122766803,170.69472100305134,-0.255151454811034,-18.370904746394448,Rapti,2,2
3340,no trend,0.4511535370128277,-0.06103286384976526,-0.012169022487373749,4.689789822468434,4.833067329955808,-0.2517867361778512,-18.128645004805286,Parbati,3,3
5159,no trend,0.2914753538276562,-0.08528951486697965,-0.012433737507921198,4.7448521981978695,4.945384553808923,-0.25142104466567244,-18.102315215928417,Panchane,4,4
5113,no trend,0.3736762927138684,-0.07198748043818466,-0.023228346619152067,9.569610246646565,9.238932982102272,-0.2514180659622728,-18.10210074928364,Harna,5,5
4200,no trend,0.31428178970687237,-0.081377151799687,-0.296394908149895,120.8268553226546,118.39451529997895,-0.25034513414655424,-18.024849658551904,Betwa,2,2
4571,no trend,0.3333500217009937,-0.0782472613458529,-0.01886871212153367,7.4663749636477785,7.549116061516203,-0.24994598000317378,-17.996110560228512,Gandak,2,2
4157,no trend,0.2532906725868418,-0.09233176838810642,-0.6869685119843916,278.78334405044586,276.53156131334174,-0.2484231849419814,-17.886469315822662,Betwa,2,2
5152,no trend,0.3333500217009937,-0.0782472613458529,-0.015255913425925938,6.55445535162037,6.163348264736952,-0.24752638940121696,-17.82190003688762,Mohana,4,4
4102,no trend,0.1975774496515974,-0.10406885758998435,-0.018173293429418078,7.905945337577676,7.351243086835016,-0.2472138822611341,-17.799399522801657,Bhandar,5,5
5115,no trend,0.2870510439241154,-0.08607198748043818,-0.0682011318015019,28.96710203728665,27.667213328135524,-0.24650524428546755,-17.748377588553662,Sunder,5,5
4178,no trend,0.36332204192852346,-0.07355242566510173,-0.042708415385008205,16.520029342001123,17.465738993076602,-0.24452681562422163,-17.605930724943956,Kethan,5,5
4545,no trend,0.2698087511110099,-0.0892018779342723,-0.016751525490196095,6.6435243674019615,6.855759665247264,-0.24434236770451206,-17.59265047472487,Ganga,1,1
3811,no trend,0.20451758189679325,-0.10250391236306729,-1.351166789021164,588.9468672602513,555.7016398237585,-0.24314608635124568,-17.50651821728969,Ganga,1,1
3654,no trend,0.40581928169739556,-0.06729264475743349,-0.03224133785529708,12.74439107719638,13.320058460164141,-0.24205102366269773,-17.427673703714238,Ashamati,5,5
3426,no trend,0.4453347120023703,-0.061815336463223784,-0.002739622620300223,0.8270738171873246,1.1337021740154671,-0.2416527623473399,-17.398998889008475,Sohadra,5,5
4557,no trend,0.31428178970687237,-0.081377151799687,-0.04818188941017318,21.37289830739448,20.02869234642256,-0.24056432929721056,-17.32063170939916,Punpun,3,3
5157,no trend,0.35314920453786036,-0.07511737089201878,-0.11006688064236154,46.132781158637165,45.78429017897727,-0.24040316058651237,-17.30902756222889,Harohar,3,3
3585,no trend,0.338231370166147,-0.07746478873239436,-0.01594700890497968,6.6810099061267785,6.6518835881081655,-0.23973674063522063,-17.261045325735886,Paru,5,5
4730,no trend,0.3096290813784828,-0.08215962441314555,-0.0377691579782197,16.872029354060132,15.80656515597643,-0.2389460177180825,-17.20411327570194,Karmanasa,3,3
5156,no trend,0.38954613981986475,-0.06964006259780908,-0.09123522180134691,38.16801449894781,38.21867030471381,-0.23871898492003304,-17.187766914242378,Panchane,4,4
3413,no trend,0.48088440255926135,-0.05712050078247261,-0.008942585355206478,3.4439020034431636,3.7597433454840066,-0.23785095240471166,-17.125268573139238,Gambhir,4,4
4863,no trend,0.07927466956132867,-0.14162754303599373,-26.72057936885753,12362.952963427779,11248.694845570288,-0.23754381940034613,-17.103154996824923,Ganga,1,1
4834,no trend,0.08265843858017319,-0.14006259780907668,-26.756780459770088,12377.934947988506,11265.336787878789,-0.23751425246833005,-17.101026177719763,Ganga,1,1
1495,no trend,0.08977699556483376,-0.13693270735524257,-0.040542718079922026,18.47415892933723,17.075787267971382,-0.23742810474083947,-17.094823541340443,Padma,1,1
3442,no trend,0.3333500217009937,-0.0782472613458529,-0.0013548445943452382,0.40849873518258933,0.5718251316497265,-0.23693337689382166,-17.05920313635516,Mashi,4,4
4835,no trend,0.08439370968045279,-0.13928012519561817,-26.78508864795925,12421.443030335888,11313.687313047138,-0.23674941605527872,-17.045957955980068,Ganga,1,1
4836,no trend,0.08439370968045279,-0.13928012519561817,-26.608911660289095,12425.807418106928,11332.604255944865,-0.23479961939313793,-16.90557259630593,Ganga,1,1
4420,no trend,0.41133262486980504,-0.06651017214397496,-0.008145856408730136,3.41360578875992,3.520254824116161,-0.23139962348536336,-16.660772890946163,Ghaghara,1,1
3584,no trend,0.38954613981986475,-0.06964006259780908,-0.1423157029352226,65.66389512086707,61.58728337483165,-0.23107968907974522,-16.637737613741656,Newaj,4,4
3659,no trend,0.47485419172648413,-0.057902973395931145,-0.011006407678398632,4.651195343416484,4.7784996601967595,-0.23033187111172532,-16.583894720044224,Chhoti Kali Sindh,4,4
4559,no trend,0.2914753538276562,-0.08528951486697965,-0.09320279369883047,42.63066370964181,40.540206597632576,-0.22990211822026882,-16.552952511859356,Dardha,4,4
3411,no trend,0.41133262486980504,-0.06651017214397496,-0.06748227689542483,27.593967538120914,29.4106326935606,-0.22944857255723008,-16.520297224120565,Morel,4,4
1551,no trend,0.06541481350121581,-0.1486697965571205,-28.21889278846156,13454.839585657051,12300.610658691077,-0.22941050303484986,-16.51755621850919,Padma,1,1
3593,no trend,0.4395589046351571,-0.06259780907668232,-0.02732969669871796,11.066003453637823,11.934974510037879,-0.2289883122559867,-16.48715848243104,Kali Sindh,3,3
4539,no trend,0.3333500217009937,-0.0782472613458529,-0.007956673994836183,3.6488030768166846,3.489857738470118,-0.22799422185972043,-16.41558397389987,Madad,5,5
1553,no trend,0.06541481350121581,-0.1486697965571205,-28.04489497835499,13458.005642564936,12308.389073590066,-0.2278518724967065,-16.405334819762867,Padma,1,1
3810,no trend,0.2453012535825112,-0.09389671361502347,-1.2540973868055547,582.1885851482639,550.7852742372685,-0.22769261370363214,-16.393868186661514,Ganga,1,1
3781,no trend,0.3949258884499005,-0.06885758998435054,-0.004034287301693406,1.6833937046267828,1.778310699259259,-0.2268606550797819,-16.333967165744298,Ghora Pachhar,4,4
1523,no trend,0.06400641968236065,-0.14945226917057902,-27.91210390394092,13510.643071923236,12360.872525284089,-0.22581014282646214,-16.258330283505273,Padma,1,1
4185,no trend,0.31428178970687237,-0.081377151799687,-0.5983570265974969,264.7330129858778,265.0295379984217,-0.2257699391231857,-16.25543561686937,Betwa,2,2
4175,no trend,0.2914753538276562,-0.08528951486697965,-0.34766230390211683,154.10013753852516,154.1552476125842,-0.22552738832209307,-16.237971959190702,Betwa,2,2
4838,no trend,0.08265843858017319,-0.14006259780907668,-26.730004715255987,12933.176746558254,11856.896204008839,-0.22543846429404113,-16.23156942917096,Ganga,1,1
4852,no trend,0.14340298483681213,-0.11815336463223787,-0.04761158311664174,23.238036288140783,21.17992878539562,-0.22479576583596333,-16.18529514018936,Sudhani,5,5
5145,no trend,0.36332204192852346,-0.07355242566510173,-0.012876809503680697,5.4219244123806645,5.762839354209806,-0.22344557452003366,-16.088081365442424,Tilayia,5,5
4615,no trend,0.24927359025181262,-0.09311424100156494,-0.010999985150925448,5.238426935357853,4.931572690712333,-0.2230522764399641,-16.059763903677414,Chaupat,5,5
3838,no trend,0.47485419172648413,-0.057902973395931145,-0.022850831359649076,10.573411052017542,10.247692727597853,-0.22298513399128342,-16.054929647372408,Nandhaur,5,5
4731,no trend,0.31428178970687237,-0.081377151799687,-0.014620138880681829,6.824664425680871,6.559535151103747,-0.22288376453355477,-16.047631046415944,Surai,5,5
5155,no trend,0.295945273327078,-0.08450704225352113,-0.06696929229721546,30.027233905717814,30.057617763089223,-0.22280306052548782,-16.04182035783512,Sakri,5,5
2959,no trend,0.08795266108767041,-0.13771517996870108,-26.4347697185062,12931.387333340304,11871.225831018519,-0.22267936011658007,-16.032913928393764,Ganga,1,1
3765,no trend,0.45701514595618686,-0.06025039123630673,-0.3533129513888874,159.21469573263886,159.02413337531567,-0.22217568106787117,-15.996649036886724,Parbati,3,3
2973,no trend,0.08615834146201906,-0.13849765258215962,-26.385611065227824,12980.322546982256,11926.454428146044,-0.22123600290593187,-15.928992209227095,Padma,1,1
2960,no trend,0.09163167164945318,-0.13615023474178403,-26.22916774193549,12964.008259005375,11913.339511931817,-0.22016637497542685,-15.851978998230733,Ganga,1,1
4760,no trend,0.41133262486980504,-0.06651017214397496,-0.009864233108164982,4.346021614506523,4.483266255948022,-0.22002336120630675,-15.841682006854086,Ghaghara,1,1
3774,no trend,0.5242399029172564,-0.051643192488262914,-0.385125715632992,171.89348873830457,175.5390220631313,-0.21939606994875724,-15.79651703631052,Parbati,3,3
5114,no trend,0.3096290813784828,-0.08215962441314555,-0.034358963717417805,16.327500016134998,15.70685579575968,-0.21875137942435025,-15.750099318553218,Tribani,5,5
4556,no trend,0.2532906725868418,-0.09233176838810642,-0.047478940870135156,21.50618023005647,21.740358388983584,-0.21839079200365896,-15.724137024263445,Lilajan,4,4
4181,no trend,0.338231370166147,-0.07746478873239436,-0.3003092962768441,135.71076326782796,138.58801228172348,-0.2166921159575992,-15.601832348947143,Betwa,2,2
3598,no trend,0.45701514595618686,-0.06025039123630673,-0.008990034833116889,4.058557622825649,4.16538204001473,-0.21582737781922873,-15.539571202984469,Chhoti Kali Sindh,4,4
3596,no trend,0.5305931142576203,-0.05086071987480438,-0.15434976048611118,68.85535253892361,71.60227427275885,-0.21556544405019504,-15.520711971614043,Kali Sindh,3,3
5150,no trend,0.40035031770802365,-0.06807511737089202,-0.04037397064393938,17.61575809535985,18.811239501146886,-0.2146268492380731,-15.453133145141264,Panchane,4,4
5149,no trend,0.3285143688068808,-0.07902973395931143,-0.028599072353778524,12.998114297725802,13.337353223337542,-0.21442839426143567,-15.43884438682337,Paimar,5,5
5275,no trend,0.30046084574552445,-0.0837245696400626,-0.07607916583508412,37.24382654964548,35.64870655434553,-0.21341353779302874,-15.36577472109807,Sunder,5,5
3468,no trend,0.4224917781104891,-0.0649452269170579,-0.13150033974898542,61.85278422775565,61.692790090098896,-0.21315349744587087,-15.347051816102702,Sindh,3,3
4592,no trend,0.3050221061741585,-0.08294209702660407,-0.011049216984953696,5.0664125154658555,5.191186668102905,-0.2128456881129952,-15.324889544135655,Maila,5,5
4955,decreasing,0.02905791425850568,-0.176056338028169,-0.02489064728448758,12.680278541099309,11.700857114699074,-0.21272499134459966,-15.316199376811175,Iwa,5,5
4535,no trend,0.3333500217009937,-0.0782472613458529,-0.006780794715724487,3.0708781444915525,3.192721127378998,-0.21238293121112797,-15.291571047201215,Ganga,1,1
4856,no trend,0.052423749532427566,-0.1564945226917058,-0.10679333121597095,55.691036324833625,50.29914677210648,-0.21231638719405366,-15.286779877971863,Kankai,4,4
4820,no trend,0.05993076455193247,-0.15179968701095461,-0.04974612075531916,25.645534058025948,23.46807997176978,-0.2119735437034464,-15.262095146648141,Bakra,5,5
4813,no trend,0.5961979541459173,-0.04303599374021909,-0.00161686878125,0.6743755450677084,0.7648774675838594,-0.21138925511264722,-15.2200263681106,Mahakali,2,2
4196,no trend,0.43382633879160837,-0.06338028169014084,-0.04343868393665166,20.62194461725113,20.63226089201389,-0.21053768253514782,-15.158713142530644,Betwa,2,2
3861,no trend,0.4629192952859549,-0.0594679186228482,-0.19185356770833345,91.13774307031251,91.20878747480009,-0.2103454864602167,-15.144875025135603,Gaula,4,4
3594,no trend,0.5761320910860721,-0.04538341158059468,-0.02699074036314682,12.233377987058377,12.9406433348064,-0.20857340446552552,-15.017285121517837,Lakundar,4,4
3485,no trend,0.5498843783585525,-0.048513302034428794,-0.015159478016304333,7.23095981124547,7.274059734949495,-0.2084046401690649,-15.005134092172673,Sindh,3,3
5094,no trend,0.3285143688068808,-0.07902973395931143,-0.22179387509920628,110.18462064935517,106.60607422222223,-0.20804994154167336,-14.979595791000483,Ganga,1,1
4806,no trend,0.468865731616952,-0.05868544600938967,-0.13408154599999994,64.54329224133333,64.5599273574074,-0.20768540407072786,-14.953349093092406,Goriganga,3,3
5165,no trend,0.3949258884499005,-0.06885758998435054,-0.010161002320198093,5.011026911533699,4.911122582460017,-0.20689775401835667,-14.89663828932168,Harohar,3,3
5170,no trend,0.3333500217009937,-0.0782472613458529,-0.1273044062937675,64.02839954842875,61.610720998895204,-0.20662703540841584,-14.877146549405941,Punpun,3,3
1525,decreasing,0.0250238140282939,-0.1807511737089202,-30.124371466920095,15906.88759124233,14639.607985816498,-0.2057730746349624,-14.815661373717292,Padma,1,1
4537,no trend,0.41689018199117855,-0.06572769953051644,-0.0068613662162698465,3.3909220019275796,3.339950332017045,-0.20543318116129491,-14.791189043613233,Dharmauti,5,5
4183,no trend,0.3736762927138684,-0.07198748043818466,-0.49855329166666695,238.77380627083338,243.05394013131314,-0.20512043186681808,-14.768671094410902,Betwa,2,2
5172,no trend,0.35314920453786036,-0.07511737089201878,-0.013133932247725386,6.386127398960919,6.406104301378367,-0.20502214184835282,-14.761594213081404,Lilajan,4,4
3746,no trend,0.48088440255926135,-0.05712050078247261,-0.3901298026175195,187.44229832625527,190.31659171664563,-0.20498990608152934,-14.759273237870111,Parbati,3,3
4562,no trend,0.30046084574552445,-0.0837245696400626,-0.11671755833333335,59.054969570833336,56.97037247169612,-0.20487413592270382,-14.750937786434674,Punpun,3,3
3399,no trend,0.468865731616952,-0.05868544600938967,-0.019231768434343446,7.405925166919191,9.405259859336068,-0.20447886312522415,-14.722478145016138,Mashi,4,4
4735,no trend,0.4453347120023703,-0.061815336463223784,-0.05446836583110519,28.234476866170905,26.713532283691077,-0.20389802910623978,-14.680658095649264,Banganga,4,4
4578,no trend,0.45701514595618686,-0.06025039123630673,-0.0070044309493450365,3.3330936591184153,3.4422741231197396,-0.2034826599747061,-14.65075151817884,Ganga,1,1
3849,no trend,0.4224917781104891,-0.0649452269170579,-0.041372530963480925,20.342306224203572,20.41055655284091,-0.20270163068004313,-14.594517408963105,Bhakra,5,5
5148,no trend,0.35314920453786036,-0.07511737089201878,-0.025961284424603145,12.16432573457341,12.8092886138468,-0.20267545846799861,-14.5926330096959,Panchane,4,4
3745,no trend,0.47485419172648413,-0.057902973395931145,-0.3778154486093354,182.21295825896473,186.4147921419402,-0.2026746076682899,-14.592571752116873,Parbati,3,3
5110,no trend,0.3333500217009937,-0.0782472613458529,-0.08800570466116273,45.680667182137945,43.82862761083754,-0.20079502703708083,-14.45724194666982,Gahra,5,5
4199,no trend,0.5305931142576203,-0.05086071987480438,-0.025406081984127027,12.104598506269843,12.66777372946128,-0.2005568028503732,-14.44008980522687,Sagar,5,5
3419,no trend,0.4869560812360789,-0.056338028169014086,-0.0022872375892957356,0.8111639327533321,1.1412479559722224,-0.200415481782594,-14.429914688346768,Mashi,4,4
3744,no trend,0.5434157270143498,-0.04929577464788732,-0.35886498171296227,175.93931547581016,180.5246533628998,-0.1987900129028658,-14.312880929006337,Parbati,3,3
3626,no trend,0.5054169484685467,-0.0539906103286385,-0.07006729650411281,33.48630405089601,35.530991333743685,-0.19720051108613482,-14.198436798201707,Mej,4,4
4176,no trend,0.3285143688068808,-0.07902973395931143,-0.32211446779537295,163.2366321900691,163.6140735473485,-0.1968745480211736,-14.174967457524499,Betwa,2,2
3519,no trend,0.5054169484685467,-0.0539906103286385,-0.00472593337301587,2.2377715280753963,2.401386423530093,-0.19680020369519038,-14.169614666053707,Sanwan,4,4
4046,no trend,0.43382633879160837,-0.06338028169014084,-0.00890966295910494,4.608462050881559,4.528720709097223,-0.19673686083593872,-14.165053980187588,Gomti,2,2
4548,no trend,0.3481310090480654,-0.07589984350547731,-0.01830998896356041,9.545070737373061,9.35951205089436,-0.1956297386444497,-14.085341182400379,Dardha,4,4
4179,no trend,0.3949258884499005,-0.06885758998435054,-0.4674824375000043,233.21702678125018,239.05778164625423,-0.19555206874284536,-14.079748949484866,Betwa,2,2
4192,no trend,0.4395589046351571,-0.06259780907668232,-0.041284926918117346,21.126721209759832,21.204961049210862,-0.1946946604726433,-14.018015554030319,Halali,5,5
3428,no trend,0.4453347120023703,-0.061815336463223784,-0.005585222920524697,2.0920573336786266,2.8716413641761362,-0.19449583747471466,-14.003700298179456,Sohadra,5,5
5146,no trend,0.38954613981986475,-0.06964006259780908,-0.015201585356793716,7.332172688499511,7.82730147070707,-0.1942123401492098,-13.983288490743105,Panchane,4,4
4589,no trend,0.3842112081012248,-0.07042253521126761,-0.046949656328085995,24.9187687951016,24.274980421864477,-0.19340759709037061,-13.925346990506684,Auranga,4,4
5167,no trend,0.3949258884499005,-0.06885758998435054,-0.01697387220760225,8.86265726336988,8.784231402830386,-0.19323115966791427,-13.912643496089828,Harohar,3,3
1549,no trend,0.15434651244363784,-0.11502347417840375,-0.16058685676129486,87.96540495669264,83.21136879266625,-0.1929866784927206,-13.895040851475883,Punarbhaba,4,4
4560,no trend,0.3789212200049066,-0.07120500782472614,-0.07728131405141832,42.01829460715868,40.690172545812295,-0.1899262382444035,-13.674689153597052,Punpun,3,3
4889,no trend,0.41133262486980504,-0.06651017214397496,-0.014061855050505022,7.181756504292929,7.419575741351009,-0.18952370783325326,-13.645706963994234,Kosi,2,2
4460,no trend,0.35314920453786036,-0.07511737089201878,-0.152618585260617,87.42954206841856,80.56744087755683,-0.1894296053073854,-13.638931582131748,Rapti,2,2
3742,no trend,0.5894740020112736,-0.04381846635367762,-0.00415055285238095,2.0142361475095236,2.196918706907618,-0.18892610087622524,-13.602679263088218,Sukni,5,5
3408,no trend,0.4869560812360789,-0.056338028169014086,-0.05114043799019598,23.82185998198529,27.14478386769781,-0.18839876655291002,-13.564711191809522,Morel,4,4
4845,no trend,0.05993076455193247,-0.15179968701095461,-0.06400161017628195,36.368922782091346,34.06881856927609,-0.18785978752430182,-13.525904701749731,Dahuk,5,5
3591,no trend,0.5961979541459173,-0.04303599374021909,-0.16379246563098154,87.06655548823318,87.24614203156565,-0.18773605550572245,-13.516995996412016,Parvan,4,4
5147,no trend,0.43382633879160837,-0.06338028169014084,-0.016074812672480628,8.241272041539728,8.606351593529041,-0.18677847979818749,-13.4480505454695,Paimar,5,5
4551,no trend,0.4869560812360789,-0.056338028169014086,-0.01987297679924239,11.297901680539772,10.708114650747055,-0.1855880091632746,-13.362336659755771,Dharmauti,5,5
4844,no trend,0.0776255173837277,-0.14241001564945227,-0.04594138118648339,26.93338539462016,24.917500609680133,-0.18437395429875394,-13.274924709510284,Mechi,4,4
3782,no trend,0.5179259057262735,-0.05242566510172144,-0.003647483086007132,1.9490165045532533,1.9820666243602691,-0.18402424223173589,-13.249745440684984,Manoli,5,5
4172,no trend,0.468865731616952,-0.05868544600938967,-0.020748935111968278,11.434339842308207,11.275701039036196,-0.18401459066834056,-13.24905052812052,Bina,4,4
1429,decreasing,0.03204811659075668,-0.1729264475743349,-49.75678315750211,28691.56229792466,27143.802708249157,-0.18330807843066418,-13.198181647007821,Padma,1,1
4540,no trend,0.468865731616952,-0.05868544600938967,-0.008389455437158473,4.618155684685792,4.5937867676020625,-0.1826261396442163,-13.149082054383575,Punpun,3,3
1497,decreasing,0.03204811659075668,-0.1729264475743349,-49.27084367753627,28648.390467219207,27111.781378556396,-0.1817322255206226,-13.084720237484827,Padma,1,1
4378,no trend,0.30046084574552445,-0.0837245696400626,-0.02567348097222214,14.756725466180551,14.181485446569866,-0.18103520303955106,-13.034534618847676,Tipan,5,5
1445,decreasing,0.03204811659075668,-0.1729264475743349,-48.78308393464057,28582.67800467974,27049.900430650257,-0.18034478189562736,-12.98482429648517,Padma,1,1
1527,decreasing,0.03204811659075668,-0.1729264475743349,-48.66480808558576,28538.513149538296,27000.56442471591,-0.18023626217620373,-12.977010876686668,Padma,1,1
3743,no trend,0.6511998403435748,-0.036776212832550864,-0.008405482302631669,4.109358530493425,4.677835345559765,-0.17968743407375834,-12.937495253310601,Khari,3,3
5171,no trend,0.35314920453786036,-0.07511737089201878,-0.007021938519005825,3.7961928507580405,3.9119183394065655,-0.17950115288119858,-12.924083007446297,Jam,5,5
4180,no trend,0.4629192952859549,-0.0594679186228482,-0.008982503873326296,4.82522458791975,5.028320200517676,-0.17863826317984938,-12.861954948949155,Naren,5,5
5161,no trend,0.4395589046351571,-0.06259780907668232,-0.2921660949410947,161.40181753707554,164.24653895759678,-0.17788264933638734,-12.807550752219889,Harohar,3,3
4202,no trend,0.40581928169739556,-0.06729264475743349,-0.007150568276084006,4.160546974634316,4.021169797269571,-0.1778230872254969,-12.803262280235776,Jalkur,4,4
3653,no trend,0.42813722853210345,-0.06416275430359937,-0.017207190546085795,8.888680226886047,9.696180618318603,-0.17746359338208845,-12.777378723510369,Kanh,5,5
4554,no trend,0.47485419172648413,-0.057902973395931145,-0.02606515853026537,15.352256231991088,14.69008523476431,-0.17743367797881648,-12.775224814474786,Madad,5,5
4826,no trend,0.09163167164945318,-0.13615023474178403,-0.23891568423864157,145.73980566547175,135.44804611037458,-0.17638916994339865,-12.700020235924702,Kankai,4,4
4177,no trend,0.468865731616952,-0.05868544600938967,-0.3847662566666671,210.878996695,218.63952436153198,-0.17598202236775623,-12.670705610478448,Betwa,2,2
3486,no trend,0.5827852327137752,-0.04460093896713615,-0.0062875471944444355,3.8152363387361112,3.5980313919602276,-0.17474964805737686,-12.581974660131134,Indar,5,5
3656,no trend,0.5498843783585525,-0.048513302034428794,-0.055088186320662744,29.20700629355019,31.596165379356055,-0.17435086080621554,-12.55326197804752,Shipra,4,4
5168,no trend,0.4453347120023703,-0.061815336463223784,-0.031703527965686235,18.429078551115197,18.222513231734006,-0.17397999695495028,-12.52655978075642,Harohar,3,3
3344,no trend,0.5116514737677185,-0.053208137715179966,-0.05060785852226306,26.42597768587367,29.18474182799874,-0.17340519515479075,-12.485174051144934,Sindh,3,3
4173,no trend,0.468865731616952,-0.05868544600938967,-0.02654635445932537,14.931275874972716,15.38097202850379,-0.17259217694518955,-12.426636740053647,Kevtan,5,5
3247,no trend,0.6097495826361756,-0.041471048513302036,-0.003942430168650804,2.0030338418204368,2.294901081517256,-0.17179085409835165,-12.36894149508132,Chalak,5,5
5274,no trend,0.4629192952859549,-0.0594679186228482,-0.012019757387916885,7.271551199771049,7.035816471573022,-0.17083671008873808,-12.300243126389141,Sunder,5,5
1496,no trend,0.3481310090480654,-0.07589984350547731,-0.09789484296433618,60.1998579669006,57.537517744013044,-0.1701408868555551,-12.250143853599967,Padma,1,1
3784,no trend,0.5498843783585525,-0.048513302034428794,-0.008504727267616198,4.642000672167042,5.025905119471801,-0.16921782376405078,-12.183683311011656,Thalera,5,5
4552,no trend,0.5563907438061542,-0.04773082942097027,-0.022291611458333457,13.943685460937505,13.202653498853115,-0.1688419033360974,-12.156617040199013,Ganga,1,1
3467,no trend,0.4992226615640707,-0.054773082942097026,-0.09739595042945909,56.547258573579136,57.84642354832701,-0.1683698739786237,-12.122630926460907,Sindh,3,3
4439,no trend,0.468865731616952,-0.05868544600938967,-0.024514983897707218,15.59854352420194,14.582111990488215,-0.16811682638082967,-12.104411499419736,Rohini,3,3
5160,no trend,0.3789212200049066,-0.07120500782472614,-0.2251119435322229,131.28164357872723,133.9057259971591,-0.16811226096261098,-12.10408278930799,Harohar,3,3
5162,no trend,0.4629192952859549,-0.0594679186228482,-0.00877260300925925,5.086138338912037,5.256912347571548,-0.16687748300219973,-12.01517877615838,Chalki,5,5
4752,no trend,0.4930689350662878,-0.05555555555555555,-0.04705066412393165,29.940613501399575,28.350929818728954,-0.16595809881639026,-11.948983114780098,Bhada,5,5
4099,no trend,0.4280462475857827,-0.06416275430359937,-0.01899495323609996,12.28246178988155,11.46631646952862,-0.165658721234308,-11.927427928870175,Gudne,5,5
3910,no trend,0.3736762927138684,-0.07198748043818466,-0.8558035538194442,531.8283107439236,516.9119335036826,-0.16556080414292607,-11.920377898290678,Ganga,1,1
5163,no trend,0.38954613981986475,-0.06964006259780908,-0.011917466810897427,6.853212480120192,7.2028494032796715,-0.16545489352409687,-11.912752333734975,Kunda,5,5
5140,no trend,0.4629192952859549,-0.0594679186228482,-0.3053851493055559,181.3834261336806,184.61655499305553,-0.16541590721213661,-11.909945319273836,Harohar,3,3
3337,no trend,0.6097495826361756,-0.041471048513302036,-0.07210462586144181,43.54723584308118,43.9298223459596,-0.16413593775453444,-11.81778751832648,Kuno,4,4
4824,no trend,0.16005089535061545,-0.1134585289514867,-0.03971964285087715,25.93896141287281,24.329125387636783,-0.16325964134765525,-11.754694177031178,Ratua,5,5
4846,no trend,0.08615834146201906,-0.13849765258215962,-0.11649414990179588,76.92498923818042,71.51983010895412,-0.16288370613342812,-11.727626841606824,Mechi,4,4
5103,no trend,0.4224917781104891,-0.0649452269170579,-0.37263479782196884,234.16250698934655,232.1654129014099,-0.16050401012152915,-11.556288728750099,Garkhe,5,5
4659,no trend,0.3684765339307223,-0.07276995305164319,-0.5020006926587295,322.23221192271825,313.19127420223066,-0.16028565736304093,-11.540567330138947,Ghaghara,1,1
7670,no trend,0.5498843783585525,-0.048513302034428794,-0.01319618077196185,6.362517950737979,8.241416875517679,-0.16012029207214373,-11.52866102919435,Mendha,3,3
4750,no trend,0.5242399029172564,-0.051643192488262914,-0.20551520928030084,134.35986280445067,129.71133515219907,-0.15844043933335197,-11.407711632001343,Rapti,2,2
3785,no trend,0.5369851790476614,-0.050078247261345854,-0.010121688118686724,6.096993594880045,6.408669194017255,-0.15793744086737566,-11.371495742451048,Manoli,5,5
3909,no trend,0.43382633879160837,-0.06338028169014084,-0.8018452901785754,521.9904244680062,510.27720790593435,-0.15713915451351873,-11.314019124973349,Ganga,1,1
3487,no trend,0.5827852327137752,-0.04460093896713615,-0.07908215181536113,48.26900272277865,50.71696817723064,-0.15592838976298476,-11.226844062934903,Sindh,3,3
4549,no trend,0.45701514595618686,-0.06025039123630673,-0.014754913333333253,9.813993194166663,9.484988078703704,-0.15556069455123425,-11.200370007688866,Madad,5,5
4588,no trend,0.5054169484685467,-0.0539906103286385,-0.016861867291958876,11.296385593031205,10.917222942203283,-0.1544519827178308,-11.120542755683818,Auranga,4,4
3565,no trend,0.6937574902034176,-0.032081377151799685,-0.008253542430555604,4.79096295545139,5.427392318816288,-0.1520719702156283,-10.949181855525238,Kali Sindh,3,3
3417,no trend,0.5563907438061542,-0.04773082942097027,-0.005990207754880891,2.9830605377982717,3.972291605321969,-0.15079979895875148,-10.857585525030107,Mashi,4,4
5091,no trend,0.5961979541459173,-0.04303599374021909,-0.01099198057413598,7.032149231215161,7.327920520933292,-0.15000136181520743,-10.800098050694935,Balan,5,5
4888,no trend,0.5563907438061542,-0.04773082942097027,-0.016535262127976187,11.110308893043156,11.058477847664143,-0.14952566126873323,-10.765847611348793,Kosi,2,2
3683,no trend,0.3949258884499005,-0.06885758998435054,-0.013881761323529425,9.765731926985293,9.293193497706229,-0.14937557608109375,-10.75504147783875,Padma,1,1
3753,no trend,0.6937574902034176,-0.032081377151799685,-0.006809336019557832,4.51116770286097,4.642373808429082,-0.14667789153889832,-10.560808190800678,Andheri,4,4
3345,no trend,0.5827852327137752,-0.04460093896713615,-0.056715626193693636,34.74750037987612,38.97496711511995,-0.14551808607348732,-10.477302197291086,Sindh,3,3
3842,no trend,0.5305931142576203,-0.05086071987480438,-0.03072672570779916,22.84936919179354,21.140628740688133,-0.14534442700212233,-10.464798744152807,Gaula,4,4
2954,no trend,0.5761320910860721,-0.04538341158059468,-0.01797317551224388,13.014000955684658,12.48387683996212,-0.143971105632106,-10.365919605511632,Gumani,4,4
4830,no trend,0.41689018199117855,-0.06572769953051644,-0.05262983940145507,38.76768105291832,36.722517041929706,-0.14331762537236326,-10.318869026810155,Sui,5,5
3624,no trend,0.6234363808595347,-0.03990610328638498,-0.02074405,13.471689191666668,14.52206886707702,-0.14284500500496064,-10.284840360357165,Kural,5,5
4851,no trend,0.22985671735809987,-0.09702660406885759,-0.09144185564228023,68.90653977113429,64.7360291745686,-0.14125342071212943,-10.170246291273319,Nagar,5,5
5158,no trend,0.41689018199117855,-0.06572769953051644,-0.12154804656478584,85.56985931971656,86.19367533780513,-0.14101736129527132,-10.153250013259534,Phalgu,3,3
5100,no trend,0.5827852327137752,-0.04460093896713615,-0.019786678523024577,14.31811173756737,14.185729469938972,-0.13948298228127495,-10.042774724251796,Ganga,1,1
3678,no trend,0.3096290813784828,-0.08215962441314555,-0.050017795399515376,36.53904591168279,35.953739520728114,-0.1391170878641957,-10.016430326222089,Padma,1,1
4077,no trend,0.5433363227635004,-0.04929577464788732,-0.013807643814814814,10.395942767925925,9.931558950195706,-0.13902796010230326,-10.010013127365834,Tons,2,2
4047,no trend,0.5563907438061542,-0.04773082942097027,-0.00979338176476302,7.154086994315754,7.07707016929293,-0.13838186608995398,-9.963494358476687,Gomti,2,2
3567,no trend,0.7594077836691946,-0.025039123630672927,-0.1616159616263444,109.44635630440189,117.42702807081228,-0.1376309732788986,-9.909430076080698,Parvan,4,4
3346,no trend,0.6442115023036941,-0.03755868544600939,-0.004399882347386914,3.2260798712489027,3.1978831696064813,-0.1375873386871837,-9.906288385477227,Kendar,5,5
4561,no trend,0.48088440255926135,-0.05712050078247261,-0.07578472408999004,54.21603370519465,55.27553698151304,-0.13710355109772399,-9.871455679036128,Phalgu,3,3
3758,no trend,0.7226862070785358,-0.028951486697965573,-0.013637026971726125,9.95413406582961,10.210652082787249,-0.13355686650723253,-9.616094388520743,Andheri,4,4
5084,no trend,0.38954613981986475,-0.06964006259780908,-0.008155020696289286,6.279555530551603,6.161073538275463,-0.13236363185127545,-9.530181493291833,Padma,1,1
5093,no trend,0.4453347120023703,-0.061815336463223784,-0.07943587554985321,59.77855687368646,60.67541951473064,-0.13091936765359807,-9.42619447105906,Phalgu,3,3
4842,no trend,0.17812023020364975,-0.10876369327073553,-0.05967536318773503,48.3007286806646,45.58234502092804,-0.13091771202279417,-9.426075265641181,Mechi,4,4
3908,no trend,0.47485419172648413,-0.057902973395931145,-0.6553506473544977,507.24651448108466,501.6473960950127,-0.13063969881154797,-9.406058314431453,Ganga,1,1
3754,no trend,0.7742550657745815,-0.023474178403755867,-0.00632557364930148,4.704698201633536,4.8444653305408245,-0.13057320504335837,-9.401270763121802,Retili,5,5
3620,no trend,0.6442115023036941,-0.03755868544600939,-0.0032495460450191536,2.26297617584818,2.537034344290825,-0.12808443261052882,-9.222079147958075,Thalera,5,5
3574,no trend,0.7154148441443793,-0.0297339593114241,-0.10185563083616328,71.94143322801713,79.56912407175926,-0.12800898844167868,-9.216647167800865,Kali Sindh,3,3
3677,no trend,0.3842112081012248,-0.07042253521126761,-0.024797683677637766,19.832311016389472,19.517377400873315,-0.12705438424594986,-9.14791566570839,Padma,1,1
4203,no trend,0.637254471508776,-0.03834115805946792,-0.10195655676691795,79.97298849439225,80.29429069065658,-0.12697858825320205,-9.142458354230547,Bhagirathi,3,3
4850,no trend,0.20451758189679325,-0.10250391236306729,-0.10182120243055573,84.8206510404514,80.7336090281671,-0.12611996869238362,-9.080637745851622,Kankai,4,4
4827,no trend,0.22985671735809987,-0.09702660406885759,-0.4739895833333314,398.5273064166666,376.89305227178033,-0.12576235631733906,-9.054889654848413,Mahananda,2,2
3876,no trend,0.4930689350662878,-0.05555555555555555,-0.6255209142156875,502.61941907965684,498.2982086089015,-0.12553143948920734,-9.038263643222928,Ganga,1,1
4929,no trend,0.5498843783585525,-0.048513302034428794,-0.007964700390243919,6.84238580135366,6.4248300082249585,-0.1239674883233898,-8.925659159284066,Jamuni,5,5
3402,no trend,0.6865925646666557,-0.03286384976525822,-0.023880260087286036,14.947680003931985,19.321265671359427,-0.12359573380684147,-8.898892834092585,Morel,4,4
4876,no trend,0.6165763246166498,-0.0406885758998435,-0.11087295833333341,92.01136756249998,90.08210856207913,-0.1230798880078684,-8.861751936566524,Kosi,2,2
4229,no trend,0.7154148441443793,-0.0297339593114241,-0.013141205067073142,10.368724846547764,10.69176652020728,-0.12290957759165859,-8.849489586599418,Jadh Ganga,4,4
2971,no trend,0.4224917781104891,-0.0649452269170579,-0.4460326052083332,377.0233648598958,363.1826907827231,-0.12281218695942085,-8.842477461078301,Padma,1,1
5134,no trend,0.5242399029172564,-0.051643192488262914,-0.011333129118297371,8.665811658699557,9.240094215267256,-0.12265166192322832,-8.830919658472439,Kiul,3,3
3759,no trend,0.7154148441443793,-0.0297339593114241,-0.020472055892857135,16.305645442529762,16.759673022222223,-0.12215068793831799,-8.794849531558896,Andheri,4,4
4893,no trend,0.6234363808595347,-0.03990610328638498,-0.02932353598090284,24.47796446482205,24.150923695612374,-0.12141786521494496,-8.742086295476037,Kosi,2,2
4410,no trend,0.6723474310081521,-0.03442879499217527,-0.009606176210317452,7.886768534632937,8.049762779859007,-0.11933489809603688,-8.592112662914655,Ganga,1,1
4444,no trend,0.6097495826361756,-0.041471048513302036,-0.04469959562499999,39.276841582187494,37.68020772958754,-0.11862884606631463,-8.541276916774653,Rohini,3,3
3583,no trend,0.6865925646666557,-0.03286384976525822,-0.014430735391891901,11.881968952245495,12.238958885900672,-0.11790819404186546,-8.489389971014313,Dudhi,5,5
4536,no trend,0.6165763246166498,-0.0406885758998435,-0.0038352988448327316,3.3630900689915615,3.276889628275463,-0.11704083078474463,-8.426939816501614,Adari,5,5
4101,no trend,0.5694389703953568,-0.04616588419405321,-0.026553518065476137,25.210400620491072,22.73926376076389,-0.11677386895565924,-8.407718564807466,Satna,4,4
3323,no trend,0.6303292623489334,-0.03912363067292645,-0.08663967419763521,71.17957016318272,74.20984957888258,-0.11674956180249381,-8.405968449779554,Bhagirathi,3,3
3396,no trend,0.7226862070785358,-0.028951486697965573,-0.002132080119301993,1.2290022467352206,1.8337496949894785,-0.11626887383418086,-8.371358916061022,Dhund,5,5
3246,no trend,0.6442115023036941,-0.03755868544600939,-0.007492431144067802,5.543305380614406,6.504810762940867,-0.11518292256484378,-8.293170424668752,Sota,4,4
1548,no trend,0.38954613981986475,-0.06964006259780908,-0.06359962029311092,58.07097977873877,55.217651332680965,-0.1151798723019373,-8.292950805739485,Punarbhaba,4,4
3756,no trend,0.7817101679285825,-0.02269170579029734,-0.006486295523809546,5.2665668515119055,5.6375098587300085,-0.11505603868284404,-8.28403478516477,Upreni,5,5
4935,no trend,0.6029566352766689,-0.04225352112676056,-0.09393771101125642,82.9179748658996,82.37397549647517,-0.11403809327531615,-8.210742715822763,Kamala,3,3
2481,no trend,0.32372443651094795,-0.07981220657276995,-0.016116750513794954,14.68278218073972,14.290918510753366,-0.11277616971692701,-8.119884219618745,Son,2,2
4198,no trend,0.6511998403435748,-0.036776212832550864,-0.020515347868217057,17.701233715988373,18.49495462616793,-0.1109240237831702,-7.986529712388255,Baen,5,5
3769,no trend,0.6865925646666557,-0.03286384976525822,-0.004447370216931215,3.425951232701058,4.018452228003999,-0.11067371128461229,-7.968507212492085,Banganga,4,4
4544,no trend,0.6511998403435748,-0.036776212832550864,-0.006792419042150218,6.373663517662998,6.139693972222222,-0.110631231342818,-7.965448656682897,Dharmauti,5,5
3595,no trend,0.7742550657745815,-0.023474178403755867,-0.0275433646739131,22.83806445425725,24.906540556292086,-0.11058687420543789,-7.962254942791528,Lakundar,4,4
4741,no trend,0.637254471508776,-0.03834115805946792,-0.012289887897215416,11.850681799517814,11.200597421076388,-0.10972528906439659,-7.9002208126365545,Danau,4,4
3401,no trend,0.7668207233743265,-0.024256651017214397,-0.006374623591830684,4.580870965426656,5.82305547003367,-0.10947214266866369,-7.8819942721437855,Morel,4,4
4733,no trend,0.6865925646666557,-0.03286384976525822,-0.01169335996041334,11.21045915776134,10.8008265475484,-0.1082635658385564,-7.794976740376061,Banganga,4,4
4926,no trend,0.6165763246166498,-0.0406885758998435,-0.01397811908950617,13.644423448510802,13.018121064189813,-0.10737432092221906,-7.730951106399773,Rato,5,5
4931,no trend,0.6723474310081521,-0.03442879499217527,-0.008145905769740312,7.927938321492447,7.675391172311659,-0.10613017091722955,-7.641372306040528,Kamala,3,3
3333,no trend,0.7742550657745815,-0.023474178403755867,-0.865949776388888,764.7452324784722,816.669091775989,-0.106034351625299,-7.634473317021529,Chambal,2,2
4892,no trend,0.7009498978605979,-0.03129890453834116,-0.018486268528222112,18.06834761191855,17.544250805113634,-0.10536938130657542,-7.58659545407343,Kosi,2,2
1526,no trend,0.4511535370128277,-0.06103286384976526,-0.01656911943511199,16.35471286077981,15.78828533236532,-0.10494565487200812,-7.556087150784585,Padma,1,1
3339,no trend,0.6937574902034176,-0.032081377151799685,-1.1739764043209844,1057.179051103395,1126.5514071201599,-0.10420974994137717,-7.503101995779157,Chambal,2,2
3962,no trend,0.6582189629917612,-0.03599374021909233,-0.09761258154003791,97.97055622800468,93.80298394739059,-0.10406127548648551,-7.492411835026957,Karmanasa,3,3
7679,no trend,0.6937574902034176,-0.032081377151799685,-0.0072733206648284265,5.213563141934742,7.00443816753367,-0.10383874467678302,-7.476389616728377,Mendha,3,3
3661,no trend,0.5434157270143498,-0.04929577464788732,-0.06970731696969693,68.02591433575758,67.87671211973905,-0.10269695569038254,-7.394180809707542,Padma,1,1
5085,no trend,0.45701514595618686,-0.06025039123630673,-0.0931574368125297,94.5993261318448,91.24004865204125,-0.10210147647750686,-7.351306306380494,Nagar,5,5
4238,no trend,0.7668207233743265,-0.024256651017214397,-0.02504969285999532,22.34930365486317,24.587934904419193,-0.10187798592021298,-7.335214986255335,Alaknanda,3,3
5086,no trend,0.47485419172648413,-0.057902973395931145,-0.15494068253968296,155.08042406349207,152.4083708560606,-0.10166153057696152,-7.319630201541229,Nagri,5,5
5092,no trend,0.6303292623489334,-0.03912363067292645,-0.004930092302350806,5.0558453392334535,4.873121202559975,-0.1011690885045277,-7.284174372325994,Phalgu,3,3
3563,no trend,0.7081692106038104,-0.03051643192488263,-0.09164280793226345,84.69041249409536,90.67588209722221,-0.10106635393301662,-7.276777483177197,Kali Sindh,3,3
4739,no trend,0.5695150128741793,-0.04616588419405321,-0.024361867632575838,25.398074500956444,24.196454872232742,-0.1006836239491138,-7.249220924336194,Danau,4,4
5111,no trend,0.637254471508776,-0.03834115805946792,-0.07955078337104075,80.32723668467193,79.3092150239899,-0.10030459051571469,-7.221930517131458,Ganga,1,1
4775,no trend,0.6652683394768646,-0.035211267605633804,-0.0038847062940268766,3.823196910104621,3.897912109147727,-0.09966120798132266,-7.175606974655231,Babai,4,4
3334,no trend,0.826840031012408,-0.017996870109546165,-0.819254871031748,783.0108285882939,831.1818389895833,-0.09856505912444692,-7.096684256960178,Chambal,2,2
4932,no trend,0.6865925646666557,-0.03286384976525822,-0.014823675357422671,16.271794541855172,15.547881327514732,-0.09534209224500287,-6.864630641640207,Jamuni,5,5
4857,no trend,0.6582189629917612,-0.03599374021909233,-0.005664434945987664,5.831226353082562,5.951229503294403,-0.0951809192176511,-6.853026183670879,Kosi,2,2
4822,no trend,0.41133262486980504,-0.06651017214397496,-0.05371013762973131,59.622204719188794,57.877788638562706,-0.09279922210771097,-6.6815439917551895,Parman,5,5
3875,no trend,0.5434157270143498,-0.04929577464788732,-0.4391520187991015,477.3796720423681,475.1248193020834,-0.09242876839062569,-6.65487132412505,Ganga,1,1
4728,no trend,0.729982701029817,-0.028169014084507043,-0.07025158137254914,77.5463262637255,76.47760768776305,-0.09185902056372754,-6.6138494805883825,Karmanasa,3,3
5089,no trend,0.5695150128741793,-0.04616588419405321,-0.14622815149724236,163.5863180031521,160.4223625719697,-0.09115197479506049,-6.562942185244355,Nagri,5,5
4030,no trend,0.6652683394768646,-0.035211267605633804,-0.032882044221230144,34.361106049020336,36.13002080950126,-0.0910103107734248,-6.552742375686585,Ghaghara,1,1
5081,no trend,0.5961979541459173,-0.04303599374021909,-0.16987590594561647,192.88945049440272,187.5718640585017,-0.0905657715768256,-6.520735553531443,Mahananda,2,2
3631,no trend,0.796680051274133,-0.02112676056338028,-0.05290862585573019,54.464397905378426,58.795527626799235,-0.08998750073570941,-6.479100052971077,Shipra,4,4
4895,no trend,0.6234363808595347,-0.03990610328638498,-0.03472906877189667,38.721429295568996,39.184208404071974,-0.08863026761639944,-6.38137926838076,Kosi,2,2
4828,no trend,0.3949258884499005,-0.06885758998435054,-0.4417637203703701,526.6699265352693,503.0259679387626,-0.08782125546730214,-6.323130393645754,Mahananda,2,2
4347,no trend,0.5760569374913183,-0.04538341158059468,-0.007648726967186155,9.142599807335108,8.772558543172348,-0.08718923823129265,-6.277625152653071,Banas,3,3
4374,no trend,0.6865341058523953,-0.03286384976525822,-0.004306713299518536,5.105833273799575,4.955840645630261,-0.08690177121243632,-6.2569275272954155,Son,2,2
4934,no trend,0.6794556908944689,-0.033646322378716745,-0.05920688288288295,70.85761880067568,69.68747764100378,-0.0849605766876629,-6.117161521511728,Kamala,3,3
1552,no trend,0.5827852327137752,-0.04460093896713615,-0.004414099503384247,5.289956811120141,5.2013396996012204,-0.08486466484245722,-6.11025586865692,Padma,1,1
4877,no trend,0.7009498978605979,-0.03129890453834116,-0.08497532138480329,102.90426057582718,101.02114893928872,-0.08411636798535267,-6.056378494945393,Kosi,2,2
4205,no trend,0.6442115023036941,-0.03755868544600939,-0.09066992887995759,106.16688924607183,108.03593517787247,-0.08392571298677319,-6.04265133504767,Bhagirathi,3,3
3568,no trend,0.864897167788448,-0.014084507042253521,-0.11860293560606061,130.0730343806818,143.59808782312712,-0.08259367335876118,-5.946744481830805,Kali Sindh,3,3
4853,no trend,0.295945273327078,-0.08450704225352113,-0.19094490507419176,244.49670788013378,231.2439792269571,-0.08257291961179523,-5.945250212049257,Mahananda,2,2
4360,no trend,0.5369049834288016,-0.050078247261345854,-0.0035294320050837315,4.39565173034714,4.307464617220117,-0.08193757392629496,-5.899505322693237,Son,2,2
3336,no trend,0.7891853811696212,-0.02190923317683881,-0.8604837360646616,991.0187701302956,1059.9436986906564,-0.08118202288740554,-5.845105647893199,Chambal,2,2
4933,no trend,0.6442115023036941,-0.03755868544600939,-0.035611315634602035,45.03117820502837,44.12247045462963,-0.08071015803890794,-5.811131378801371,Kamala,3,3
1560,no trend,0.5242399029172564,-0.051643192488262914,-0.010232255606060534,13.236478636515148,12.712792594328704,-0.0804878670845715,-5.795126430089147,Tangan,4,4
4924,no trend,0.7594077836691946,-0.025039123630672927,-0.023812612402534246,28.2795761361233,29.749998953240734,-0.08004239744667381,-5.763052616160515,Bagmati,2,2
4831,no trend,0.5179259057262735,-0.05242566510172144,-0.4188451299412397,542.1718203553381,524.2309331734008,-0.07989706509796848,-5.752588687053731,Kalindri,5,5
3783,no trend,0.8344219897000891,-0.017214397496087636,-0.0021530814338575374,2.5717243434019426,2.7632049618665824,-0.07791971509790217,-5.610219487048957,Manoli,5,5
3437,no trend,0.7154148441443793,-0.0297339593114241,-0.003971551708221027,4.708186011058514,5.114895204362373,-0.07764678550664703,-5.590568556478586,Chakan,5,5
3430,no trend,0.8041935186327291,-0.02034428794992175,-0.005422792863984671,4.996621225838123,7.030507901618265,-0.07713230594245497,-5.553526027856758,Dai,4,4
5112,no trend,0.7154148441443793,-0.0297339593114241,-0.07223464960410408,98.69266664427903,94.66657113468014,-0.07630428433003807,-5.493908471762741,Ganga,1,1
4555,no trend,0.7009498978605979,-0.03129890453834116,-0.01805511180976434,23.61347005674664,23.738772651441497,-0.07605747809656863,-5.476138422952941,Mohana,4,4
3627,no trend,0.8192741807890083,-0.018779342723004695,-0.2123553622685187,258.3937123188657,284.0957881084807,-0.07474780378913318,-5.3818418728175885,Kali Sindh,3,3
3605,no trend,0.8725493270758475,-0.013302034428794992,-0.017884111167313352,22.19942839643962,24.237567640319863,-0.07378674061980806,-5.31264532462618,Chhoti Kali Sindh,4,4
5135,no trend,0.7009498978605979,-0.03129890453834116,-0.014962636974747473,19.350970054270203,20.308880938804712,-0.07367533947258496,-5.3046244420261175,Kiul,3,3
5078,no trend,0.6582189629917612,-0.03599374021909233,-0.05377055843406061,74.57692347024248,73.70416175752315,-0.07295457563299962,-5.252729445575973,Tangan,4,4
4734,no trend,0.7226862070785358,-0.028951486697965573,-0.008606724040570161,12.172724649273576,11.822070864127735,-0.07280216926026005,-5.241756186738724,Banganga,4,4
4927,no trend,0.7817101679285825,-0.02269170579029734,-0.010670985642519372,14.702986823642773,14.677316924926345,-0.07270392604520885,-5.234682675255037,Mahara,5,5
3332,no trend,0.796680051274133,-0.02112676056338028,-0.15628495010504187,188.315823853729,215.818256134154,-0.07241507410193054,-5.213885335338999,Banas,3,3
3335,no trend,0.7520168837093886,-0.025821596244131457,-0.7582684564345434,977.287403120093,1049.5197900441917,-0.07224908607036512,-5.201934197066288,Chambal,2,2
3575,no trend,0.8192741807890083,-0.018779342723004695,-0.19971790034965023,251.3208764624126,277.79349946243684,-0.07189437504337859,-5.176395003123258,Kali Sindh,3,3
5137,no trend,0.7081692106038104,-0.03051643192488263,-0.00590448497124018,7.805747670645692,8.285867230366161,-0.07125971014357244,-5.130699130337216,Nakti,5,5
4749,no trend,0.7520168837093886,-0.025821596244131457,-0.032208400612745235,45.73737768841912,45.21357362618897,-0.07123613116502082,-5.129001443881499,Rapti,2,2
4257,no trend,0.8725493270758475,-0.013302034428794992,-0.0024309322174873717,3.271342622887468,3.4128746946622472,-0.07122828802620154,-5.128436737886511,Ken,2,2
5082,no trend,0.729982701029817,-0.028169014084507043,-0.18779625286774668,269.65425381013836,263.92320709059345,-0.07115564218014535,-5.123206236970465,Punarbhaba,4,4
5138,no trend,0.7594077836691946,-0.025039123630672927,-0.01766507510932022,23.99362486638087,25.686221314246634,-0.06877257224098758,-4.9516252013511055,Kiul,3,3
3564,no trend,0.8344219897000891,-0.017214397496087636,-0.09311240424876813,124.46009497583125,138.16600313120793,-0.06739168980689475,-4.852201666096422,Kali Sindh,3,3
5139,no trend,0.7226862070785358,-0.028951486697965573,-0.02498784581840804,35.595473026553485,38.43248771859217,-0.06501750810765204,-4.681260583750947,Kiul,3,3
3632,no trend,0.7891853811696212,-0.02190923317683881,-0.04020622887446873,57.588795041710306,62.27728856278409,-0.0645600182704411,-4.648321315471759,Shipra,4,4
4327,no trend,0.6865925646666557,-0.03286384976525822,-0.12382311550369887,196.81961339204798,196.87663711489898,-0.06289375789745666,-4.5283505686168795,Rihand,3,3
4542,no trend,0.7891853811696212,-0.02190923317683881,-0.003216081648351643,5.216111011016483,5.115508129509681,-0.0628692510485738,-4.526586075497313,Ganga,1,1
5276,no trend,0.7594077836691946,-0.025039123630672927,-0.0027811503648046895,4.2787069712839,4.433183615043139,-0.06273483361635195,-4.51690802037734,Gahra,5,5
3928,no trend,0.7668207233743265,-0.024256651017214397,-0.27729912931950973,445.15381354917594,445.4170334252946,-0.06225606757493219,-4.482436865395118,Ganga,1,1
4354,no trend,0.7667761206136001,-0.024256651017214397,-0.005575363826804889,9.333163032518241,9.024978153521676,-0.06177703404887802,-4.4479464515192175,Banas,3,3
3673,no trend,0.8117251184237138,-0.019561815336463225,-0.00451089218749998,7.081099251822915,7.406905007372686,-0.0609011750928347,-4.384884606684098,Padma,1,1
4872,no trend,0.796680051274133,-0.02112676056338028,-0.004736316237922714,6.89377203477959,7.846090372790403,-0.060365303136806436,-4.346301825850063,Bagmati,2,2
3619,no trend,0.826840031012408,-0.017996870109546165,-0.0011811632061688297,1.7006184963189936,1.9608170730366163,-0.060238317098066825,-4.337158831060812,Chandloi,5,5
5087,no trend,0.7081692106038104,-0.03051643192488263,-0.005192963782051283,9.058544018429487,8.853345363583754,-0.05865538470250322,-4.223187698580232,Sudhani,5,5
3569,no trend,0.8878887714688604,-0.011737089201877934,-0.09229889705882356,140.99259005392156,158.15303733017674,-0.05836049602141423,-4.201955713541825,Kali Sindh,3,3
3657,no trend,0.826840031012408,-0.017996870109546165,-0.005196407331363277,7.829455576930064,8.961385465157827,-0.05798665118878198,-4.175038885592302,Chambal,2,2
3622,no trend,0.8572576562971361,-0.01486697965571205,-0.003459809675838073,5.063418189325585,6.008100120932239,-0.05758575267053366,-4.146174192278424,Chandloi,5,5
3311,no trend,0.864897167788448,-0.014084507042253521,-0.009656712112403081,14.296421509156975,16.908639761700336,-0.057111111529364086,-4.112000030114214,Tons,2,2
4930,no trend,0.8496314926030792,-0.01564945226917058,-0.0042511633062435284,7.657905555704978,7.444013338067129,-0.05710848588225881,-4.111810983522634,Jamuni,5,5
3571,no trend,0.9032703219315255,-0.010172143974960876,-0.0052885448739035164,8.520707234690242,9.421510906114268,-0.05613266201784488,-4.041551665284831,Ghar Ganga,4,4
4348,no trend,0.7966408781072201,-0.02112676056338028,-0.01843462298433051,34.08747374927707,33.96263237088595,-0.05427913473554355,-3.908097700959136,Banas,3,3
3757,no trend,0.864897167788448,-0.014084507042253521,-0.0031558123658594313,5.551321418154678,6.027632792509469,-0.05235575016748125,-3.76961401205865,Garni,5,5
4349,no trend,0.7299315899264964,-0.028169014084507043,-0.004725776684210559,9.471847922289475,9.108585178546926,-0.05188266444871136,-3.735551840307218,Son,2,2
4611,no trend,0.8192741807890083,-0.018779342723004695,-0.04715569073275759,94.97162135434623,91.49489127325336,-0.05153915161440558,-3.710818916237202,Kanhar,3,3
4915,no trend,0.7891853811696212,-0.02190923317683881,-0.010858777499999868,20.553884288749998,21.14501008109217,-0.051353853501870717,-3.6974774521346916,Jhim,5,5
4879,no trend,0.8117251184237138,-0.019561815336463225,-0.05537090138889032,111.49220833263895,110.66663982954545,-0.05003395917159452,-3.6024450603548055,Kosi,2,2
3852,no trend,0.8041935186327291,-0.02034428794992175,-0.02566454342769815,50.39828716668328,51.83484515066287,-0.04951214449103056,-3.5648744033542004,Baur,4,4
3687,no trend,0.864897167788448,-0.014084507042253521,-0.004343999401960792,9.18076059960294,8.828114592582072,-0.04920642291629166,-3.5428624499729997,Padma,1,1
5169,no trend,0.8192741807890083,-0.018779342723004695,-0.0022437465333781364,4.47870163360159,4.617164663519571,-0.04859576594930825,-3.498895148350194,Garhi,5,5
3248,no trend,0.8725493270758475,-0.013302034428794992,-0.004984425253267974,8.61538216315768,10.426239407291668,-0.04780654902075315,-3.442071529494227,Sota,4,4
4350,no trend,0.7519696384274834,-0.025821596244131457,-0.001929493818880998,4.175097595570275,4.169866434407617,-0.04627231709293603,-3.3316068306913937,Banas,3,3
2978,no trend,0.8344219897000891,-0.017214397496087636,-0.004963082926925483,10.44232627307252,10.851443185890153,-0.0457366162445457,-3.2930363696072904,Barnar,5,5
4373,no trend,0.8878887714688604,-0.011737089201877934,-0.022417490709074298,48.31565433683881,49.60124994958965,-0.04519541489752267,-3.254069872621632,Johilla,5,5
4612,no trend,0.9186882634841276,-0.008607198748043818,-0.0033413995522769985,8.155717442439167,8.451586460111534,-0.03953576725561775,-2.846575242404478,Panda,5,5
4440,no trend,0.8117251184237138,-0.019561815336463225,-0.007434675468975463,20.103624641648633,19.514666583996213,-0.03809788620766171,-2.743047806951643,Rohini,3,3
2807,no trend,0.8496314926030792,-0.01564945226917058,-0.0042774946255060686,10.786280671705466,11.665356598053451,-0.03666835719552573,-2.640121718077853,Mohana,4,4
4747,no trend,0.8878887714688604,-0.011737089201877934,-0.0018496858563899856,5.095121309568511,5.07899712250526,-0.03641832849626841,-2.6221196517313254,Rapti,2,2
3621,no trend,0.9264090835829735,-0.00782472613458529,-0.0010611275894644643,2.695493039009322,2.993672920886995,-0.0354456755132108,-2.552088636951178,Alnia,5,5
4351,no trend,0.7966408781072201,-0.02112676056338028,-0.013393175180227809,39.01342776889808,39.26387756422559,-0.034110678850605175,-2.4559688772435724,Banas,3,3
3925,no trend,0.8572576562971361,-0.01486697965571205,-0.14593575483630897,423.4397173383556,431.17438858091333,-0.0338461093008364,-2.436919869660221,Ganga,1,1
3628,no trend,0.8955746395901789,-0.010954616588419406,-0.19050775231480088,516.1972243321756,577.8580977259049,-0.032967912548863214,-2.3736897035181515,Chambal,2,2
5277,no trend,0.8955746395901789,-0.010954616588419406,-0.0013691400473484889,4.2800546704308715,4.502261659627525,-0.0304100505669357,-2.1895236408193703,Chilkara,5,5
3400,no trend,0.9418708081099778,-0.006259780907668232,-0.002467540571428577,5.4834470611190484,8.230531944250842,-0.029980329195516867,-2.1585837020772143,Dhund,5,5
3730,no trend,0.9109751026871793,-0.009389671361502348,-0.0027150181818181756,7.345720737121212,9.069556138559554,-0.029935513274736515,-2.1553569557810293,Berach,4,4
3747,no trend,0.9341368400799535,-0.007042253521126761,-0.1843318435623146,557.1763437797955,623.0466764913721,-0.02958555923937542,-2.1301602652350304,Chambal,2,2
4353,no trend,0.864870809885431,-0.014084507042253521,-0.014613737134615558,50.73092135161219,50.5004559919718,-0.02893783204044483,-2.0835239069120277,Banas,3,3
4344,no trend,0.8268225771319824,-0.017996870109546165,-0.0015105000275423626,5.4756091351444205,5.330496531801346,-0.028336947947172116,-2.040260252196392,Mawai,5,5
3787,no trend,0.9418708081099778,-0.006259780907668232,-0.16604130392156807,548.4576279558823,614.1166334241373,-0.027037421702090957,-1.9466943625505488,Chambal,2,2
4873,no trend,0.9264090835829735,-0.00782472613458529,-0.007764443334089542,27.322446213360177,29.27780083333333,-0.026519899422396423,-1.9094327584125423,Balan,5,5
4231,no trend,0.9264090835829735,-0.00782472613458529,-0.003775963465386184,13.735241707187875,14.609621412952439,-0.025845731101823977,-1.8608926393313263,Jadh Ganga,4,4
2930,no trend,0.8802134306063019,-0.012519561815336464,-0.0033445967447917058,13.812833426106772,13.146189369255051,-0.025441568281480132,-1.8317929162665696,Mathabanga,5,5
3686,no trend,0.9109751026871793,-0.009389671361502348,-0.002119707135076248,8.756329528295206,8.393996730229377,-0.02525265619228237,-1.8181912458443306,Padma,1,1
4406,no trend,0.8802134306063019,-0.012519561815336464,-0.002770963523391792,9.85642244258041,11.129757437394781,-0.024896890511572647,-1.7925761168332306,Ganga,1,1
3655,no trend,0.9186882634841276,-0.008607198748043818,-0.004222399460025807,15.036977959997582,17.212967849968436,-0.0245303395488161,-1.766184447514759,Gambhir,4,4
3630,no trend,0.9573544707267698,-0.004694835680751174,-0.008744176522578861,32.04656376655155,35.825114950420875,-0.024407951055230692,-1.7573724759766098,Chhoti Kali Sindh,4,4
4900,no trend,0.9341368400799535,-0.007042253521126761,-0.006893713392857239,29.54913067544643,30.36606681423611,-0.022702029324473967,-1.6345461113621256,Kosi,2,2
4355,no trend,0.9032513608823463,-0.010172143974960876,-0.013269981756410247,59.830938310685895,59.543413632659934,-0.02228622940276232,-1.604608516998887,Banas,3,3
4345,no trend,0.8572298396075151,-0.01486697965571205,-0.004149885197649543,18.999528070349893,18.848992922811444,-0.022016482337511335,-1.585186728300816,Banas,3,3
3597,no trend,0.9264090835829735,-0.00782472613458529,-0.0007886170864479561,3.103529265735569,3.645159536752946,-0.02163463844302531,-1.5576939678978223,Tila,5,5
2931,no trend,0.8878887714688604,-0.011737089201877934,-0.003551539281842858,17.82122048200542,17.08138800837542,-0.020791865860675093,-1.4970143419686068,Bhairab,5,5
4848,no trend,0.8192741807890083,-0.018779342723004695,-0.0368084269871799,185.87320790804486,178.99121495170453,-0.02056437630031818,-1.480635093622909,Mahananda,2,2
3398,no trend,0.9264090835829735,-0.00782472613458529,-0.0011030989390571335,4.6329899248365285,5.4323744587647305,-0.020306018066876184,-1.4620333008150852,Banganga,4,4
3729,no trend,0.9573544707267698,-0.004694835680751174,-0.0008056888136898101,3.305754006219322,4.001739081990741,-0.020133466904818913,-1.4496096171469617,Berach,4,4
3706,no trend,0.9573544707267698,-0.004694835680751174,-0.00030661845601852094,1.0339952522719909,1.53552309947601,-0.019968338875732513,-1.437720399052741,Khari,3,3
4372,no trend,0.8420193729632897,-0.01643192488262911,-0.0060241104890047465,30.304936155693007,30.882233974084595,-0.01950671863330869,-1.4044837415982256,Johilla,5,5
4913,no trend,0.9418708081099778,-0.006259780907668232,-0.001538464927849904,8.003988038272006,8.057986362801977,-0.019092424069515782,-1.3746545330051363,Bagmati,2,2
3679,no trend,0.9573544707267698,-0.004694835680751174,-0.018336816781363702,93.30546866240508,96.49125024568603,-0.019003605751479535,-1.3682596141065264,Padma,1,1
2977,no trend,0.9186882634841276,-0.008607198748043818,-0.0020608196043025787,10.755245991786074,11.450693499978957,-0.017997334434865155,-1.295808079310291,Chandan,4,4
1528,no trend,0.9109751026871793,-0.009389671361502348,-0.007658495180491696,41.19441130807412,42.61707990926978,-0.017970483188422,-1.293874789566384,Padma,1,1
4346,no trend,0.864870809885431,-0.014084507042253521,-0.004357510959757801,24.981044072404735,24.884435317329544,-0.017510989918759486,-1.260791274150683,Banas,3,3
3450,no trend,0.9496102610505923,-0.005477308294209703,-0.0006097146262219666,2.6851275692308803,3.6417807234859003,-0.016742211366266715,-1.2054392183712035,Mendha,3,3
3415,no trend,0.9264090835829735,-0.00782472613458529,-0.028979657548701653,158.4509923429789,178.4866409167719,-0.01623631740720295,-1.1690148533186122,Banas,3,3
5077,no trend,0.9264090835829735,-0.00782472613458529,-0.005498168631897369,35.44640461143236,35.1491185210543,-0.015642408297106995,-1.1262533973917037,Tangon,5,5
4224,no trend,0.9961213012810441,-0.000782472613458529,-0.00022832634770115112,1.2311757009267243,1.470444801380261,-0.015527706139450339,-1.1179948420404244,Jadhang,5,5
3629,no trend,0.965102707616436,-0.003912363067292645,-0.00038211218055554414,2.100435408243055,2.530881648498527,-0.015097986932033599,-1.0870550591064192,Shipra,4,4
4441,no trend,0.9341368400799535,-0.007042253521126761,-0.004909459235013258,33.076688536176306,32.705263086795036,-0.015011220738338852,-1.0808078931603973,Dande,5,5
3892,no trend,0.9573544707267698,-0.004694835680751174,-0.005476835781250067,34.527378436901046,38.66492128009259,-0.014164869861172909,-1.0198706300044496,Pindar,3,3
4409,no trend,0.972854241056627,-0.003129890453834116,-0.001017155691056917,6.596382406199187,7.2912866189078285,-0.013950290863881554,-1.0044209421994719,Ganga,1,1
2912,no trend,0.965102707616436,-0.003912363067292645,-0.0025108585309830244,17.426435290349897,18.84236554354693,-0.013325601422921841,-0.9594433024503726,Padma,1,1
4914,no trend,0.9341368400799535,-0.007042253521126761,-0.0015329509543969288,11.872978083881089,12.44578655575547,-0.012317027513926196,-0.8868259810026862,Lakhandei,5,5
3611,no trend,0.9806083394501892,-0.002347417840375587,-0.0005207160326867804,3.569481389993714,4.415511171376263,-0.011792882238920468,-0.8490875212022737,Gunjali,4,4
3644,no trend,0.9961213012810441,-0.000782472613458529,-0.0004968427846211239,3.7983605671873835,4.590812828441709,-0.01082254500865309,-0.7792232406230225,Idar,5,5
4446,no trend,0.972854241056627,-0.003129890453834116,-0.0010431518889183376,11.301069850389935,11.290667496105849,-0.009239063051658555,-0.665212539719416,Danau,4,4
3414,no trend,0.9418708081099778,-0.006259780907668232,-0.015502248015872834,155.89891967956348,174.19713100526093,-0.008899255645837618,-0.6407464065003085,Banas,3,3
4352,no trend,0.8801900120830837,-0.012519561815336464,-0.00040035663615805694,4.654832924750278,4.553160540102062,-0.008792939160214253,-0.6330916195354263,Banas,3,3
1562,no trend,0.9806083394501892,-0.002347417840375587,-0.0014002541246499241,18.725942933925072,18.835077048042926,-0.0074342893372736085,-0.5352688322836998,Punarbhaba,4,4
5141,no trend,0.965102707616436,-0.003912363067292645,-0.0010293567129629826,12.967802775810187,14.292722088068182,-0.007201964094875307,-0.5185414148310221,Burhi Gandak,2,2
4244,no trend,0.9883642704729187,-0.001564945226917058,-0.0010730624591503586,17.22454538813317,20.781689336261575,-0.005163499664476229,-0.37177197584228844,Pindar,3,3
4938,no trend,0.9573544707267698,-0.004694835680751174,-0.00024251833333333614,5.159390705000001,5.059634830397728,-0.004793198352503874,-0.34511028138027894,Kamala,3,3
3397,no trend,0.9961213012810441,-0.000782472613458529,-0.0001505000137578588,3.3685248504884044,4.983133651522517,-0.0030201881844344257,-0.21745354927927865,Dhund,5,5
3658,no trend,0.9961213012810441,-0.000782472613458529,-0.0004809728151075808,17.658464268269654,20.839181598148148,-0.002308021612280215,-0.1661775560841755,Chambal,2,2
4882,no trend,0.9883642704729187,-0.001564945226917058,-0.003562554053030983,181.9899002938826,195.0498887337963,-0.0018264835095051757,-0.13150681268437264,Bagmati,2,2
5123,no trend,0.9961213012810441,-0.000782472613458529,-0.0004385444551281545,24.876942057323713,24.091655342361108,-0.001820316822966698,-0.13106281125360225,Burhi Gandak,2,2
4917,no trend,0.9961213012810441,-0.000782472613458529,-0.00011594081699349378,9.22198824900327,9.597388605208332,-0.001208045456558618,-0.0869792728722205,Burhi Gandak,2,2
3672,no trend,1.0,0.0,-0.00021451104269291753,131.18856447534893,136.19515342992426,-0.0001575026990980914,-0.011340194335062581,Padma,1,1
4619,no trend,0.9961205372252344,0.000782472613458529,0.0,3.9457900666666665,5.593937024200337,0.0,0.0,Rihand,3,3
3675,no trend,0.9961213012810441,0.000782472613458529,0.002727094444447194,173.6599638138888,178.8691749708544,0.0015246307503188053,0.10977341402295399,Padma,1,1
5080,no trend,0.9806083394501892,0.002347417840375587,0.0005921618446593172,26.26175124618126,26.215475929913723,0.0022588254595966284,0.16263543309095724,Kuliki,5,5
4089,no trend,0.9650958376124996,0.003912363067292645,0.00011982753623189694,3.4852324453804346,4.653279478362794,0.0025751201231106143,0.18540864886396424,Yamuna,1,1
4937,no trend,0.9883642704729187,0.001564945226917058,0.0002045310049019573,4.692471640992647,5.233620298917297,0.0039080214692737555,0.2813775457877104,Kosi,2,2
3862,no trend,0.9883642704729187,0.001564945226917058,0.00023888067628206823,4.06603720682532,4.221462064727484,0.005658719008232736,0.407427768592757,Ramganga,2,2
4255,no trend,0.9418648650720487,0.006259780907668232,0.0004520468046170834,5.65232416760276,7.095208133217593,0.006371156365388897,0.4587232583080006,Paisuni,4,4
3755,no trend,0.972854241056627,0.003129890453834116,0.00031651324945887373,4.328360736310876,4.7453902324758,0.006669909827283901,0.4802335075644409,Andheri,4,4
3617,no trend,0.9961213012810441,0.000782472613458529,0.0002013450039845081,2.4176093456918837,2.669246702763047,0.007543139559789944,0.543106048304876,Chambal,2,2
5136,no trend,0.972854241056627,0.003129890453834116,0.0004001666756465322,4.726399178847881,5.254730672767256,0.007615360340357762,0.5483059445057589,Ulai,5,5
5109,no trend,0.965102707616436,0.003912363067292645,0.003380414856362813,34.52387816843245,35.37183091997054,0.009556799205591217,0.6880895428025676,Chandan,4,4
3560,no trend,0.965102707616436,0.003912363067292645,0.0008501472901002424,7.373296750368109,8.530384498788932,0.009966107509232892,0.7175597406647682,Amjar,5,5
3634,no trend,0.9418708081099778,0.006259780907668232,0.01951656677350436,160.67543433787392,178.05623059175085,0.010960900783220637,0.7891848563918858,Chambal,2,2
4841,no trend,0.9032703219315255,0.010172143974960876,0.002290253368882289,19.623613622071346,19.280022679682236,0.011878893541426249,0.85528033498269,Mahananda,2,2
4953,no trend,0.9186882634841276,0.008607198748043818,0.004388064089826835,34.99223027481114,34.63199163988847,0.012670550788574186,0.9122796567773414,Iwa,5,5
3342,no trend,0.9806083394501892,0.002347417840375587,0.0013439832839262406,9.878966030920619,10.209983518731061,0.013163422658426353,0.9477664314066974,Kuno,4,4
4918,no trend,0.9418708081099778,0.006259780907668232,0.0037130984965986847,26.68225144920408,26.97681924502315,0.01376403371677593,0.991010427607867,Bakalya,5,5
5119,no trend,0.9496102610505923,0.005477308294209703,0.0020721403769840153,14.812453433283736,14.518634486195285,0.014272281452875358,1.0276042646070258,Burhi Gandak,2,2
3924,no trend,0.9496102610505923,0.005477308294209703,0.05760720458553831,379.8944961122134,394.346305815867,0.014608277987124586,1.0517960150729702,Ganga,1,1
4861,no trend,0.9418708081099778,0.006259780907668232,0.004122017121448461,27.69734224218858,27.544816481134255,0.014964765237305812,1.0774630970860184,Kosi,2,2
4880,no trend,0.9496102610505923,0.005477308294209703,0.026031311101029308,159.68913316424678,171.89172768497474,0.015144016208119558,1.090369166984608,Bagmati,2,2
4228,no trend,0.9573544707267698,0.004694835680751174,0.002329857539682505,13.550918024007936,14.781090643059763,0.01576241967487328,1.134894216590876,Bhagirathi,3,3
4919,no trend,0.9186882634841276,0.008607198748043818,0.0015108125436124418,7.648770313035092,8.705426211005893,0.017354837166988872,1.2495482760231988,Bagmati,2,2
4780,no trend,0.9032703219315255,0.010172143974960876,0.0015016839223057415,7.824024008258146,8.531888492639942,0.017600838590438372,1.2672603785115628,Sharda,2,2
3674,no trend,0.9109751026871793,0.009389671361502348,0.029790069281044256,162.16875091552293,168.9068924537037,0.017636976708460563,1.2698623230091606,Padma,1,1
3590,no trend,0.972854241056627,0.003129890453834116,0.004076344493140324,21.162179937160182,22.57618236556187,0.018055951299181812,1.3000284935410904,Ghora Pachhar,4,4
5126,no trend,0.9418708081099778,0.006259780907668232,0.008844770461309714,48.35023736112351,48.558395393339644,0.018214709093379307,1.31145905472331,Burhi Gandak,2,2
4227,no trend,0.972854241056627,0.003129890453834116,0.0006176469078224547,3.0178664431056363,3.3761198457786197,0.018294578866764413,1.3172096784070377,Jadh Ganga,4,4
3851,no trend,0.9496102610505923,0.005477308294209703,0.005602713788377199,29.62377719801261,30.612987921359426,0.01830175415339987,1.3177262990447907,Baur,4,4
1530,no trend,0.9186882634841276,0.008607198748043818,0.009304806051587414,48.21057034350198,49.25531537055977,0.01889096837891522,1.3601497232818958,Padma,1,1
4356,no trend,0.9264090835829735,0.00782472613458529,0.06759051990160957,332.9659799184929,336.64010999978956,0.020077975824583653,1.445614259370023,Son,2,2
3763,no trend,0.9341368400799535,0.007042253521126761,0.0007884705902777771,3.426107341128472,3.9013412241151095,0.020210244246364674,1.4551375857382565,Bilas,5,5
4575,no trend,0.9264090835829735,0.00782472613458529,0.004948048318936369,21.585112772177762,23.65767810853325,0.020915189970192483,1.5058936778538587,Baya,5,5
4375,no trend,0.8955746395901789,0.010954616588419406,0.07136306287929005,326.4558743511185,329.23371837342177,0.021675502506808553,1.5606361804902158,Son,2,2
4357,no trend,0.8878668327270147,0.011737089201877934,0.0009773243051994424,3.955617121748753,3.926426238693182,0.024890937605508708,1.7921475075966269,Son,2,2
5125,no trend,0.8725493270758475,0.013302034428794992,0.00926692336655591,32.349031807987274,34.45751528027146,0.02689376552888495,1.9363511180797164,Burhi Gandak,2,2
4243,no trend,0.9496102610505923,0.005477308294209703,0.00193131056216929,5.883011645876323,6.995591987578915,0.02760753579680527,1.9877425773699795,Kail Ganga,4,4
5130,no trend,0.9186882634841276,0.008607198748043818,0.0035016313060995544,12.342963451133466,12.63953307969171,0.027703802696048344,1.9946737941154806,Jamni,4,4
3939,no trend,0.9418708081099778,0.006259780907668232,0.010920506186868637,36.666505134532834,39.00400146276305,0.02799842523156091,2.0158866166723857,Karmanasa,3,3
4825,no trend,0.864897167788448,0.014084507042253521,0.032847697842151,113.0025523932703,113.64002092155935,0.02890504381799111,2.0811631548953597,Panar,5,5
4940,no trend,0.9186882634841276,0.008607198748043818,0.0021045542214711806,7.176875770971106,7.1179661226094275,0.029566791766348795,2.128809007177113,Kamala,3,3
3633,no trend,0.8802134306063019,0.012519561815336464,0.042936790522875884,123.16122168643791,135.6656108883628,0.031648986240299264,2.278727009301547,Chambal,2,2
3436,no trend,0.9186882634841276,0.008607198748043818,0.05203431148989723,149.566346275442,164.29144263162877,0.03167195482394515,2.2803807473240507,Banas,3,3
4622,no trend,0.8878887714688604,0.011737089201877934,0.06929332407183228,203.54759737044992,212.19886262678872,0.03265489890664685,2.351152721278573,Rihand,3,3
4866,no trend,0.8344219897000891,0.017214397496087636,0.0037749145721583683,10.791705511855046,10.989766660690234,0.03434936053429616,2.4731539584693234,Kosi,2,2
2919,no trend,0.8192741807890083,0.018779342723004695,0.016708087601626002,49.34635493180894,48.616502276767676,0.03436711161676944,2.4744320364073995,Mathabanga,5,5
3918,no trend,0.8420193729632897,0.01643192488262911,0.14018140808823687,365.73580042953427,382.42761886342595,0.03665567055665481,2.639208280079146,Ganga,1,1
3664,no trend,0.8802134306063019,0.012519561815336464,0.0015416925765931195,3.139409756864278,3.9269830791835023,0.03925895644331801,2.826644863918897,Baveri,5,5
4925,no trend,0.729982701029817,0.028169014084507043,0.0550867900094691,130.74524691299717,139.55290869002525,0.03947376699387027,2.8421112235586596,Bagmati,2,2
3748,no trend,0.9186882634841276,0.008607198748043818,0.0019573260119048236,4.585775166994045,4.933008850943813,0.039678137036594535,2.8568258666348063,Aheli,5,5
4771,no trend,0.8496314926030792,0.01564945226917058,0.0049966160119047694,11.663255798244048,12.355503174705385,0.04044040895181036,2.9117094445303455,Ghaghara,1,1
3343,no trend,0.9341368400799535,0.007042253521126761,0.007955151349580827,18.171618835423214,18.883019789709593,0.042128597216828795,3.0332589996116734,Kuno,4,4
4891,no trend,0.8041935186327291,0.02034428794992175,0.00650483652777775,15.26192280326389,15.266860222117003,0.04260755933531267,3.0677442721425123,Balan,5,5
5106,no trend,0.8192741807890083,0.018779342723004695,0.007747579964539031,17.3729641820922,18.168117165751262,0.042643824309675865,3.070355350296662,Ganga,1,1
4078,no trend,0.826840031012408,0.017996870109546165,0.17403897662601694,400.3638613297764,405.35188202840914,0.04293528273635088,3.0913403570172635,Son,2,2
5121,no trend,0.7817101679285825,0.02269170579029734,0.006638716176470499,13.814133688235298,14.97146601423611,0.0443424589826932,3.19265704675391,Dhanauti,5,5
4901,no trend,0.8572576562971361,0.01486697965571205,0.11226034780701717,234.58757698618422,251.7669134636995,0.044588999508548686,3.2104079646155053,Burhi Gandak,2,2
4942,no trend,0.8344219897000891,0.017214397496087636,0.002530507333112296,5.35223470634118,5.394114294652778,0.04691237884263604,3.377691276669795,Kamala,3,3
4256,no trend,0.7966408781072201,0.02112676056338028,0.0026342155437352305,3.9614717481974,5.3205728565109425,0.04950999854295131,3.564719895092494,Yamuna,1,1
3329,no trend,0.8725493270758475,0.013302034428794992,0.0016863531229982783,2.958447251633561,3.37773066876473,0.04992562428356653,3.59464494841679,Chambal,2,2
3713,no trend,0.8496314926030792,0.01564945226917058,0.0007234153386372895,0.9862007850617095,1.443593107825126,0.050112135803084094,3.608073777822055,Banas,3,3
3245,no trend,0.8802134306063019,0.012519561815336464,0.0016784133401863996,2.7955696430900496,3.341266555411406,0.050232847704655484,3.6167650347351947,Sota,4,4
3636,no trend,0.8041935186327291,0.02034428794992175,0.10425670355380795,172.02907835717315,202.7137086248948,0.051430514621350294,3.702997052737221,Chambal,2,2
3698,no trend,0.8572576562971361,0.01486697965571205,0.00152357636868533,2.078110714745004,2.922095121813973,0.05213986215957019,3.7540700754890537,Khari,3,3
3700,no trend,0.8420193729632897,0.01643192488262911,0.003026051842320269,3.8891465208476306,5.780504197201178,0.0523492716048097,3.769147555546298,Khari,3,3
3728,no trend,0.796680051274133,0.02112676056338028,0.0014718844510109865,1.8610098186557766,2.8043379570759677,0.052485986836825246,3.778991052251418,Jashma,5,5
3618,no trend,0.8572576562971361,0.01486697965571205,0.14790395741758325,235.55142605334245,280.9038681916036,0.05265287315897639,3.7910068674463,Chambal,2,2
3434,no trend,0.8572576562971361,0.01486697965571205,0.08592078748196258,144.650327711057,159.48722068907827,0.053873148651493466,3.8788667029075294,Banas,3,3
3615,no trend,0.8878887714688604,0.011737089201877934,0.14112615519781135,220.8677989904777,261.4824227643097,0.0539715647827759,3.8859526643598645,Chambal,2,2
3588,no trend,0.9032703219315255,0.010172143974960876,0.004213375057118799,7.218013247972282,7.7904350856976015,0.054083950520993386,3.894044437511524,Ghora Pachhar,4,4
4817,no trend,0.6937574902034176,0.032081377151799685,0.013329484551366844,23.790760723426477,24.645867983164983,0.0540840540104812,3.8940518887546465,Parman,5,5
3671,no trend,0.737303720794612,0.027386541471048513,0.02086198294346986,35.385877538840155,38.396035460079965,0.054333690167465046,3.912025692057483,Padma,1,1
3643,no trend,0.8572576562971361,0.01486697965571205,0.0015089417346813752,2.182501983418811,2.684206115218855,0.05621556877193629,4.047520951579413,Retam,4,4
3735,no trend,0.8496314926030792,0.01564945226917058,0.0014535426609848473,1.910522146785038,2.540266643879419,0.05722008217078506,4.119845916296525,Berach,4,4
4057,no trend,0.7009498978605979,0.03129890453834116,0.2591259803921596,415.2210740294116,426.48955448863643,0.06075787265243887,4.374566830975599,Son,2,2
3616,no trend,0.826840031012408,0.017996870109546165,0.16729165467033008,230.16058817586995,275.0229665647096,0.06082824891315699,4.3796339217473035,Chambal,2,2
4384,no trend,0.7081143589272578,0.03051643192488263,0.004427366904761896,6.374348645714287,6.968249395440868,0.06353628656945888,4.574612633001039,Son,2,2
2914,no trend,0.796680051274133,0.02112676056338028,0.026738806561996835,36.61910761704911,41.3916063664878,0.06459958650854772,4.6511702286154355,Kalindi,5,5
4223,no trend,0.8802134306063019,0.012519561815336464,0.0011924033588235428,1.6268711599284307,1.8343521247763046,0.06500406016478182,4.68029233186429,Jadh Ganga,4,4
4833,no trend,0.7742550657745815,0.023474178403755867,0.031164431281565406,43.997814377004424,47.34787547271675,0.06582012597275515,4.73904907003837,Kosi,2,2
3608,no trend,0.826840031012408,0.017996870109546165,0.1616883597449898,199.01629147905285,241.11486306544612,0.06705864486715717,4.828222430435316,Chambal,2,2
5127,no trend,0.796680051274133,0.02112676056338028,0.03246764097222246,45.082123453819435,47.68025817660985,0.0680945158727137,4.902805142835387,Burhi Gandak,2,2
3775,no trend,0.8117251184237138,0.019561815336463225,0.004116963797905523,5.248081907257687,6.041664905689184,0.06814286893052857,4.906286562998057,Parbati,3,3
4574,no trend,0.7520168837093886,0.025821596244131457,0.0032683864704545493,4.169982277798863,4.775496448131313,0.06844076853482936,4.927735334507714,Gandak,2,2
4881,no trend,0.6794556908944689,0.033646322378716745,0.14141194897958995,187.31524443622456,201.6321309583333,0.07013363808013928,5.049621941770028,Burhi Gandak,2,2
4576,no trend,0.729982701029817,0.028169014084507043,0.12769856332236815,171.35996858538928,180.79657919633837,0.07063107271719575,5.085437235638094,Burhi Gandak,2,2
4847,no trend,0.43382633879160837,0.06338028169014084,0.0754512690104165,106.72133803346354,106.27392100605009,0.0709969748891839,5.1117821920212405,Mahananda,2,2
3666,no trend,0.8420193729632897,0.01643192488262911,0.026434715120719456,30.57246547571446,36.98110792532618,0.07148167430272115,5.1466805497959225,Chambal,2,2
3623,no trend,0.8572576562971361,0.01486697965571205,0.21324894373219375,242.3318864141738,292.97482853945706,0.07278746259372722,5.24069730674836,Chambal,2,2
3589,no trend,0.8878887714688604,0.011737089201877934,0.005842527240338349,6.980880757967989,7.870364220759679,0.07423452176364978,5.344885566982784,Ghora Pachhar,4,4
2913,no trend,0.7520168837093886,0.025821596244131457,0.01527795414472242,18.69055601952902,20.470046144055132,0.07463566050220855,5.373767556159015,Ichamati,4,4
3613,no trend,0.8420193729632897,0.01643192488262911,0.010615722180134686,11.511160804271885,14.168324129313971,0.07492574339240994,5.394653524253516,Gunjali,4,4
4340,no trend,0.7594077836691946,0.025039123630672927,0.1707432059884558,212.82829827074318,227.3920697666246,0.07508758162221389,5.4063058767994,Rihand,3,3
3609,no trend,0.8802134306063019,0.012519561815336464,0.002204405320010443,2.421908949472962,2.928502123416456,0.07527415815696027,5.4197393873011395,Khoki,5,5
4875,no trend,0.6442115023036941,0.03755868544600939,0.0533985771655702,69.7092530939556,70.42259622760943,0.07582591387710738,5.459465799151731,Kamala,3,3
2910,no trend,0.7594077836691946,0.025039123630672927,0.005707760099067584,6.633311320649767,7.5249652856239475,0.07585098246196512,5.461270737261488,Padma,1,1
3766,no trend,0.8572576562971361,0.01486697965571205,0.002195651618639982,2.3582756008716146,2.892370215815446,0.07591184581538646,5.465652898707825,Khul,4,4
5132,no trend,0.6723474310081521,0.03442879499217527,0.1237937791005279,157.33127596693123,162.67015972569445,0.07610109887964543,5.479279119334471,Burhi Gandak,2,2
3736,no trend,0.796680051274133,0.02112676056338028,0.023747617037563208,24.55784964933317,30.89184128989899,0.07687342691783218,5.534886738083917,Berach,4,4
3688,no trend,0.637254471508776,0.03834115805946792,0.013039689880364904,15.447190184247045,16.829175522558923,0.07748264234861449,5.578750249100243,Padma,1,1
5196,no trend,0.5761320910860721,0.04538341158059468,0.00924982330059522,11.750135099912205,11.928885399068813,0.07754138790969754,5.582979929498223,Kosi,2,2
5129,no trend,0.7594077836691946,0.025039123630672927,0.10858817529323536,133.02874577709014,137.37824945280934,0.07904320787734041,5.69111096716851,Burhi Gandak,2,2
5090,no trend,0.7154148441443793,0.0297339593114241,0.17346697330598915,191.67304753097073,207.33749693571127,0.08366406263685902,6.023812509853849,Burhi Gandak,2,2
3566,no trend,0.8117251184237138,0.019561815336463225,0.011485799404761935,12.051519071130953,13.720136437605218,0.08371490660457838,6.027473275529643,Ujar,5,5
3734,no trend,0.826840031012408,0.017996870109546165,0.022510085208333308,20.3907897334375,26.88480368537458,0.0837279136264583,6.0284097811049975,Berach,4,4
3770,no trend,0.8192741807890083,0.018779342723004695,0.004907197591269841,5.1142155709265875,5.844319231992845,0.08396525577191209,6.04549841557767,Khul,4,4
3607,no trend,0.7668207233743265,0.024256651017214397,0.19665351209677373,189.81700127889786,231.40027363141832,0.08498413118128359,6.118857445052418,Chambal,2,2
4411,no trend,0.6723474310081521,0.03442879499217527,0.9356179320987612,1062.68500791807,1096.0185144539141,0.08536515759178834,6.14629134660876,Son,2,2
3341,no trend,0.7226862070785358,0.028951486697965573,0.004889952617715614,5.310283586237763,5.6548486078009255,0.08647362567708482,6.226101048750107,Karai,5,5
3669,no trend,0.6582189629917612,0.03599374021909233,0.021189916666666593,22.97617372916667,24.151962125220958,0.0877357978486509,6.316977445102865,Padma,1,1
3650,no trend,0.7520168837093886,0.025821596244131457,0.04095916361153442,38.75418450429052,46.35125202670454,0.0883668980245376,6.3624166577667065,Chambal,2,2
5173,no trend,0.5695150128741793,0.04616588419405321,0.07830975443165189,87.17270900934302,88.42363817598905,0.08856201355998544,6.376464976318951,Gandak,2,2
4921,no trend,0.6511998403435748,0.036776212832550864,0.11055121419753079,118.62769756265433,124.62761341282618,0.08870523246829125,6.3867767377169695,Bagmati,2,2
4941,no trend,0.6097495826361756,0.041471048513302036,0.05051581849238348,55.578542443520384,56.4910689371633,0.08942266351619887,6.438431773166319,Kamala,3,3
3773,no trend,0.8192741807890083,0.018779342723004695,0.014400241335271357,13.112744678431202,16.094149129840066,0.08947500870718264,6.44220062691715,Khul,4,4
5131,no trend,0.6794556908944689,0.033646322378716745,0.13650910947100592,147.01105490544597,152.15522931649832,0.08971700156755907,6.459624112864253,Burhi Gandak,2,2
3860,no trend,0.7668207233743265,0.024256651017214397,0.01191219791666646,11.782080003125007,13.167303349484428,0.0904680146002172,6.5136970512156385,Gaula,4,4
4858,no trend,0.5961979541459173,0.04303599374021909,0.03358168709077379,34.68486634577753,37.09104034772727,0.09053854185794356,6.518775013771936,Kosi,2,2
2933,no trend,0.6582189629917612,0.03599374021909233,0.012519797994987458,12.687040717011278,13.800818712805134,0.09071779186093447,6.531681013987281,Padma,1,1
3699,no trend,0.7446486544907949,0.026604068857589983,0.0025853257642124905,1.7821371832871233,2.8157017258122896,0.09181816882491915,6.610908155394179,Sameliya,5,5
3767,no trend,0.8041935186327291,0.02034428794992175,0.002974311623563231,2.7329659398635058,3.192107602436869,0.09317704770643158,6.708747434863073,Bamnidai,5,5
3670,no trend,0.6029566352766689,0.04225352112676056,0.03035962922979804,31.83620737484217,32.50932438811027,0.09338745052758325,6.723896437985994,Padma,1,1
4946,no trend,0.4395589046351571,0.06259780907668232,0.015324072023809508,15.967447026488095,16.408062538194446,0.09339354959269786,6.724335570674246,Iwa,5,5
5174,no trend,0.5054169484685467,0.0539906103286385,0.10260358126615013,106.725223448385,108.21158919930556,0.09481755330029713,6.826863837621394,Gandak,2,2
3917,no trend,0.6165763246166498,0.0406885758998435,0.331969379173344,323.6024731643463,348.7704831269991,0.09518276208381508,6.853158870034686,Ganga,1,1
2918,no trend,0.7154148441443793,0.0297339593114241,0.01154204066358024,10.81338053560957,11.978298914635943,0.0963579281652201,6.9377708278958465,Ichamati,4,4
4331,no trend,0.5694389703953568,0.04616588419405321,0.004772121155035084,4.752455869829587,4.94832493998527,0.09643912259022525,6.943616826496218,Gopat,4,4
5105,no trend,0.6652683394768646,0.035211267605633804,0.006608055928515277,6.174481443704375,6.72848221274516,0.09821020134374778,7.07113449674984,Ganga,1,1
3649,no trend,0.7446486544907949,0.026604068857589983,0.003641561208333326,2.8029989416874996,3.653437281929714,0.09967493424192257,7.176595265418425,Pingla,5,5
3308,no trend,0.7594077836691946,0.025039123630672927,0.0034680633564815023,2.1793049529282396,3.4778789020086283,0.09971777207304552,7.179679589259278,Rupin,4,4
4219,no trend,0.5179259057262735,0.05242566510172144,0.3393995106534088,310.23675308013736,339.07968425294615,0.10009432189992959,7.206791176794931,Ganga,1,1
3772,no trend,0.7817101679285825,0.02269170579029734,0.013063507699450905,10.703271297502827,12.801478218202863,0.10204686893795947,7.347374563533082,Khul,4,4
2957,no trend,0.6652683394768646,0.035211267605633804,0.03452124090130411,31.899505835503703,33.7782603564394,0.10219958203005286,7.358369906163806,Gumani,4,4
5177,no trend,0.48088440255926135,0.05712050078247261,0.014155345282567003,13.492466704968871,13.617572633090276,0.1039491079942541,7.4843357755862945,Gandak,2,2
3573,no trend,0.6652683394768646,0.035211267605633804,0.01818025166666635,14.06150969500001,17.42669213299663,0.10432416851068878,7.511340132769592,Chhapi,4,4
4215,no trend,0.5498843783585525,0.048513302034428794,0.35091241519841326,305.22167355212304,334.96265592887204,0.1047616529745119,7.542839014164857,Ganga,1,1
3640,no trend,0.7594077836691946,0.025039123630672927,0.023842163272270067,18.440542674667743,22.37104165426136,0.10657600857726926,7.6734726175633865,Idar,5,5
3606,no trend,0.737303720794612,0.027386541471048513,0.006034376087962933,4.349036265543983,5.596840426852904,0.10781754754005117,7.762863422883684,Ansar,5,5
4939,no trend,0.5629344246630752,0.046948356807511735,0.05324885411862985,48.174739762121966,49.13685761930766,0.10836845638599898,7.802528859791927,Kamala,3,3
3970,no trend,0.6794556908944689,0.033646322378716745,0.008659323047785557,6.868120031803612,7.874096414846381,0.10997227607549552,7.918003877435678,Karmanasa,3,3
3432,no trend,0.7009498978605979,0.03129890453834116,0.14236063433453805,99.1147166061239,129.30781450936445,0.1100943781895164,7.9267952296451805,Banas,3,3
3703,no trend,0.737303720794612,0.027386541471048513,0.002549115450680271,1.8150373098341834,2.3052246819034092,0.11057991312913944,7.961753745298039,Banas,3,3
4058,no trend,0.4869560812360789,0.056338028169014086,0.5998622408730158,518.2914446573413,539.1587096117424,0.1112589354820934,8.010643354710725,Son,2,2
5142,no trend,0.7009498978605979,0.03129890453834116,0.01805829511363636,15.083123381799242,16.20542764242424,0.11143362280895007,8.023220842244404,Burhi Gandak,2,2
3733,no trend,0.7668207233743265,0.024256651017214397,0.019703672818538655,12.415585923275211,17.640895914930557,0.11169315273756729,8.041906997104844,Berach,4,4
4245,no trend,0.5961255811424351,0.04303599374021909,0.005847701330266965,3.611778723608856,5.208554135822812,0.11227110591110684,8.083519625599692,Usra,5,5
4566,no trend,0.6165763246166498,0.0406885758998435,1.018264478511537,838.3847760128405,902.2921749031987,0.1128530765126917,8.125421508913803,Son,2,2
3668,no trend,0.5894740020112736,0.04381846635367762,0.00946846403769841,8.304562064161706,8.361731232011785,0.11323568977497918,8.152969663798501,Padma,1,1
4832,no trend,0.6723474310081521,0.03442879499217527,0.008368932172072886,6.377901462058079,7.313090482992424,0.1144376948642433,8.239514030225518,Ganga,1,1
3652,no trend,0.6165763246166498,0.0406885758998435,0.08308060903679651,60.79324921252705,72.03142700557659,0.11533939072228086,8.304436132004222,Chambal,2,2
4916,no trend,0.5054169484685467,0.0539906103286385,0.10910999202898522,85.71952859547103,91.94971715589226,0.11866267282149362,8.543712443147541,Bagmati,2,2
4234,no trend,0.5369851790476614,0.050078247261345854,0.019691452925531965,12.253896279476951,16.4676390207439,0.11957666123678752,8.609519609048702,Girthi Ganga,4,4
2920,no trend,0.4930689350662878,0.05555555555555555,0.009411610813492073,6.926660895287699,7.660342548000841,0.12286148764911656,8.846027110736392,Padma,1,1
4614,no trend,0.637254471508776,0.03834115805946792,1.0941741787133614,821.875084989009,890.3416761416246,0.12289373934005461,8.848349232483931,Son,2,2
4341,no trend,0.3949258884499005,0.06885758998435054,0.6895770194713466,533.0967691421005,556.1129084084596,0.12399946288692493,8.927961327858595,Son,2,2
3771,no trend,0.7817101679285825,0.02269170579029734,0.011850270529513984,7.832080575368919,9.547205638183922,0.12412292118354491,8.936850325215234,Khul,4,4
5128,no trend,0.5369851790476614,0.050078247261345854,0.1106390998883927,85.14659874562874,88.6694030212016,0.12477708896036883,8.983950405146556,Burhi Gandak,2,2
4618,no trend,0.6029566352766689,0.04225352112676056,0.007242518817640634,5.586214402807091,5.762321507636785,0.12568751688086388,9.0495012154222,Rihand,3,3
3718,no trend,0.5695150128741793,0.04616588419405321,0.01136621587357953,6.378486078154594,9.030922844938974,0.1258588526193564,9.061837388593661,Kothari,4,4
5117,no trend,0.5054169484685467,0.0539906103286385,0.014709600972222263,10.952383132152777,11.645170978482746,0.12631502791501978,9.094682009881424,Burhi Gandak,2,2
2921,no trend,0.5179259057262735,0.05242566510172144,0.11614649010416693,88.58487276796875,91.79317381328913,0.12653063978418852,9.110206064461574,Padma,1,1
4525,no trend,0.4992226615640707,0.054773082942097026,0.011196248224206335,8.558786429290675,8.732980613511153,0.12820649351819424,9.230867533309986,Gandak,2,2
4936,no trend,0.5179259057262735,0.05242566510172144,0.055992657063692546,42.574185715905585,43.45628216155303,0.12884824535963363,9.27707366589362,Kamala,3,3
3612,no trend,0.6582189629917612,0.03599374021909233,0.012265531660231692,7.177507942728442,9.334185290056817,0.13140441590866503,9.461117945423883,Gunjali,4,4
4865,no trend,0.5961979541459173,0.04303599374021909,0.012803022093253976,8.837852182356151,9.656551894265572,0.1325837859459638,9.546032588109393,Ganga,1,1
3645,no trend,0.6865925646666557,0.03286384976525822,0.01920840075306638,11.768296456599476,14.476428004198233,0.132687433305342,9.553495197984624,Retam,4,4
4253,no trend,0.5694389703953568,0.04616588419405321,0.02546198352272716,15.817618505776519,19.045583018097645,0.13368970379395828,9.625658673164995,Paisuni,4,4
4854,no trend,0.3096290813784828,0.08215962441314555,0.013857524389862319,10.020191534159887,10.302913932919823,0.1345010205858832,9.68407348218359,Kankai,4,4
4910,no trend,0.35314920453786036,0.07511737089201878,0.07587348958333293,53.07218472395835,56.389634602409515,0.13455219229260776,9.68775784506776,Bagmati,2,2
4911,no trend,0.4511535370128277,0.06103286384976526,0.11019161820794154,75.30280684528475,81.69867013797348,0.1348756571212835,9.711047312732411,Bagmati,2,2
2929,no trend,0.48088440255926135,0.05712050078247261,0.14870500473138015,106.579824207036,110.1335551003788,0.13502243216960197,9.721615116211343,Padma,1,1
3639,no trend,0.7226862070785358,0.028951486697965573,0.024170572803171503,14.218475165487412,17.75594957856692,0.13612661320207636,9.801116150549499,Retam,4,4
4072,no trend,0.6233679748593701,0.03990610328638498,0.03629318965298131,23.50315757148583,26.25740874670665,0.1382207589602055,9.951894645134796,Tons,2,2
3665,no trend,0.6442115023036941,0.03755868544600939,0.020195240465583502,11.003575180138453,14.567933326536194,0.13862804018190347,9.98121889309705,Chamla,5,5
3738,no trend,0.5695150128741793,0.04616588419405321,0.005867966187533212,3.1686130599259044,4.169352033902567,0.1407404829292076,10.133314770902947,Gambhiri,4,4
4230,no trend,0.6165763246166498,0.0406885758998435,0.0041001344956636526,2.5023312195706073,2.9035512796306815,0.14121102404587707,10.167193731303149,Jadh Ganga,4,4
5179,no trend,0.4629192952859549,0.0594679186228482,0.013633992255608915,9.397366983259216,9.654237324327653,0.14122288273619193,10.168047557005819,Gandak,2,2
4843,no trend,0.17812023020364975,0.10876369327073553,0.10782035973639462,74.01932864981254,75.90327299142466,0.14204968440369609,10.227577277066118,Mahananda,2,2
4613,no trend,0.5054169484685467,0.0539906103286385,1.136176844287471,721.6525241111281,791.6194845996423,0.14352562896580126,10.333845285537691,Son,2,2
4235,no trend,0.5695150128741793,0.04616588419405321,0.0613130984848486,36.07540713712121,42.639368947685185,0.1437945729451917,10.353209252053803,Dhauli Ganga,4,4
4610,no trend,0.5827852327137752,0.04460093896713615,0.017543404095441584,11.251651662945157,12.188834369760102,0.1439301213163246,10.362968734775372,Kanhar,3,3
4922,no trend,0.5498843783585525,0.048513302034428794,0.00784461859330483,4.318578781604345,5.438565846650884,0.14424057397660475,10.385321326315543,Burhi Gandak,2,2
4823,no trend,0.27405121710465385,0.08841940532081377,0.06747146056547623,43.80799069159226,46.46652931927609,0.14520443328545843,10.454719196553008,Keshaliya,5,5
4342,no trend,0.5369851790476614,0.050078247261345854,1.144639922470552,714.6761340022955,784.1817219991583,0.14596615686890246,10.509563294560976,Son,2,2
4206,no trend,0.4992226615640707,0.054773082942097026,0.005772185302439108,3.6341581288467446,3.9112479634311867,0.14757911941168242,10.625696597641134,Lastar,5,5
3685,no trend,0.47485419172648413,0.057902973395931145,0.1534551188500468,100.74017282249,103.89613436868687,0.14770050857281602,10.634436617242754,Padma,1,1
3641,no trend,0.6234363808595347,0.03990610328638498,0.0048794808809523894,2.6348708783095236,3.2398170731060607,0.1506097650221455,10.843903081594474,Retam,4,4
4326,no trend,0.5961979541459173,0.04303599374021909,0.045460341763565865,26.93366142156008,30.032347025841748,0.15137125887779895,10.898730639201524,Rihand,3,3
4442,no trend,0.4930689350662878,0.05555555555555555,0.016696523131613687,10.469212170494382,10.832896806502525,0.15412796253714406,11.097213302674373,Gandak,2,2
4362,no trend,0.38954613981986475,0.06964006259780908,0.28263281961697706,167.12262727859732,183.01504387079123,0.15443146838601754,11.119065723793263,Son,2,2
3614,no trend,0.5827852327137752,0.04460093896713615,0.018601082150383152,9.348499487828065,12.005686788068182,0.15493559409587285,11.155362774902844,Chambal,2,2
3971,no trend,0.5695150128741793,0.04616588419405321,0.022333129538690467,12.46848186387649,14.341901359511787,0.15571944736517634,11.211800210292697,Karmanasa,3,3
3732,no trend,0.637254471508776,0.03834115805946792,0.02082515565760654,8.711143403321634,13.319056470566077,0.15635608801290293,11.257638336929011,Berach,4,4
3604,no trend,0.5827852327137752,0.04460093896713615,0.0069342995833332885,3.548474180208335,4.393353263864689,0.15783614853756178,11.36420269470445,Ahu,4,4
3600,no trend,0.5434157270143498,0.04929577464788732,0.01731290385944696,8.522101208822967,10.801109310633418,0.16028820153132647,11.540750510255506,Ahu,4,4
3667,no trend,0.468865731616952,0.05868544600938967,0.00430816094285714,2.3216761394452385,2.6815088649642256,0.16066181988604447,11.567651031795203,Chambal,2,2
3737,no trend,0.6442115023036941,0.03755868544600939,0.018740685245098067,8.733960040465686,11.578405488794191,0.1618589473588196,11.653844209835011,Gambhiri,4,4
3601,no trend,0.5761320910860721,0.04538341158059468,0.006906602285974502,3.3188908288479055,4.259775934303452,0.162135342151602,11.673744634915344,Ahu,4,4
4840,no trend,0.09936031287120262,0.13302034428794993,0.033447031681585714,19.691632029470373,20.627287639867422,0.1621494413882168,11.674759779951609,Balasan,4,4
4907,no trend,0.338231370166147,0.07746478873239436,0.06433209455555557,37.99776489744444,39.668328540867,0.1621749565003212,11.676596868023127,Bagmati,2,2
3651,no trend,0.5498843783585525,0.048513302034428794,0.03263263240291571,16.527507712196496,20.073357678514313,0.16256688554822257,11.704815759472025,Chambal,2,2
5124,no trend,0.34315838025944156,0.07668231611893583,0.05318134665178596,31.074162327194934,32.71128344446549,0.16257798854659083,11.70561517535454,Burhi Gandak,2,2
4361,no trend,0.35314920453786036,0.07511737089201878,0.29051525094962033,162.57310663295516,178.67109242813552,0.16259779184283568,11.707041012684169,Son,2,2
3719,no trend,0.6723474310081521,0.03442879499217527,0.07458732944376198,34.454481388079785,45.80713866820286,0.16282905156775698,11.723691712878503,Berach,4,4
3438,no trend,0.5629344246630752,0.046948356807511735,0.0006734804179292924,0.2625720809968435,0.40934888962352695,0.16452479413067025,11.845785177408258,Dai,4,4
3724,no trend,0.5054169484685467,0.0539906103286385,0.12900657885849365,58.804862742190146,78.0360732339015,0.16531659463670814,11.902794813842986,Banas,3,3
4968,no trend,0.28267229215716716,0.08685446009389672,0.029311597904577713,16.509190545220825,17.70125377497159,0.16559051848644973,11.92251733102438,Kamala,3,3
2915,no trend,0.4224917781104891,0.0649452269170579,0.1180993625,63.50471973541668,71.01417638076599,0.16630392482026576,11.973882587059135,Ichamati,4,4
3695,no trend,0.5629344246630752,0.046948356807511735,0.007025476845238078,2.722544430327382,4.221691839633839,0.16641377703796167,11.98179194673324,Mansi,5,5
3642,no trend,0.6652683394768646,0.035211267605633804,0.013919614232568052,6.6407888114105,8.280403620428238,0.16810308857683642,12.103422377532222,Retam,4,4
4860,no trend,0.24927359025181262,0.09311424100156494,2.575584529900329,1424.142770855205,1526.2625170517676,0.1687510831934406,12.150077989927723,Kosi,2,2
3722,no trend,0.5629344246630752,0.046948356807511735,0.12630872468932747,56.484306877695545,74.7736090061027,0.1689215304279598,12.162350190813106,Banas,3,3
4867,no trend,0.40035031770802365,0.06807511737089202,0.02541569807098764,13.021899464313273,15.04198876295244,0.1689650116850576,12.165480841324147,Lohra,5,5
4204,no trend,0.40035031770802365,0.06807511737089202,0.03866761966016065,21.187995922897628,22.856335567098064,0.16917681115875416,12.1807304034303,Bhillangana,4,4
3964,no trend,0.48687027670184957,0.056338028169014086,0.010047318879251699,4.635539921453231,5.902358833551137,0.17022548378690758,12.256234832657345,Son,2,2
4859,no trend,0.28267229215716716,0.08685446009389672,2.5404697562358263,1365.2163240702948,1481.1626747253786,0.17151861841960425,12.349340526211506,Kosi,2,2
4862,no trend,0.24927359025181262,0.09311424100156494,2.6850891557734213,1452.6295503867102,1554.6385969076177,0.172714685015181,12.435457321093033,Kosi,2,2
4105,no trend,0.41133262486980504,0.06651017214397496,0.3715716396963822,195.2094922074451,214.36237911405726,0.17333808349770063,12.480342011834445,Son,2,2
4252,no trend,0.5433363227635004,0.04929577464788732,0.0255864040679825,10.721692697253287,14.758075185753366,0.17337223009056227,12.482800566520483,Yamuna,1,1
3637,no trend,0.5894740020112736,0.04381846635367762,0.00625633573809524,2.601112079630952,3.6055595660858586,0.1735191340878893,12.493377654328029,Somli,5,5
3721,no trend,0.6442115023036941,0.03755868544600939,0.09545487359109384,41.71391561251617,54.95870671707702,0.1736847158403632,12.505299540506151,Berach,4,4
4898,no trend,0.24927359025181262,0.09311424100156494,2.5002753536184246,1312.3659741132124,1431.537339470749,0.1746566634819876,12.575279770703109,Kosi,2,2
3704,no trend,0.5369851790476614,0.050078247261345854,0.16035975833333313,67.13554378750001,90.51320705203072,0.1771672483565318,12.75604188167029,Banas,3,3
5088,no trend,0.4629192952859549,0.0594679186228482,0.014198604557780558,6.858388117365457,8.002306420275675,0.17743140304906524,12.775061019532696,Nagri,5,5
3602,no trend,0.4511535370128277,0.06103286384976526,0.04428239708333333,20.250999811874998,24.700371841803456,0.17927826093852084,12.9080347875735,Ahu,4,4
4902,no trend,0.2783390390292886,0.08763693270735524,2.589539544270835,1319.970035345052,1443.7158832712544,0.17936628489556458,12.91437251248065,Kosi,2,2
3717,no trend,0.5827852327137752,0.04460093896713615,0.006551027748338824,2.738769417017305,3.6427624226809763,0.17983681031598656,12.948250342751033,Berach,4,4
3562,no trend,0.5498843783585525,0.048513302034428794,0.07666269375000004,33.15835745520833,42.60208963060816,0.17995054800063254,12.956439456045542,Ahu,4,4
3561,no trend,0.5116514737677185,0.053208137715179966,0.06045442281707318,26.452419656660567,33.372518356386784,0.18115031707070287,13.042822829090607,Ahu,4,4
3603,no trend,0.5563907438061542,0.04773082942097027,0.00544611092782331,2.706230919145606,3.0041036742813554,0.18128904719395658,13.052811397964874,Dudhaliya,5,5
4896,no trend,0.22610606469567318,0.09780907668231612,2.534408823028672,1276.8198534491487,1391.556966345749,0.18212756533310095,13.113184703983269,Kosi,2,2
4886,no trend,0.22610606469567318,0.09780907668231612,2.5110547191134565,1268.7804508048057,1378.3751471022726,0.18217498511870234,13.11659892854657,Kosi,2,2
3244,no trend,0.45701514595618686,0.06025039123630673,0.0041940575304259715,1.853532945169878,2.294698865639731,0.18277158686164796,13.159554254038653,Sota,4,4
4039,no trend,0.5695150128741793,0.04616588419405321,0.01005731139520202,4.9782346579703285,5.487469115768097,0.183277776749624,13.195999925972929,Ganga,1,1
3725,no trend,0.5434157270143498,0.04929577464788732,0.14829915250445086,59.924784252758656,80.36473468513259,0.18453262253087,13.286348822222639,Banas,3,3
3610,no trend,0.5242399029172564,0.051643192488262914,0.011011264422077931,4.480847733849568,5.911203611817131,0.1862778741044418,13.412006935519809,Gunjali,4,4
3330,no trend,0.4992226615640707,0.054773082942097026,0.020970972916666705,9.688309890625,11.166502493781566,0.18780251854459423,13.521781335210784,Kadwal,5,5
3702,no trend,0.5761320910860721,0.04538341158059468,0.18313971262626264,71.23044403510102,97.49541973953073,0.18784442706697366,13.524798748822104,Banas,3,3
3739,no trend,0.4629192952859549,0.0594679186228482,0.008413458942901231,3.45003354086034,4.463378110512416,0.18849980294264893,13.571985811870723,Kadmali,5,5
4816,no trend,0.2783390390292886,0.08763693270735524,0.024532610656639746,11.69844588418929,12.997691596748739,0.1887459051788578,13.589705172877762,Singhyahi,5,5
3440,no trend,0.5179259057262735,0.05242566510172144,0.21953992606209033,86.96061329146247,116.25058578524833,0.1888505976801271,13.597243032969152,Banas,3,3
3599,no trend,0.4511535370128277,0.06103286384976526,0.012333033310528803,5.2779289008095605,6.4843077847558925,0.19019814789672404,13.694266648564131,Kanthali,5,5
4085,no trend,0.5305510165372758,0.05086071987480438,0.01903202434108527,7.917814277558139,9.999549551140571,0.19032881675069485,13.70367480605003,Sokar,5,5
3720,no trend,0.6029566352766689,0.04225352112676056,0.09944203795340852,38.80012273598733,51.96700617850379,0.1913561031625155,13.777639427701116,Berach,4,4
4237,no trend,0.43382633879160837,0.06338028169014084,0.1242801274981962,53.12842832798071,64.69771515511363,0.19209353406102975,13.830734452394141,Dhauli Ganga,4,4
3684,no trend,0.3949258884499005,0.06885758998435054,0.010334528988599241,4.691519309654727,5.274812424024621,0.1959222083714233,14.106399002742478,Padma,1,1
3448,no trend,0.4992226615640707,0.054773082942097026,0.0020825634031531527,0.6816528283547298,1.0432007125053662,0.19963209171432006,14.373510603431043,Mendha,3,3
4965,no trend,0.21873623484799687,0.09937402190923318,1.4928306030618699,680.971404674637,745.4948527860901,0.20024693631120455,14.417779414406727,Kosi,2,2
4885,no trend,0.13306473930212648,0.12128325508607199,2.377426190536725,1081.8093773192795,1183.2980152441078,0.20091525210969574,14.465898151898093,Kosi,2,2
4966,no trend,0.14340298483681213,0.11815336463223787,0.7646012188559332,345.366164397281,378.67095680713385,0.20191704832683086,14.538027479531822,Kosi,2,2
4379,no trend,0.23365141163238423,0.09624413145539906,0.07995883092833117,35.05828379371091,39.30884109964225,0.20341182464689572,14.645651374576492,Son,2,2
3707,no trend,0.4992226615640707,0.054773082942097026,0.036828031055964064,12.214537176679942,18.022386448011364,0.20434602910219896,14.712914095358325,Khari,3,3
5104,no trend,0.3285143688068808,0.07902973395931143,0.014505824367559568,6.528837930784969,7.059191780934344,0.20548845842008842,14.795169006246367,Champa,5,5
3709,no trend,0.4453347120023703,0.061815336463223784,0.004906380455586086,1.5244217475766941,2.3686343965919616,0.20713962706298128,14.914053148534652,Chandrabhaga,5,5
4209,no trend,0.31428178970687237,0.081377151799687,0.027702923826500307,12.078754204159237,13.269236959382365,0.20877556042822962,15.031840350832532,Bhillangana,4,4
5120,no trend,0.28267229215716716,0.08685446009389672,0.041174368890351004,18.317972746059205,19.698867034606483,0.20901896955808114,15.049365808181841,Burhi Gandak,2,2
3731,no trend,0.637254471508776,0.03834115805946792,0.019597560956790137,6.573919940200617,9.352925123243898,0.20953403024778056,15.0864501778402,Berach,4,4
4904,no trend,0.11637258786708138,0.1267605633802817,1.9235916745799737,817.247261802411,916.3123911705596,0.20992749777427405,15.114779839747731,Kosi,2,2
4387,no trend,0.36322752908558575,0.07355242566510173,0.020674177105186473,8.201707004432548,9.836122967908247,0.21018624078449327,15.133409336483515,Son,2,2
4381,no trend,0.2870510439241154,0.08607198748043818,0.16380407030577163,68.36452892081178,76.74710381628788,0.2134335527473127,15.367215797806516,Son,2,2
4214,no trend,0.2870510439241154,0.08607198748043818,0.6498850469663741,263.6597186243604,302.8778801688762,0.21456999322763898,15.449039512390007,Ganga,1,1
3331,no trend,0.47485419172648413,0.057902973395931145,0.03130586927609423,12.340118424031989,14.51144898136574,0.21573220783323793,15.532718963993132,Chambal,2,2
4883,no trend,0.1305725749769009,0.12206572769953052,2.0759395368579847,851.8325914415415,957.5812997968223,0.21678989943709776,15.608872759471039,Kosi,2,2
4383,no trend,0.21873623484799687,0.09937402190923318,0.20393590960930408,82.82661620886971,94.05631612615741,0.2168231948780192,15.611270031217384,Son,2,2
4884,no trend,0.10549131815691903,0.13067292644757433,2.3428000583333324,970.3372266791666,1072.4331221354166,0.21845651817135,15.7288693083372,Kosi,2,2
4577,no trend,0.1812739066944027,0.107981220657277,1.7150173716216233,732.7424401824323,782.4657585646042,0.21918114024155386,15.781042097391877,Gandak,2,2
4073,no trend,0.3735821695493442,0.07198748043818466,0.13235333297258278,58.20287305447331,59.74365567756734,0.2215353772237929,15.95054716011309,Satna,4,4
3648,no trend,0.4224917781104891,0.0649452269170579,0.03648210772095957,12.913491467572602,16.41769817654672,0.2222120746078497,15.999269371765179,Maleni,5,5
4382,no trend,0.2374903017794887,0.09546165884194054,0.18586591603195948,73.8173036475321,83.6071638420665,0.222308600711608,16.006219251235777,Son,2,2
4358,no trend,0.35811822711342356,0.07433489827856025,0.013189917218468454,4.754102117911037,5.89558122100484,0.22372547716712435,16.108234356032952,Gopat,4,4
4818,no trend,0.14340298483681213,0.11815336463223787,0.047560384398148164,19.24999614136574,21.13421672571549,0.22503973066708496,16.202860608030118,Keshaliya,5,5
4207,no trend,0.2914753538276562,0.08528951486697965,0.01615395216141002,6.709134206603278,7.105804215951179,0.22733460802575267,16.368091777854193,Bal Ganga,4,4
2922,no trend,0.2698087511110099,0.0892018779342723,0.06776245587121199,25.555555837405308,29.739066711405727,0.22785669950168033,16.405682364120985,Ichamati,4,4
4438,no trend,0.16005089535061545,0.1134585289514867,1.7272138220828341,712.913626982726,755.7315099043561,0.2285486048214963,16.455499547147735,Gandak,2,2
4246,no trend,0.4280899237449818,0.06416275430359937,0.021698825083870117,6.547213013689278,9.484974076736112,0.22877052597424632,16.471477870145737,Garara,5,5
4386,no trend,0.22985671735809987,0.09702660406885759,0.2636309469627597,99.29337371615536,113.14141942319024,0.23301011098038607,16.776727990587798,Son,2,2
4837,no trend,0.26561155804343417,0.08998435054773082,0.01762323746717176,6.797500328248736,7.511867911896044,0.23460526295015138,16.8915789324109,Ganga,1,1
4380,no trend,0.17812023020364975,0.10876369327073553,0.11363213676660221,41.91790735311895,48.049890627683084,0.23648781564787805,17.02712272664722,Son,2,2
3328,no trend,0.4869560812360789,0.056338028169014086,0.007623482703914143,2.754182286511048,3.216026296818182,0.23704665323963725,17.067359033253883,Sarai,5,5
3705,no trend,0.38954613981986475,0.06964006259780908,0.03897371858333329,10.925532036125004,16.420069824273988,0.2373541586633083,17.0894994237582,Khari,3,3
3647,no trend,0.36332204192852346,0.07355242566510173,0.013200404989247315,4.457701637465054,5.537932667038089,0.2383634071215139,17.162165312749,Maleni,5,5
4087,no trend,0.4510643807588315,0.06103286384976526,0.007020704788647346,2.2169284929196857,2.926733231982323,0.23988195138277468,17.271500499559778,Tons,2,2
3752,no trend,0.4395589046351571,0.06259780907668232,0.00423707512205387,1.0635027552504208,1.7507932964299244,0.2420088728174691,17.424638842857775,Berach,4,4
2916,no trend,0.16890433439895003,0.1111111111111111,0.02239713253676468,8.358132419944853,9.240548844402356,0.24237881227511918,17.451274483808582,Ichamati,4,4
4388,no trend,0.21154056044294678,0.10093896713615023,0.312425614412568,113.24298810502052,128.8566637824074,0.24245980397268593,17.457105886033386,Son,2,2
4097,no trend,0.38411755321746144,0.07042253521126761,0.014272913469827628,5.301720280571118,5.8300048287173825,0.24481821009001994,17.626911126481435,Satna,4,4
4221,no trend,0.295945273327078,0.08450704225352113,0.3899980818798444,131.6780686349322,159.25421061174242,0.2448902797494312,17.632100141959047,Alaknanda,3,3
3751,no trend,0.5563907438061542,0.04773082942097027,0.014547889799603171,4.4014212341974215,5.91287100056292,0.24603766593619536,17.714711947406066,Berach,4,4
4240,no trend,0.30046084574552445,0.0837245696400626,0.24060171173076933,78.78580848355769,96.58254214406566,0.2491151158269162,17.936288339537967,Alaknanda,3,3
3750,no trend,0.4992226615640707,0.054773082942097026,0.008591098761518687,2.41939575729942,3.429827057825126,0.25048198106426844,18.03470263662733,Ahar,5,5
3429,no trend,0.41133262486980504,0.06651017214397496,0.005676585769575405,1.2845552393467399,2.2327099357112794,0.2542464508613835,18.30574446201961,Dai,4,4
2928,no trend,0.1976657456561186,0.10406885758998435,0.03085080141129034,11.319445699899191,12.058141847885102,0.25585037728430204,18.421227164469748,Padma,1,1
3714,no trend,0.42813722853210345,0.06416275430359937,0.0508348144180779,12.780994246491568,19.81216366735059,0.2565838606605649,18.474037967560673,Banas,3,3
3635,no trend,0.42813722853210345,0.06416275430359937,0.060850481822771,16.252258349458295,23.703427880660772,0.25671595740976305,18.483548933502938,Sau,5,5
3447,no trend,0.32372443651094795,0.07981220657276995,0.0026705540689964165,0.6656819563839605,1.0298572540855429,0.2593130318208734,18.670538291102886,Mendha,3,3
4814,no trend,0.15434651244363784,0.11502347417840375,0.02005053773871526,7.021220181108942,7.727392637163299,0.25947352076153524,18.682093494830536,Jaulaha,5,5
4236,no trend,0.22610606469567318,0.09780907668231612,0.0491471882086999,13.92302178525782,18.922711530734425,0.259725928437236,18.700266847480993,Rishi Ganga,4,4
3715,no trend,0.41133262486980504,0.06651017214397496,0.005101105430245535,1.2953378688929502,1.9164880668402777,0.26616943348130256,19.164199210653784,Berach,4,4
4620,no trend,0.32367488239396014,0.07981220657276995,0.008420487894639322,1.954918742240304,3.1447519834048823,0.2677631793882296,19.27894891595253,Mayar,5,5
3726,no trend,0.32372443651094795,0.07981220657276995,0.00441088718341503,1.006326639155433,1.6417738437268516,0.26866594325819254,19.34394791458986,Bahmnai,5,5
4815,no trend,0.14608140660322566,0.11737089201877934,0.02885985010398099,9.293337087975342,10.601874668076599,0.2722145941875841,19.599450781506054,Keshaliya,5,5
4829,no trend,0.34315838025944156,0.07668231611893583,0.02095340628501404,6.152018714382002,7.667253249267677,0.2732843901695221,19.67647609220559,Mahananda,2,2
4339,no trend,0.4808394724171594,0.05712050078247261,0.046915271797740785,11.688361976180202,16.831225198337545,0.27873949308440543,20.069243502077192,Son,2,2
4359,no trend,0.2655174106364968,0.08998435054773082,0.026328573387244175,7.442831915586165,9.4239730983165,0.2793786984806601,20.11526629060753,Goini,4,4
3723,no trend,0.34315838025944156,0.07668231611893583,0.005505240992063495,1.5214875781150792,1.9644111018076602,0.2802489248303243,20.17792258778335,Unli,5,5
4329,no trend,0.2655174106364968,0.08998435054773082,0.06103840860169498,17.448472661306493,21.741950785353538,0.28074025741431397,20.213298533830606,Gopat,4,4
3749,no trend,0.4930689350662878,0.05555555555555555,0.004632293914628912,1.1221149739473402,1.6497797257156988,0.28078257008640073,20.21634504622085,Gadela,5,5
3712,no trend,0.32372443651094795,0.07981220657276995,0.03883823784722222,8.747553818923612,13.830503827325337,0.2808157846750916,20.218736496606596,Banas,3,3
4434,no trend,0.08439370968045279,0.13928012519561817,2.0510001683333337,664.4356943991666,725.4175452085437,0.28273374167476334,20.35682940058296,Gandak,2,2
3701,no trend,0.3684765339307223,0.07276995305164319,0.029636974801587192,6.057782286210321,10.280922739551768,0.28827154480570794,20.755551226010972,Khari,3,3
4035,no trend,0.3095337840955701,0.08215962441314555,0.016294249255952378,3.8922285555803575,5.614805537330598,0.2902014886823493,20.89450718512915,Ganga,1,1
4338,no trend,0.4002575143911704,0.06807511737089202,0.023222856299019587,5.303852222218138,7.939856877967172,0.29248457064084127,21.05888908614057,Son,2,2
2480,no trend,0.1380817350932224,0.11971830985915492,0.06708122889587721,18.97262689919636,22.924844010753368,0.2926136765179793,21.06818470929451,Kevai,5,5
3638,no trend,0.28267229215716716,0.08685446009389672,0.038037180555555,7.849905206944465,12.735474309974748,0.29867109484696075,21.504318828981173,Sau,5,5
4621,no trend,0.2186455113511485,0.09937402190923318,0.033720196626651114,7.625457269753886,11.08605716868687,0.3041676234711789,21.90006888992488,Rihand,3,3
4079,no trend,0.2782443723190171,0.08763693270735524,0.030335073011363633,7.57266189559659,9.972795038321758,0.30417824586584985,21.90083370234119,Tons,2,2
3692,no trend,0.2783390390292886,0.08763693270735524,0.0017951399631410256,0.3230894842251602,0.5838886566254209,0.3074455964799899,22.136082946559274,Khari,3,3
3570,no trend,0.35821290560466945,0.07433489827856025,0.011724514709876545,2.7915964202993826,3.8044613783259678,0.3081780452988997,22.188819261520777,Chauli,5,5
3646,no trend,0.3096290813784828,0.08215962441314555,0.0163611357961703,4.171517002985954,5.305518569862163,0.3083795783716456,22.203329642758483,Maleni,5,5
3711,no trend,0.2698087511110099,0.0892018779342723,0.02817451487400533,5.578444892806144,9.133779575906987,0.30846501866898396,22.209481344166846,Banas,3,3
3710,no trend,0.2374903017794887,0.09546165884194054,0.016735526071428565,3.175784498214286,5.424698586714015,0.30850610045720583,22.21243923291882,Banas,3,3
4241,no trend,0.20107037164659647,0.10328638497652583,0.3266579626436783,82.7042532428161,104.3739970243266,0.3129687201377788,22.533747849920076,Alaknanda,3,3
4868,increasing,0.007834920270909373,0.21439749608763695,0.08880955888157897,24.777019968037276,28.343071680134685,0.31333780573904596,22.56032201321131,Balasan,4,4
4212,no trend,0.14608140660322566,0.11737089201877934,0.6038530200396823,150.58630333025795,192.33457229887415,0.3139596864059042,22.605097421225103,Alaknanda,3,3
3708,no trend,0.27405121710465385,0.08841940532081377,0.00582336154587029,1.2171134992882715,1.836905753348064,0.31702015932261374,22.825451471228188,Gomti,2,2
4431,no trend,0.053617359017357646,0.15571205007824726,2.20622328592995,626.1367498494867,693.8245272274831,0.317980007819268,22.894560562987294,Gandak,2,2
4385,no trend,0.16287935423029332,0.11267605633802817,0.04843359249530328,13.247978358083401,15.20805059302399,0.3184733782876815,22.93008323671307,Kunu,5,5
4336,no trend,0.23360352829634667,0.09624413145539906,0.025113690532051293,5.6926625777788455,7.859613329981061,0.3195283212757212,23.006039131851928,Mayar,5,5
4247,no trend,0.2614107010975748,0.09076682316118936,0.035595219027583,8.351731987020804,11.06450027031776,0.3217065222825536,23.162869604343857,Paisuni,4,4
3740,no trend,0.23365141163238423,0.09624413145539906,0.0047557094916666695,0.8336105330458332,1.4718696260637625,0.32310670778531636,23.263682960542777,Khan,5,5
3741,no trend,0.30046084574552445,0.0837245696400626,0.012044813576306813,2.1977467909577744,3.721869466078493,0.3236226763481229,23.30083269706485,Banas,3,3
4075,no trend,0.2655174106364968,0.08998435054773082,0.3586212507716039,95.70589916010807,110.33755154508627,0.3250219401733449,23.401579692480833,Tons,2,2
3572,no trend,0.28267229215716716,0.08685446009389672,0.017976772476851866,3.1971432354050924,5.374332066295245,0.33449314733624225,24.08350660820944,Chhapi,4,4
5180,increasing,0.04069884661683587,0.1651017214397496,2.201170528492651,584.3795226968441,656.2645276381523,0.3354090364162301,24.14945062196857,Gandak,2,2
4220,no trend,0.11865114122914533,0.12597809076682315,0.3912781706539077,89.60690977511962,115.61855572690446,0.33842160386272424,24.366355478116144,Alaknanda,3,3
3973,no trend,0.36322752908558575,0.07355242566510173,0.06251922591765872,12.334133413256447,18.432862708890994,0.3391726337087234,24.420429627028085,Belan,3,3
4056,no trend,0.10334719640274859,0.13145539906103287,0.33977373874080863,83.70260889970132,100.06608016608796,0.3395493639571551,24.447554204915168,Gopat,4,4
5178,increasing,0.03975288418927492,0.16588419405320814,2.1988501321839093,574.0427473074712,645.8330229035143,0.3404672808922642,24.513644224243023,Gandak,2,2
3690,no trend,0.2698087511110099,0.0892018779342723,0.007581840540366067,1.2940536479003377,2.1883179357039144,0.34646887532488385,24.945759023391638,Kothari,4,4
4334,no trend,0.18438238969907905,0.10719874804381847,0.26395576562499945,62.89850836197919,75.74773400647096,0.34846688034582035,25.089615384899066,Gopat,4,4
4376,no trend,0.10130430682882419,0.1322378716744914,0.01833584903079705,4.527213309406704,5.2502420240267265,0.3492381674385019,25.145148055572136,Son,2,2
4098,no trend,0.3683822061570945,0.07276995305164319,0.03012273535353535,6.864060694949494,8.61803114246107,0.34953152124411024,25.16626952957594,Satna,4,4
4330,no trend,0.18438238969907905,0.10719874804381847,0.1670388139467593,38.45798570905671,47.72469731870792,0.35000497296245947,25.20035805329708,Gopat,4,4
4507,increasing,0.04365195831600177,0.162754303599374,0.3585580159313727,82.83174612193626,102.16315193169193,0.3509660862569225,25.26955821049842,Gandak,2,2
4839,no trend,0.18446884014242082,0.10719874804381847,0.03791213616319443,8.90936756203993,10.680411291003788,0.35496887835329133,25.557759241436976,Marai,5,5
4068,no trend,0.2080075791290077,0.10172143974960876,0.8892911418650817,198.80284842212296,246.3433346958123,0.3609966321853965,25.99175751734855,Tons,2,2
4066,no trend,0.25725889815163994,0.09154929577464789,0.5684969177419343,125.98364950349466,157.34840029208755,0.3612981871354442,26.013469473751982,Tons,2,2
4377,no trend,0.11184811908250736,0.12832550860719874,0.02356922238273062,5.171961384579729,6.504372558217593,0.3623596614703962,26.08989562586853,Gohirari,5,5
4053,no trend,0.1355165602740569,0.12050078247261346,0.016064307162698403,3.7219409346636008,4.423910720340909,0.3631245786411458,26.144969662162495,Belan,3,3
4490,increasing,0.029782014738143348,0.1752738654147105,1.2133036367736265,287.10315743620293,328.5834975434554,0.369252760970799,26.58619878989753,Gandak,2,2
4080,no trend,0.26136560460148184,0.09076682316118936,0.45867793398437506,101.04429609355469,122.08383510869106,0.37570734370853826,27.050928747014755,Tons,2,2
4491,increasing,0.02319530613789267,0.18309859154929578,1.9795400228435662,457.37319685572,524.6471912678873,0.37730880023577673,27.166233616975923,Gandak,2,2
4248,no trend,0.2080075791290077,0.10172143974960876,0.0363491738020834,7.7593721216927065,9.60779026735059,0.3783302173612801,27.239775650012167,Baghain,4,4
4051,no trend,0.26136560460148184,0.09076682316118936,0.028022825701871652,5.436219950083556,7.4040701149463395,0.37847866466449237,27.25046385584345,Belan,3,3
3697,no trend,0.22610606469567318,0.09780907668231612,0.02192061029139434,3.276915642988835,5.750472403819444,0.3811966870206132,27.446161465484153,Khari,3,3
4086,no trend,0.25319718549378667,0.09233176838810642,0.585667919328704,122.762861988831,153.12369130166246,0.38248027744766455,27.538579976231848,Tons,2,2
3693,no trend,0.2453012535825112,0.09389671361502347,0.010676113555880443,1.5918221758495776,2.787152998119739,0.3830472730805496,27.57940366179957,Khari,3,3
3696,no trend,0.2573526206385808,0.09154929577464789,0.014386345000000016,2.1325997274999997,3.729081686479377,0.385787875126494,27.776727009107567,Khari,3,3
4332,no trend,0.19421564497569177,0.10485133020344288,0.2449157198183758,50.15861932144767,63.00132741336279,0.3887469199044659,27.989778233121545,Gopat,4,4
4074,no trend,0.25725889815163994,0.09154929577464789,0.323592975154084,69.97752721536335,82.86092771904461,0.39052540692192844,28.117829298378847,Tons,2,2
4508,increasing,0.038825645914868145,0.16666666666666666,0.6893643642307696,144.67668069480766,175.7985693583754,0.3921330911547187,28.23358256313975,Gandak,2,2
4083,no trend,0.17807579044732424,0.10876369327073553,0.028435396130952403,5.395482739434523,7.208409032165404,0.39447534128637557,28.40222457261904,Mahana,5,5
4084,no trend,0.2260146313068201,0.09780907668231612,0.5646813412037038,116.69710984560184,143.071890889415,0.39468363610303075,28.417221799418215,Tons,2,2
4067,no trend,0.1658298713607893,0.11189358372456965,0.9240724314779669,189.7040724325322,233.05480251157405,0.39650435070183776,28.548313250532317,Tons,2,2
4055,no trend,0.3049268473261775,0.08294209702660407,0.11945786387626273,22.247798353226006,29.95320113230219,0.3988150159598025,28.71468114910578,Belan,3,3
3689,no trend,0.24137353545342521,0.09467918622848201,0.002440749630482456,0.3357136989512062,0.608092831387942,0.40137780031242354,28.899201622494495,Nekhadi,5,5
3691,no trend,0.20107037164659647,0.10328638497652583,0.006922836770299138,1.0244698875710472,1.7243700432344276,0.4014704846828507,28.905874897165248,Khari,3,3
4100,no trend,0.27395670745488276,0.08841940532081377,0.0966165910401002,19.364505030576442,23.867162251494108,0.4048097131197569,29.146299344622495,Satna,4,4
4328,no trend,0.09539942404868995,0.13458528951486698,0.05186325020461315,9.662957621902901,12.56267161685606,0.41283615290098996,29.724203008871278,Neur,5,5
4493,increasing,0.01887541611160848,0.18935837245696402,1.0620668187974465,217.82042555769064,254.9083583288089,0.41664652573984085,29.998549853268543,Gandak,2,2
4054,no trend,0.10334719640274859,0.13145539906103287,0.04718792083333331,9.229457622916668,11.087669601252104,0.42558916824148957,30.64242011338725,Belan,3,3
4081,no trend,0.15996860473489805,0.1134585289514867,0.08162309226190476,13.54464266220238,18.848396025968015,0.43305060096068715,31.179643269169475,Mahana,5,5
3394,no trend,0.24927359025181262,0.09311424100156494,0.010328185431379467,1.3895724401026956,2.365418486399411,0.4366324813458615,31.437538656902028,Supin,4,4
4093,no trend,0.22239929289705085,0.09859154929577464,0.1682798093412163,28.167168239220153,37.99378996312079,0.44291398542909116,31.889806950894563,Baghain,4,4
3439,no trend,0.10760042724468888,0.1298904538341158,0.0036406918358876106,0.4032318548259898,0.8144928663321758,0.4469887934417859,32.183193127808586,Dai,4,4
3716,no trend,0.13306473930212648,0.12128325508607199,0.013297995520254628,1.9396473911142944,2.948434980502946,0.45101878142777446,32.473352262799764,Menali,5,5
3848,no trend,0.20451758189679325,0.10250391236306729,0.04298391137152775,6.9957873796440975,9.370316336496211,0.4587242290221387,33.028144489593984,Baur,4,4
4060,no trend,0.07125044344666853,0.14553990610328638,0.019126557184343453,3.2198126412058077,4.11214112636574,0.4651240460039188,33.488931312282155,Belan,3,3
4064,no trend,0.14871793704455505,0.11658841940532082,0.029083941992753798,4.013787905090574,6.018949286662458,0.4832062974380203,34.79085341553746,Lapri,5,5
4335,no trend,0.07921554673436026,0.14162754303599373,0.0951720047348483,15.510318411079556,19.52377414311869,0.4874672490943173,35.09764193479085,Gopat,4,4
3309,no trend,0.11412855467659666,0.12754303599374023,0.03917944764660494,4.844163637712191,7.936678119847432,0.4936504549507685,35.54283275645533,Tons,2,2
4222,no trend,0.12811677460841087,0.12284820031298904,0.026122402604995605,3.4853728116893223,5.28603642381734,0.4941774991805896,35.580779941002454,Madhmaheshwar Ganga,4,4
4333,no trend,0.09159844766429082,0.13615023474178403,0.0206906188302139,3.1846321531940736,4.1338503838057665,0.5005168767420507,36.03721512542765,Gopat,4,4
4071,no trend,0.10130430682882419,0.1322378716744914,0.08570556859374978,12.631668744088547,17.026981484901096,0.5033515110693598,36.241308796993906,Tons,2,2
4070,no trend,0.10753114399867703,0.1298904538341158,0.06506027817199253,9.532072629060934,12.780193740151516,0.5090711416024372,36.653122195375474,Satna,4,4
4069,no trend,0.1256225355142,0.12363067292644757,0.021664771056547613,2.9167990999925597,4.1320923283522735,0.5243051058635645,37.74996762217664,Asrawal,5,5
4082,no trend,0.09156777890527534,0.13615023474178403,0.022267654494535515,2.9359187841939898,4.129902238067128,0.5391811527470247,38.82104299778578,Mahana,5,5
4211,no trend,0.06400641968236065,0.14945226917057902,0.12565843182659941,16.11214852015572,23.1394877447601,0.5430475955763305,39.0994268814958,Mandakini,3,3
4036,no trend,0.14336199595641097,0.11815336463223787,0.2437640483302696,33.236164825942105,44.84147952884049,0.5436128577637341,39.14012575898886,Belan,3,3
3694,increasing,0.047869222228202,0.1596244131455399,0.005927835428520625,0.5364602102041846,1.0579139213688973,0.5603324910263255,40.343939353895436,Khari,3,3
4061,no trend,0.08433254145488611,0.13928012519561817,0.29883698875477355,38.45046864920553,52.52726672373737,0.568917835238755,40.96208413719037,Belan,3,3
3395,no trend,0.08095220093758604,0.14084507042253522,0.031060332120689656,2.959126198882184,5.180029308419612,0.5996169185800597,43.172418137764296,Tons,2,2
4249,no trend,0.09929371055499847,0.13302034428794993,0.06882512871260685,8.48426508903579,11.43273455608165,0.6020005832812351,43.344041996248926,Baghain,4,4
4210,no trend,0.05607271202075026,0.1541471048513302,0.11425933950772851,12.227998518308972,18.68138418813552,0.6116213785715847,44.036739257154096,Mandakini,3,3
4065,increasing,0.0446336712918145,0.1619718309859155,0.4674334611378206,51.9726934629407,75.13469172353746,0.6221273427962806,44.793168681332205,Belan,3,3
4208,increasing,0.04897547992369633,0.15884194053208137,0.04530801633986928,4.391430351601307,6.972372311090067,0.6498221024113066,46.78719137361407,Mandakini,3,3
4242,increasing,0.005186487692201203,0.22535211267605634,0.054030626749533135,5.100236444974907,8.096918540854377,0.6672986331394152,48.045501586037894,Nandakini,3,3
4059,increasing,0.011619826938723987,0.20344287949921752,0.03800555406249999,3.699193680781251,5.643801873676348,0.6734034063060285,48.48504525403405,Gorma,5,5
4063,increasing,0.005664516945075304,0.22300469483568075,0.1441500140851012,11.985168570812242,20.22819858977273,0.7126191363277533,51.30857781559824,Naina,4,4
4062,increasing,0.009827778459849501,0.2081377151799687,0.10421107668821836,8.811357640068248,14.551438787636783,0.7161565135178133,51.563268973282554,Naina,4,4
4239,increasing,8.744356600076664e-05,0.3161189358372457,0.04315151924848486,2.0277167362621213,4.181654000225168,1.0319246701463414,74.29857625053658,Birahi Ganga,4,4
