seg_id,early_dry_mean,late_dry_mean,abs_change_m3s,pct_change,river_name,tier,updated_tier,long_term_mean,dry_mk_trend,dry_mk_p_value,dry_sens_slope_pct_yr
4226,3.5794838441875,1.370589842580645,-2.208894001606855,-61.70984694326083,Mana,5,5,5.819124316302816,decreasing,2.7981180594771615e-05,-0.943325085769681
4229,6.5878831431250005,2.6684772645967745,-3.919405878528226,-59.494162136413266,Jadh Ganga,4,4,10.663585850528168,decreasing,0.0001125989129322491,-0.9218735045749984
4231,9.42012833875,4.22875723467742,-5.191371104072581,-55.10934583255845,Jadh Ganga,4,4,14.579977696948356,decreasing,0.00022167578460363657,-0.903117596232884
4228,9.083930298125,4.0812233801612905,-5.00270691796371,-55.07205310675172,Bhagirathi,3,3,14.82628099758216,decreasing,0.001439306397169604,-0.7853895254569923
3310,17.002213318124998,7.749781523387097,-9.252431794737902,-54.41898429114792,Pabbar,4,4,12.922078144014083,decreasing,0.004383985174551741,-0.7945073660608277
4238,18.468844083125,8.442873366935483,-10.025970716189516,-54.28585931563662,Alaknanda,3,3,24.62153532875587,decreasing,0.0023062399604034667,-0.7949608609263201
4224,0.74869562391875,0.34269807155645166,-0.40599755236229834,-54.22731740266696,Jadhang,5,5,1.4385270602147886,decreasing,0.00026916027549761523,-0.9671759728523452
3821,1.325187509375,0.6242071945161289,-0.7009803148588711,-52.89668895154885,Sengur,4,4,2.0752825848239436,decreasing,4.969535893906141e-11,-1.8237213722987229
3822,1.3963179570625,0.6588409905564516,-0.7374769665060483,-52.81583344079549,Rihand,3,3,2.067811981995305,decreasing,4.258482455554713e-10,-1.7182791567730924
4227,1.9541915916875,0.9397706425806451,-1.0144209491068548,-51.91000480310497,Jadh Ganga,4,4,3.337238610539906,decreasing,0.0006615191578531743,-0.9286545759491522
4243,3.942208014875,1.9522574255645162,-1.9899505893104836,-50.478071725334395,Kail Ganga,4,4,7.05570950890845,no trend,0.12631452711815294,-0.23981069366063557
3308,4.823773275625,2.3985401705645164,-2.425233105060484,-50.2766810644983,Rupin,4,4,3.487688051279343,no trend,0.08590320114263394,-0.3794176182630687
4223,1.15567117225,0.5824553441129032,-0.5732158281370967,-49.600253246872214,Jadh Ganga,4,4,1.8276515580798123,decreasing,0.0012109569693139477,-0.8732726640484881
3481,1.4709430183749999,0.7545167901612903,-0.7164262282137096,-48.70523325948885,Sengur,4,4,2.154114635633803,decreasing,1.5820260657051222e-09,-1.6451586420140087
3316,4.22335914875,2.1875966558870967,-2.0357624928629034,-48.20244788950601,Shallu,5,5,7.118451696514084,decreasing,0.0009812430608893141,-0.8645072990825087
3326,11.168160170625,5.903483299193549,-5.264676871431452,-47.140055219469744,Giri,4,4,14.222239022887324,decreasing,0.011359160904444332,-0.6031619613502528
3317,37.3083033375,19.893320304838706,-17.414983032661294,-46.67857145665702,Tons,2,2,42.14621310340375,decreasing,0.015008302902396187,-0.6845897687271703
3312,32.780177357499994,17.52039094112903,-15.259786416370964,-46.55187264531251,Tons,2,2,34.265965703521125,decreasing,0.031223286012778573,-0.660777500995123
3354,1.3207975706875001,0.7202741864516129,-0.6005233842358872,-45.46672386165152,Sengur,4,4,1.9051279037441315,decreasing,2.4271897824945654e-09,-1.6260705070007626
3885,2.130419167,1.1698798726612905,-0.9605392943387094,-45.08686878232116,Gomti,2,2,6.862777992781691,no trend,0.05927078933690422,-0.37967868706488234
3319,41.049595,22.820002949193547,-18.22959205080645,-44.40870135456014,Tons,2,2,58.28451773004695,decreasing,0.012711826467079357,-0.6576693465514114
4230,2.0837763968125,1.1593621637096776,-0.9244142331028224,-44.362448606140056,Jadh Ganga,4,4,2.901942178838028,decreasing,0.0025454382452223534,-0.7514342608523045
4240,52.182320134375004,29.14549372580645,-23.036826408568555,-44.14680364776093,Alaknanda,3,3,96.95571983122066,decreasing,0.005118383692698902,-0.7621609900402667
4241,56.777987162500004,32.09587122580645,-24.682115936693556,-43.47127675740376,Alaknanda,3,3,104.7853403100939,decreasing,0.00544204075020871,-0.7288084054519336
3533,2.008423553375,1.1455637596774195,-0.8628597936975806,-42.96204315307951,Yamuna,1,1,2.806747745140845,decreasing,6.28993812590295e-08,-1.6559190566692434
4220,62.4682230375,35.676463020161286,-26.791760017338717,-42.88862194984397,Alaknanda,3,3,116.10040710739436,decreasing,0.005610700200268548,-0.7037018579432484
4809,7.06445997125,4.068310247580645,-2.9961497236693546,-42.41158893762137,Sarju,3,3,20.822864221737092,no trend,0.06926481772484427,-0.2864972982287134
4221,82.74179640625,47.68769108870968,-35.054105317540326,-42.36565658476865,Alaknanda,3,3,160.10426275,decreasing,0.005784061343793834,-0.6523273874560254
3824,4.599701996249999,2.6513252773387097,-1.9483767189112897,-42.35875977399717,Yamuna,1,1,7.632671202159624,decreasing,1.508488061130464e-07,-1.3924119884128408
4235,18.097926740625,10.505442716129032,-7.592484024495967,-41.9522309561176,Dhauli Ganga,4,4,42.82970759049296,decreasing,0.0016498805375433356,-0.8772817595631015
3892,18.61707299375,10.810787497580645,-7.806285496169355,-41.93078846921871,Pindar,3,3,38.9951818519953,decreasing,0.039884532468206446,-0.36527999347914897
4234,5.799044691874999,3.4985094937903227,-2.3005351980846767,-39.67093409898945,Girthi Ganga,4,4,16.566640083626762,decreasing,0.003093174094754625,-0.9560405984706168
3826,24.403933968125,14.804710208064517,-9.599223760060482,-39.33473911459698,Sengur,4,4,37.08481261725352,decreasing,2.709123614330622e-08,-1.2987195851119262
4810,13.037429215625,7.974979507258065,-5.062449708366935,-38.830122293586285,Sarju,3,3,47.66917016009389,decreasing,0.03532796495417179,-0.3783699673531108
4242,4.435598081875,2.714800090645161,-1.7207979912298388,-38.795173941964315,Nandakini,3,3,8.1458907382277,decreasing,0.029699886817119436,-0.4565952186782404
3367,4.1209526725000005,2.523922039435484,-1.5970306330645165,-38.75391832868754,Non,4,4,9.44344288907277,decreasing,2.021562472975802e-09,-1.3393217359538887
3279,1.431095923375,0.8786963602419354,-0.5523995631330646,-38.59975799737608,Yamuna,1,1,2.051489032840376,decreasing,2.9230958183523725e-05,-1.239630984710116
3484,23.056759531875,14.171888392741936,-8.884871139133063,-38.53477817145164,Sengur,4,4,35.0029101269953,decreasing,5.628743182661822e-08,-1.2782353541759728
3311,14.370123121875,8.836774220967742,-5.533348900907258,-38.50592548148796,Tons,2,2,16.959023804342724,no trend,0.116762847339964,-0.4086321553405164
4237,28.272739700625,17.39901226048387,-10.873727440141128,-38.460112303516,Dhauli Ganga,4,4,65.01142443157278,decreasing,0.01013584044969118,-0.7215776796545652
3975,1.8762176212500001,1.1561505301612904,-0.7200670910887097,-38.37865516948809,Sai,3,3,3.2947167283450707,decreasing,4.132246136712148e-05,-1.0410832171421243
4244,10.3507298875,6.395382082258065,-3.955347805241935,-38.213226006589046,Pindar,3,3,20.954699003908452,no trend,0.18018680964047862,-0.24497748982954767
3324,53.513986293749994,33.07057759516129,-20.443408698588705,-38.201991879973875,Yamuna,1,1,107.22823991126761,decreasing,0.02183666536503792,-0.5911685760698898
4212,95.442309775,59.24561095564516,-36.196698819354836,-37.925212523341656,Alaknanda,3,3,193.39105609565726,decreasing,0.007802342536259443,-0.6538630982296197
3482,7.631648567499999,4.757508504032257,-2.874140063467742,-37.66080209337079,Ganga,1,1,12.69219699988263,decreasing,7.281445839613099e-07,-1.1762967966875841
3281,2.7360246256250003,1.708473371048387,-1.0275512545766132,-37.5563598716472,Yamuna,1,1,4.020057607805165,decreasing,3.9585527300323164e-05,-1.198749585752824
3894,1.5271442346875,0.9564580679032259,-0.5706861667842741,-37.36950013114209,Mandal,5,5,5.947776428368544,decreasing,4.099983288430309e-06,-1.149769590511936
3287,72.78614561250001,45.669765548387105,-27.116380064112903,-37.254864694272314,Yamuna,1,1,149.69210931924883,decreasing,0.017193554418932333,-0.6192705964883033
3305,0.7856587495,0.49465861782258064,-0.2910001316774194,-37.03899840262893,Yamuna,1,1,1.211527486021127,decreasing,8.756963576495025e-08,-1.4536176580297298
3536,0.89623673675,0.568987593467742,-0.32724914328225807,-36.513694413928306,Karwan,4,4,1.2676088839788733,decreasing,0.00013237636780893958,-1.1966746749964854
3323,34.908294,22.181272087903228,-12.72702191209677,-36.458447130348944,Bhagirathi,3,3,74.53743137523475,decreasing,0.010732012688188242,-0.6140912209748584
3502,5.768977230625,3.6714088145161288,-2.097568416108871,-36.359450423444024,Karwan,4,4,9.181896192957746,decreasing,1.2149681594131323e-07,-1.3278799631342015
3497,0.6962440471875,0.4459920399596774,-0.2502520072278226,-35.943144970319466,Yamuna,1,1,0.9551290849882629,decreasing,1.6278322418905589e-06,-1.382915844086829
4812,14.5982876275,9.354785849193549,-5.243501778306451,-35.918608484113115,Sarju,3,3,57.534761477112674,decreasing,0.04285083553529989,-0.3851418714260014
4239,2.5644335998125003,1.643899984919355,-0.9205336148931453,-35.896176643468195,Birahi Ganga,4,4,4.199617777617371,no trend,0.09340433146380822,-0.34610726123674707
4214,140.803764925,90.91604306451613,-49.887721860483865,-35.43067324020552,Ganga,1,1,304.56187565962443,decreasing,0.007802342536259443,-0.6558216932558196
3825,7.873337435000001,5.089530049193548,-2.783807385806453,-35.35739968963305,Non,4,4,16.964147567957745,decreasing,1.1419440060222996e-08,-1.2372245114268945
3288,77.38423456562501,50.02464322580645,-27.359591339818557,-35.35551071015182,Yamuna,1,1,170.09387141607982,decreasing,0.016288026803525035,-0.6066895429833037
3503,8.363695905,5.408157282258064,-2.955538622741936,-35.33771022180577,Karwan,4,4,12.940078862323944,decreasing,3.0156541686032767e-07,-1.2522742899110302
4203,36.52084699375,23.740089197580645,-12.780757796169354,-34.99578692234764,Bhagirathi,3,3,80.67234610328639,decreasing,0.01201863454296448,-0.590738678745444
3286,19.104949103750002,12.434989841935483,-6.669959261814519,-34.91220639004639,Giri,4,4,41.75853889401409,decreasing,0.026843990224870717,-0.5449366561026565
4120,1.57078572675,1.0244929825,-0.5462927442500001,-34.77831093998385,Manmaheshwari,5,5,3.41749627221831,decreasing,2.5592227670401257e-08,-1.2155595298451864
4215,149.39361829375,97.5617623548387,-51.83185593891129,-34.694826011239144,Ganga,1,1,336.9287536948356,decreasing,0.0034055622150974685,-0.6787281279253602
3541,1.2683807410625,0.8299483799193549,-0.4384323611431452,-34.566305443575104,Karwan,4,4,1.9538128565610329,decreasing,6.918773376440868e-07,-1.3244863066689625
4219,150.379498275,98.53791146774194,-51.84158680725807,-34.47383945413557,Ganga,1,1,341.07852669483566,decreasing,0.0035159086950111718,-0.6683769298667497
3539,13.6632032125,8.981854618548386,-4.681348593951613,-34.2624531095959,Karwan,4,4,20.997551384624412,decreasing,7.662398993080188e-07,-1.2296061097557132
3917,152.48317843125,100.40763908870969,-52.07553934254031,-34.15166176249374,Ganga,1,1,350.8452396232395,decreasing,0.0035159086950111718,-0.6653469647486252
3538,12.70318755625,8.366471131451613,-4.336716424798388,-34.138804969975524,Karwan,4,4,19.640725876995308,decreasing,6.918773376440868e-07,-1.206841686092442
3905,2.717389708375,1.7898307317741935,-0.9275589766008063,-34.1341903865341,Ganga,1,1,4.687925165880282,decreasing,2.0826937359164077e-06,-1.0650292847507614
3289,80.28960231875,52.921309524193546,-27.368292794556453,-34.08697017317913,Yamuna,1,1,182.625141092723,decreasing,0.018142945160281476,-0.5698465479713424
3318,1.89670254075,1.2590070677419354,-0.6376954730080646,-33.62126950891863,Sainj,5,5,5.434655393568075,decreasing,0.012711826467079357,-0.6053596103109464
3807,8.23324367875,5.475282858064516,-2.7579608206854838,-33.49786461202138,Pandu,5,5,13.972437437089201,decreasing,0.0005309937006645615,-0.8778860392870631
3806,2.4295617328125,1.6177049183064516,-0.8118568145060485,-33.41577221691872,Ganga,1,1,4.350190401173709,decreasing,1.4740569782567547e-06,-1.1024555847163326
3260,0.715292150125,0.47839809862903226,-0.23689405149596776,-33.11850290186599,Yamuna,1,1,1.156249513697183,decreasing,3.9585527300323164e-05,-1.2615599732754759
3817,1.0845667853125,0.7260957954032258,-0.3584709899092743,-33.051997789696905,Ganga,1,1,1.8865029337206574,decreasing,0.0001493106215397777,-0.9379421756513313
3483,10.780780515625,7.231993125,-3.5487873906250007,-32.91772228811825,Rihand,3,3,16.957603782629107,decreasing,1.1482932376072341e-06,-1.0685819202472404
3918,160.77066333125,108.04365503225806,-52.72700829899195,-32.79641148855238,Ganga,1,1,384.76812945422535,decreasing,0.003093174094754625,-0.6429400024695464
3805,1.240900118125,0.8351370254032259,-0.405763092721774,-32.6990937300322,Kali,3,3,2.2761005834448356,decreasing,2.532182723946619e-06,-1.105470416814318
3292,83.61536306875,56.2765184032258,-27.3388446655242,-32.69595880728967,Yamuna,1,1,194.9918380140845,decreasing,0.017193554418932333,-0.5501114460403939
3796,2.053814521875,1.3865845617741934,-0.6672299601008067,-32.48735233849982,Garra,4,4,3.7866598444600936,decreasing,9.563279606239483e-05,-0.9161884427996881
3498,1.2334966585625,0.832974306532258,-0.400522352030242,-32.47048536775164,Karwan,4,4,1.8590441253286385,decreasing,2.0553236183440404e-05,-1.0936026876921887
3924,164.33446444375,111.25658087096774,-53.077883572782255,-32.29869264030752,Ganga,1,1,396.7544121467136,decreasing,0.0025454382452223534,-0.6414479912986988
3380,14.957463754374999,10.162663563709676,-4.794800190665322,-32.05623807219899,Sengur,4,4,22.80271497206573,decreasing,5.712567043847372e-06,-1.059417196578429
3303,0.9989065059375,0.6789599458064516,-0.3199465601310484,-32.02968027831295,Yamuna,1,1,1.5826444804577466,decreasing,2.9289643015406597e-06,-1.343608309553288
4118,0.801321853375,0.5462984244354839,-0.255023428939516,-31.82534307100333,Sengur,4,4,1.1615634708802818,decreasing,0.000122110688943744,-1.120611856683527
3815,1.876839853375,1.284091144919355,-0.5927487084556449,-31.582274182303998,Ganga,1,1,3.7096562994248825,decreasing,0.00016826943532244343,-0.8646650388472445
3987,3.3895558531249996,2.3190955348387097,-1.07046031828629,-31.581138198368365,Sai,3,3,6.746883204225353,decreasing,3.6317360709414714e-05,-0.9173594290355006
3820,20.463132269375002,14.010439587903226,-6.452692681471776,-31.5332598965254,Rihand,3,3,32.72971658650235,decreasing,4.132246136712148e-05,-0.9185575720025334
3537,3.75710044375,2.577489609032258,-1.1796108347177423,-31.396840525784846,Karwan,4,4,5.906119957089201,decreasing,4.728948174825831e-06,-1.1566305571175999
4414,6.260770114375,4.298824824193549,-1.9619452901814514,-31.33712393746481,Rapti,2,2,15.033352271361501,decreasing,1.4364622018536721e-05,-0.8623530069507656
3877,1.4024763903125002,0.964363600483871,-0.4381127898286291,-31.23851444878931,Ganga,1,1,2.622684063873239,decreasing,7.56304622129278e-06,-0.9358018464271425
3979,28.538372471875,19.63267520564516,-8.90569726622984,-31.206044685997913,Sai,3,3,54.64927627453052,decreasing,1.7195520061630276e-05,-0.8825973923753351
3823,3.492943281875,2.405029667096774,-1.087913614778226,-31.14604294960775,Non,4,4,7.076609378215962,decreasing,2.713655788966207e-07,-1.0931593291211894
4205,44.8899591875,31.13748354435484,-13.752475643145157,-30.63597270316667,Bhagirathi,3,3,108.6427711379108,decreasing,0.01863462876975186,-0.5379825978177802
3551,0.8901760308125001,0.6181425770161291,-0.272033453796371,-30.55951231893707,Hindon,3,3,1.641614083157277,decreasing,2.4529535005424208e-05,-1.1227923354779412
3394,2.1795148535625,1.514942168467742,-0.664572685094758,-30.49177132280097,Supin,4,4,2.3651299806103285,no trend,0.2454429340961497,-0.2705662475187997
3989,36.74125959375,25.538902262096776,-11.202357331653225,-30.48985651422479,Sai,3,3,70.74459340962441,decreasing,9.53060121244853e-06,-0.8684549120124615
3983,33.1471680375,23.06361633064516,-10.083551706854841,-30.420552656103634,Sai,3,3,63.66804083568075,decreasing,1.798220910309567e-05,-0.86254904157325
3925,175.7198204,122.31391066129032,-53.40590973870968,-30.392649854261787,Ganga,1,1,433.8691923744131,decreasing,0.0023835833487846347,-0.6030671161674092
3895,10.134952720625,7.06026904516129,-3.07468367546371,-30.337424951244387,Ramganga,2,2,42.00411342758216,decreasing,9.178531977305227e-05,-0.8681046741704301
3990,38.126848325000005,26.589759919354837,-11.537088405645168,-30.259748477768174,Sai,3,3,73.59102065786385,decreasing,1.198164545312963e-05,-0.8679792700482537
3293,90.5929729125,63.18488458870967,-27.40808832379033,-30.25409967532765,Yamuna,1,1,215.9370310539906,decreasing,0.016288026803525035,-0.5269505745608164
3889,1.1122402479375,0.7787078372580645,-0.3335324106794355,-29.987443027522744,Bino,5,5,4.343028480269953,decreasing,0.0002491239316348981,-0.9277474222207572
4415,8.464282579999999,5.944554418548387,-2.519728161451612,-29.76895132737419,Rapti,2,2,19.97850284706573,decreasing,1.8803113382093173e-05,-0.8319457121569347
3928,180.46246613124998,126.77251417741935,-53.68995195383063,-29.751312339255097,Ganga,1,1,448.1906722488263,decreasing,0.0022312015331427126,-0.5978741633939905
4428,3.9854441531250004,2.8090832487903223,-1.176360904334678,-29.516431773665413,Rapti,2,2,9.778285887734741,decreasing,2.0553236183440404e-05,-0.7935600434264272
3379,12.839697537500001,9.05005025564516,-3.7896472818548403,-29.515082195563284,Sengur,4,4,19.76918098931925,decreasing,3.189145204696153e-05,-0.9721683950013861
3423,0.4276469899375,0.30163728341935486,-0.12600970651814514,-29.46582332698314,Mashi,4,4,1.2807020915539906,decreasing,0.00852032399393532,-0.7880161177701737
3896,1.331389761625,0.9433819175000001,-0.3880078441249998,-29.14306954346899,Palain,5,5,4.869444832558685,decreasing,1.0447250470724256e-05,-0.8546400581165274
3371,7.3280488725,5.200332099193549,-2.1277167733064513,-29.03524267272757,Sengur,4,4,11.229022531807512,decreasing,8.110131777905316e-05,-0.9755833224436579
3298,95.529929925,67.90204422580645,-27.627885699193556,-28.92065944242192,Yamuna,1,1,230.6052507370892,decreasing,0.014205156916392347,-0.5077741740155961
3887,2.0635918651875,1.4687338868548385,-0.5948579783326615,-28.826338597657347,Kosi,2,2,7.825473060105634,decreasing,0.02550720118652694,-0.5320848345210665
3262,105.0138027125,74.98664849193548,-30.027154220564512,-28.593530988274864,Yamuna,1,1,247.5150270023474,decreasing,0.008772458897707391,-0.5339353492507269
3993,45.7156456125,32.6577205282258,-13.057925084274196,-28.563361425445503,Sai,3,3,89.26384223122066,decreasing,1.7195520061630276e-05,-0.8105631696244653
3875,193.4836691625,138.28479665322578,-55.198872509274224,-28.528956861426202,Ganga,1,1,478.0579761349765,decreasing,0.0025454382452223534,-0.5628766407048652
3261,103.47878323749998,73.9612791532258,-29.51750408427418,-28.52517507528755,Yamuna,1,1,245.0203766431925,decreasing,0.009031239702930405,-0.5300128640038491
3882,15.42173770375,11.024910534677419,-4.396827169072582,-28.51058196900492,Ramganga,2,2,58.11465458333334,decreasing,2.4529535005424208e-05,-0.8251122046809292
3368,5.0039830924999995,3.5821731258064515,-1.421809966693548,-28.41356456268938,Sengur,4,4,7.864733455798122,decreasing,5.566603343010179e-05,-0.9403543554930415
3304,100.6332724125,72.11754852419354,-28.515723888306468,-28.33627805664445,Yamuna,1,1,240.4550102359155,decreasing,0.012360926954260387,-0.517379703456719
4794,23.709058375,17.00256774516129,-6.7064906298387115,-28.286617392238426,Sarju,3,3,103.66671742887324,decreasing,0.037094310671304864,-0.39847768310671977
3300,98.86570060625,70.93725824193548,-27.92844236431452,-28.248869115432097,Yamuna,1,1,237.6567388450704,decreasing,0.016288026803525035,-0.5011224825455223
4430,6.463684155625001,4.648306937096774,-1.8153772185282264,-28.085797121575013,Gandak,2,2,17.04631292124413,decreasing,2.5632394189623042e-05,-0.6821803465124148
3814,1.1508255573750001,0.8285685920161291,-0.32225696535887105,-28.00224267646001,Ganga,1,1,2.3412719621948357,decreasing,0.0008512800090243466,-0.7438556386729147
4217,4.183680828437501,3.013284739516129,-1.1703960889213718,-27.975271941537788,Purvi Nayar,4,4,15.535400159870893,decreasing,9.178531977305227e-05,-0.8607214653403911
4236,7.978610133125,5.770690154032258,-2.2079199790927415,-27.672989935002136,Rishi Ganga,4,4,19.044445018192487,no trend,0.08959056933778209,-0.48105832595690107
3876,204.5558614125,148.12178257258066,-56.43407883991935,-27.588590446751564,Ganga,1,1,501.37332534507044,decreasing,0.003093174094754625,-0.5427627841854896
3908,206.32046258125,149.51317515322583,-56.80728742802418,-27.533520775067664,Ganga,1,1,504.75194299882634,decreasing,0.0031942743973956134,-0.5426149944005959
3956,54.6365007125,39.59574072580645,-15.040759986693551,-27.52877616712458,Sai,3,3,107.09921269835681,decreasing,3.6317360709414714e-05,-0.7857435864893186
3910,214.44976674999998,155.4549659516129,-58.994800798387075,-27.509846101703477,Ganga,1,1,520.1626059507042,decreasing,0.0018884793193247873,-0.5573015934656246
7677,0.42846520896874996,0.31076700311290323,-0.11769820585584673,-27.469722953499133,Mendha,3,3,0.5745130036126761,decreasing,0.03532796495417179,-0.6862288708413757
3888,7.565338335,5.487179778225806,-2.078158556774194,-27.46947280810798,Ramganga,2,2,32.075669613732394,decreasing,0.0006615191578531743,-0.8234477155206184
3904,1.7973036194999998,1.304059552983871,-0.49324406651612884,-27.44355829280234,Rihand,3,3,2.954794269507042,decreasing,0.00020498279181535572,-0.8664648031321014
3909,210.67208923125,152.88891613709677,-57.78317309415323,-27.428015407739153,Ganga,1,1,513.4649279436619,decreasing,0.0023062399604034667,-0.5450908097880117
3548,4.800114772500001,3.484095861370968,-1.3160189111290328,-27.416405096572777,Kali,3,3,10.07387315753521,decreasing,2.7981180594771615e-05,-0.9076012246523929
3907,3.74785464625,2.725688642741935,-1.0221660035080649,-27.273363029988793,Rihand,3,3,6.0446694640023475,decreasing,0.00012714591309093137,-0.8686087056378857
3530,11.46672162375,8.353922104032259,-3.1127995197177416,-27.146377333086,Khari,3,3,15.954312822887324,decreasing,3.47809835050672e-05,-1.090576203913782
3891,4.0812525496875,2.9775751129032257,-1.1036774367842743,-27.042615553619253,Ramganga,2,2,15.535655628755869,decreasing,0.0016498805375433356,-0.7858269473650937
4797,2.30665033875,1.6838668318548387,-0.6227835068951613,-26.999476098863546,Sharda,2,2,6.730206272617371,decreasing,6.648160244537848e-08,-0.807239837265572
3811,233.25720925000002,170.31388531451614,-62.943323935483875,-26.98451384969739,Ganga,1,1,559.2883454812206,decreasing,0.0009812430608893141,-0.5548611266547989
3264,144.53348146875,105.57487897580644,-38.95860249294357,-26.954725020836722,Yamuna,1,1,306.8312842464789,decreasing,0.004522732528645879,-0.5758397327544379
3810,230.48585055625,168.47511612903227,-62.01073442721773,-26.90435628805944,Ganga,1,1,554.3308548251174,decreasing,0.001129375694957746,-0.5605710863529864
3864,1.2032179295,0.8804992632258065,-0.32271866627419354,-26.8212979845056,Ramganga,2,2,2.4517594124178403,decreasing,2.9230958183523725e-05,-0.796641910326952
3800,272.458468225,199.59140483870968,-72.86706338629031,-26.744282848318623,Ganga,1,1,633.5994124976526,decreasing,0.0002589604625540254,-0.606857699741894
4009,1.4160269395624998,1.0374249871774193,-0.37860195238508054,-26.73691734297475,Sai,3,3,2.8922887907511736,decreasing,0.0001617115399259461,-0.7824271566041773
3480,197.42433831875002,145.10062898387096,-52.323709334879055,-26.50317067311133,Yamuna,1,1,404.7575374483568,decreasing,0.0018260270673062795,-0.6407303805608534
3309,6.438973659437499,4.73384362516129,-1.705130034276209,-26.48139477596756,Tons,2,2,7.930373077969483,no trend,0.21833026536228317,-0.2501415935852938
3974,1.312622861875,0.9668610862096775,-0.3457617756653225,-26.341288553470974,Sai,3,3,2.6433009718661973,decreasing,0.00039405780477030916,-0.7437917170824646
3978,18.968985790625002,13.979527938709678,-4.989457851915324,-26.30323996753296,Sai,3,3,37.62860100539906,decreasing,8.80843723347624e-05,-0.8071054604234096
3981,2.4361878006250004,1.7955148221774193,-0.6406729784475811,-26.2981769419918,Sai,3,3,4.759915889565728,decreasing,0.0001617115399259461,-0.7622224788174624
4795,1.0018432835625,0.7390392787903226,-0.26280400477217736,-26.232047375479794,Mahakali,2,2,5.963142402230047,decreasing,0.0006615191578531743,-0.7463514616009258
3495,2.9163722879375,2.1548983008870968,-0.7614739870504033,-26.110314866176722,Khari,3,3,4.342592517347418,decreasing,0.00027973574491002573,-0.9507232710509803
4657,2.958658669375,2.190766825322581,-0.7678918440524192,-25.95405316607988,Ghaghara,1,1,13.114006370528168,decreasing,5.1147206150625735e-05,-0.7055142276815607
3982,5.121043965,3.792159879032258,-1.3288840859677422,-25.949476221060763,Kadhu,5,5,10.353573054929576,decreasing,0.0002491239316348981,-0.6922049941611393
3506,180.103920475,133.47572093548388,-46.62819953951612,-25.889608297554258,Yamuna,1,1,378.6610072593897,decreasing,0.0025454382452223534,-0.6137586535070025
3545,2.8948922881875,2.1476378997580645,-0.7472543884294356,-25.812856370462526,Kali,3,3,6.258123206384976,decreasing,8.110131777905316e-05,-0.8584585562040559
4423,9.220032895625,6.844447898387097,-2.375584997237903,-25.765472033892006,Ghaghi,5,5,23.49635492300469,decreasing,3.330646431343176e-05,-0.6439809864368857
3505,175.44144064375,130.36596208064515,-45.075478563104866,-25.69260626093169,Yamuna,1,1,372.4566484131455,decreasing,0.0027172873786209806,-0.6083808936425514
3944,3.219321515,2.3944474794354837,-0.8248740355645161,-25.622605002983562,Tamasa,3,3,6.0286803031572775,decreasing,1.9659636597779695e-05,-0.6716037535188405
3893,1.9606725422499998,1.4603475211290322,-0.5003250211209676,-25.51803069301985,Gagas,5,5,8.570340206314555,decreasing,0.0013906839102930668,-0.6997398853829833
4119,1.153376993875,0.8599954451612903,-0.2933815487137097,-25.4367436034974,Orai,5,5,2.2818598411502347,decreasing,1.798220910309567e-05,-0.9473015870611546
3535,172.5866268625,128.68913066935485,-43.897496193145145,-25.435050786477415,Yamuna,1,1,368.60150542136154,decreasing,0.0028996759646631176,-0.5969477082486372
4796,1.0610391384375,0.7919803938709677,-0.2690587445665322,-25.358041453847935,Sharda,2,2,4.601534112758216,decreasing,1.0319202714548226e-07,-0.7380998880065266
3890,2.5434030655,1.8989845903225808,-0.6444184751774193,-25.336860048595366,Ramganga,2,2,9.371308812488262,decreasing,0.005784061343793834,-0.6769313869986274
3946,4.18032808375,3.1247139253225806,-1.0556141584274195,-25.251945236807146,Gomti,2,2,8.573238417265259,decreasing,0.0005309937006645615,-0.6647196994159231
3884,5.117813795,3.828228629032258,-1.289585165967742,-25.197969633589256,Dhela,5,5,13.369526920657279,decreasing,4.132246136712148e-05,-0.6646466558377212
3363,3.7099845399999998,2.776479479516129,-0.9335050604838706,-25.161966321397948,Pahuj,4,4,7.230756334577465,decreasing,9.978877628880056e-06,-0.9007104503421536
4765,1.6879335486875,1.2644807625806451,-0.4234527861068549,-25.087053126950554,Ghaghara,1,1,3.915603608626761,decreasing,0.001343580136502709,-0.5096094494710343
3809,38.0421401875,28.506203907258065,-9.535936280241938,-25.066771304773443,Kali,3,3,72.31492584859156,decreasing,1.4364622018536721e-05,-0.8502427839956228
3994,7.4091282725,5.553103049193548,-1.8560252233064523,-25.050520858106147,Kadhu,5,5,15.15072081056338,decreasing,0.00018947603743946217,-0.6655761383508285
3977,15.5374279525,11.660932474193547,-3.8764954783064525,-24.949402759307517,Sai,3,3,31.17908987734742,decreasing,0.00015539468876224483,-0.7716315788799333
3449,0.8074153660000001,0.606147806483871,-0.20126755951612907,-24.927387809477118,Mendha,3,3,1.152357328717136,no trend,0.056645810620146175,-0.6541456578446639
3873,32.3808796625,24.374560717741936,-8.006318944758064,-24.72545226753092,Ramganga,2,2,104.9670819730047,decreasing,2.4529535005424208e-05,-0.768938643206827
3883,26.966585825,20.312854399193547,-6.653731425806452,-24.67398531273453,Ramganga,2,2,91.00373475645539,decreasing,3.330646431343176e-05,-0.7609893022408405
4213,7.8906606593749995,5.943866882258065,-1.9467937771169348,-24.67212646895318,Nayar,4,4,28.646044054812208,decreasing,0.0020193078379675544,-0.7708805116523331
3943,1.8679190835,1.4080521991129031,-0.4598668843870968,-24.619207997244963,Ganga,1,1,3.581018623532864,decreasing,3.47809835050672e-05,-0.6860346379805871
3391,269.05807546249997,202.82991596774193,-66.22815949475805,-24.6148194514937,Yamuna,1,1,518.8073678075118,decreasing,0.0009471326402663571,-0.68685764285057
3947,5.24666074625,3.957808072580645,-1.2888526736693549,-24.56519939068959,Ganga,1,1,9.8654828814554,decreasing,1.6441694462132617e-05,-0.664670806246282
3381,15.06259018,11.364533348387097,-3.698056831612904,-24.551267659948405,Pahuj,4,4,34.64177576737089,decreasing,8.691089217638392e-06,-0.8533497643785357
3992,1.2020811380625,0.9077250708870968,-0.2943560671754033,-24.487204553416657,Sai,3,3,2.4967856505399064,decreasing,0.0005929215444833158,-0.7057513337113454
3802,3.16798971125,2.395281041612903,-0.7727086696370971,-24.391135706441666,Ganga,1,1,6.130382831068076,decreasing,0.00039405780477030916,-0.7234769742873406
3808,35.568231225,26.926416887096774,-8.641814337903224,-24.29644106628815,Kali,3,3,68.05764480751174,decreasing,2.6782312757323012e-05,-0.8351807731258117
3418,0.6521581438124999,0.4937884669354839,-0.15836967687701603,-24.283937627642114,Mashi,4,4,0.9883327814765258,no trend,0.06062067143372318,-0.5501090584823507
4447,3.080455271875,2.3342882842741934,-0.7461669876008066,-24.22262041632023,Rohini,3,3,8.478071887265259,decreasing,2.2457774256468e-05,-0.5882646556703552
4813,0.48001577809375,0.3637933528306452,-0.11622242526310483,-24.212209382918633,Mahakali,2,2,0.7454358924964788,no trend,0.0788965087955773,-0.6123092073087975
3325,1.7538485224374998,1.3302892798387096,-0.4235592425987902,-24.15027507678527,Ashmi,5,5,3.515667688039906,no trend,0.09148147736076861,-0.3538953152429864
4138,1.083575093625,0.8227469011290323,-0.26082819249596767,-24.071076756054918,Dhasan,3,3,2.269470649565728,decreasing,1.144773017536238e-05,-0.8582481752763724
3527,7.06641774,5.3662271137096775,-1.7001906262903228,-24.060148845521308,Khari,3,3,9.807220401525822,decreasing,0.0003020650627967303,-0.9112479209871097
4787,0.763789675875,0.5808015191935484,-0.18298815668145163,-23.957924866138022,Surna,5,5,4.001336335481221,decreasing,0.006929475025126086,-0.6599485389312283
3813,12.288149818125,9.354764767741935,-2.9333850503830643,-23.871657603460584,Sai,3,3,24.888880846713615,decreasing,0.00021317590092695404,-0.7315120137861505
3980,1.9512102933125,1.4862325007258064,-0.4649777925866936,-23.83022446018965,Kadhu,5,5,4.141441269659625,decreasing,0.0005117283062949785,-0.6497072468950028
4801,2.1774784489999996,1.6589581071774193,-0.5185203418225803,-23.812880538988075,Darma Yankti,4,4,10.966248303098592,decreasing,0.000379478369956443,-0.8020519294145054
3801,392.307679375,298.8979867741935,-93.40969260080652,-23.810314585128943,Ganga,1,1,994.8738986267606,decreasing,0.00018214274152716925,-0.5890242242931392
4216,3.0975023275624998,2.3632281786290323,-0.7342741489334674,-23.70536229786422,Pashchimi Nayar,4,4,10.208162341021128,decreasing,0.020180292056269256,-0.6462146040603449
3819,448.92268031249995,343.0643917741935,-105.85828853830645,-23.580516908750823,Ganga,1,1,1132.8444325704224,decreasing,0.00012714591309093137,-0.5888317701973294
4789,1.8361830030625002,1.4056386033064516,-0.4305443997560485,-23.447793549878188,Surna,5,5,9.60581579165493,decreasing,0.007802342536259443,-0.6520591065580773
3818,444.125952375,340.0148623387097,-104.1110900362903,-23.44179381536875,Ganga,1,1,1124.7318741079812,decreasing,0.000122110688943744,-0.5821582535457224
3816,442.1201574375,338.6367396774193,-103.48341776008067,-23.40617499999636,Ganga,1,1,1120.9171554812206,decreasing,0.00013237636780893958,-0.5834244184292608
3812,440.82300243749995,337.70203741935484,-103.12096501814511,-23.39282760834733,Ganga,1,1,1118.443657089202,decreasing,0.00012714591309093137,-0.5842839623396272
3804,437.36654737500004,335.1111083064516,-102.25543906854841,-23.379803435417784,Ganga,1,1,1111.826754870892,decreasing,0.0001617115399259461,-0.5803664248687888
3426,0.3947448165,0.30250708824193545,-0.09223772825806453,-23.366419114984005,Sohadra,5,5,1.14055148460446,no trend,0.08060304709969723,-0.5433321634433098
3827,461.18230350000005,353.8014814516129,-107.38082204838713,-23.283812330493536,Ganga,1,1,1154.28955064554,decreasing,0.0001617115399259461,-0.5872057709677588
3843,1.3239577841875,1.0169831062096775,-0.30697467797782263,-23.186137930085888,Khaimua,5,5,3.203613933286385,decreasing,0.00012714591309093137,-0.6795804830421032
4791,65.544309925,50.363001806451614,-15.18130811854838,-23.161900912405375,Sharda,2,2,258.42192138732395,decreasing,0.019653076963498828,-0.5233375403479082
4792,63.20793074375,48.581493483870965,-14.626437259879033,-23.140193149457428,Sharda,2,2,245.46974137089202,decreasing,0.026168218558093148,-0.4981595590542105
3803,428.420932875,329.40597588709676,-99.01495698790325,-23.11160575732016,Ganga,1,1,1096.9798248356808,decreasing,0.00021317590092695404,-0.5700559992732442
4788,0.8890765448750001,0.6840221188709678,-0.20505442600403234,-23.063753867543767,Surna,5,5,4.402420087253521,decreasing,0.011041631469831836,-0.6325491332369076
4798,70.20658813125,54.0268722983871,-16.179715832862904,-23.045865443019686,Mahakali,2,2,284.8581986725352,decreasing,0.011684771016124973,-0.5295604209470381
3847,72.59685711875,55.88516137903226,-16.711695739717733,-23.019861193690037,Sharda,2,2,293.203038471831,decreasing,0.009569337582946424,-0.5367283388568761
4718,2.7892064175,2.150971105967742,-0.6382353115322581,-22.8823262246871,Kuthi Yankti,4,4,12.66629963975352,decreasing,0.005962237689081107,-0.5039910335727785
4793,67.66643065625,52.18779318548387,-15.478637470766131,-22.874913484647426,Mahakali,2,2,272.32169711913144,decreasing,0.017193554418932333,-0.5216918033325108
3543,1.801235239875,1.391358232419355,-0.40987700745564504,-22.75532914202196,Kali,3,3,3.2473635565258214,decreasing,5.1147206150625735e-05,-0.9126137485603425
3443,0.447227298525,0.3462271095887097,-0.10100018893629026,-22.58363683733057,Mashi,4,4,0.6377937743791079,no trend,0.12631452711815294,-0.5378111005109147
3832,10.872134568125,8.416994442741936,-2.455140125383064,-22.58195122585275,East Bahgul,5,5,25.74605923802817,decreasing,0.00031384560270075745,-0.6386828870244337
3984,472.5203721875,366.05148814516133,-106.46888404233869,-22.532125662529307,Ganga,1,1,1175.6519141431925,decreasing,0.00033870824317050463,-0.554838474247564
3422,4.335469558125,3.3591847670161292,-0.976284791108871,-22.518547945498522,Mashi,4,4,7.782115687288732,no trend,0.12146527225469161,-0.5264649624027703
3996,7.634462680625001,5.9167714508064515,-1.7176912298185494,-22.499176453868387,Varuna,4,4,14.972192221713614,decreasing,0.0034055622150974685,-0.5726397040935458
3941,1.398728507875,1.084074201451613,-0.3146543064233871,-22.49573842613829,Tamasa,3,3,3.0313805333802817,decreasing,0.0008213834479497972,-0.5869365325728363
4464,2.34667787875,1.8211755862903225,-0.5255022924596775,-22.393456605965696,Ghaghara,1,1,5.575542769049296,decreasing,0.000122110688943744,-0.5529944289153818
4042,477.3446073125,370.79380241935485,-106.55080489314514,-22.321568791368,Ganga,1,1,1185.3689886150235,decreasing,0.0004248000283166853,-0.5442037547313986
7678,2.3499965284375,1.8274902786290323,-0.5225062498084676,-22.234341348405277,Mendha,3,3,3.3599517678286386,no trend,0.11909587082872197,-0.44833071051849127
3419,0.41536604200000005,0.3230949392016129,-0.09227110279838713,-22.21440692505795,Mashi,4,4,1.148460927910798,no trend,0.12146527225469161,-0.48541903301746986
4043,479.50464037499995,372.9872702419355,-106.51737013306445,-22.214043653417367,Ganga,1,1,1189.8935582629108,decreasing,0.0004248000283166853,-0.544833829812063
3421,3.631815229,2.8265976157258064,-0.8052176132741935,-22.171216389108697,Mashi,4,4,5.862383619706573,no trend,0.11446586964757266,-0.5037602481849576
4802,2.9065959718750003,2.2632600716129034,-0.6433359002620969,-22.13365416064658,Lassar Yankti,4,4,13.837478715798124,decreasing,0.005962237689081107,-0.6914578753677182
3867,2.28874708625,1.7832745687903226,-0.5054725174596773,-22.085118993548093,Bahalla,5,5,5.920942002394367,decreasing,0.0001081093910157982,-0.5995379885982253
3900,18.88417609375,14.718899712903227,-4.165276380846773,-22.056966426114474,Kali,3,3,38.70155349190141,decreasing,0.0001125989129322491,-0.7719827067273288
3949,5.139771195625,4.009740432258065,-1.1300307633669355,-21.986013002462514,Varuna,4,4,10.23144413157277,decreasing,0.0006150152886712501,-0.5722021350310175
3550,13.989096094999999,10.91470813467742,-3.0743879603225786,-21.977030820607705,Kali,3,3,30.06531688309859,decreasing,0.00018214274152716925,-0.7389108181438305
3857,7.90366605,6.167218376612904,-1.7364476733870964,-21.97015489270446,Kosi,2,2,35.25153874495305,decreasing,0.0065268260328896766,-0.568907615459474
3515,17.4168372725,13.604918163709677,-3.811919108790324,-21.886402503220744,Khari,3,3,25.431598767605635,decreasing,0.0003654043410576957,-0.9128787416559028
3263,36.67323038125,28.759921512096774,-7.9133088691532265,-21.577888794871697,Yamuna,1,1,54.55474567359155,decreasing,0.0023062399604034667,-0.8137447873550483
3375,9.617200531875,7.546871226612903,-2.0703293052620966,-21.527359218519475,Pahuj,4,4,23.708332013849766,decreasing,6.31592034843198e-05,-0.769186491423319
4424,19.232052125000003,15.096532312096775,-4.135519812903228,-21.503268533301288,Ghaghara,1,1,48.77833181619719,decreasing,0.000379478369956443,-0.5094502433960033
3945,3.6586582225,2.8735182359677416,-0.7851399865322586,-21.459779481554417,Tamasa,3,3,7.925288352030516,decreasing,0.0012979521359628432,-0.6381389508274551
3986,2.887286323125,2.2692531935483875,-0.6180331295766126,-21.405328755469462,Sai,3,3,6.029420651842723,decreasing,0.0009812430608893141,-0.6535967673761727
3359,1.594277512125,1.2549761424193548,-0.33930136970564506,-21.282453470311637,Gambhir,4,4,2.5327639393427233,decreasing,0.0008821830981653456,-0.8062814618080884
4719,1.3623075348125,1.0725337277419353,-0.28977380707056466,-21.270807043612763,Ghaghara,1,1,3.4358236440258216,decreasing,0.004522732528645879,-0.40819613149379935
4804,4.516318813125,3.5561100951612903,-0.96020871796371,-21.26087102560653,Sharda,2,2,15.741169440023475,decreasing,0.037094310671304864,-0.4102795477453552
4050,85.52920751875,67.39982154032258,-18.129385978427422,-21.196719231208867,Sharda,2,2,331.19407525704224,decreasing,0.006333500996930752,-0.49481414640382027
3865,10.027005340625,7.904845057258064,-2.1221602833669353,-21.164447522221604,Ramganga,2,2,21.84064980821596,decreasing,8.110131777905316e-05,-0.7028238407065313
7668,1.367768628625,1.0784864486290322,-0.2892821799959677,-21.149935299128725,Mendha,3,3,1.8329966292370894,no trend,0.1934395790262089,-0.40383294872224423
7669,1.80662040475,1.4252392136290324,-0.3813811911209677,-21.110200577732495,Mendha,3,3,2.4886309056924887,no trend,0.2704939159696198,-0.3915683548333149
4800,2.98520922125,2.355268279032258,-0.629940942217742,-21.102070090550175,Mohana,4,4,8.147256315669013,decreasing,3.385025722613122e-06,-0.6560825920758521
3997,15.929008518124999,12.570250145967742,-3.358758372157256,-21.08579682367208,Varuna,4,4,31.832825244600937,decreasing,0.002158406549617853,-0.5480542120370054
3350,0.8842611118124999,0.6984583727903226,-0.18580273902217725,-21.012202904788055,Kunwari,4,4,1.5618187565680752,decreasing,0.00018947603743946217,-0.9129622353428883
4137,1.77781726175,1.4066072191129033,-0.3712100426370968,-20.880101156836275,Lakheri,5,5,4.564843237769953,decreasing,3.7918033197748e-05,-0.7828411193945155
3960,1.3659736690000002,1.0815395721774195,-0.2844340968225807,-20.82280963957444,Ganga,1,1,2.5402057462089203,decreasing,0.0007644909668651501,-0.5652301753178299
3874,41.9010252125,33.18194191935484,-8.719083293145161,-20.808758852382603,Ramganga,2,2,130.17149750528168,decreasing,0.0001617115399259461,-0.6489326450420738
3445,0.945379237625,0.7488779028225807,-0.19650133480241927,-20.78545064053593,Mashi,4,4,1.351788822875587,no trend,0.17069881126634723,-0.41557326804077627
4233,4.471335268125,3.543875287096774,-0.9274599810282265,-20.742349329960792,Dhauli Ganga,4,4,15.714875376760563,decreasing,0.009296815412002779,-0.6179332849917004
3420,2.23804085225,1.7739426252419355,-0.4640982270080647,-20.7368076655744,Mashi,4,4,3.4632936971478876,no trend,0.14723151128010192,-0.4267261732252694
7681,0.8552771238750001,0.6781239853225807,-0.17715313855241943,-20.71295181493836,Mendha,3,3,1.1264363730985916,no trend,0.14448057829514482,-0.4262732996055322
4799,2.0642904834375,1.6378889425,-0.42640154093749993,-20.656082288741025,Mohana,4,4,5.653549542394367,decreasing,5.198526660699088e-06,-0.639602044594683
3902,1.1048386755,0.8773786578225807,-0.2274600176774192,-20.58762267482002,Ganga,1,1,2.0429019383450706,decreasing,0.0012109569693139477,-0.6127872605173691
3514,20.838062286875,16.557176636290325,-4.2808856505846755,-20.543587938505308,Khari,3,3,30.640002617723002,decreasing,0.0006150152886712501,-0.8976053294209833
3395,3.8365984576875,3.051163306774194,-0.785435150913306,-20.472175015853107,Tons,2,2,5.172895636995305,no trend,0.2704939159696198,-0.2343550300980535
4429,6.5924599725,5.249268285483871,-1.3431916870161293,-20.374665794243153,Bansi,5,5,19.076305906807512,decreasing,0.0004091593065749244,-0.410874156944728
4778,91.31429668749999,72.73228152419355,-18.582015163306437,-20.3495135344454,Sharda,2,2,347.2942484730047,decreasing,0.009031239702930405,-0.46020689989969227
3872,15.13371527125,12.056465574193549,-3.077249697056452,-20.333735912835632,Kosi,2,2,56.22302187910798,decreasing,0.0012979521359628432,-0.5631696383307213
4790,38.498726931250005,30.687285834677418,-7.811441096572587,-20.290128321702817,Sharda,2,2,134.49879584741782,decreasing,0.02550720118652694,-0.5034784734110842
3931,148.0421386625,118.01023121774193,-30.031907444758076,-20.286053495365604,Gomti,2,2,319.72867764788737,decreasing,0.0002491239316348981,-0.5738292399743818
3855,1.643584959,1.3102307174999999,-0.33335424150000015,-20.282142378743938,Dabka,5,5,6.560543826842722,decreasing,0.0010164879814242855,-0.5485310060921886
3444,1.1836351610625,0.9435842126612902,-0.24005094840120977,-20.280822697572283,Mashi,4,4,1.9520249036150235,no trend,0.16762079058813795,-0.47704590659151885
4732,2.413428905625,1.923985515967742,-0.4894433896572581,-20.28000031475997,Rapti,2,2,7.006038080938968,decreasing,0.00022167578460363657,-0.49614482792387254
3859,61.486052574999995,49.06890668548387,-12.417145889516128,-20.19506110653279,Ramganga,2,2,197.23441072652582,decreasing,0.00022167578460363657,-0.6171136203357914
3433,11.997451775,9.57949379596774,-2.417957979032259,-20.153929554197013,Mashi,4,4,25.610210358920188,no trend,0.07557161289482539,-0.47279329836429984
3431,1.7874663606875,1.4274304833064515,-0.3600358773810486,-20.14224632695021,Sohadra,5,5,4.964248849788732,no trend,0.09535947867360162,-0.4612242551882864
3932,151.85240741249999,121.28201177419355,-30.570395638306437,-20.1316503038792,Gomti,2,2,327.11506225352116,decreasing,0.00031384560270075745,-0.5849862999460341
3425,10.158722235,8.113916095967742,-2.044806139032259,-20.128576131230925,Mashi,4,4,20.493719531338026,no trend,0.10142213968013314,-0.49620738825258953
3858,11.592327860625,9.261854306451612,-2.3304735541733876,-20.103585597239483,Kosi,2,2,47.41147224178404,decreasing,0.004522732528645879,-0.5334821597909987
4443,1.886136040625,1.5070764914516128,-0.37905954917338724,-20.09714787316084,Rohini,3,3,6.088038133521127,decreasing,0.0007374375290918334,-0.38380065192678636
3322,9.229984093125001,7.376365373387097,-1.853618719737904,-20.082577619159505,Yamuna,1,1,32.36593197159624,no trend,0.0788965087955773,-0.439671671358347
4041,2.593068446875,2.0739799747580645,-0.5190884721169353,-20.018309687987895,Varuna,4,4,5.205285282417841,decreasing,0.014205156916392347,-0.45279248664377925
4806,19.912060856874998,15.927446468548387,-3.9846143883266105,-20.011059713845995,Goriganga,3,3,65.06552255058685,no trend,0.07721948001899892,-0.5006407285277887
3504,22.9843983825,18.404968555645162,-4.579429826854838,-19.924079589316342,Khari,3,3,33.864836388615025,decreasing,0.0008512800090243466,-0.8591185700300371
3988,7.337402142499999,5.877262678225806,-1.4601394642741932,-19.899951453072386,Sai,3,3,15.19771105011737,decreasing,0.0009812430608893141,-0.6045834765468364
4779,2.838768923125,2.2747874741935483,-0.5639814489314516,-19.86711367512803,Mohana,4,4,9.338894088732394,decreasing,9.10160122602477e-06,-0.6228870102301218
4782,10.117745306875,8.113262687096773,-2.0044826197782264,-19.81155444203742,Mohana,4,4,28.897295370539908,decreasing,8.691089217638392e-06,-0.6191781733003644
3494,25.577335856875003,20.52780629032258,-5.0495295665524225,-19.742202998812893,Khari,3,3,37.73336680328639,decreasing,0.0006615191578531743,-0.8674179885054631
3830,3.357024818125,2.6949759766129033,-0.6620488415120969,-19.721297201546193,East Bahgul,5,5,8.655079529107981,decreasing,0.009296815412002779,-0.5072653129306165
3424,9.72290018625,7.8062729096774195,-1.91662727657258,-19.712505938125847,Mashi,4,4,19.201223539201877,no trend,0.10563170957775947,-0.4822039708610314
4784,13.079283794374998,10.50426153548387,-2.575022258891128,-19.687792537987185,Mohana,4,4,38.53631532206573,decreasing,9.978877628880056e-06,-0.6138976981719658
3353,1.0800771524375,0.8677032611290323,-0.21237389130846762,-19.662844531910135,Vaisali,4,4,2.010706395181925,decreasing,0.0007644909668651501,-0.9051660218493428
4206,1.3265766486875,1.0658177809677418,-0.2607588677197581,-19.656524783377574,Lastar,5,5,3.9418688947652583,no trend,0.12146527225469161,-0.4047940436327937
4807,32.41304411875,26.04428586854839,-6.368758250201612,-19.648750752532592,Mahakali,2,2,117.78024950340375,decreasing,0.03200980884395954,-0.504947902750614
3544,2.6874418785,2.1597308322580644,-0.5277110462419357,-19.63618452416461,Kali,3,3,6.199140678697183,decreasing,0.0020193078379675544,-0.583992925965264
4209,4.3515354625,3.4993329177419357,-0.8522025447580646,-19.583950357340434,Bhillangana,4,4,13.368048548673709,no trend,0.12631452711815294,-0.36803218467928056
4763,1.4816046075,1.1916267629032258,-0.2899778445967742,-19.571877890287556,Sarju,3,3,3.901484470762911,decreasing,0.005118383692698902,-0.3839527576470058
3489,0.7957070254375,0.6402541111290323,-0.15545291430846775,-19.536451148335125,Kakund,5,5,1.255990811830986,decreasing,0.003866748696732092,-0.7622790178161784
4564,48.035557581249996,38.689280379032255,-9.346277202217742,-19.456997426144024,Ganga,1,1,98.75905602347417,decreasing,0.0003020650627967303,-0.581347479418608
4805,11.960371273125,9.658483900806452,-2.3018873723185482,-19.245952485529426,Sharda,2,2,49.16598636913146,decreasing,0.029699886817119436,-0.4392475194808064
4716,37.4003927375,30.21535031451613,-7.185042422983869,-19.21114164071248,Tamasa,3,3,78.62436739612676,decreasing,0.0005929215444833158,-0.5752274988712122
4563,40.23409120625,32.55992305241936,-7.674168153830642,-19.07379519147317,Tamasa,3,3,83.928558657277,decreasing,0.0004409976272403693,-0.5732129724604378
3991,2.033021093375,1.6474633108870969,-0.38555778248790307,-18.96477039733228,Sai,3,3,4.278555853309859,decreasing,0.004522732528645879,-0.5480832744589245
4006,1.283788913125,1.040828847903226,-0.24296006522177405,-18.92523472806448,Sai,3,3,2.6754335180516433,decreasing,0.005610700200268548,-0.5387438772486238
3406,1.312216933125,1.0643388986290323,-0.24787803449596768,-18.890019495911744,Dhil,5,5,4.528355328333333,decreasing,0.04285083553529989,-0.49595517759748353
3441,0.9314123053125,0.7563730269354839,-0.17503927837701605,-18.792888753846587,Bajyan,5,5,3.100237337758216,decreasing,0.012360926954260387,-0.6232385411566173
4001,10.837733473750001,8.81594560967742,-2.0217878640725804,-18.655080132479164,Gomti,2,2,25.345852470657274,decreasing,0.000379478369956443,-0.5061922840579823
3792,3.08336931625,2.509711141935484,-0.5736581743145162,-18.604912855920887,Garra,4,4,6.599826946115024,decreasing,0.0036294990771035263,-0.5238819725703417
3320,11.724208304375,9.547192770967742,-2.1770155334072587,-18.568550446130207,Yamuna,1,1,45.429160624647885,no trend,0.09734726542685834,-0.3908816447564867
4715,30.782760456250003,25.07827485483871,-5.704485601411292,-18.531429660178762,Tamasa,3,3,66.49549422288733,decreasing,0.0014894916172796258,-0.5390176314977304
3361,2.3359581961875002,1.904195305564516,-0.43176289062298423,-18.483331222607543,Jhilmil,5,5,4.307903014694836,decreasing,0.0006859781461279191,-0.7368619641472346
3936,8.12947624625,6.645771258870968,-1.4837049873790322,-18.250929610175586,Ganga,1,1,16.769727086384975,decreasing,0.00023963867870691047,-0.5219975737858745
3384,19.29187579625,15.772658908064516,-3.5192168881854844,-18.24196322510825,Kunwari,4,4,46.7638566084507,decreasing,0.000379478369956443,-0.7375679455871617
3955,27.206727284375,22.2441471733871,-4.962580110987901,-18.240268515640036,Tamasa,3,3,59.89324267300469,decreasing,0.0020193078379675544,-0.5165422776373685
4422,8.704024195625,7.116752974193549,-1.5872712214314504,-18.23606168545899,Ghaghi,5,5,22.62238031584507,decreasing,0.0031942743973956134,-0.40965640756755184
4005,5.459528015625,4.466455599193549,-0.9930724164314508,-18.18971188698562,Tamasa,3,3,12.754661771126761,decreasing,0.002807129202006875,-0.4945205973897959
4785,18.834364609375,15.440682062096775,-3.3936825472782264,-18.018566687346517,Mohana,4,4,54.10631065457747,decreasing,2.7981180594771615e-05,-0.5543879106685564
3382,14.217715365,11.658316587903226,-2.5593987770967743,-18.00147711071282,Gambhir,4,4,24.990867941666668,decreasing,0.0031942743973956134,-0.6554508815465615
3831,3.6935299568749995,3.0289917467741936,-0.6645382101008059,-17.9919539806049,Afsarha,5,5,9.608972902793427,decreasing,0.023005549011194892,-0.44762169201366586
3836,1.806322532,1.4816411183064515,-0.3246814136935485,-17.974719793483068,Garra,4,4,3.9643636670187794,decreasing,0.0036294990771035263,-0.5265774801121327
4134,4.100632228125,3.3644352430645164,-0.7361969850604835,-17.953255598274097,Lakheri,5,5,10.794413422969484,decreasing,0.00019708616352720476,-0.7034906113927182
3479,42.643569109375,35.013460673387094,-7.630108435987907,-17.892752870702985,Khari,3,3,66.28577077112676,decreasing,0.0018884793193247873,-0.7632912226960542
7670,5.66290826125,4.651698982177419,-1.011209279072581,-17.856713060178944,Mendha,3,3,8.254905293920187,no trend,0.16159010412375552,-0.4188524107226057
3389,65.81412369375,54.103835177419356,-11.71028851633065,-17.792971871541777,Yamuna,1,1,106.4565149084507,decreasing,0.0018260270673062795,-0.7514545508821802
3365,2.393987926625,1.9682358777419353,-0.4257520488830646,-17.78421871505768,Gambhir,4,4,5.414131986161972,decreasing,0.006725442469001752,-0.6556829904663848
4736,18.12321115625,14.900476733064517,-3.222734423185484,-17.782358740956823,Sotwa,4,4,50.809221338967134,decreasing,0.00033870824317050463,-0.4023822857614087
4720,6.8639251375,5.643866908870968,-1.220058228629032,-17.774934956143845,Manorama,4,4,17.002670001877934,decreasing,0.005784061343793834,-0.3681241635369229
4437,2.4709993359999998,2.031969266532258,-0.4390300694677416,-17.767308273681447,Tamasa,3,3,4.605432568462441,decreasing,0.0018884793193247873,-0.5523539558021264
4114,1.31266997525,1.0814916135483872,-0.23117836170161277,-17.611308711284,Shyam,4,4,2.421372212723005,decreasing,0.005277971649664259,-0.6885547711425534
4767,16.843846465625,13.879690743548387,-2.9641557220766117,-17.59785526498282,Manorama,4,4,43.904805255046945,decreasing,0.005962237689081107,-0.33925549429429386
3442,0.23478281463125,0.19362138791935482,-0.04116142671189518,-17.531703407058703,Mashi,4,4,0.5769486129213616,no trend,0.20383922113299047,-0.3923206901066396
4781,3.84593170875,3.171873104032258,-0.6740586047177417,-17.526535980453577,Mohana,4,4,10.27495405,decreasing,4.132246136712148e-05,-0.5604626597989635
3899,6.890418858125,5.683940142741935,-1.2064787153830645,-17.509511979237903,Kali,3,3,13.249337973239436,decreasing,0.0007644909668651501,-0.6605862241226134
4721,10.4273325625,8.602519387903225,-1.824813174596775,-17.500287476774094,Ghaghara,1,1,26.124770981220657,decreasing,0.004665446138032436,-0.3688937261059955
3954,22.779071153125,18.813025383064517,-3.9660457700604823,-17.41091962617796,Tamasa,3,3,50.670244457746485,decreasing,0.0034055622150974685,-0.5155808382796551
4803,6.33980331125,5.245294885483871,-1.0945084257661293,-17.26407542997305,Darma Yankti,4,4,29.33640620516432,decreasing,0.04493029313581198,-0.49613824195000533
4725,2.8447388725,2.353708835645161,-0.4910300368548386,-17.260988050664697,Ghaghara,1,1,6.91826083064554,decreasing,0.02183666536503792,-0.3587320278764725
3549,7.52630865375,6.228555543548387,-1.2977531102016133,-17.242889840227384,Kali,3,3,17.246211063615025,decreasing,0.004383985174551741,-0.5545249292328053
4461,24.64376320625,20.395796911290322,-4.247966294959678,-17.237490311067162,Manorama,4,4,63.488129091901406,decreasing,0.005277971649664259,-0.32082883018870645
4162,1.3095648546875,1.0839687441129031,-0.22559611057459694,-17.226799403411803,Jamni,4,4,4.701262510410798,decreasing,0.0008512800090243466,-0.5529478673918975
3496,39.10940989375,32.380604306451616,-6.728805587298382,-17.20508083752422,Khari,3,3,61.035332522300465,decreasing,0.0023062399604034667,-0.7634051993179787
4436,1.9518249516875,1.6165020582258065,-0.3353228934616934,-17.17996755660806,Ghaghara,1,1,4.041141517241784,decreasing,0.0006859781461279191,-0.596476749165624
4004,3.6059711622500004,2.987648912096774,-0.6183222501532262,-17.147176789051596,Tamasa,3,3,8.207599196302816,decreasing,0.0032983775618784517,-0.5343907368093544
3878,13.9624584075,11.56916198548387,-2.39329642201613,-17.140938595244513,Ganga,1,1,30.304742157394365,decreasing,0.00105290154619464,-0.5907632810353903
3349,4.24750607375,3.519955475,-0.7275505987500002,-17.128888955482218,Kunwari,4,4,13.247409888497652,decreasing,0.0007374375290918334,-0.634400281971008
3799,119.66315824374999,99.17291346774194,-20.490244776008055,-17.12326924739032,Ramganga,2,2,361.1442628192488,decreasing,0.0013906839102930668,-0.5367346346122984
3385,21.336109020000002,17.685542028225804,-3.6505669917741983,-17.109806611656495,Gambhir,4,4,37.44848891408451,decreasing,0.0039905810121358964,-0.6466205506775193
3995,1.5291449465,1.2680448347580646,-0.26110011174193537,-17.074909238627587,Ganga,1,1,3.141702558908451,no trend,0.0788965087955773,-0.4855450820025976
4759,13.027588625000002,10.810230666935484,-2.217357958064518,-17.020478784610976,Sotwa,4,4,35.81587645492958,decreasing,0.0008821830981653456,-0.3738308294508196
3492,11.405694040625,9.466945699193548,-1.9387483414314524,-16.99807424717851,Gambhir,4,4,20.56886204037559,decreasing,0.005277971649664259,-0.5775973424569764
4000,8.591244881875,7.131237256451612,-1.460007625423387,-16.994133510308544,Gomti,2,2,20.6218797834507,decreasing,0.0007924634820457577,-0.48524284045351407
3428,1.0686245333125,0.8878025112096775,-0.1808220221028225,-16.921006065836256,Sohadra,5,5,2.894142913028169,no trend,0.11909587082872197,-0.41684738835144974
3881,5.268482088124999,4.378779094354838,-0.889702993770161,-16.887273770476032,Khoh,4,4,17.33937077100939,decreasing,0.0003020650627967303,-0.5353583097001686
3358,1.3600751351875,1.1313041824193548,-0.22877095276814519,-16.82046431476058,Parbati,3,3,2.8093668712676054,decreasing,0.007575351547239206,-0.6800222643500383
3897,0.9978917650625,0.8300558768548387,-0.16783588820766127,-16.819047323949942,Kali,3,3,1.8684483195539905,decreasing,0.0013906839102930668,-0.6889167023027007
4808,8.412059636875,7.0005614085483865,-1.4114982283266135,-16.779460551363513,Ramganga,2,2,40.79585508011738,no trend,0.09936803745714684,-0.35257130027159406
4578,1.756358679625,1.4618410328225808,-0.2945176468024191,-16.76865040262172,Ganga,1,1,3.4454900960446007,no trend,0.07395255989959071,-0.3007786086433617
3950,5.930106927500001,4.9378212290322585,-0.9922856984677422,-16.73301528284697,Tamasa,3,3,13.196175838497652,decreasing,0.004963169784941934,-0.4850607515038684
3510,0.9468421701875,0.7886017487903226,-0.15824042139717742,-16.712439135008275,Banganga,4,4,1.4874855679225352,decreasing,0.013817991330473012,-0.6420930240442394
4743,2.2842426775,1.9040856221774194,-0.3801570553225806,-16.64258614319584,Jamwar,5,5,7.3687302109976525,decreasing,0.0005715684576474978,-0.38909072216756435
4737,22.17939163125,18.500037863709675,-3.6793537675403236,-16.589065330161,Sotwa,4,4,64.29965579647887,decreasing,0.0002589604625540254,-0.3858137860490085
4007,1.3224602942500001,1.103268915,-0.2191913792500002,-16.574514955423222,Sai,3,3,2.8332781097535213,decreasing,0.010732012688188242,-0.46737394958229717
4603,1.7540921033124999,1.4643897160483872,-0.2897023872641127,-16.515802489334895,Banki,5,5,4.709963963180751,decreasing,0.00033870824317050463,-0.47431723325278496
3953,18.778054461874998,15.676843716935483,-3.1012107449395145,-16.515080149734835,Tamasa,3,3,42.08962235798122,decreasing,0.004383985174551741,-0.49817188729038614
3376,7.39016514875,6.17098767016129,-1.2191774785887102,-16.497296799854684,Kunwari,4,4,20.596019183333333,decreasing,0.001090518797528528,-0.6322685248948716
3301,3.5777893225,2.9876894677419354,-0.5900998547580647,-16.493420980577167,Hindon,3,3,7.0702225384037565,decreasing,0.0028996759646631176,-0.7155953696216527
7679,4.782733874374999,3.994826541048387,-0.7879073333266122,-16.47399487452299,Mendha,3,3,7.017628425516431,no trend,0.18018680964047862,-0.3872994638040461
4783,11.62120291375,9.710045799193548,-1.9111571145564525,-16.445432789881032,Suheli,4,4,33.126767575586854,decreasing,5.336131364153118e-05,-0.46556375357989954
3399,4.757561923125,3.981296036774194,-0.7762658863508065,-16.316464165765748,Mashi,4,4,9.44429714346244,no trend,0.11446586964757266,-0.4490358028467346
3490,1.0811059760625,0.9048178604032259,-0.17628811565927405,-16.306275199896096,Banganga,4,4,1.6512019290023474,decreasing,0.014205156916392347,-0.6345551455212562
3952,12.30321524375,10.302413125,-2.0008021187500002,-16.26243286092554,Tamasa,3,3,27.981650245539907,decreasing,0.005610700200268548,-0.467711541052838
3835,105.53736836875001,88.39466922580645,-17.142699142943556,-16.24325052624637,Ramganga,2,2,329.8221793039906,decreasing,0.002087794896095563,-0.5086330014299876
4011,3.78831443125,3.178063233870968,-0.6102511973790321,-16.108778942556583,Gomti,2,2,8.232916637441315,decreasing,0.003866748696732092,-0.5516589460153513
3958,91.5631051875,76.81528400806452,-14.747821179435476,-16.106728959481398,Gomti,2,2,209.11067489788732,decreasing,0.0011695091346846098,-0.4600247980426104
4164,3.481328973125,2.927548373064516,-0.5537806000604841,-15.907160866885423,Sajnam,5,5,12.4503927875,decreasing,0.0003654043410576957,-0.5405213679589619
3355,1.0419429250625,0.8764439123387098,-0.1654990127237903,-15.883692738147149,Sesar,5,5,1.7123028148474178,decreasing,0.01201863454296448,-0.6743317397262943
4111,1.66234089175,1.398409609032258,-0.263931282717742,-15.87708538168083,Parwar,5,5,3.2268420561737092,decreasing,0.0009141234543050825,-0.6656064604577459
3547,4.680102003125,3.9434073967741936,-0.736694606350806,-15.740994659067258,Kali,3,3,10.891063062558684,decreasing,0.006725442469001752,-0.5165253953950291
3957,84.9613111,71.61699200806451,-13.344319091935489,-15.706347888427876,Gomti,2,2,195.94277189436622,decreasing,0.0017654777800719668,-0.44482524202941326
3526,0.926560800375,0.7810725122580645,-0.14548828811693548,-15.701968835510105,Khari,3,3,1.414163373286385,decreasing,0.0031942743973956134,-0.8792700601988158
3373,5.7275329575,4.833995402419355,-0.8935375550806448,-15.600740523205356,Gambhir,4,4,11.673410516901408,decreasing,0.017193554418932333,-0.5554129515086358
3866,94.26786633125,79.60428446774193,-14.663581863508071,-15.5552283447059,Ramganga,2,2,305.88500225,decreasing,0.005610700200268548,-0.4572061173459373
4462,32.300176199999996,27.295410467741934,-5.004765732258061,-15.494546225596324,Ghaghara,1,1,86.2018727834507,decreasing,0.0065268260328896766,-0.2863461619630627
4777,221.05020221875003,186.83147195967743,-34.2187302590726,-15.480071909280563,Sharda,2,2,769.4595283838029,decreasing,0.04493029313581198,-0.3053858200536089
3357,1.0875539205,0.9195529318548387,-0.16800098864516133,-15.447600847958261,Kunwari,4,4,3.473478877652582,decreasing,0.001253758027850882,-0.6136388609017133
4166,9.77922043125,8.272177157258064,-1.5070432739919362,-15.410668821577048,Jamni,4,4,35.661107190492956,decreasing,0.00029069962558136986,-0.5102633478229467
3834,92.65056115625,78.42372574193548,-14.226835414314522,-15.355368857746859,Ramganga,2,2,302.9954153438967,decreasing,0.005962237689081107,-0.4543859766867611
3377,11.769404600625,9.96462522983871,-1.8047793707862905,-15.334500189503638,Vaisali,4,4,22.612777107394365,decreasing,0.0017067792579292806,-0.7214849635101385
3459,4.69945401625,3.9813372427419353,-0.7181167735080645,-15.280855414797664,Pahuj,4,4,13.236171317723006,decreasing,0.0032983775618784517,-0.6010064421129441
4165,5.76573733,4.887384901612903,-0.8783524283870969,-15.23400006130867,Jamni,4,4,21.517949179577464,decreasing,0.0003260552028803154,-0.48893738016846794
3378,8.310456359375,7.046010579838709,-1.26444577953629,-15.215118458685758,Gambhir,4,4,15.788565976760564,decreasing,0.012360926954260387,-0.5778502616318089
3863,86.6415854625,73.56013776612903,-13.081447696370972,-15.098347550476038,Ramganga,2,2,289.576718399061,decreasing,0.005118383692698902,-0.44341766359452184
3383,14.477132817500001,12.291521101612902,-2.1856117158870987,-15.096992915925483,Kunwari,4,4,38.28113517546949,decreasing,0.0018884793193247873,-0.6428606774687801
4131,4.95537896375,4.210121030645161,-0.7452579331048392,-15.039373144952423,Dhasan,3,3,18.961716659741782,decreasing,0.0006378731280536343,-0.5283992458582373
4448,19.09107420625,16.220835795967744,-2.870238410282255,-15.034452117642505,Rohini,3,3,65.63783862276996,decreasing,0.0005309937006645615,-0.3248276656857427
4658,59.634113275000004,50.71909624999999,-8.915017025000012,-14.949525590979807,Ghaghara,1,1,186.67901133333334,no trend,0.35073611533288473,-0.24665426987488018
4032,247.2610305,210.77566411290323,-36.485366387096775,-14.755809402443129,Ghaghara,1,1,867.0911922112675,decreasing,0.04085332871514358,-0.2845891869483853
4168,12.91891207125,11.023784281451613,-1.8951277897983871,-14.669406985251038,Jamni,4,4,49.20786360903756,decreasing,0.0003518195366820631,-0.5052097956159415
3798,33.521293984375,28.621724701612905,-4.899569282762094,-14.616289231095584,Ganga,1,1,97.76072389319249,decreasing,0.006145344934976427,-0.4009149524797855
4457,28.94843679375,24.738450616935484,-4.209986176814514,-14.543051864283928,Rapti,2,2,92.63285654166665,decreasing,0.0009141234543050825,-0.3512095377427088
4738,4.968403881875,4.246361970161291,-0.7220419117137089,-14.532673447659036,Jamwar,5,5,16.43451390410798,decreasing,0.001343580136502709,-0.32306741796179284
4033,261.57829475,223.8200441935484,-37.7582505564516,-14.434779687106131,Ghaghara,1,1,904.0418467441315,decreasing,0.039884532468206446,-0.2851682188841208
3364,2.630678365625,2.25122851766129,-0.37944984796371006,-14.424030429640144,Parbati,3,3,5.025083359237089,decreasing,0.014205156916392347,-0.6412680290583678
3786,0.784687897375,0.6716915545967742,-0.11299634277822579,-14.400163830260423,Machhli,5,5,2.798879198673709,no trend,0.07236197395720767,-0.4626387159822975
4397,529.3561105625,453.1484435483871,-76.20766701411293,-14.39629495031875,Ghaghara,1,1,1704.2366641197182,decreasing,0.0032983775618784517,-0.32926023170451624
4435,525.653492375,450.04975193548387,-75.60374043951617,-14.382809500213616,Ghaghara,1,1,1697.050153157277,decreasing,0.0035159086950111718,-0.3279798669188694
4425,521.0870743125,446.16896612903224,-74.91810818346778,-14.377272413120497,Ghaghara,1,1,1687.1489063732392,decreasing,0.0034055622150974685,-0.32629662486074495
4418,354.7665855,303.78508443548384,-50.98150106451618,-14.370434857235498,Ghaghara,1,1,1139.619913028169,decreasing,0.008274688522815543,-0.3236349232631075
3999,3.552056136875,3.041684937903226,-0.5103711989717743,-14.368331448184394,Gomti,2,2,8.13171816056338,decreasing,0.015008302902396187,-0.3585835099394723
4154,0.75023966325,0.6424774134677419,-0.10776224978225812,-14.363710033062974,Dhasan,3,3,3.532660628591549,decreasing,0.0008821830981653456,-0.4811114068027271
4768,272.447198125,233.3590172580645,-39.08818086693549,-14.347066564069289,Ghaghara,1,1,931.2563820598591,decreasing,0.029699886817119436,-0.2891475593003314
3845,4.892769921875,4.191067410483871,-0.7017025113911286,-14.341620852717785,Katna,5,5,13.798644749061033,decreasing,0.007802342536259443,-0.3920298603325191
4399,542.4086480625,464.64568725806447,-77.76296080443552,-14.33660047313168,Ghaghara,1,1,1733.9082224765257,decreasing,0.0035159086950111718,-0.3214504115982275
4401,546.2740104375,468.0064910483871,-78.26751938911292,-14.32752023593984,Ganga,1,1,1742.5965895187792,decreasing,0.003746417200928498,-0.3189706763053164
4034,269.1223764375,230.5842810483871,-38.5380953891129,-14.319914939537865,Ghaghara,1,1,922.657431076291,decreasing,0.03447204456030617,-0.28665445296023634
4465,351.486419125,301.1709114516129,-50.31550767338712,-14.315064519034316,Ghaghara,1,1,1132.3803135680753,decreasing,0.008772458897707391,-0.31943561395480896
3390,87.0678613375,74.60513887903227,-12.462722458467738,-14.313803356394217,Sindh,3,3,236.15168220657276,decreasing,0.001439306397169604,-0.5503667008558688
3919,1.052620582125,0.9024130641129032,-0.15020751801209686,-14.26986328814341,Ganga,1,1,4.778799204248826,decreasing,0.0006150152886712501,-0.6341827236042442
4762,346.3206925,297.07714362903226,-49.24354887096774,-14.219060523207904,Ghaghara,1,1,1120.9405211384976,decreasing,0.008772458897707391,-0.32066732367983547
3417,2.3584758995625004,2.024283246935484,-0.33419265262701625,-14.169856587850202,Mashi,4,4,3.986384493403756,no trend,0.23746612922486188,-0.39712541167500226
3369,5.495382855625,4.717555135483871,-0.7778277201411292,-14.154204367125306,Parbati,3,3,9.930123650704225,decreasing,0.004249107139573383,-0.6070774682981402
4003,69.38567513125,59.57828579838709,-9.807389332862904,-14.13460244396446,Gomti,2,2,164.0958122253521,decreasing,0.005118383692698902,-0.4100954298332793
3321,1.35951585,1.167565088548387,-0.19195076145161294,-14.119052856324767,Aglad,5,5,6.8623647396948355,no trend,0.18672634871240623,-0.325191409371566
4724,305.05794075,262.05463935483874,-43.00330139516126,-14.096765122532304,Ghaghara,1,1,1013.7668071537558,decreasing,0.01863462876975186,-0.2993534403987981
4419,497.7004980625,427.63028362903225,-70.07021443346775,-14.07879130244883,Ghaghara,1,1,1632.0201715492958,decreasing,0.003746417200928498,-0.3151336291143329
4421,500.58301843749996,430.1142006451613,-70.46881779233865,-14.077348850605686,Ghaghara,1,1,1637.1507959624412,decreasing,0.004118003438874807,-0.31759473935216176
4761,313.65665206250003,269.51852580645163,-44.138126256048395,-14.072115469514518,Ghaghara,1,1,1034.1606343779342,decreasing,0.014205156916392347,-0.29973817185432555
4204,7.219177935625,6.205217915322581,-1.0139600203024193,-14.045366790292805,Bhillangana,4,4,23.04278783673709,no trend,0.17381897852498152,-0.2617986250924172
4463,310.4329768125,266.83763999999996,-43.59533681250002,-14.043397470247305,Ghaghara,1,1,1027.3709774295774,decreasing,0.016288026803525035,-0.2971067120418442
3374,10.037235610625,8.629774371774195,-1.4074612388508054,-14.022399129108074,Vaisali,4,4,19.48690715798122,decreasing,0.0029949997117610927,-0.6830016651882689
3366,2.74404176025,2.359964268951613,-0.38407749129838686,-13.996780109621762,Asan,4,4,8.335319395516432,decreasing,0.003093174094754625,-0.6182674561948374
4931,2.993674246875,2.5752268782258065,-0.4184473686491934,-13.977718821144189,Kamala,3,3,7.696582658157277,decreasing,0.015424676169201845,-0.19908021862329617
4723,290.21504275,249.71608290322578,-40.49895984677423,-13.95481070278678,Ghaghara,1,1,977.8802880269953,decreasing,0.023005549011194892,-0.2913954698322088
4722,288.33926337500003,248.2441164516129,-40.09514692338712,-13.905545312863381,Ghaghara,1,1,973.6624490610328,decreasing,0.02550720118652694,-0.2916378773880142
3456,1.3118485134375,1.1296607722580645,-0.18218774117943548,-13.887864285643786,Pahuj,4,4,3.317436269377934,decreasing,0.006929475025126086,-0.4747224728076527
4136,1.463987822625,1.2607537062096774,-0.20323411641532263,-13.882227247690773,Lakheri,5,5,4.301285174823944,decreasing,0.002463294644044378,-0.5467237302557229
3920,1.9980706156875,1.7212913124193547,-0.27677930326814537,-13.852328395956645,Ganga,1,1,7.291632018626761,decreasing,0.006725442469001752,-0.4013631242282426
4161,14.954364147499998,12.884188949193549,-2.0701751983064494,-13.843284661839212,Jamni,4,4,55.532102210328645,decreasing,0.0008512800090243466,-0.5070988203681152
5151,2.2612771240000002,1.9516583708064514,-0.3096187531935488,-13.692207377301038,Harohar,3,3,4.5119621890375585,no trend,0.05050402029707901,-0.30511243844072433
3935,2.0361796189375,1.757761827419355,-0.27841779151814516,-13.673537880878431,Ganga,1,1,4.0394679031338026,decreasing,0.0336339036033384,-0.29383100989585703
3509,1.9509096343749999,1.6849256006451612,-0.2659840337298387,-13.633846952375642,Gambhir,4,4,4.00477261480047,decreasing,0.04085332871514358,-0.4893998353711364
4450,8.96711262125,7.744567021774194,-1.2225455994758052,-13.633659474496312,Aami,5,5,26.42534324882629,decreasing,0.0029949997117610927,-0.33400333967923174
3841,2.0529438055,1.775826595564516,-0.27711720993548394,-13.498528756270137,Ladhiya,5,5,13.45960332266432,no trend,0.0823394430606228,-0.38443486093937995
4572,8.24026701875,7.1307443370967745,-1.1095226816532255,-13.464644763678224,Gandak,2,2,18.82619123122066,decreasing,0.011041631469831836,-0.3320967346644789
3797,31.436716846874997,27.214672782258063,-4.222044064616934,-13.430295807231001,Garra,4,4,93.93110671889673,decreasing,0.011684771016124973,-0.36967491789121604
4417,140.56386526875002,121.77248708064516,-18.791378188104858,-13.368569619351902,Rapti,2,2,487.6215896115024,decreasing,0.001343580136502709,-0.31277505880036816
4766,1.6416760255,1.4224927357258064,-0.21918328977419366,-13.351190269556243,Manorama,4,4,4.3134021761384975,decreasing,0.03281325364221077,-0.25249899059687175
4932,5.69332481875,4.933242499193548,-0.7600823195564521,-13.350411995698014,Jamuni,5,5,15.603176911150236,decreasing,0.043880164491232776,-0.14149130900890108
4929,2.273733578125,1.9704001380645162,-0.3033334400604837,-13.340764414035835,Jamuni,5,5,6.449381644330986,decreasing,0.043880164491232776,-0.15422982916340772
3372,6.7236787925,5.82856610483871,-0.8951126876612907,-13.312841307347306,Asan,4,4,17.15321900680751,decreasing,0.0022312015331427126,-0.6218800519177727
3435,1.6237127921875,1.4076474672580646,-0.21606532492943553,-13.306868429505181,Galwa,5,5,5.815351964671361,no trend,0.06482394536115721,-0.4113868834895104
4571,3.29582734875,2.857458210483871,-0.438369138266129,-13.300731254396203,Gandak,2,2,7.561803321772301,decreasing,0.015008302902396187,-0.32883377284783466
3930,3.2436442862500003,2.812709003225806,-0.43093528302419415,-13.285528405533068,Gomti,2,2,6.985695233215962,decreasing,0.009569337582946424,-0.395210090104296
3829,701.9218675625,608.7873769354838,-93.13449062701613,-13.268498237622342,Yamuna,1,1,1959.8750790023475,decreasing,0.0031942743973956134,-0.4705657811256049
4757,5.773958594375,5.008419468548388,-0.7655391258266127,-13.258479660252537,Sarju,3,3,15.385857008685445,decreasing,0.011041631469831836,-0.29678554694008485
4930,2.7742082525000002,2.406881126935484,-0.3673271255645161,-13.240791322478989,Jamuni,5,5,7.470053865363849,decreasing,0.03893529923561112,-0.13784238793955367
3534,23.639560060625,20.51263225,-3.126927810625002,-13.227521166239207,Hindon,3,3,55.97218607535211,decreasing,0.0034055622150974685,-0.5176833598744215
3388,67.72486542499999,58.80011789516129,-8.924747529838697,-13.177947972037183,Sindh,3,3,189.30881464436618,decreasing,0.0026300800297316407,-0.4955733111511057
4453,2.099681949375,1.823756335483871,-0.2759256138911288,-13.141305233074085,Aami,5,5,6.365694897816901,decreasing,0.0073542989969059835,-0.31203642788336894
4445,15.568257146875002,13.523677927419355,-2.044579219455647,-13.133000053676868,Rohini,3,3,56.19800101326291,decreasing,0.004812224917040808,-0.23806958896109673
4760,1.8157584484375,1.5783383870161292,-0.23742006142137084,-13.075531143786003,Ghaghara,1,1,4.507878285833334,no trend,0.10350991607723992,-0.2344510289857841
4163,2.993585746875,2.6022756646774194,-0.39131008219758057,-13.071617627992405,Jamni,4,4,12.126727285751173,decreasing,0.0009812430608893141,-0.421015267775335
3793,6.2904514,5.46942125967742,-0.8210301403225806,-13.052006733929785,Khaimua,5,5,16.718070431338028,decreasing,0.011359160904444332,-0.3841882782070706
3856,3.123739445,2.717623608064516,-0.4061158369354838,-13.000951074377582,Baur,4,4,12.142681603286386,decreasing,0.03893529923561112,-0.3214667729581397
4149,0.9743517126875,0.8479514476612904,-0.1264002650262096,-12.972755461943697,Dhasan,3,3,4.218450151760563,decreasing,0.003746417200928498,-0.40662567808234595
4935,29.157451350000002,25.384640233870968,-3.7728111161290343,-12.939440662494784,Kamala,3,3,82.6513684149061,decreasing,0.0336339036033384,-0.1731341194964262
4400,3.4529604381250003,3.0069528104838708,-0.44600762764112956,-12.91667355109684,Ganga,1,1,7.989350714906104,decreasing,0.006725442469001752,-0.3155751893753357
4261,2.223024835625,1.9360065762903227,-0.2870182593346773,-12.911158469085773,Shyam,4,4,4.764708959154929,decreasing,0.01863462876975186,-0.4345880372188007
4014,10.225246916875,8.905989519354838,-1.3192573975201611,-12.901961275311164,Gomti,2,2,25.423379677699533,decreasing,0.00984896035099081,-0.35592515630029536
4128,1.3839493004999999,1.205502055080645,-0.17844724541935486,-12.894059439524597,Kurai,4,4,4.346647330657277,decreasing,0.002463294644044378,-0.5418037134506405
4933,15.376194075,13.396023138709676,-1.9801709362903246,-12.878160399327065,Kamala,3,3,44.29067507488263,decreasing,0.037094310671304864,-0.15187394818918432
4926,4.3649488125,3.803694662096774,-0.5612541504032258,-12.858206923204918,Rato,5,5,13.072679229765258,no trend,0.06775755635500813,-0.14396826355649603
4934,24.0406981625,20.972072024193547,-3.0686261383064526,-12.764297099711788,Kamala,3,3,69.94567256232394,decreasing,0.04600153619326286,-0.16656097703951567
4770,3.9698536437500005,3.4639796193548387,-0.5058740243951618,-12.742888524154846,Man,5,5,11.506936119366198,decreasing,0.0065268260328896766,-0.3038456607902225
3517,0.7396872145625,0.6454491761290322,-0.09423803843346779,-12.740255148144803,Sanwan,4,4,1.326711966701878,decreasing,0.02183666536503792,-0.6068467425227143
4117,878.1726191874999,766.5084724193548,-111.66414676814509,-12.71551222713578,Yamuna,1,1,2590.39183915493,decreasing,0.0035159086950111718,-0.4356169689531192
5153,6.941077529375001,6.059353642741936,-0.8817238866330648,-12.70298282797683,Phalgu,3,3,14.455470212323943,decreasing,0.016288026803525035,-0.31634280409279886
4013,7.786223900624999,6.798975257258064,-0.987248643366935,-12.679427871162153,Gomti,2,2,19.44550776701878,decreasing,0.031223286012778573,-0.32304468363093825
4002,55.0659768375,48.08855369354839,-6.9774231439516115,-12.671024005516193,Gomti,2,2,131.3814910528169,decreasing,0.014601862436461,-0.35586076817045575
4938,1.9525613450000001,1.7054160800806453,-0.24714526491935485,-12.657490406241493,Kamala,3,3,5.077046082511737,no trend,0.10563170957775947,-0.11985575398561477
4130,3.157052084375,2.7597262182258064,-0.39732586614919363,-12.585344033937659,Kurai,4,4,9.833552521995305,decreasing,0.002158406549617853,-0.534391217287161
3795,27.836910790625,24.341307193548385,-3.4956035970766166,-12.5574408143517,Garra,4,4,86.45592862265258,decreasing,0.017662659709503536,-0.3453051688075075
3742,0.702868734875,0.6152209177419355,-0.08764781713306447,-12.470012220511128,Sukni,5,5,2.2154130844014084,decreasing,0.04493029313581198,-0.45290371275441554
3370,7.570625996875,6.626926618548388,-0.9436993783266123,-12.465275377705254,Vaisali,4,4,14.98000356302817,decreasing,0.0036294990771035263,-0.642956504914081
5159,2.08250418675,1.823542180080645,-0.258962006669355,-12.435125380155732,Panchane,4,4,4.957933060328638,no trend,0.10142213968013314,-0.2650164803862387
4160,3.1075171412500002,2.7217875895161288,-0.38572955173387147,-12.412789188307151,Jamni,4,4,13.472468126877935,decreasing,0.0013906839102930668,-0.4879304017022762
4591,1.3462919295625,1.179379594516129,-0.16691233504637104,-12.397930298862594,Jinjoi,5,5,3.709376833978873,decreasing,0.003866748696732092,-0.36120287516182703
3886,1.4258815725,1.2495123787903226,-0.1763691937096774,-12.369133391663732,Kali Rau,5,5,7.425802423321596,decreasing,0.030453404617443613,-0.44537584491536053
4876,32.38187900625,28.3836115,-3.998267506250002,-12.347237495014726,Kosi,2,2,90.36306185093898,decreasing,0.04085332871514358,-0.15770460473074416
4280,0.9927813044375,0.8702986430645161,-0.12248266137298391,-12.337325534386585,Khudar,5,5,4.564308493298122,decreasing,0.006145344934976427,-0.3368872825163392
3352,0.8333406895,0.7307637562903226,-0.10257693320967731,-12.309123327606015,Parbati,3,3,1.4611272497769954,decreasing,0.023610104895327444,-0.5685905306060638
4116,855.5288148125001,750.2361534677418,-105.29266134475824,-12.307319113247454,Yamuna,1,1,2556.4941109507045,decreasing,0.004118003438874807,-0.4261248028606523
4416,131.56450321875,115.38083262096774,-16.183670597782253,-12.300939996614398,Rapti,2,2,466.6401345129108,decreasing,0.0027172873786209806,-0.263009222755386
3828,675.2429406875001,592.4262409677419,-82.81669971975816,-12.264726475398344,Yamuna,1,1,1920.2707666431925,decreasing,0.005962237689081107,-0.43415801744938354
3410,0.5816182601875,0.5103763366935483,-0.07124192349395164,-12.248914514992176,Morel,4,4,2.0968169946596245,decreasing,0.04709421051254581,-0.37144431307359366
3508,0.7631904648125001,0.6701778742741936,-0.09301259053830646,-12.187336559708946,Gambhir,4,4,1.7135712369835683,no trend,0.07236197395720767,-0.46396533672944584
4115,850.0742418125001,746.6883116935484,-103.3859301189517,-12.161988333926653,Yamuna,1,1,2547.6244885798124,decreasing,0.004665446138032436,-0.4235082500628515
3625,5.285966715,4.6435327846774195,-0.6424339303225803,-12.1535750215669,Mej,4,4,17.464630498356808,decreasing,0.0362019558033686,-0.43887989420052326
4927,4.869649884375,4.278248234677419,-0.5914016496975805,-12.14464414772777,Mahara,5,5,14.737848330633803,no trend,0.08773125988967267,-0.15172066800073147
4432,2.73416613625,2.4030071302419356,-0.33115900600806425,-12.111883093624291,Ghaghara,1,1,6.607043070692488,decreasing,0.030453404617443613,-0.30283868082141957
4786,111.35501566875,97.87279002419355,-13.48222564455645,-12.10742557359275,Suheli,4,4,370.513973516432,no trend,0.3558846702088707,-0.17861551973236148
4021,4.937231165625,4.341776079032258,-0.5954550865927413,-12.060506519089898,Gomti,2,2,12.541431040140845,no trend,0.05537004269966195,-0.28578739613942206
4915,6.87440342,6.045625252419354,-0.828778167580646,-12.0560013276126,Jhim,5,5,21.229111796126762,no trend,0.06199593189827901,-0.15370131620568128
4776,129.69952536875002,114.06659472580647,-15.632930642943549,-12.05319032471199,Ghaghara,1,1,422.1509498873239,no trend,0.30654064337907405,-0.18713602683830363
4451,120.60653978124999,106.08717216129033,-14.519367619959667,-12.038623814508034,Rapti,2,2,436.37230006103283,decreasing,0.004665446138032436,-0.24875481768052624
5154,10.234503198750001,9.005865177419356,-1.2286380213306458,-12.004862351117408,Phalgu,3,3,21.174564573122066,decreasing,0.037094310671304864,-0.29246551973765095
4016,12.40646129375,10.922026847580645,-1.484434446169356,-11.965010900547194,Gomti,2,2,30.63962192382629,decreasing,0.01013584044969118,-0.3539066115364185
4940,2.74791351125,2.4196180189516125,-0.3282954922983876,-11.947082430154401,Kamala,3,3,7.141783414295775,no trend,0.14448057829514482,-0.12299591803249506
4872,3.2382829475,2.8523773161290324,-0.38590563137096767,-11.91698309342895,Bagmati,2,2,7.850698356338028,no trend,0.1500223115066952,-0.21305511519340575
3528,5.76310615125,5.078704508870968,-0.684401642379032,-11.875568910535986,Barah,4,4,9.243617279694837,decreasing,0.017193554418932333,-0.5485351519006159
3393,663.9413844375,585.2443203225806,-78.69706411491939,-11.853013829163938,Yamuna,1,1,1898.5144007159624,decreasing,0.00852032399393532,-0.4109053622591793
4459,75.6906086125,66.76012012903226,-8.930488483467741,-11.798674428934246,Rapti,2,2,276.8662540140845,decreasing,0.0073542989969059835,-0.2524500764279221
4433,5.884954275,5.191917015322581,-0.6930372596774195,-11.776425564112296,Gandak,2,2,19.91161341443662,no trend,0.21099478056058008,-0.13968806937737963
3516,0.689977444625,0.6089519330645161,-0.08102551156048388,-11.743211635638454,Sanwan,4,4,1.2583591843075117,decreasing,0.0362019558033686,-0.5567670427840979
4729,2.4137214100625,2.130594491935484,-0.2831269181270164,-11.729892146902122,Karmanasa,3,3,5.017293100093897,decreasing,0.028240844233809348,-0.3385160101481299
4282,1.77197948875,1.5642208891935485,-0.20775859955645148,-11.724661649611406,Kutni,5,5,9.068178996314554,decreasing,0.016288026803525035,-0.3110207120717639
5165,2.438557785,2.1539091137096773,-0.2846486712903227,-11.672828630153731,Harohar,3,3,4.918846533450704,no trend,0.07079950853282857,-0.273653752957853
4258,3.6308526368750003,3.2087855503225806,-0.42206708655241965,-11.62446204139213,Ken,2,2,10.118433937605635,decreasing,0.023610104895327444,-0.3411622376971326
4169,1.251681674375,1.1062599260483872,-0.14542174832661292,-11.618109564416695,Jamni,4,4,3.9184999497535213,decreasing,0.004249107139573383,-0.5080444856320083
4742,2.27625287625,2.013510004032258,-0.26274287221774184,-11.542780459901982,Jamwar,5,5,7.871008048215963,decreasing,0.010732012688188242,-0.22403332381382887
3791,3.9858192425,3.52580405,-0.4600151924999998,-11.541295892070295,Mej,4,4,12.921749874061033,decreasing,0.04184199371866293,-0.44557426645201753
4942,2.06267910875,1.824812759516129,-0.23786634923387084,-11.531912463980873,Kamala,3,3,5.412461678028169,no trend,0.18018680964047862,-0.11116908930029556
4139,36.9057476625,32.6525075,-4.253240162499999,-11.524600995475089,Dhasan,3,3,145.10352577816903,decreasing,0.0026300800297316407,-0.35401724041564153
4019,47.5763239375,42.104060249999996,-5.4722636875000035,-11.502073373068503,Gomti,2,2,115.38702075234741,decreasing,0.026843990224870717,-0.33940769866012016
3360,2.1325886807499996,1.887326103064516,-0.24526257768548354,-11.500697715380744,Vaisali,4,4,4.296685468861503,decreasing,0.004522732528645879,-0.5792706146723925
3532,3.1434999056875,2.7829194109677418,-0.36058049471975817,-11.470669811930447,Barah,4,4,5.090688062523474,decreasing,0.037094310671304864,-0.5067322314564889
3409,1.1822151566249999,1.0468806525806453,-0.13533450404435454,-11.447535864005406,Kareli,4,4,3.1992131403638497,no trend,0.07395255989959071,-0.43117348514171755
4924,10.8169067775,9.584605117741935,-1.2323016597580647,-11.392366460265213,Bagmati,2,2,29.830709923474178,no trend,0.05168562878896865,-0.20146525614305788
4449,100.2862956875,88.88890083870967,-11.397394848790327,-11.364857751158251,Rapti,2,2,368.4176045575117,decreasing,0.008772458897707391,-0.22553383313483433
4023,2.509324166875,2.2249159941129033,-0.2844081727620966,-11.334054663662123,Gomti,2,2,6.440173275481221,no trend,0.0841060449623876,-0.253177675089522
4644,14.981033115625,13.283543770161291,-1.6974893454637083,-11.330923123674639,Bhada,5,5,66.15819846525822,no trend,0.06199593189827901,-0.1952956440189533
5167,4.36715728625,3.872677608870968,-0.49447967737903253,-11.322689909426948,Harohar,3,3,8.798556423239436,no trend,0.05537004269966195,-0.27063056925128837
3392,571.4173733125,506.9321120967742,-64.48526121572581,-11.285141864326857,Yamuna,1,1,1653.9609911737089,decreasing,0.018142945160281476,-0.373990748341089
4811,1.53180304025,1.3594003847580647,-0.17240265549193534,-11.254884013273543,Panar,5,5,9.694576757558684,no trend,0.14723151128010192,-0.3607121746270771
4756,5.315852818125,4.7185532483870976,-0.5972995697379027,-11.236194645971805,Sotwa,4,4,14.74886881185446,decreasing,0.011359160904444332,-0.2522315361354728
3453,5.533928355,4.913807596774194,-0.6201207582258057,-11.205796650141231,Parbati,3,3,18.488643460798123,decreasing,0.0065268260328896766,-0.41776241244236045
3531,1.5457319835625,1.372711369435484,-0.17302061412701608,-11.193442069319785,Barah,4,4,2.568377068133803,decreasing,0.022414483868084867,-0.5521083808390385
5144,1.5860850333749998,1.4089504836290323,-0.17713454974596754,-11.168036140473902,Paimar,5,5,3.337388905246479,no trend,0.05050402029707901,-0.28055539909436716
4398,10.446200401875,9.279928540322581,-1.1662718615524188,-11.164555691877052,Ghaghara,1,1,25.672212652112673,decreasing,0.003746417200928498,-0.2988016490887828
4941,15.679401740625,13.935158063709677,-1.744243676915323,-11.124427486260679,Kamala,3,3,56.81025150093897,no trend,0.29266673111808905,-0.07479280745631316
4135,35.69963964375,31.73048235483871,-3.969157288911287,-11.118199871258854,Dhasan,3,3,142.6925970516432,decreasing,0.004249107139573383,-0.340770132765415
4396,7.572448915,6.7312614604838705,-0.8411874545161293,-11.108525973015816,Ghaghara,1,1,18.86617752124413,decreasing,0.004118003438874807,-0.2845315316386205
3493,12.578969383125,11.18904140967742,-1.3899279734475787,-11.049617270809179,Banganga,4,4,21.868636437206572,no trend,0.05168562878896865,-0.5471321861652906
3362,2.95467215125,2.628860949516129,-0.32581120173387124,-11.026983200015405,Sank,5,5,7.048279792805165,decreasing,0.0039905810121358964,-0.561969328000936
4659,91.39838820625,81.326169,-10.072219206250011,-11.020127820548648,Ghaghara,1,1,313.08238200469486,no trend,0.5919087714885272,-0.12539610942556884
3794,23.92351375625,21.28992914516129,-2.6335846110887076,-11.008352025214881,Deoha,4,4,78.47645806760563,decreasing,0.026843990224870717,-0.31212939487032065
4939,12.833508228125002,11.423301268548387,-1.4102069595766142,-10.98847590626938,Kamala,3,3,49.4321225076291,no trend,0.35073611533288473,-0.07006341235577951
4123,979.310391,872.5021316129032,-106.80825938709677,-10.906476676718604,Yamuna,1,1,3009.4409684741786,decreasing,0.00984896035099081,-0.37533861017746456
4146,1.286383295375,1.1465511562903226,-0.1398321390846775,-10.870176842891475,Dhasan,3,3,5.982872092664319,decreasing,0.007802342536259443,-0.33788168831372434
4877,36.688433425,32.70668162903226,-3.981751795967739,-10.852880388331105,Kosi,2,2,101.31214572065727,no trend,0.1313132257729941,-0.12812351725761786
3450,2.423080031375,2.1603619476612903,-0.26271808371370975,-10.842319705165819,Mendha,3,3,3.6487851707863848,no trend,0.3769520764891894,-0.23715230391637537
3407,2.6679337042499998,2.378885225483871,-0.2890484787661287,-10.834170215911906,Kareli,4,4,7.827602944495306,no trend,0.07236197395720767,-0.41613353784234647
3457,1.17508384075,1.0478124126612902,-0.12727142808870973,-10.830838079390016,Betwa,2,2,3.425656869589202,decreasing,0.005610700200268548,-0.564570002488615
5152,2.92763236,2.6108934991935486,-0.3167388608064514,-10.818942471535307,Mohana,4,4,6.16559054455399,no trend,0.09148147736076861,-0.22637861552599314
4774,1.3482123916875,1.2029962032258066,-0.14521618846169337,-10.771017189653067,Ghaghara,1,1,3.3072571217957747,no trend,0.12631452711815294,-0.2476715929879073
3870,10.49365427375,9.367073266935485,-1.126581006814515,-10.735831174014097,Ganga,1,1,22.251207913849765,decreasing,0.020180292056269256,-0.4258458468063218
4936,10.61370372625,9.480711622580646,-1.1329921036693538,-10.674804317998982,Kamala,3,3,43.73328893532864,no trend,0.4747556847815666,-0.05253593972879488
4045,1519.7289248749998,1357.706882016129,-162.02204285887092,-10.661246239831717,Ganga,1,1,4337.680865551643,no trend,0.05168562878896865,-0.32714846775907086
4140,3.17665844375,2.839518590403226,-0.3371398533467742,-10.613034398145285,Urmal,5,5,13.916920331760563,decreasing,0.014205156916392347,-0.2896619071708694
3520,1.8176183272500002,1.625126767016129,-0.19249156023387126,-10.590317964338805,Barah,4,4,3.030924009096244,decreasing,0.03532796495417179,-0.5243214372339445
4740,11.47139209875,10.257930211290322,-1.2134618874596779,-10.57815718453129,Danau,4,4,41.02991298908451,decreasing,0.02127185229023687,-0.18566906924139745
4049,1.2113277305,1.0840580610483872,-0.1272696694516129,-10.506625601568599,Gomti,2,2,2.8980645050000002,decreasing,0.04820863501536232,-0.3214343909031086
4012,7.4568886275,6.6738005048387095,-0.7830881226612902,-10.501539741030419,Gomti,2,2,18.94160175774648,no trend,0.10563170957775947,-0.2231309743392063
3403,0.6560167996875,0.5872209224193549,-0.06879587726814518,-10.486907850670404,Kareli,4,4,1.742330093532864,no trend,0.07236197395720767,-0.449734972297685
3558,1.2954952971875,1.160160826451613,-0.135334470735887,-10.44654280333522,Kali,3,3,3.1758127157746476,decreasing,0.03532796495417179,-0.35455406014168805
5148,5.512228824999999,4.937527183064516,-0.5747016419354836,-10.425939491644447,Panchane,4,4,12.839570320422535,no trend,0.08959056933778209,-0.24930034691131156
4018,40.23245065625,36.04290271774194,-4.189547938508063,-10.413355065799921,Gomti,2,2,99.72064632159625,decreasing,0.03893529923561112,-0.3005615574014588
4747,0.7128507230000001,0.6387304224193548,-0.07412030058064523,-10.397730996008994,Rapti,2,2,5.120449398122066,no trend,0.6337121751995711,-0.07129775835537795
3850,7.9556191712499995,7.128724799193548,-0.8268943720564517,-10.393840557937727,Baur,4,4,25.550173559389673,no trend,0.06627738005667694,-0.27965887417944923
4439,3.46127024125,3.102728418548387,-0.35854182270161283,-10.358677529094908,Rohini,3,3,14.673715180516432,no trend,0.12879503408223458,-0.11734133538322675
3451,1.2805472164375,1.1490986502419356,-0.13144856619556444,-10.265030801539373,Sindh,3,3,2.727009916478873,decreasing,0.007802342536259443,-0.485990012118037
4875,21.008214931250002,18.855276162096775,-2.152938769153227,-10.248080458995599,Kamala,3,3,70.77895424084507,no trend,0.2454429340961497,-0.09014478915035201
5150,8.29281645375,7.4498617266129035,-0.8429547271370961,-10.164878625233689,Panchane,4,4,18.851728874178402,no trend,0.09936803745714684,-0.24670579037054155
4304,1.0977230825,0.9861539420967742,-0.11156914040322574,-10.16368719778886,Bewas,5,5,5.537632675305165,decreasing,0.004963169784941934,-0.339106406853314
3356,1.8420721360624999,1.6549196852419354,-0.18715245082056442,-10.159887181215932,Vaisali,4,4,3.9252258325938967,decreasing,0.005962237689081107,-0.5536316549304515
3351,0.8912697726250001,0.8008941319354839,-0.0903756406895162,-10.140099380161697,Bamni,5,5,1.6063562642840374,decreasing,0.014205156916392347,-0.5550661261367452
4914,3.95576306875,3.5546492266129035,-0.40111384213709655,-10.139986525124376,Lakhandei,5,5,12.4980376592723,no trend,0.10142213968013314,-0.13222976539343415
3405,1.2336775006875,1.108626637903226,-0.12505086278427413,-10.136430526988306,Kareli,4,4,3.7210597140962443,no trend,0.09734726542685834,-0.4200038591595515
4133,31.09769824375,27.951848612903223,-3.145849630846776,-10.116020826329251,Dhasan,3,3,130.9011785387324,decreasing,0.005610700200268548,-0.31810048522354334
3846,17.17576805625,15.442171286290323,-1.7335967699596768,-10.093270730497828,Deoha,4,4,60.84225650457746,decreasing,0.028240844233809348,-0.28910517537112257
5157,21.404898771875,19.256076435483873,-2.1488223363911274,-10.038927814106628,Harohar,3,3,45.84277183685446,no trend,0.10563170957775947,-0.23385833526334046
4094,987.5735402500001,888.8665525,-98.70698775000005,-9.994899997524518,Yamuna,1,1,3027.617977535211,decreasing,0.020719806326624512,-0.3517777418238472
3967,5.8123857362499995,5.233550383064516,-0.5788353531854833,-9.958653459206456,Karmanasa,3,3,12.674562082746478,decreasing,0.04184199371866293,-0.2815554499946987
3466,0.8780814018750001,0.7908513948387097,-0.08723000703629036,-9.934159503893929,Sindh,3,3,3.0417218778403754,decreasing,0.0362019558033686,-0.31564353029140874
4029,11.1942076375,10.084306347580645,-1.109901289919355,-9.914960717730882,Ghaghara,1,1,29.192939293896714,decreasing,0.027534777431166724,-0.2756861843617074
3387,52.6300563,47.41528761290323,-5.214768687096772,-9.90834715693962,Sindh,3,3,154.6217852652582,decreasing,0.006725442469001752,-0.4062326860514648
3338,1.1435030750625,1.0303895824193547,-0.11311349264314519,-9.891839830597988,Karisil,5,5,4.2007352377934275,no trend,0.06339690978214874,-0.4189598575650328
4278,0.8970674671250001,0.8084432316129032,-0.08862423551209686,-9.879327783018097,Banne,5,5,4.3074026898239435,decreasing,0.039884532468206446,-0.25767857709294967
4458,45.44987499375,40.962228129032255,-4.487646864717746,-9.87383764055426,Rapti,2,2,180.7059877746479,no trend,0.07721948001899892,-0.1820860361179506
4772,17.807867350000002,16.052801927419356,-1.7550654225806461,-9.855562084365177,Babai,4,4,74.24779664612676,no trend,0.06339690978214874,-0.1772373962398105
4879,40.77162751875,36.76425537096774,-4.007372147782263,-9.828825562431517,Kosi,2,2,110.96261339553992,no trend,0.18672634871240623,-0.11156903522033096
5156,17.65902855625,15.925151241129033,-1.7338773151209672,-9.818644947529132,Panchane,4,4,38.26923809272301,no trend,0.10142213968013314,-0.21573530565644058
3552,20.06046494625,18.09618822983871,-1.964276716411291,-9.79178060764979,Hindon,3,3,49.60023149647887,decreasing,0.020180292056269256,-0.414809990501553
3915,2.17459314,1.961700605564516,-0.21289253443548373,-9.789993839283598,Song,4,4,10.421104558579813,no trend,0.2454429340961497,-0.24388925454802152
4132,26.611417890625,24.019698870967744,-2.591719019657255,-9.739124124499574,Dhasan,3,3,117.63358697183098,decreasing,0.0071390507401229986,-0.30010045483349423
4151,1.979784671625,1.7874350426612904,-0.19234962896370966,-9.715684322670798,Kathan,5,5,9.065405722241783,decreasing,0.03200980884395954,-0.3136740625449916
3404,0.565036548625,0.5102149789516129,-0.05482156967338703,-9.702305064476576,Kareli,4,4,1.9473897937558684,no trend,0.10142213968013314,-0.38176318356429656
4295,0.9092284953750001,0.8210374002419355,-0.08819109513306456,-9.699552486714708,Sonar,3,3,4.392832890434272,decreasing,0.005610700200268548,-0.33655454344710145
5091,3.015206305,2.7230234927419352,-0.29218281225806475,-9.690309143143846,Balan,5,5,7.337429706279342,no trend,0.13646394300489462,-0.21693979553986015
4095,990.7474571875,894.8847449193548,-95.86271226814517,-9.675796952361297,Yamuna,1,1,3034.1443494483565,decreasing,0.02550720118652694,-0.3420893796619855
4773,23.86602926875,21.579070173387098,-2.286959095362903,-9.582486762292836,Babai,4,4,91.44090167194835,no trend,0.052890282773236486,-0.1925333625131136
4727,17.117060659375,15.481595209677419,-1.6354654496975805,-9.554592825502652,Karmanasa,3,3,36.7706245185446,no trend,0.06339690978214874,-0.2908363185472467
4460,20.858116359375,18.867094056451613,-1.9910223029233869,-9.545551806400253,Rapti,2,2,81.00803538884978,no trend,0.06339690978214874,-0.15241213683331897
4017,24.700062862499998,22.344945455645163,-2.355117406854834,-9.534864020246719,Gomti,2,2,62.23408108521127,no trend,0.0788965087955773,-0.2683463538793377
4444,9.453048634375,8.556266548387097,-0.896782085987903,-9.486697050588006,Rohini,3,3,37.897797367723,no trend,0.14448057829514482,-0.09843661191452158
5155,12.90655725375,11.683525408870969,-1.2230318448790314,-9.47605020326919,Sakri,5,5,30.136144343192488,no trend,0.07395255989959071,-0.2438820702941514
5145,2.6520188493749997,2.400766112096774,-0.2512527372782256,-9.474017778472362,Tilayia,5,5,5.772961419377934,no trend,0.10997871362766065,-0.21961836819755837
4730,7.506723843125,6.796448683870968,-0.7102751592540324,-9.461852788211129,Karmanasa,3,3,15.843887973474178,no trend,0.07236197395720767,-0.2876537585715725
4222,3.1762301866875,2.8767899741129033,-0.29944021257459674,-9.42753500138741,Madhmaheshwar Ganga,4,4,5.302552397723005,no trend,0.06775755635500813,-0.44458609942135374
4420,1.6642491529375,1.507990153870968,-0.15625899906653218,-9.389158996459491,Ghaghara,1,1,3.512447381338028,decreasing,0.0362019558033686,-0.3668752401534094
3522,3.4530219441875,3.129625748870968,-0.3233961953165321,-9.365599192351139,Sanwan,4,4,6.04506612761737,no trend,0.0823394430606228,-0.4680139976869699
4547,3.56890838125,3.2356356572580642,-0.33327272399193575,-9.338225821174147,Punpun,3,3,7.785399777523474,decreasing,0.04934513064229651,-0.25712671044791613
3976,5.11849791375,4.640696897096774,-0.47780101665322583,-9.334789711835034,Ganga,1,1,9.606986001232395,decreasing,0.005277971649664259,-0.8547223985037891
4537,1.5690750359375,1.4233557191129034,-0.1457193168245967,-9.28695655001174,Dharmauti,5,5,3.348402212347418,no trend,0.09936803745714684,-0.2758742710572462
3491,10.182673213125,9.24043382983871,-0.9422393832862905,-9.253359737321109,Banganga,4,4,18.250977324413146,no trend,0.08959056933778209,-0.45016047393936726
4917,3.174006725625,2.8808797177419354,-0.29312700788306456,-9.235235877622292,Burhi Gandak,2,2,9.641221449882629,no trend,0.0841060449623876,-0.1167644464699577
4211,10.024901781875,9.099785652419355,-0.9251161294556454,-9.228181478328827,Mandakini,3,3,23.26083234366197,no trend,0.11909587082872197,-0.38713960062717667
4548,4.531642361875,4.113850223387097,-0.4177921384879033,-9.219441984275184,Dardha,4,4,9.362189785798122,no trend,0.10350991607723992,-0.2354932717568855
4264,9.2552442625,8.401995081451613,-0.8532491810483869,-9.219088733352454,Shyam,4,4,20.16393994225352,decreasing,0.04085332871514358,-0.39737256107614677
3413,0.9502966565,0.8627695266935483,-0.08752712980645161,-9.210505920205941,Gambhir,4,4,3.794957410492958,no trend,0.10997871362766065,-0.3695481912883534
4919,3.189516278125,2.8960328983870967,-0.2934833797379035,-9.201501235492412,Bagmati,2,2,8.730070508920187,no trend,0.116762847339964,-0.17190225427699599
4031,12.944229724375,11.754431040322581,-1.1897986840524197,-9.191730287449515,Ghaghara,1,1,33.76024160140845,decreasing,0.03200980884395954,-0.2530855241226406
5146,3.3969293549999997,3.0853192701612904,-0.31161008483870933,-9.173287174195865,Panchane,4,4,7.845456275352113,no trend,0.1122046036929909,-0.21346269348661343
4456,42.259336793749995,38.39929378225807,-3.860043011491925,-9.134177922221467,Rapti,2,2,171.62406891197182,no trend,0.1557247050592121,-0.1504116252445104
4726,13.185077435625,11.984574012096775,-1.2005034235282253,-9.105016101646573,Karmanasa,3,3,28.603350043075118,no trend,0.05168562878896865,-0.28604924701888834
4751,2.8877278,2.6249054762096775,-0.26282232379032244,-9.101353797623254,Rapti,2,2,7.9558248135563385,no trend,0.10350991607723992,-0.1664084475971089
3518,0.7984369685,0.7257753868548387,-0.07266158164516134,-9.10047812310952,Banganga,4,4,1.919768163697183,no trend,0.08959056933778209,-0.41559135186859514
4937,1.983721249625,1.8033257927419355,-0.18039545688306458,-9.09379061786863,Kosi,2,2,5.244361334401408,no trend,0.1934395790262089,-0.1327687212311179
4553,6.22815500625,5.662770914516129,-0.565384091733871,-9.077874445425715,Punpun,3,3,14.197062076525821,no trend,0.05537004269966195,-0.2768560101511436
3969,10.12215602125,9.203454811290323,-0.9187012099596767,-9.076141565403622,Karmanasa,3,3,22.40668391619718,no trend,0.06062067143372318,-0.2627457402008547
4543,2.395251514375,2.1782575876612906,-0.21699392671370932,-9.059337836190878,Batane,5,5,5.89676744640845,decreasing,0.04184199371866293,-0.2900387584661457
4405,2485.9632325,2261.7679177419354,-224.19531475806434,-9.018448536449316,Ghaghara,1,1,7010.836854342723,no trend,0.05537004269966195,-0.3022871281214949
4407,2492.4931031250003,2267.8548741935483,-224.63822893145198,-9.012591796134098,Ganga,1,1,7022.147011502348,no trend,0.054118310689752924,-0.30094102630004627
5130,3.827456126875,3.4825111088709675,-0.34494501800403254,-9.012383331632583,Jamni,4,4,12.69517304681925,no trend,0.13646394300489462,-0.09023298868949889
3478,1.7964307179999999,1.6348941775,-0.16153654049999977,-8.992082961030718,Betwa,2,2,5.582449805199531,decreasing,0.023005549011194892,-0.3743899620046997
4752,5.18791525375,4.7230270548387105,-0.4648881989112894,-8.960982903012006,Bhada,5,5,28.551775814436617,no trend,0.40434307377687007,-0.08688530638639017
3476,1.3060447331875,1.189572961532258,-0.11647177165524192,-8.917900642727897,Non,4,4,3.181979663169014,decreasing,0.010430137231560055,-0.46335276740419534
4276,2.55488170125,2.3275063752419354,-0.22737532600806443,-8.899642042009965,Banne,5,5,11.531976915598591,no trend,0.05927078933690422,-0.22396390313808456
3913,5.22191113625,4.757381328225807,-0.4645298080241931,-8.895781561648421,Ganga,1,1,11.392242774413145,decreasing,0.043880164491232776,-0.38555881680949766
3472,3.076062391875,2.803329173387097,-0.272733218487903,-8.866309708421086,Mahuar,4,4,9.955185225539905,no trend,0.09936803745714684,-0.2659956096997299
4891,5.1578943675,4.701055956451613,-0.45683841104838674,-8.85707186884119,Balan,5,5,15.335545285563379,no trend,0.48711284347936656,-0.056250894136139755
5168,8.8413427275,8.059925975,-0.7814167525000002,-8.838213567600896,Harohar,3,3,18.281092328755868,no trend,0.09340433146380822,-0.2261495029877931
4592,1.8251787628750002,1.6638794936290322,-0.16129926924596805,-8.837450474817674,Maila,5,5,5.215582969542253,decreasing,0.020180292056269256,-0.27387465549776524
4153,11.8215087075,10.77710459516129,-1.0444041123387091,-8.834778522610238,Dhasan,3,3,55.424476233685446,decreasing,0.012360926954260387,-0.2998750707587856
3901,2.480749619375,2.2616768553225803,-0.2190727640524197,-8.830909912932402,Bagad,5,5,5.508258199049296,decreasing,0.026843990224870717,-0.3968477702276491
4040,1.9076625514374999,1.7395307352419356,-0.16813181619556428,-8.813498806110664,Ganga,1,1,3.9965299301877937,no trend,0.21099478056058008,-0.296434767805952
4015,11.256182583125,10.264946848387096,-0.9912357347379039,-8.806144777928006,Gomti,2,2,29.707297943309857,no trend,0.1390971014746223,-0.22973260021978678
4186,0.9073369689374999,0.8276349413709677,-0.07970202756653222,-8.78417063286466,Sanr,5,5,3.9169138279694833,decreasing,0.005784061343793834,-0.32145027070912174
3911,2.62718024475,2.3966216866935484,-0.23055855805645153,-8.775894174645458,Ganga,1,1,5.691639754647888,no trend,0.06627738005667694,-0.35463006128302454
3862,1.6596033330625002,1.5144948038709678,-0.1451085291915324,-8.74356698981561,Ramganga,2,2,4.233813783802817,no trend,0.31602819987913433,-0.16326232515016453
4538,1.66685179575,1.521117620483871,-0.14573417526612897,-8.743079357007614,Punpun,3,3,3.4233508895774647,no trend,0.09340433146380822,-0.22797423116436927
5149,6.372393929999999,5.817718275,-0.5546756549999996,-8.704352886733725,Paimar,5,5,13.349435894483568,no trend,0.14448057829514482,-0.2283715844264778
4152,4.47194709875,4.083512462096774,-0.3884346366532263,-8.686029330753971,Kathan,5,5,20.342510784859154,decreasing,0.0362019558033686,-0.2802454187093163
3465,0.7242901011875,0.6618855354032258,-0.062404565784274224,-8.615962814065755,Sindh,3,3,2.951592356197183,no trend,0.06926481772484427,-0.28637960008399993
3477,2.32760293025,2.1278883866129035,-0.1997145436370964,-8.580266893530924,Non,4,4,5.698362189471831,decreasing,0.011359160904444332,-0.4499511039998672
4141,21.391408293749997,19.558024713709678,-1.8333835800403193,-8.570653950707797,Dhasan,3,3,97.88409075176057,decreasing,0.02127185229023687,-0.2893382706056197
4266,1.9024796341874999,1.7394914849193548,-0.1629881492681451,-8.567142919127917,Shyam,4,4,5.132708040950704,decreasing,0.027534777431166724,-0.3686991908180608
3473,4.3208097825000005,3.9515674846774194,-0.3692422978225811,-8.54567352902398,Mahuar,4,4,13.541532497769952,no trend,0.12879503408223458,-0.2627633593970121
4597,4.476936773749999,4.094974470967742,-0.3819623027822576,-8.531777911670527,Tahle,5,5,12.62971646044601,no trend,0.05168562878896865,-0.2602468744381727
4025,1.30979168475,1.198108051451613,-0.11168363329838704,-8.526824120104573,Ghaghara,1,1,3.346268769706573,no trend,0.1313132257729941,-0.2333153887818432
3626,10.504371935624999,9.611993283870968,-0.8923786517540311,-8.495307070454903,Mej,4,4,35.74419432206573,no trend,0.09340433146380822,-0.3928060063186126
3460,5.49954059875,5.033163876612902,-0.466376722137098,-8.480285103143007,Mahuar,4,4,16.96638480399061,no trend,0.08959056933778209,-0.2790400933898924
3471,0.9377567355,0.8584733405645161,-0.07928339493548398,-8.45458016286186,Bilrai,5,5,2.7293924247417842,no trend,0.11446586964757266,-0.2650120999499394
3452,3.851759735625,3.5287069854838706,-0.32305275014112933,-8.38714697475048,Non,4,4,9.094554439788732,decreasing,0.013071514062140022,-0.4438541586227441
4551,5.02616818125,4.607983505645161,-0.41818467560483885,-8.320148879316589,Dharmauti,5,5,10.735725271596243,no trend,0.09936803745714684,-0.27046392409574044
3470,0.9452521883125,0.8666921371774194,-0.07856005113508058,-8.311014997524518,Mahuar,4,4,2.801718875340376,no trend,0.0841060449623876,-0.3126368194130224
3474,0.905452041625,0.8310068832258065,-0.07444515839919352,-8.22187757902539,Non,4,4,2.2672028666314556,decreasing,0.01863462876975186,-0.41925045072088096
4096,1003.8211019375,922.0405270967742,-81.78057484072576,-8.146927244593588,Yamuna,1,1,3072.174189342723,no trend,0.06627738005667694,-0.2885227813265773
4150,1.2482255149375,1.146541332983871,-0.10168418195362894,-8.146298944924258,Kathan,5,5,5.6860131036267605,decreasing,0.026168218558093148,-0.27431385232693567
3844,3.291812444375,3.023892958870968,-0.2679194855040321,-8.138965692345227,Khaimua,5,5,9.709602242370892,no trend,0.10142213968013314,-0.22791785672851497
4889,2.821804148125,2.5935815153225805,-0.2282226328024195,-8.087826823632188,Kosi,2,2,7.443370287910798,no trend,0.43289136551861285,-0.11107463772706642
5140,82.18931974375,75.54538685483871,-6.643932888911294,-8.083693732501692,Harohar,3,3,184.97823055046948,no trend,0.11446586964757266,-0.19215114291330201
3475,1.0330102015625,0.9495082823387097,-0.08350191922379036,-8.083358624870101,Non,4,4,2.3171199135211267,decreasing,0.01201863454296448,-0.45435949782468416
3524,8.812712675625,8.103217678225807,-0.7094949973991937,-8.050812769166743,Banganga,4,4,16.1511086221831,no trend,0.12631452711815294,-0.4327781084342265
5161,72.00394783750001,66.21379900806451,-5.790148829435495,-8.041432453818812,Harohar,3,3,164.54987813028168,no trend,0.08959056933778209,-0.20843381305651248
5092,2.263765948125,2.0817326287903226,-0.18203331933467748,-8.041172254819429,Phalgu,3,3,4.872802019988263,no trend,0.27922084058927155,-0.15497538870689673
4207,2.2457138361249998,2.065456415967742,-0.18025742015725754,-8.026731512163341,Bal Ganga,4,4,7.169321464014084,no trend,0.6057025033624253,-0.09889683358008557
3727,2.6440068974999997,2.432273527822581,-0.21173336967741863,-8.008049066650313,Mej,4,4,8.42840008564554,no trend,0.09340433146380822,-0.3801494978124506
4279,1.2483765699375,1.148431528387097,-0.09994504155040307,-8.006001070286574,Banne,5,5,5.382722472089203,no trend,0.09340433146380822,-0.19737874807787237
4269,4.096364596875,3.769329885483871,-0.3270347113911294,-7.983535245876669,Shyamri,5,5,18.42749681056338,decreasing,0.04184199371866293,-0.22179836024194152
4539,1.6680304587500001,1.5358609548387097,-0.13216950391129045,-7.923686478143602,Madad,5,5,3.4929422771361502,no trend,0.16159010412375552,-0.1891458926985541
4595,13.555476730625,12.484858637096773,-1.0706180935282266,-7.898048256093047,Amanat,4,4,36.30744751830986,no trend,0.07079950853282857,-0.21750849747332454
3880,4.5046736925,4.151018848387097,-0.3536548441129028,-7.850842663736467,Gangan,4,4,12.29170209084507,decreasing,0.03800532563226788,-0.2700853074170299
3916,5.36826294,4.94695555483871,-0.42130738516129007,-7.848113810186989,Song,4,4,23.71971186584507,no trend,0.36632391174159107,-0.1873195136514869
4557,9.038485135624999,8.329979976612902,-0.7085051590120965,-7.83876001764431,Punpun,3,3,20.075132511737092,no trend,0.10778786193945145,-0.21741336995513721
4880,44.65641918125,41.16093440322581,-3.495484778024192,-7.827507986784238,Bagmati,2,2,172.79375081455402,no trend,0.24143134163124524,-0.0931404002222456
4267,2.086300563125,1.9234004661290323,-0.16290009699596775,-7.8080838339019145,Shyamri,5,5,9.62944993173709,decreasing,0.039884532468206446,-0.2603700896305186
4587,2.7273100062499998,2.514368112903226,-0.21294189334677371,-7.807762698732032,Sukri,5,5,7.704470144084507,no trend,0.1313132257729941,-0.19125346691015416
4545,3.254488730625,3.0004353992741937,-0.2540533313508062,-7.806244002633777,Ganga,1,1,6.879646385575117,no trend,0.13646394300489462,-0.28660981780037276
4155,1.3490297196875,1.2438587538709678,-0.10517096581653229,-7.796045133897786,Shyamri,5,5,5.910786968051643,no trend,0.08959056933778209,-0.21116887679609994
4263,7.140018175,6.583927996774194,-0.5560901782258059,-7.788358020892655,Shyam,4,4,16.25692218192488,decreasing,0.04285083553529989,-0.34656313097936847
3347,1.0032000208125,0.9257085514516129,-0.07749146936088713,-7.724428603791908,Manki,5,5,4.394838872476526,no trend,0.10778786193945145,-0.24515221314827337
5160,58.9087869125,54.36564691129032,-4.543140001209679,-7.712160170532487,Harohar,3,3,134.13102529460096,no trend,0.12879503408223458,-0.2018142263165641
4262,4.34851598,4.013811641935484,-0.33470433806451627,-7.696978454348839,Shyam,4,4,10.296930526713615,decreasing,0.0362019558033686,-0.39934769761261973
3396,0.72350403175,0.668004335483871,-0.05549969626612905,-7.670958810262228,Dhund,5,5,1.8461679467018781,no trend,0.17698155778028202,-0.42273192295464757
4251,1009.8776191875,932.4606479838709,-77.41697120362915,-7.665975533343851,Yamuna,1,1,3084.7140665727698,no trend,0.09340433146380822,-0.2815481329785038
4968,2.735159543125,2.5256734445967743,-0.20948609852822564,-7.659008376852548,Kamala,3,3,17.84911770672535,no trend,0.7059983246415333,0.02680484422513724
5141,3.790329384375,3.5002196306451614,-0.2901097537298387,-7.653945721070252,Burhi Gandak,2,2,14.370886571361503,no trend,0.4747556847815666,-0.06590823140356442
4562,27.17378395,25.108857266129032,-2.0649266838709686,-7.5989662965984115,Punpun,3,3,57.05860237558685,no trend,0.16159010412375552,-0.18790959391512793
5170,29.455576712499997,27.220408717741936,-2.2351679947580614,-7.588267636292886,Punpun,3,3,61.70586950293427,no trend,0.18343498976311468,-0.1853305944136148
3386,39.53328155625,36.54827939516129,-2.9850021610887154,-7.550605574802839,Sindh,3,3,129.7121050504695,decreasing,0.019137931436835398,-0.3156243749908869
3914,1.7205245731249998,1.5914798258064515,-0.12904474731854831,-7.5003141096766495,Saswa,5,5,7.437593150293427,no trend,0.33557552767093113,-0.16995058651245384
4404,1935.7466412499998,1790.5695856451614,-145.17705560483842,-7.49979633239043,Ganga,1,1,5266.497728262911,no trend,0.0823394430606228,-0.29066658420697905
4402,1926.4917828124999,1782.020539032258,-144.47124378024182,-7.499188165200849,Ganga,1,1,5250.953184284038,no trend,0.07721948001899892,-0.2894847561121482
4570,1928.29420125,1783.6961012096774,-144.5981000403226,-7.498757188949079,Ganga,1,1,5254.514432077464,no trend,0.07721948001899892,-0.2895119889322842
4305,6.234544973749999,5.767390820967742,-0.4671541527822578,-7.492995154404516,Bewas,5,5,29.60037547511737,decreasing,0.00852032399393532,-0.2793453761889858
4569,1920.349141,1776.5231560483871,-143.82598495161278,-7.489574779965118,Ganga,1,1,5238.941987910797,no trend,0.0788965087955773,-0.2892609262840835
5094,48.98219424375,45.31365880645161,-3.668535437298388,-7.489528580615769,Ganga,1,1,106.80564330633804,no trend,0.1338694227851347,-0.2046511512878987
4540,2.2354920115,2.0691493303225803,-0.16634268117741957,-7.440987501709065,Punpun,3,3,4.601427743884977,no trend,0.24143134163124524,-0.15901047959280737
4750,26.883566940625002,24.885118854838712,-1.9984480857862899,-7.433716255733692,Rapti,2,2,130.49836768368544,no trend,0.5123395447588517,-0.07667699591048566
4559,17.466491443749998,16.169487866935484,-1.2970035768145145,-7.42566749018515,Dardha,4,4,40.64851645762911,no trend,0.11909587082872197,-0.22342896560453834
4210,8.522639604375,7.892681941935484,-0.6299576624395158,-7.391579272179176,Mandakini,3,3,18.76775171237089,no trend,0.116762847339964,-0.3926893305234417
4594,12.193046825625,11.291803886290323,-0.9012429393346775,-7.39144983385628,Amanat,4,4,32.56861189201878,no trend,0.09340433146380822,-0.19963171117274298
4739,6.399257803125,5.926701404032258,-0.47255639909274194,-7.384550109263839,Danau,4,4,24.318232646009392,no trend,0.30654064337907405,-0.08471994222030331
3922,3.071608048125,2.845044158064516,-0.22656389006048405,-7.376067730997948,Malin,5,5,9.759543986854458,decreasing,0.01863462876975186,-0.28691758721133537
3961,1815.19405725,1681.427963870968,-133.7660933790321,-7.369244783760824,Ganga,1,1,5027.640909847418,no trend,0.09734726542685834,-0.2899323472939854
4440,4.8106364775,4.4565198669354835,-0.3541166105645166,-7.361117644635343,Rohini,3,3,19.624927112441313,no trend,0.438737876982112,-0.0475309302884228
3959,1813.528387375,1680.0979807258063,-133.43040664919363,-7.35750306298365,Ganga,1,1,5024.77615350939,no trend,0.09936803745714684,-0.2898207188480726
4560,19.0536579075,17.654589344354836,-1.399068563145164,-7.342781999851354,Punpun,3,3,40.75464166830986,no trend,0.18672634871240623,-0.17875561792548075
4918,6.5086650131249995,6.032434901612903,-0.4762301115120966,-7.316863144005081,Bakalya,5,5,27.137877312676057,no trend,0.31126057944127394,-0.06324858787615405
3938,1806.3155268750002,1674.5647058064515,-131.7508210685487,-7.293898497151437,Ganga,1,1,5014.291158779342,no trend,0.10142213968013314,-0.28925832202925605
3937,1796.5332276875001,1666.653710483871,-129.87951720362912,-7.229452547939244,Ganga,1,1,4995.449173122066,no trend,0.10142213968013314,-0.29381063468623175
3934,1792.5983053749999,1663.364597983871,-129.23370739112897,-7.209295412342484,Ganga,1,1,4990.507281115024,no trend,0.10142213968013314,-0.2923164139218978
5147,4.106938664375,3.811078689516129,-0.29585997485887106,-7.203905366916295,Paimar,5,5,8.61158471960094,no trend,0.2220659715332789,-0.1864108351049598
4265,1.4368068638125,1.3336062244354838,-0.10320063937701618,-7.182638249874315,Shyam,4,4,3.1324689520305165,decreasing,0.03893529923561112,-0.4136492545933904
4568,1867.74084525,1734.0633812096773,-133.67746404032255,-7.157174100480177,Ganga,1,1,5137.718314612675,no trend,0.10350991607723992,-0.2814397186335813
4567,1859.628525,1726.6574277419354,-132.97109725806467,-7.150411787648002,Ganga,1,1,5122.37294387324,no trend,0.10563170957775947,-0.27913047726716317
4882,54.4903586375,50.603306169354845,-3.887052468145157,-7.133468315016936,Bagmati,2,2,195.9770276314554,no trend,0.2704939159696198,-0.08750390364639941
4873,12.369070288749999,11.48912224032258,-0.8799480484274191,-7.1141001537339115,Balan,5,5,29.30829176701878,no trend,0.27922084058927155,-0.12099777433556605
5103,101.73959103125,94.50681152419354,-7.232779507056463,-7.109110065947549,Garkhe,5,5,232.80058244131456,no trend,0.12387138171204959,-0.17514733582740746
3412,11.472109785,10.659160443548387,-0.8129493414516133,-7.086310684670748,Morel,4,4,33.98059839706573,no trend,0.18018680964047862,-0.308979772727988
4749,6.607196089375,6.139340841129033,-0.467855248245967,-7.080995355932039,Rapti,2,2,45.55339403251174,no trend,0.8894646599057274,0.01863709263930882
4148,8.003118590625,7.436885461290323,-0.5662331293346776,-7.075156052266594,Dhasan,3,3,38.17391395774648,decreasing,0.018142945160281476,-0.25981032502995033
3348,1.98249118375,1.8425397795161291,-0.13995140423387098,-7.059370825001328,Kuno,4,4,8.836064239753522,no trend,0.13646394300489462,-0.21762307279049836
3523,5.29091454125,4.9175349838709685,-0.3733795573790317,-7.056994673945711,Banganga,4,4,10.012877088615022,no trend,0.14723151128010192,-0.37367159909656883
4913,2.2436603062500002,2.0861007700000003,-0.15755953624999997,-7.022432754686522,Bagmati,2,2,8.096962487992958,no trend,0.4505660066901904,-0.051279957123452485
3869,9.130918750625,8.490093586290321,-0.6408251643346787,-7.018189317376359,Gangan,4,4,24.334819227816904,no trend,0.06482394536115721,-0.2593649879149573
4554,7.0271023406249995,6.534193396774193,-0.4929089438508063,-7.014398253476502,Madad,5,5,14.701202728286386,no trend,0.20032839781821243,-0.1690559883119422
4110,7.98192312625,7.423357283064516,-0.5585658431854839,-6.9978855264659074,Betwa,2,2,22.694863278521126,decreasing,0.029699886817119436,-0.40531678366591195
4735,6.2604243075,5.823984599999999,-0.43643970750000083,-6.971407784247869,Banganga,4,4,26.863708005164316,no trend,0.31602819987913433,-0.0897082006501577
4593,10.0832067575,9.383873825806452,-0.6993329316935473,-6.935620269547442,Amanat,4,4,26.654744180751173,no trend,0.13646394300489462,-0.1830974417983574
4741,2.88254149125,2.682980079516129,-0.1995614117338711,-6.923106305308801,Danau,4,4,11.258473935457745,no trend,0.3769520764891894,-0.07815634094285323
4113,146.34795421875,136.22484871774193,-10.12310550100807,-6.917148623667678,Betwa,2,2,586.805453463615,decreasing,0.013071514062140022,-0.3126555537746634
4544,2.83277392125,2.637725689516129,-0.19504823173387065,-6.885414690904914,Dharmauti,5,5,6.158141905046948,no trend,0.1900611318167158,-0.2149529185756676
4541,2.0033449250625,1.8659274284677418,-0.13741749659475833,-6.8594027356757445,Sorhur,5,5,5.557928078720657,decreasing,0.039884532468206446,-0.27897415043007273
4254,1018.574424875,949.0782593548387,-69.4961655201613,-6.82288538009286,Yamuna,1,1,3105.2621680633806,no trend,0.1338694227851347,-0.24120824662523907
3556,7.2894300831250005,6.792102157258064,-0.4973279258669363,-6.822589971995867,Kali,3,3,18.32727963579812,no trend,0.07395255989959071,-0.25683207103877365
3559,15.339111870625,14.29289540483871,-1.0462164657862907,-6.820580452182738,Hindon,3,3,40.37562031842723,no trend,0.05927078933690422,-0.2875844000711924
4147,4.90637726875,4.572470538709677,-0.3339067300403231,-6.805565731095781,Bewas,5,5,23.012787804460096,decreasing,0.013817991330473012,-0.2619541007865762
4780,2.9893664443750003,2.786745385483871,-0.20262105889112947,-6.77806025662713,Sharda,2,2,8.557980945950705,no trend,0.49964167063568277,-0.07749373820104109
3411,10.288597851875,9.59202117016129,-0.6965766817137098,-6.770375242013811,Morel,4,4,29.642119815258216,no trend,0.20739461173525742,-0.30625664698357685
3743,1.338830326,1.2481901289516129,-0.09064019704838722,-6.7701033721869255,Khari,3,3,4.719541152159625,no trend,0.1417692102564545,-0.2768770551619259
4731,1.8168527890625001,1.6948305646774193,-0.12202222438508081,-6.7161316051392665,Surai,5,5,6.588389262664319,no trend,0.28813727672926714,-0.09422641963835629
4558,11.05674041,10.314728103225807,-0.7420123067741926,-6.710949875454231,Morhar,4,4,27.452861477699532,no trend,0.07721948001899892,-0.23832575730136654
4925,32.69286294375,30.500749991935482,-2.1921129518145186,-6.705172794399126,Bagmati,2,2,140.3773129600939,no trend,0.41562472802453176,-0.06208073718818798
3346,0.7048754975,0.6579390245161291,-0.046936472983870936,-6.65883168734645,Kendar,5,5,3.2234827864553988,no trend,0.14723151128010192,-0.21467100691111213
3437,1.3101701432500001,1.224058400564516,-0.08611174268548405,-6.572561825586696,Chakan,5,5,5.161760491279343,no trend,0.21833026536228317,-0.2630723888794257
4112,135.80929453125,126.915184,-8.894110531250007,-6.54897042352536,Betwa,2,2,560.018260580986,decreasing,0.014601862436461,-0.2867975898636187
4549,4.51102033,4.218602197580645,-0.2924181324193551,-6.482305798416899,Madad,5,5,9.493770108802817,no trend,0.19686192477076325,-0.15014685263158592
4605,54.58357174375,51.04890351612903,-3.534668227620969,-6.475699765883681,Koel,3,3,155.84434914788733,no trend,0.052890282773236486,-0.21092265310639716
5162,2.1202558503125,1.9831058011290323,-0.13715004918346785,-6.468561290056273,Chalki,5,5,5.268839072793427,no trend,0.16159010412375552,-0.18879473484849824
4552,6.2046734981250005,5.804565543548387,-0.4001079545766135,-6.448493296182671,Ganga,1,1,13.253154115492956,no trend,0.1528532777368805,-0.2212397511658113
3408,9.652372445000001,9.033061338709677,-0.6193111062903238,-6.41615426486295,Morel,4,4,27.3571037814554,no trend,0.23746612922486188,-0.3039821383672839
5158,36.415926578124996,34.08116982258065,-2.3347567555443476,-6.411361662143819,Phalgu,3,3,86.35776925176056,no trend,0.16458464640874837,-0.17960251064711824
4893,7.911626876875,7.406196382258065,-0.5054304946169355,-6.388452115888642,Kosi,2,2,24.270359836150234,no trend,0.46257264572864454,-0.06551775015028315
4565,58.57301140625,54.88207153225807,-3.6909398739919297,-6.301434372892922,Koel,3,3,165.44569190962443,no trend,0.05168562878896865,-0.19788803779820824
4121,133.32781239374998,124.93460994354838,-8.3932024502016,-6.295162501739996,Betwa,2,2,555.5588514049296,decreasing,0.017662659709503536,-0.28380857951777605
4275,21.95587195,20.578046536290323,-1.377825413709676,-6.275430175797123,Sonar,3,3,106.72786683568076,decreasing,0.012711826467079357,-0.2565118968951068
4575,9.609298979375,9.007798868548386,-0.6015001108266134,-6.259562868401204,Baya,5,5,23.685557791666668,no trend,0.36632391174159107,-0.11747672418062304
3833,10.326574927500001,9.682271367741935,-0.6443035597580664,-6.23927647144907,Deoha,4,4,42.771029728403754,no trend,0.1528532777368805,-0.15398318599369384
4232,1026.71307325,962.7408957258065,-63.97217752419351,-6.230774613757799,Yamuna,1,1,3120.9877603873238,no trend,0.18018680964047862,-0.2316122933866379
3458,1.7326271386875,1.6263555055645162,-0.10627163312298382,-6.133554689873248,Ghurari,5,5,5.172470806596245,no trend,0.07721948001899892,-0.36317480709021177
4601,52.769317812500006,49.533182677419354,-3.2361351350806515,-6.132607487137299,Koel,3,3,151.00797975821595,no trend,0.06062067143372318,-0.19963328499330388
4892,5.42381866125,5.091705339516129,-0.3321133217338712,-6.123237933941743,Kosi,2,2,17.641931084624414,no trend,0.36632391174159107,-0.07075584239168951
3455,35.189459531249994,33.03985869354839,-2.1496008377016054,-6.108649767106121,Sindh,3,3,121.60237837793429,decreasing,0.04493029313581198,-0.2615421432877585
4921,26.517387862499998,24.898999044354838,-1.61838881814516,-6.1031230773443985,Bagmati,2,2,125.42222723767605,no trend,0.647919795360359,-0.03716076362618091
3521,2.0552051539375,1.9299001190322582,-0.1253050349052418,-6.096959939263193,Sanwan,4,4,3.6710523127934276,no trend,0.1934395790262089,-0.3531664287362321
4297,14.121968090625,13.261440509677419,-0.860527580947581,-6.093538630205872,Sonar,3,3,67.81995214366198,decreasing,0.012360926954260387,-0.26278904221822236
4298,17.5941556625,16.52884826612903,-1.0653073963709687,-6.054893549916429,Sonar,3,3,85.82632888943662,decreasing,0.01201863454296448,-0.2600618496354654
5125,9.134883021250001,8.585016116935485,-0.5498669043145163,-6.019419220097178,Burhi Gandak,2,2,34.648594546009384,no trend,0.5252036748407956,-0.04744801785021238
3730,2.83033290875,2.660158846935484,-0.170174061814516,-6.012510446683545,Berach,4,4,9.117711590575118,no trend,0.5580715376134053,-0.11520819612600364
4037,1598.767381625,1502.913488064516,-95.85389356048404,-5.995487189828539,Ganga,1,1,4590.164227887324,no trend,0.1313132257729941,-0.26640414635168214
3933,1636.9964019375,1538.9740002419355,-98.02240169556444,-5.98794240351097,Ganga,1,1,4658.502503016432,no trend,0.1390971014746223,-0.2752195183290646
1525,4501.878413125,4233.86571451613,-268.0126986088708,-5.953352667799583,Padma,1,1,14739.192419953051,no trend,0.421334580743461,0.10098639103952968
4600,48.2565252125,45.38495851612903,-2.8715666963709694,-5.950628819057906,Koel,3,3,139.27399572887325,no trend,0.06627738005667694,-0.20105947333833876
4296,3.4567214856249997,3.252875987903226,-0.20384549772177385,-5.8970761332516535,Kopra,5,5,17.97555022887324,decreasing,0.037094310671304864,-0.24939683286734135
4038,1609.7418346250001,1515.6335206451613,-94.10831397983884,-5.846174334020585,Ganga,1,1,4611.746859941314,no trend,0.1338694227851347,-0.2699691772383145
5123,6.1664591025,5.8086142112903225,-0.35784489120967766,-5.803085454091482,Burhi Gandak,2,2,24.225594369835683,no trend,0.3558846702088707,-0.05957420689847508
3972,1615.83731575,1522.0931758064517,-93.74413994354836,-5.801582809717233,Ganga,1,1,4623.0334967723,no trend,0.13646394300489462,-0.2700661252657506
4441,7.056918378125,6.650737389516129,-0.4061809886088712,-5.755784137562777,Dande,5,5,32.90361223931925,no trend,0.8894646599057274,-0.014195253861820498
4550,4.1014891375,3.8659054556451613,-0.23558368185483847,-5.743857266398489,Morhar,4,4,11.267836582042255,no trend,0.10350991607723992,-0.21809706800040365
3454,29.9682213,28.26748962096774,-1.700731679032259,-5.675117191664155,Sindh,3,3,109.48894129107981,no trend,0.06775755635500813,-0.2558878222241574
4598,43.42860569375,40.9888429516129,-2.4397627421370984,-5.617870302679819,Koel,3,3,125.72937177112676,no trend,0.0823394430606228,-0.19889439197064535
4895,12.88434397875,12.167051585483872,-0.7172923932661277,-5.567162708859294,Kosi,2,2,39.38707007664319,no trend,0.5059696473025264,-0.05813492196800336
4535,1.477367039125,1.3953578718548387,-0.08200916727016128,-5.551035395965842,Ganga,1,1,3.2114200679694838,no trend,0.3456350347359809,-0.15857875035094907
5126,12.290584749375,11.611586762096774,-0.6789979872782261,-5.524537693886001,Burhi Gandak,2,2,48.831252831690136,no trend,0.4747556847815666,-0.04279552489432868
4855,3.9312595525,3.716447266935484,-0.21481228556451581,-5.46421020275577,Kankai,4,4,18.7342214971831,no trend,0.2454429340961497,-0.07098148494231724
4589,8.3948022425,7.936305987903226,-0.458496254596775,-5.461668319898781,Auranga,4,4,24.4007448528169,no trend,0.15863688474829707,-0.1608158146199009
3488,1.1306525508125,1.0689455279032258,-0.06170702290927421,-5.4576468133318965,Aerma,5,5,5.007438008978873,no trend,0.09936803745714684,-0.2363460361764431
5119,3.5859462156249995,3.3905965661290325,-0.195349649495967,-5.447645830402374,Burhi Gandak,2,2,14.602943202582159,no trend,0.5123395447588517,-0.04843205645615505
4044,1036.4517378125,980.309173467742,-56.14256434475794,-5.416804497163616,Yamuna,1,1,3142.212830492958,no trend,0.2335471468870569,-0.22029206915396068
4599,3.153449368125,2.983270558064516,-0.17017881006048396,-5.39659243559284,Danru,5,5,8.145623950704225,no trend,0.2454429340961497,-0.14850732755395096
4167,4.528491091875,4.284313233064516,-0.2441778588104837,-5.39203575443897,Narain,5,5,21.01359794812207,decreasing,0.03281325364221077,-0.26168304438822065
3285,4.493634219375,4.251828691129032,-0.24180552824596813,-5.38106833892679,Tons,2,2,20.001716998239438,no trend,0.22584723604104706,-0.1713895221039005
4446,2.911325186875,2.754859389032258,-0.15646579784274195,-5.374384096566398,Danau,4,4,11.346115455035212,no trend,0.6839950244742647,-0.030263962638844986
4048,6.89445448,6.528777391935484,-0.3656770880645164,-5.303930704384262,Gomti,2,2,19.810354246478873,no trend,0.3257065131987469,-0.11651441802003523
4916,17.648148184375,16.7133694,-0.9347787843749984,-5.296752807201698,Bagmati,2,2,92.57366429061034,no trend,0.9051746472382802,-0.006650816912207307
5127,12.32573881875,11.673056958870967,-0.6526818598790332,-5.29527575974731,Burhi Gandak,2,2,47.94836214084508,no trend,0.6196383329366708,-0.03611974598226665
4844,4.870415675625,4.6179125774193555,-0.2525030982056444,-5.1844260330663,Mechi,4,4,25.126396564788735,no trend,0.21833026536228317,-0.06769079988864445
5132,43.6449083,41.388168532258064,-2.2567397677419336,-5.17068280274502,Burhi Gandak,2,2,163.5347011138498,no trend,0.45654714036538024,-0.04563486770474918
4574,1.6095372181249998,1.5264655014516129,-0.08307171667338697,-5.161217506368683,Gandak,2,2,4.790986071877934,no trend,0.9525032428084219,-0.00951520491222961
4888,3.529623600625,3.347864793548387,-0.18175880707661296,-5.14952379184082,Kosi,2,2,11.123728404342724,no trend,0.42709019490083033,-0.07536226118564576
4820,4.7412351025,4.497473229032258,-0.2437618734677418,-5.141315884951769,Bakra,5,5,23.663452589788733,no trend,0.35073611533288473,-0.05703366722376303
4846,13.371086174999999,12.69108991935484,-0.6799962556451593,-5.085572306882237,Mechi,4,4,72.13677660915492,no trend,0.21099478056058008,-0.0745120641143432
3769,1.1196045200625,1.0629764567741935,-0.056628063288306496,-5.057863046600181,Banganga,4,4,4.052384351525822,no trend,0.24950104916942317,-0.20623310409510565
5142,4.07670585125,3.8730312508064517,-0.20367460044354813,-4.996058285173982,Burhi Gandak,2,2,16.30202876314554,no trend,0.7133888312424626,-0.025144753828008258
4842,8.280985489375,7.870869277419355,-0.4101162119556454,-4.95250489789952,Mechi,4,4,45.982861709037564,no trend,0.16458464640874837,-0.07100318594975759
3461,23.754840121875,22.579917467741936,-1.1749226541330628,-4.946034779039063,Sindh,3,3,90.82553662382628,no trend,0.0788965087955773,-0.24651128575867323
3921,2.2176132000625,2.1084125467741934,-0.10920065328830653,-4.924242572384981,Banganga,4,4,6.839033371913146,no trend,0.18343498976311468,-0.1539328741207091
4145,5.424781702500001,5.158295106451613,-0.266486596048388,-4.912392989483394,Dhasan,3,3,26.52985610246479,no trend,0.056645810620146175,-0.23048829762872952
4576,50.0538380625,47.60770490322581,-2.44613315927419,-4.8870041818168115,Burhi Gandak,2,2,181.7139431326291,no trend,0.5382311014255547,-0.042912920885457895
5131,40.0821603,38.14368469354839,-1.938475606451611,-4.8362553114474,Burhi Gandak,2,2,152.97137724647888,no trend,0.5580715376134053,-0.03230476874691924
3341,1.2339451991875001,1.1743653578225806,-0.05957984136491956,-4.82840254203755,Karai,5,5,5.701916409131455,no trend,0.14723151128010192,-0.1937458153255983
4881,59.050845106249994,56.22906449193549,-2.8217806143145054,-4.77856093208706,Burhi Gandak,2,2,202.56267287323945,no trend,0.46257264572864454,-0.054262157350412954
4911,14.561715162499999,13.866927412903227,-0.694787749596772,-4.771331823506763,Bagmati,2,2,82.27911772453052,no trend,0.8816255210239117,0.006641718897207546
4202,1.105570518625,1.0528221355645162,-0.052748383060483794,-4.771145953320739,Jalkur,4,4,4.05893125185446,no trend,0.5919087714885272,-0.09235648423992673
4856,10.790291661249999,10.278963962903225,-0.5113276983467738,-4.738775506718223,Kankai,4,4,50.70071109953052,no trend,0.36632391174159107,-0.04698404995410678
4734,2.300897580625,2.191943751370968,-0.10895382925403219,-4.735275058372512,Banganga,4,4,11.899440377664318,no trend,0.873797961750338,-0.015184904992279665
3729,1.1373203811875,1.083729408548387,-0.05359097263911283,-4.7120383601283375,Berach,4,4,4.020283365387324,no trend,0.7059983246415333,-0.07637532514074857
3402,6.962666586875,6.634757878225806,-0.3279087086491934,-4.70952765808604,Morel,4,4,19.46903495375587,no trend,0.35073611533288473,-0.26981368513908294
4271,41.6451848375,39.68701397580645,-1.9581708616935458,-4.702034267189236,Sonar,3,3,204.55850189788734,decreasing,0.04085332871514358,-0.214117934887773
5134,3.6464094287499997,3.4765334153225806,-0.1698760134274191,-4.65872022181703,Kiul,3,3,9.302518414788732,no trend,0.2704939159696198,-0.13221333961530515
5163,2.750050696875,2.62198412016129,-0.1280665767137097,-4.656880575301292,Kunda,5,5,7.232728709002347,no trend,0.2220659715332789,-0.15426276433633757
1429,8588.8738625,8191.704120161291,-397.1697423387095,-4.624235361899978,Padma,1,1,27289.293416901408,no trend,0.9762410903191197,-0.005200401978192521
4824,5.2493363962499995,5.006959071774194,-0.24237732447580562,-4.617294571728232,Ratua,5,5,24.524309958685446,no trend,0.5252036748407956,-0.038311375850866705
1445,8562.987332499999,8168.580600806452,-394.40673169354704,-4.605947858834428,Padma,1,1,27195.311758215965,no trend,0.9762410903191197,0.008853395131958588
1497,8578.701397499999,8183.69435483871,-395.00704266128923,-4.604508588868731,Padma,1,1,27257.541894131453,no trend,1.0,0.004170565790139302
4536,1.5510224946875,1.4796504582258063,-0.07137203646169366,-4.601611949933305,Adari,5,5,3.2796381153286385,no trend,0.3987716292538952,-0.12438974182179079
5090,61.48623573125,58.65722780645161,-2.8290079247983897,-4.601042641744556,Burhi Gandak,2,2,208.27438383098593,no trend,0.4686422537687691,-0.04730311541540588
1527,8544.977344375,8153.021899193549,-391.95544518145107,-4.586968805007635,Padma,1,1,27146.66145011737,no trend,0.9525032428084219,0.010755596783779199
4306,7.127041628125001,6.801496028225807,-0.3255455998991943,-4.567752187871528,Sonar,3,3,34.5456753100939,decreasing,0.03281325364221077,-0.23582080391650923
4901,80.287387125,76.62925183064516,-3.6581352943548353,-4.55630133866414,Burhi Gandak,2,2,252.78879749530515,no trend,0.41562472802453176,-0.07277962220847138
4556,8.223277688749999,7.851436825806451,-0.37184086294354746,-4.521808420166218,Lilajan,4,4,21.816349767018778,no trend,0.17069881126634723,-0.1642365180472979
4542,2.369124815,2.263440410483871,-0.10568440451612915,-4.460904881287529,Ganga,1,1,5.13697661016432,no trend,0.34058148871273164,-0.1472968551461614
3342,2.3961809931249998,2.289343271451613,-0.1068377216733869,-4.458666602394403,Kuno,4,4,10.298120720915493,no trend,0.11909587082872197,-0.21031876351275208
3781,0.43906165899999994,0.4195083539516129,-0.019553305048387037,-4.453430320680094,Ghora Pachhar,4,4,1.7900594872535212,no trend,0.14723151128010192,-0.31846673540258635
5129,35.45516420625,33.895115927419354,-1.5600482788306422,-4.4000593813513875,Burhi Gandak,2,2,138.12991473415494,no trend,0.647919795360359,-0.02580783094000735
3782,0.6147882080625,0.5877599032258064,-0.027028304836693606,-4.396360320877508,Manoli,5,5,1.9926133828638497,no trend,0.17698155778028202,-0.3117428404338692
3763,0.8407088305625001,0.8039427386290323,-0.036766091933467804,-4.37322537802635,Bilas,5,5,3.9359082421713616,no trend,0.45654714036538024,-0.1234457110771228
3343,4.2885845475,4.102117019354838,-0.18646752814516176,-4.347997015795379,Kuno,4,4,19.044579765845068,no trend,0.16762079058813795,-0.19168956912071103
3302,7.2288166587500005,6.915764725,-0.3130519337500006,-4.3306110602635375,Hindon,3,3,20.54279970786385,no trend,0.10997871362766065,-0.2749803404399151
4733,2.5900987225,2.4783672617741934,-0.11173146072580664,-4.313791584668318,Banganga,4,4,10.856698848356807,no trend,0.7282502018687609,-0.0345913948017435
4184,3.2902352425000005,3.149290508064516,-0.1409447344354846,-4.283728184991156,Narain,5,5,15.719823625234742,no trend,0.052890282773236486,-0.22599257138933362
5093,24.116643106250002,23.101260048387097,-1.0153830578629055,-4.210300137500321,Phalgu,3,3,60.812385570422535,no trend,0.22584723604104706,-0.14271835393463192
4285,1.6666526733125,1.5967313237096774,-0.06992134960282259,-4.195316200096613,Bearma,3,3,9.217000836643193,no trend,0.09340433146380822,-0.19945795790546564
3624,4.1545312943749995,3.9808716241935485,-0.173659670181451,-4.18000630821042,Kural,5,5,14.606431346713615,no trend,0.18018680964047862,-0.3295556993390468
3929,2.0652523578124997,1.9792187999193547,-0.08603355789314504,-4.165764903630042,Ganga,1,1,5.804889239143192,no trend,0.2146399323202448,-0.17947663732438143
4108,3.2398369556250004,3.1052322346774193,-0.13460472094758114,-4.154675768911168,Betwa,2,2,11.308174509448358,no trend,0.06339690978214874,-0.28939510076127745
3766,0.63481089125,0.6085411536290323,-0.026269737620967737,-4.138198947601584,Khul,4,4,2.9175817054225353,no trend,0.4446295030202956,-0.12935840410901714
4187,1.0749914918125,1.0314278520967741,-0.043563639715725966,-4.05246367506361,Betwa,2,2,4.394448433215962,decreasing,0.03893529923561112,-0.30773834237769443
4596,28.43513708125,27.285455120967743,-1.1496819602822583,-4.0431736164913845,Koel,3,3,85.44667409859156,no trend,0.06482394536115721,-0.19649713159048937
4406,5.396568325,5.178445712903226,-0.21812261209677342,-4.04187622505036,Ganga,1,1,11.16774049483568,no trend,0.7133888312424626,-0.06185111212570391
3683,2.0596408718749997,1.9766114637096774,-0.08302940816532223,-4.031256579684019,Padma,1,1,9.362489949413145,no trend,0.8659827352061573,0.008106984286369035
3448,0.68547869475,0.6580107606451613,-0.02746793410483872,-4.007117116142686,Mendha,3,3,1.0444443911161971,no trend,0.6986354428998491,-0.1464903963115535
4142,1.0302896771249999,0.9898779529032258,-0.04041172422177408,-3.9223652453300404,Dhasan,3,3,5.088048887100939,no trend,0.07557161289482539,-0.20073607044308012
4588,3.6852735393750002,3.5409940096774193,-0.14427952969758095,-3.9150290516033137,Auranga,4,4,10.974887140375587,no trend,0.2220659715332789,-0.15917802091904135
4841,3.48683671875,3.352686939516129,-0.13414977923387061,-3.847320366695064,Mahananda,2,2,19.45147545962441,no trend,0.5123395447588517,-0.03428935022123473
3464,93.64293931875,90.06439819354839,-3.5785411252016104,-3.8214745833860047,Betwa,2,2,405.8094919119718,decreasing,0.04820863501536232,-0.24235519415763607
5128,23.1026186625,22.222029403225807,-0.880589259274192,-3.811642619992503,Burhi Gandak,2,2,89.1482067564554,no trend,0.803993983918406,-0.017755867287402482
4303,0.8913049539375001,0.8574092699193548,-0.033895684018145245,-3.802927815940544,Sonar,3,3,4.483229234800469,decreasing,0.029699886817119436,-0.24721119744113956
3785,1.8886152744375,1.817204608951613,-0.07141066548588704,-3.7811123553025268,Manoli,5,5,6.445601853215962,no trend,0.1417692102564545,-0.27968075077040155
3678,8.489986571874999,8.169008047580645,-0.3209785242943539,-3.7806717546252413,Padma,1,1,36.21592758720657,no trend,0.7963229756501722,0.013496874850985722
4561,21.545777471875,20.73247849596774,-0.8132989759072586,-3.7747487969227693,Phalgu,3,3,55.41487341115024,no trend,0.22584723604104706,-0.13284294595392196
3486,0.894116309625,0.8605754737096774,-0.03354083591532264,-3.7512833122784612,Indar,5,5,3.6277019907981223,no trend,0.09535947867360162,-0.25361684617738833
4900,9.509474245625,9.156010245161289,-0.3534640004637115,-3.7169667989408435,Kosi,2,2,30.544672680399064,no trend,0.676718703048607,-0.03726539976254449
4182,0.828519206625,0.7977778587903226,-0.030741347834677413,-3.7103965229609215,Betwa,2,2,3.6338018607277,decreasing,0.04709421051254581,-0.2334896095488447
3296,2.6564126054374997,2.558448189516129,-0.09796441592137084,-3.68784637299357,Yamuna,1,1,5.926490043368545,no trend,0.08590320114263394,-0.3938879984019139
3677,4.90303620625,4.723207762903226,-0.17982844334677406,-3.6676956029315684,Padma,1,1,19.654104644248825,no trend,0.9841594261303772,-0.000707463116070699
2912,6.243950725625,6.015146761290322,-0.22880396433467798,-3.6644101529448796,Padma,1,1,18.93275565559859,no trend,0.3257065131987469,-0.08627778627827543
5135,7.70035464875,7.420814188709677,-0.27954046004032307,-3.6302283828667674,Kiul,3,3,20.44852296326291,no trend,0.40434307377687007,-0.09527375538336796
4286,2.966612751875,2.859141420967742,-0.10747133090725791,-3.622694968843924,Bearma,3,3,16.001703474647886,no trend,0.08773125988967267,-0.18744507229084215
3756,1.1515025394375,1.1102683747580644,-0.041234164679435636,-3.5809008896826406,Upreni,5,5,5.694859891361502,no trend,0.12146527225469161,-0.21480186863912454
4289,12.13666391,11.70370674032258,-0.4329571696774188,-3.5673490910519816,Bearma,3,3,62.13568717946009,no trend,0.09148147736076861,-0.16740635964546643
4287,8.45510366625,8.15615378064516,-0.2989498856048396,-3.5357329419643833,Bearma,3,3,42.46830070093897,no trend,0.1338694227851347,-0.15434398835407556
4822,13.527581903125,13.051029896774194,-0.47655200635080597,-3.5228173798062015,Parman,5,5,58.31825588086855,no trend,0.7810405515546475,-0.01437435584585108
4826,26.1608529,25.24531726612903,-0.9155356338709666,-3.4996398526095707,Kankai,4,4,136.59406079460092,no trend,0.6266582636866325,-0.029267147149094685
5196,1.3397373948125,1.2929468832258066,-0.04679051158669334,-3.492513664832189,Kosi,2,2,12.045958842946009,no trend,0.9525032428084219,-0.007112105316966048
4030,13.2418729125,12.780921309677419,-0.46095160282258085,-3.4810151544911294,Ghaghara,1,1,36.276223938380284,no trend,0.40434307377687007,-0.08277410375660103
5174,15.996476018749998,15.443508415322581,-0.5529676034274171,-3.456808879526125,Gandak,2,2,109.13718527957747,no trend,0.6057025033624253,0.033899850243699736
3401,2.0718797274375,2.0003446358064516,-0.07153509163104843,-3.452666227856913,Morel,4,4,5.8673620120892025,no trend,0.2662013189563792,-0.2668203962946953
5117,2.6077581062500004,2.517799641935484,-0.08995846431451637,-3.4496475765491206,Burhi Gandak,2,2,11.719163021361501,no trend,0.9367000897482891,0.004973332059406169
3661,16.20545331875,15.652775564516128,-0.552677754233871,-3.410443036446336,Padma,1,1,68.36499730633803,no trend,0.842618527640413,0.014121882118850912
4109,5.6196507718749995,5.428044280645161,-0.1916064912298383,-3.409580043457197,Betwa,2,2,18.289033552934274,no trend,0.07079950853282857,-0.3051654956985677
3879,3.2510248923124996,3.1406996903225806,-0.11032520198991902,-3.3935514382187075,Gangan,4,4,8.915503199495305,no trend,0.18672634871240623,-0.1717995270850933
3332,72.59320740000001,70.14105744354839,-2.4521499564516205,-3.3779330660235023,Banas,3,3,217.0680951302817,no trend,0.3987716292538952,-0.15229028711596387
5139,15.569234891875002,15.04563139516129,-0.5236034967137115,-3.3630650468698398,Kiul,3,3,38.67125150762911,no trend,0.6126529076996985,-0.05266332997768719
4308,2.9158213531249997,2.8191400596774194,-0.09668129344758025,-3.315748179975537,Bearma,3,3,13.348480674647888,no trend,0.16458464640874837,-0.1393192538366329
4922,2.100604963375,2.0310587782258067,-0.0695461851491932,-3.310769343201719,Burhi Gandak,2,2,5.448057763697183,no trend,0.6622568124268424,-0.06546041416987804
5107,3296.04226375,3187.1224637096775,-108.91980004032257,-3.304563210193836,Ganga,1,1,9613.561154812207,no trend,0.10350991607723992,-0.23035548715483284
5138,9.86400600625,9.538639262903226,-0.3253667433467733,-3.298525397699631,Kiul,3,3,25.861138388497654,no trend,0.5782610692399586,-0.06941040296890379
5108,3301.9907443750003,3193.076902419355,-108.91384195564524,-3.2984296561455206,Ganga,1,1,9626.806766901407,no trend,0.10563170957775947,-0.2302600478321918
5101,3285.468651875,3177.1334943548386,-108.33515752016137,-3.297403475706124,Ganga,1,1,9593.637620187794,no trend,0.10778786193945145,-0.2299025001041771
5099,3273.2783368749997,3165.531902419355,-107.7464344556447,-3.2916979054861026,Ganga,1,1,9570.365378403756,no trend,0.09936803745714684,-0.2334247832671663
4608,4.2834235225,4.142622337096775,-0.14080118540322495,-3.2871179948380873,Kanhar,3,3,12.146521133802816,no trend,0.2220659715332789,-0.15540133583891882
3770,1.23150495075,1.1912796141935484,-0.04022533655645155,-3.2663560574363815,Khul,4,4,5.896733264683099,no trend,0.5580715376134053,-0.10583269301004984
3217,5.617157484375,5.4337067338709675,-0.1834507505040328,-3.2659000751595393,Koel,3,3,17.428241620539907,no trend,0.06775755635500813,-0.20201649989948084
5098,3190.478283125,3086.642091935484,-103.83619118951583,-3.254565051852059,Ganga,1,1,9314.934237558686,no trend,0.09936803745714684,-0.23857555153801402
4290,14.701466380625002,14.223078068548386,-0.4783883120766159,-3.2540176584499205,Bearma,3,3,73.77709135469483,no trend,0.0823394430606228,-0.16819247359670636
4864,3337.562080625,3229.058994354839,-108.50308627016102,-3.2509683310472672,Ganga,1,1,9725.419900938967,no trend,0.10563170957775947,-0.22514413844147138
3519,1.3600826538125,1.3161017937096775,-0.04398086010282243,-3.233690245187525,Sanwan,4,4,2.4123374480985915,no trend,0.31602819987913433,-0.2697140175104487
4624,2.301145284375,2.2268787072580647,-0.0742665771169353,-3.2273745435028625,Kanhar,3,3,8.373316915305164,decreasing,0.012360926954260387,-0.23803057037176875
4851,13.607463596874998,13.176403661290324,-0.43105993558467404,-3.16781986970495,Nagar,5,5,65.26366815739436,no trend,0.3932466602479614,-0.05172111930653948
4573,2850.961213125,2761.369308870968,-89.59190425403222,-3.142515718613674,Gandak,2,2,8135.356976525822,no trend,0.116762847339964,-0.2543482484681749
3784,1.2815708661875,1.2413220633870967,-0.04024880280040333,-3.140583471606066,Thalera,5,5,5.057574696784037,no trend,0.1900611318167158,-0.2844736982104118
4590,18.971782321875,18.376914076612906,-0.594868245262095,-3.13554222354847,Koel,3,3,58.055102097417844,no trend,0.07236197395720767,-0.19642277676519315
4293,0.88079703625,0.8531993727419356,-0.027597663508064474,-3.1332602599983455,Bearma,3,3,4.286337623638498,no trend,0.06627738005667694,-0.21707151052157062
4910,9.122054418125,8.836473304032259,-0.2855811140927411,-3.130666634977618,Bagmati,2,2,56.80561226960094,no trend,0.803993983918406,0.026104616027704666
5097,3086.044178125,2989.683970967742,-96.36020715725817,-3.12245067132526,Ganga,1,1,9078.888254812207,no trend,0.10350991607723992,-0.23080914160017707
5096,3068.687991875,2973.563302419355,-95.12468945564524,-3.0998488509587143,Ganga,1,1,9044.675292957747,no trend,0.10563170957775947,-0.2365752206889728
4845,5.86443638625,5.682653775,-0.18178261125000006,-3.0997456409658577,Dahuk,5,5,34.37232915011737,no trend,0.38233674726699096,-0.04291069936892389
5171,1.393343610625,1.3503005892741935,-0.0430430213508064,-3.0891892726661276,Jam,5,5,3.927423647511737,no trend,0.22967423731825298,-0.1569356986592266
4836,3762.35132125,3646.870679032258,-115.48064221774212,-3.0693742385380145,Ganga,1,1,11372.114455633804,no trend,0.12387138171204959,-0.20919884239308642
1523,4043.0087550000003,3919.0762685483874,-123.93248645161293,-3.0653529082356124,Padma,1,1,12407.399988380283,no trend,0.1390971014746223,-0.1964699417742064
2973,3909.0528975,3789.569619354839,-119.48327814516142,-3.0565786976578364,Padma,1,1,11970.29781173709,no trend,0.1390971014746223,-0.20393407789831658
4863,3722.7213,3609.027675806452,-113.6936241935482,-3.0540460870263963,Ganga,1,1,11288.112461971832,no trend,0.116762847339964,-0.21666053762870427
4834,3730.21271,3616.334676612903,-113.87803338709682,-3.0528562910584482,Ganga,1,1,11304.784295774649,no trend,0.12387138171204959,-0.21138543117577505
4607,2.7851018781250003,2.700120652419355,-0.08498122570564526,-3.051278891200085,Kanhar,3,3,7.7258285901056345,no trend,0.2454429340961497,-0.14367076006009843
2960,3901.8965762499997,3782.8597362903224,-119.03683995967731,-3.0507430843818057,Ganga,1,1,11957.178962558684,no trend,0.1390971014746223,-0.20325383324355778
1551,4016.234736875,3893.90942016129,-122.32531671370998,-3.0457710947664958,Padma,1,1,12347.029978286386,no trend,0.13646394300489462,-0.19738490131464095
1553,4019.102258125,3896.691625806451,-122.41063231854878,-3.0457207718734693,Padma,1,1,12354.839418309859,no trend,0.1390971014746223,-0.1972766911005774
4835,3745.75044375,3631.9274427419355,-113.8230010080647,-3.0387235539939645,Ganga,1,1,11353.386415023475,no trend,0.12146527225469161,-0.21157190273732038
2959,3878.5360200000005,3760.7991758064513,-117.73684419354913,-3.035600122995612,Ganga,1,1,11915.043745187793,no trend,0.13646394300489462,-0.20286635087073804
4838,3870.8883456249996,3753.491033064516,-117.39731256048344,-3.0328261132401195,Ganga,1,1,11900.703923356807,no trend,0.1338694227851347,-0.20263828734345918
3469,18.158698803125,17.609117443548385,-0.5495813595766137,-3.0265459300532824,Sindh,3,3,72.23334192840376,no trend,0.1528532777368805,-0.18980291166214594
5095,3016.455315,2925.400355645161,-91.05495935483896,-3.01860793037602,Ganga,1,1,8933.874664788733,no trend,0.10778786193945145,-0.23383108182309714
3853,21.169748784375,20.533696959677417,-0.6360518246975815,-3.004531755081759,Gaula,4,4,78.26306117957746,no trend,0.6126529076996985,-0.07584458145060463
5085,20.52415521875,19.90751724596774,-0.6166379727822608,-3.0044499576719557,Nagar,5,5,91.9617335269953,no trend,0.421334580743461,-0.04911610117769739
5133,3007.8866537500003,2918.020733870968,-89.86591987903239,-2.987676406190191,Ganga,1,1,8921.714961619718,no trend,0.10778786193945145,-0.23521732317089727
5137,3.61242767875,3.5045123653225807,-0.10791531342741933,-2.9873349177958084,Nakti,5,5,8.33049367112676,no trend,0.8816255210239117,-0.0170576058853197
5173,12.26260665,11.897736063709678,-0.36487058629032276,-2.9754732962124555,Gandak,2,2,89.19965830352113,no trend,0.5123395447588517,0.04395511043467769
5172,2.21386038125,2.1483727975806453,-0.0654875836693547,-2.9580719824968726,Lilajan,4,4,6.432846996478874,no trend,0.28813727672926714,-0.13531580602720422
4817,6.576294370625,6.382636795967742,-0.19365757465725775,-2.944782635070103,Parman,5,5,24.815279339319247,no trend,0.9525032428084219,-0.0036862572275293813
4292,16.41262474375,15.933951811290322,-0.4786729324596788,-2.9164922730714324,Bearma,3,3,82.1827527443662,no trend,0.09734726542685834,-0.16422786810454615
3297,4.241703789375,4.119300235483871,-0.12240355389112967,-2.8857166829455903,Yamuna,1,1,13.462395763497653,no trend,0.07236197395720767,-0.33392801183225684
5078,20.064171074999997,19.486326056451613,-0.5778450185483841,-2.879984507649959,Tangan,4,4,74.25595527758216,no trend,0.20739461173525742,-0.07500963913546634
4294,19.2796474625,18.72707058870968,-0.552576873790322,-2.8661150307084977,Bearma,3,3,95.95238725774648,no trend,0.10778786193945145,-0.1614394633903915
3923,10.989572865625,10.67599070967742,-0.31358215594758043,-2.853451719934034,Banganga,4,4,36.04026033568075,no trend,0.43289136551861285,-0.10568140889845926
4616,9.28806876,9.024605028225805,-0.2634637317741948,-2.836582486434939,Koel,3,3,28.201313401995304,no trend,0.08590320114263394,-0.20321241189719735
4343,12.630526420625,12.27562000967742,-0.3549064109475797,-2.8099098891716485,Kanhar,3,3,40.555748752699536,no trend,0.06199593189827901,-0.21573608720774207
4143,2.74289525875,2.666129612096774,-0.07676564665322605,-2.798708642203491,Dhasan,3,3,13.833526857629108,no trend,0.06775755635500813,-0.20125504155197138
4442,1.8216126818749998,1.7707286100806452,-0.05088407179435461,-2.793352961397878,Gandak,2,2,10.915087246009389,no trend,0.4446295030202956,0.06623661236831742
5179,1.4943060535625,1.4526974892741935,-0.04160856428830639,-2.7844740499517826,Gandak,2,2,9.7308103925,no trend,0.42709019490083033,0.06621215055429736
4615,1.78330060625,1.7342091061290321,-0.04909150012096797,-2.752844918513186,Chaupat,5,5,4.957696393579813,no trend,0.12631452711815294,-0.16820455126017542
5077,8.507399043125,8.274732159677418,-0.2326668834475818,-2.734876808624659,Tangon,5,5,35.41306835023474,no trend,0.6407995334718981,-0.03086854327892718
4301,4.897416909375,4.765643882258065,-0.13177302711693528,-2.6906638653671804,Patne,5,5,23.87486254107981,no trend,0.09340433146380822,-0.2300097188215442
4850,14.332609796875,13.948439650806451,-0.3841701460685485,-2.680392137322477,Kankai,4,4,81.44488112640845,no trend,0.827117687577857,-0.008933648414096057
2978,3.92968148875,3.824518470967742,-0.105163017782258,-2.6761206495570082,Barnar,5,5,10.927676649413145,no trend,0.6337121751995711,-0.06549669540814652
1548,13.569926183125,13.207737754032259,-0.3621884290927415,-2.6690523161662005,Punarbhaba,4,4,55.655701695774646,no trend,0.27483372753192903,-0.06801331794382642
3415,60.083650256249996,58.48473652419355,-1.5989137320564453,-2.6611461275026707,Banas,3,3,179.44346046948357,no trend,0.4686422537687691,-0.1279051820855936
5100,6.122754783125,5.960561985483872,-0.16219279764112837,-2.6490167152888424,Ganga,1,1,14.2517313407277,no trend,0.4809126483751318,-0.07858948027993345
3337,10.349693352500001,10.076905952419354,-0.27278740008064695,-2.6357051440055885,Kuno,4,4,44.29453997582159,no trend,0.2836553336618328,-0.1529574006743771
4307,3.039833503125,2.959827948387097,-0.08000555473790305,-2.631905815093359,Bearma,3,3,15.659296978521127,no trend,0.09734726542685834,-0.17692500807761075
3757,1.1971349745625,1.165767809516129,-0.03136716504637094,-2.620186170555601,Garni,5,5,6.0888898849999995,no trend,0.35073611533288473,-0.14329433281047235
4409,3.48546930375,3.394991337096774,-0.09047796665322583,-2.5958618128089954,Ganga,1,1,7.317647200234743,no trend,0.8348600876973751,-0.032529097982701
5080,6.7313692025,6.556764725,-0.17460447749999997,-2.5938924496245526,Kuliki,5,5,26.409610686502344,no trend,0.40434307377687007,-0.04966656071307496
4827,67.56187316875,65.81020321774194,-1.7516699510080542,-2.592690031895489,Mahananda,2,2,380.21837844248824,no trend,0.8581805908972016,-0.010279253922557335
1496,14.565508846875,14.193873495967742,-0.3716353509072583,-2.5514752338157547,Padma,1,1,57.91545506115023,no trend,0.7658422334580033,0.024536373311566117
3414,58.97902800000001,57.47823587903226,-1.5007921209677448,-2.54461996384163,Banas,3,3,175.11546557511736,no trend,0.4686422537687691,-0.12292844774247234
5277,1.5759782645,1.5359001929032259,-0.04007807159677412,-2.543059920276846,Chilkara,5,5,4.530341681455399,no trend,0.23746612922486188,-0.12182384275208431
5121,4.91504146375,4.791810155645161,-0.12323130810483907,-2.5072282505388674,Dhanauti,5,5,15.022793170187795,no trend,0.9762410903191197,0.00731796362265883
4046,1.4580947762499998,1.4218579037096775,-0.036236872540322373,-2.485220654415768,Gomti,2,2,4.5637067642723,no trend,0.6913008056206345,-0.06410974013411136
1549,22.805888434375,22.241611854838713,-0.564276579536287,-2.474258265184533,Punarbhaba,4,4,83.82393540669014,no trend,0.36632391174159107,-0.05858330950865562
3554,1.9229146839374998,1.8756113255645162,-0.047303358372983606,-2.459982170198098,Kali,3,3,5.237602326291079,no trend,0.2836553336618328,-0.17755488980681716
4814,2.40798252875,2.3487816782258064,-0.05920085052419344,-2.4585249194031737,Jaulaha,5,5,7.771127694366197,no trend,0.6057025033624253,0.030752324748050855
4907,6.867348794375,6.7019940153225805,-0.1653547790524197,-2.407840114191676,Bagmati,2,2,39.94799886889671,no trend,0.5714931653398074,0.04408808048699787
3861,24.8202191125,24.224476217741934,-0.5957428947580645,-2.400232214138817,Gaula,4,4,91.91112908802816,no trend,0.7208063353199297,-0.055607811669093885
2977,3.853688518125,3.76257612016129,-0.09111239796370985,-2.3642906668554597,Chandan,4,4,11.521441636032863,no trend,0.25360582183177804,-0.1147220476576787
1562,4.206129500625,4.107610257258065,-0.09851924336693507,-2.3422779387152923,Punarbhaba,4,4,18.983422844248828,no trend,0.6057025033624253,-0.036453028185487124
4897,2.0046047213125,1.9578936,-0.04671112131249999,-2.3301911252566656,Bagmati,2,2,5.022558594424883,no trend,0.676718703048607,-0.04011090408230745
5086,36.4645733625,35.61985453225807,-0.8447188302419306,-2.3165465885050933,Nagri,5,5,153.5969928673709,no trend,0.49964167063568277,-0.04051302375119011
5082,68.57833413125,67.01189366129032,-1.5664404699596872,-2.2841623229892463,Punarbhaba,4,4,265.92811353051644,no trend,0.32084351186557547,-0.052871963618115615
4124,1.6549693801875,1.6174617145161292,-0.03750766567137087,-2.2663661406908586,Dehar,5,5,7.810166503462441,no trend,0.05794594785727014,-0.20427146468182952
4853,38.636476906249996,37.762438677419354,-0.8740382288306421,-2.262209960166565,Mahananda,2,2,233.35645905164318,no trend,0.9604122199612644,0.001762970693228303
3447,0.6648735302500001,0.6498786610483871,-0.01499486920161297,-2.2552964615653637,Mendha,3,3,1.0323191292476526,no trend,0.873797961750338,-0.04494609450669878
1560,3.2764323431249998,3.2039503112903227,-0.07248203183467705,-2.2122242806804016,Tangan,4,4,12.80849325786385,no trend,0.421334580743461,-0.050704145075135765
4828,101.0419715375,98.82672645967742,-2.215245077822587,-2.19240088461698,Mahananda,2,2,507.2085651725352,no trend,0.9445989408361049,0.0043399502510983005
2971,98.81668889375,96.67308787096775,-2.1436010227822493,-2.169270238438265,Padma,1,1,365.8362425058686,no trend,0.36108062910799354,-0.04865146825945402
5124,8.161429065625,7.98488134516129,-0.17654772046371026,-2.163196163859451,Burhi Gandak,2,2,32.891573821948356,no trend,0.827117687577857,0.016139563569549223
3468,15.066562612499999,14.750522467741934,-0.3160401447580643,-2.0976260669826647,Sindh,3,3,62.1867328149061,no trend,0.1500223115066952,-0.17711184039035294
5081,47.420945425,46.43087870967742,-0.9900667153225768,-2.087825762327843,Mahananda,2,2,189.01590457394366,no trend,0.5252036748407956,-0.039112493130824204
5089,38.972676056249995,38.16392148387097,-0.8087545723790228,-2.0751835753124372,Nagri,5,5,161.67007764201878,no trend,0.5647631724211553,-0.032417501149423295
5136,2.0981925875,2.054812448387097,-0.04338013911290295,-2.067500351080282,Ulai,5,5,5.2893203682863845,no trend,0.8193920555171392,-0.025607237238590878
4825,29.52705765,28.919834983870967,-0.607222666129033,-2.0564956838123454,Panar,5,5,114.42632022828639,no trend,0.8116839148720996,0.015240666183362811
4126,3.797187041875,3.71920195483871,-0.07798508703629015,-2.0537594323450064,Sonar,3,3,17.78995183673709,no trend,0.07721948001899892,-0.18789246275760726
4852,4.38283849875,4.29301116532258,-0.08982733342741955,-2.049524148631956,Sudhani,5,5,21.35351345293427,no trend,0.9445989408361049,-0.005283116588114054
3436,56.21926620625,55.067066072580644,-1.1522001336693535,-2.049475582698483,Banas,3,3,165.123107935446,no trend,0.5316971675813358,-0.11758864568208714
3485,1.9153160331875,1.8761270775,-0.03918895568750003,-2.0460829966677156,Sindh,3,3,7.333899998075117,no trend,0.06199593189827901,-0.24510352317571718
4848,29.09583593125,28.53448497580645,-0.561350955443551,-1.9293171599192287,Mahananda,2,2,180.64934644953053,no trend,0.647919795360359,0.023724102661684805
3620,0.61970647325,0.6079797484677419,-0.011726724782258002,-1.8923030964576104,Thalera,5,5,2.553177236173709,no trend,0.21833026536228317,-0.26415108137200966
1495,4.8904232875,4.798351598387097,-0.09207168911290342,-1.8826936586090641,Padma,1,1,17.1842883149061,no trend,0.7208063353199297,0.025569829614486818
2913,6.899388003125,6.770540523387097,-0.12884747973790311,-1.8675204189058956,Ichamati,4,4,20.5486154814554,no trend,0.6126529076996985,-0.050007700880058854
3653,2.4086098925,2.363939926612903,-0.04466996588709682,-1.854595301056907,Kanh,5,5,9.773649297769953,no trend,0.43289136551861285,-0.10123126041109685
3463,86.33347524375,84.73270462903227,-1.6007706147177316,-1.8541714094077515,Betwa,2,2,389.2585315680751,no trend,0.1338694227851347,-0.18100831167340514
4818,6.08522717125,5.972936740322581,-0.11229043092741886,-1.845295627712,Keshaliya,5,5,21.26590260211268,no trend,0.4809126483751318,0.04963229293364767
3581,0.8345914094375001,0.8192647576612904,-0.015326651776209732,-1.836425777080503,Newaj,4,4,4.107728759037558,no trend,0.34058148871273164,-0.13403667466355615
3430,2.5898625267499997,2.5425884022580645,-0.04727412449193524,-1.8253526588246833,Dai,4,4,7.070684045164319,no trend,0.4809126483751318,-0.20161536894539867
4831,108.46666700625,106.55204450000001,-1.914622506249998,-1.7651713278326093,Kalindri,5,5,528.5294184330986,no trend,0.9367000897482891,0.008085517970537496
4816,3.985659269375,3.915912517741935,-0.06974675163306499,-1.749942654882341,Singhyahi,5,5,13.073214387558684,no trend,0.676718703048607,0.032249264662925964
3462,82.898907175,81.48714390322581,-1.4117632717741913,-1.7029938269197589,Betwa,2,2,379.6752462840376,no trend,0.12631452711815294,-0.18301854251341781
4617,4.3841359650000005,4.3112250040322575,-0.07291096096774297,-1.6630634074721942,Burha,5,5,13.891104552699531,no trend,0.0823394430606228,-0.2096036425558722
3467,14.104633254374999,13.87031105967742,-0.23432219469757953,-1.6613136298662505,Sindh,3,3,58.31250865410799,no trend,0.17069881126634723,-0.18124440887197846
3434,54.808153749999995,53.9138262016129,-0.8943275483870963,-1.6317417887609404,Banas,3,3,160.276376778169,no trend,0.5850664269805577,-0.11284161978612531
4823,13.39843350625,13.185412608064516,-0.2130208981854853,-1.589894058033851,Keshaliya,5,5,46.75620223755868,no trend,0.4099608311090899,0.04598131621925836
4125,1.9402802793749998,1.9096461177419355,-0.030634161633064316,-1.5788523935795578,Sonar,3,3,8.976231531314554,no trend,0.09734726542685834,-0.1678345759172453
5177,1.725040936875,1.6983986150000001,-0.02664232187499982,-1.5444457754877257,Gandak,2,2,13.74557575902582,no trend,0.22967423731825298,0.08797948605855313
2910,2.478565768125,2.440314584193548,-0.038251183931452104,-1.5432789568617573,Padma,1,1,7.561889157359155,no trend,0.7282502018687609,-0.042589991233536136
3734,8.020909505,7.897726527419355,-0.12318297758064567,-1.5357731876149083,Berach,4,4,26.993055916197186,no trend,0.9683250952101472,-0.007506771068710107
4288,1.0758816783125,1.059684593951613,-0.01619708436088696,-1.5054707861827128,Bearma,3,3,4.86203389084507,no trend,0.116762847339964,-0.19125693792921922
3400,3.3440093787499996,3.2938974939516132,-0.05011188479838635,-1.498556945349188,Dhund,5,5,8.286974962629108,no trend,0.5647631724211553,-0.17042602612405316
4047,2.221017154375,2.1883956709677417,-0.032621483407258456,-1.4687632350340052,Gomti,2,2,7.132793411220657,no trend,0.827117687577857,-0.029737838287090968
3927,7.1804408025,7.076281065322581,-0.10415973717741878,-1.450603661284328,Solani,4,4,24.775044011150236,no trend,0.5987876258427536,-0.0647401701451255
3926,1.9509845787500002,1.9231939620967742,-0.02779061665322602,-1.4244406109571366,Solani,4,4,7.217183010892018,no trend,0.676718703048607,-0.05710834699739028
4156,5.821244445,5.738554108064516,-0.08269033693548344,-1.4204924345087084,Urvashi,5,5,23.46898471866197,no trend,0.11909587082872197,-0.2433293279646386
5087,2.3226431224999997,2.290412952419355,-0.03223017008064488,-1.3876505507205783,Sudhani,5,5,8.914880424061032,no trend,0.6407995334718981,-0.02678538276687181
3739,1.7419248529375,1.7195131907258066,-0.02241166221169344,-1.2866032753307048,Kadmali,5,5,4.472715411983568,no trend,0.9683250952101472,-0.01493788480043131
4830,8.800503676249999,8.687463179838709,-0.11304049641129055,-1.2844775773045125,Sui,5,5,37.000525485915496,no trend,0.8348600876973751,-0.013428749021976083
5120,4.836947240624999,4.775193385483871,-0.06175385514112808,-1.2767113650209805,Burhi Gandak,2,2,19.808960159859154,no trend,0.6337121751995711,0.03442541011406404
4859,359.14723675,354.5695247580645,-4.577711991935473,-1.2746059341456073,Kosi,2,2,1487.4387671713616,no trend,0.5514186979590701,0.046920773753213005
4862,382.2987584375,377.55481395161286,-4.743944485887141,-1.2408997887610729,Kosi,2,2,1561.3463109037557,no trend,0.5382311014255547,0.05636394498352258
4860,373.2431798125,368.6225689516129,-4.620610860887098,-1.237962569927809,Kosi,2,2,1532.8096342488263,no trend,0.5059696473025264,0.05300100549744154
4902,346.9354463125,342.74433951612906,-4.191106796370946,-1.2080364923553621,Kosi,2,2,1449.7855183685447,no trend,0.5252036748407956,0.04980625482944701
3842,4.29855549625,4.247638591129032,-0.05091690512096747,-1.1845119870009047,Gaula,4,4,21.310120376173707,no trend,0.9288074636400747,-0.018653704096221406
4555,8.622506574374999,8.520520281451613,-0.10198629292338524,-1.1827917096227636,Mohana,4,4,23.807381749765256,no trend,0.45654714036538024,-0.09529402641769934
5106,7.362925633125,7.275976339516129,-0.08694929360887116,-1.1809068560694918,Ganga,1,1,18.27629295246479,no trend,0.8816255210239117,-0.021360112710913707
4898,340.76981624999996,336.8878670967742,-3.8819491532257757,-1.1391704805151668,Kosi,2,2,1437.6142407159625,no trend,0.49964167063568277,0.052830612567470424
3553,1.4649632289374999,1.4491895050806451,-0.015773723856854716,-1.076731725771369,Kali,3,3,4.2445890664788735,no trend,0.4747556847815666,-0.07621813521099088
3487,12.42841014875,12.303771600000001,-0.12463854874999925,-1.0028519115337924,Sindh,3,3,51.12599699812207,no trend,0.20739461173525742,-0.1790752142466807
3340,1.0935744634375,1.0827728159677419,-0.010801647469758091,-0.987737719826102,Parbati,3,3,4.875596491936619,no trend,0.12146527225469161,-0.1892200522864413
4410,3.721753224375,3.6850968846774195,-0.03665633969758053,-0.9849212854174739,Ganga,1,1,8.096250242699531,no trend,0.6337121751995711,-0.05131339768032668
4858,11.297778297499999,11.187115183870967,-0.11066311362903214,-0.9795121723491418,Kosi,2,2,37.318572760328635,no trend,0.647919795360359,0.043318813103803526
3246,3.8737310701875005,3.835859969032258,-0.03787110115524239,-0.9776388827479785,Sota,4,4,6.535281149870892,no trend,0.6407995334718981,-0.12139157094672112
4896,327.5466655625,324.39288975806454,-3.1537758044354405,-0.9628477820158607,Kosi,2,2,1397.4293823122066,no trend,0.5123395447588517,0.053656302896501286
3840,3.216962366875,3.186245483064516,-0.030716883810483875,-0.9548412541836063,Deoha,4,4,16.805140498122068,no trend,0.7059983246415333,-0.045034804863251426
4189,0.9247793553125,0.916130062016129,-0.008649293296370986,-0.9352818320050225,Urvashi,5,5,3.584500516267606,no trend,0.09734726542685834,-0.2463318975888337
4861,8.39881866125,8.324751997580645,-0.0740666636693561,-0.8818700183524705,Kosi,2,2,27.71531556126761,no trend,0.7963229756501722,0.02021868998879091
4886,322.25245475,319.42078846774194,-2.831666282258084,-0.8787105390569825,Kosi,2,2,1384.2124797065726,no trend,0.5382311014255547,0.054805394975423596
3398,2.873855222375,2.8498662136290323,-0.023989008745967766,-0.8347326810062082,Banganga,4,4,5.462733866197183,no trend,0.4747556847815666,-0.18351512523663657
3654,3.455724258125,3.428323537096774,-0.027400721028226105,-0.7929082004677404,Ashamati,5,5,13.421297388732395,no trend,0.4686422537687691,-0.09681615796584024
1528,10.250356536875,10.173022399193549,-0.0773341376814507,-0.754453149051412,Padma,1,1,42.90477337429577,no trend,0.4747556847815666,0.05610387933557211
4218,0.96419609375,0.9572519922580646,-0.006944101491935473,-0.7201959784889942,Hiyuni,5,5,4.043757950715962,no trend,0.28813727672926714,-0.24041662481680415
3284,1.3526198897500001,1.343512646935484,-0.009107242814516248,-0.673303925480462,Bata,5,5,6.539674414953052,no trend,0.6694724367031308,-0.10656418173287646
3772,2.8115375987499998,2.7934350169354842,-0.018102581814515517,-0.6438676766251985,Khul,4,4,12.914155919953052,no trend,0.6986354428998491,-0.057343716625399686
3657,2.414687820625,2.4000969629032256,-0.014590857721774597,-0.604254413226717,Chambal,2,2,9.035817877417841,no trend,0.7963229756501722,-0.05250519679630422
3576,1.1996973403125,1.1932477550806453,-0.006449585231854682,-0.5376010277871149,Baleti,5,5,5.779907826737089,no trend,0.33557552767093113,-0.13329527223969045
3839,1.7283224897499998,1.7196016077419354,-0.008720882008064423,-0.5045865027958926,Deoha,4,4,10.961827737030518,no trend,0.9841594261303772,-0.0037390319556338185
3783,0.8329471658750001,0.8289018556451613,-0.004045310229838783,-0.4856622839444129,Manoli,5,5,2.7785190594483566,no trend,0.16458464640874837,-0.2705561341875082
5083,3.166465116875,3.151154050806452,-0.01531106606854804,-0.4835381254304992,Hooghly,1,1,8.087874045539907,no trend,0.7810405515546475,-0.021188784180264146
4775,1.3635111658125,1.3570373585483873,-0.006473807264112841,-0.47478945727996114,Babai,4,4,3.9121351531807513,no trend,0.9445989408361049,-0.008057742157722909
3736,9.421703501875,9.377525236290323,-0.044178265584676524,-0.46889891595383654,Berach,4,4,31.012749072065727,no trend,0.9367000897482891,0.014206643139632989
4815,2.76679418125,2.7548724209677418,-0.01192176028225811,-0.4308871387344042,Keshaliya,5,5,10.674332563732394,no trend,0.2704939159696198,0.09013587604813653
1526,4.988847375000001,4.968027512096774,-0.02081986290322657,-0.41732811886686694,Padma,1,1,15.880005840375587,no trend,0.6407995334718981,0.03781703930545486
4604,2.9551723075,2.9435009346774192,-0.011671372822580572,-0.3949472859149203,Barhki,5,5,6.997839303110329,no trend,0.38233674726699096,-0.12983262819265692
3247,1.3976645857499999,1.392700090967742,-0.0049644947822578,-0.3551992969467568,Chalak,5,5,2.3081979403051642,no trend,0.6337121751995711,-0.11993071376496926
4602,20.174134190625,20.121841991935487,-0.05229219868951418,-0.25920417796077994,Kanhar,3,3,62.34241124061033,no trend,0.43289136551861285,-0.08953404448236739
4577,156.87177694375,156.60705425806452,-0.2647226856854843,-0.16875099577689281,Gandak,2,2,786.349094399061,no trend,0.38776831898796127,0.10222644360480893
3849,5.530000261875,5.522598783064517,-0.007401478810483475,-0.13384228679898708,Bhakra,5,5,20.562102073239437,no trend,1.0,-0.0002439425957377056
5169,1.555469643375,1.553733182983871,-0.0017364603911289578,-0.1116357621329884,Garhi,5,5,4.6339626638380285,no trend,0.5850664269805577,-0.07670525863813966
3555,3.4742917862500002,3.472082470967742,-0.0022093152822582063,-0.06359037807365182,Solani,4,4,12.987122060093897,no trend,0.7357197884219144,-0.03991733175956901
5113,3.216306348125,3.2151747161290323,-0.0011316319959675525,-0.035184210503680924,Harna,5,5,9.313799423122067,no trend,0.421334580743461,-0.06450247134208634
3580,3.4455629593750006,3.4446649508064517,-0.0008980085685488248,-0.026062753144749293,Newaj,4,4,16.277654526056338,no trend,0.4747556847815666,-0.10379977549444537
3619,0.56878532525,0.56896092,0.00017559474999995217,0.03087188473485536,Chandloi,5,5,1.973886601431925,no trend,0.25360582183177804,-0.2118319638648289
4144,4.979571243125,4.9813314209677415,0.001760177842741406,0.03534797991235852,Bina,4,4,26.330321835328636,no trend,0.23746612922486188,-0.10388405849861017
5114,5.174098709375,5.175992462903226,0.001893753528225517,0.0366006455345393,Tribani,5,5,15.824084249061034,no trend,0.2704939159696198,-0.08906854312336213
3592,1.3328380130625,1.3338839583064517,0.0010459452439517403,0.07847504600716197,Londri,5,5,5.650096240985915,no trend,0.38776831898796127,-0.10678359458481158
4854,1.657866966875,1.6595977041129033,0.0017307372379034014,0.10439542330502902,Kankai,4,4,10.39897703048122,no trend,0.16458464640874837,0.10022020434484098
4857,1.918255475375,1.9204221822580645,0.0021667068830644176,0.11295194570685888,Kosi,2,2,5.987479016561032,no trend,0.7282502018687609,0.0253945505755228
5115,9.468262421875,9.490201523387096,0.021939101512096215,0.23171201361518257,Sunder,5,5,27.878317730985913,no trend,0.34058148871273164,-0.07792742915975209
3773,3.590364485,3.5991108879032256,0.008746402903225814,0.24360765988430877,Khul,4,4,16.235426600704226,no trend,0.8116839148720996,-0.04067729800056448
2954,4.225476018749999,4.237532846774194,0.012056828024194388,0.2853365625717383,Gumani,4,4,12.587300281103285,no trend,0.7059983246415333,-0.030089212479400936
3679,23.53282800625,23.60256641935484,0.06973841310484019,0.29634522925301887,Padma,1,1,97.14218842018781,no trend,0.33061719220937347,0.06926017356231234
3664,1.0717547173750002,1.0749916454838708,0.0032369281088706625,0.3020213539902789,Baveri,5,5,3.9621147144953053,no trend,0.9209218347701116,-0.01583820138292553
3345,9.642583386875,9.673711989516129,0.031128602641128822,0.3228243033241435,Sindh,3,3,39.29239282323943,no trend,0.2220659715332789,-0.15719261772746065
3248,6.25782205,6.280826749193548,0.02300469919354864,0.3676151064977733,Sota,4,4,10.468388803521128,no trend,0.7658422334580033,-0.08691206598983506
4188,3.134550065625,3.146232133064516,0.011682067439516164,0.37268721809957334,Urvashi,5,5,12.467908549295775,no trend,0.16159010412375552,-0.18742699338157745
4771,4.333182560625,4.350331187096774,0.01714862647177462,0.39575130361692346,Ghaghara,1,1,12.407280108333334,no trend,0.9288074636400747,-0.008581560523120913
4885,267.64128274999996,268.71704516129034,1.075762411290384,0.40194188289526284,Kosi,2,2,1188.2125036619718,no trend,0.4686422537687691,0.07593201962225826
5109,13.01545536125,13.068138884677419,0.05268352342741878,0.4047766441139642,Chandan,4,4,35.60770511079812,no trend,0.6694724367031308,-0.0365868502352731
4174,9.782624105625,9.82399093951613,0.04136683389112861,0.4228603025577024,Bina,4,4,51.03015318075117,no trend,0.22967423731825298,-0.1028702817019206
4525,0.9523358883749999,0.9567517646774194,0.004415876302419464,0.46368895221983175,Gandak,2,2,8.811803617323944,no trend,0.12387138171204959,0.10763462376153575
4438,145.52152623125,146.25244863709676,0.7309224058467692,0.5022778586621279,Gandak,2,2,759.6068507523473,no trend,0.3257065131987469,0.11333288751158724
3642,2.161320804375,2.172283494354839,0.01096268997983918,0.5072217857547212,Retam,4,4,8.34144498620892,no trend,0.6694724367031308,-0.06660342835040352
3771,2.065612055,2.0761832915322582,0.010571236532258332,0.5117726006037631,Khul,4,4,9.63224544847418,no trend,0.8581805908972016,-0.03379181813129144
4171,1.8154404206249999,1.8250486685483869,0.009608247923386992,0.5292516247974235,Bina,4,4,9.81640852084507,no trend,0.26195584123728466,-0.10180005432917304
3622,1.728294664625,1.7380103525,0.00971568787499999,0.5621545951545288,Chandloi,5,5,6.0478292542723,no trend,0.36108062910799354,-0.19920810454256985
3672,33.222784725,33.41213823387097,0.18935350887097258,0.5699507444614808,Padma,1,1,137.0897731983568,no trend,0.28813727672926714,0.07238056965107496
3838,1.8015700034375002,1.812110822580645,0.010540819143144864,0.5850907332511293,Nandhaur,5,5,10.3371790325,no trend,0.676718703048607,0.039866959917101215
3339,302.11870600000003,303.91741427419356,1.7987082741935296,0.5953647485149528,Chambal,2,2,1134.892424870892,no trend,0.6622568124268424,-0.07846519794231635
3656,7.95387333,8.001863574193548,0.04799024419354758,0.6033569080430349,Shipra,4,4,31.83572480410798,no trend,0.6337121751995711,-0.07771316879089327
3577,1.8380123043125,1.8496299798387097,0.011617675526209625,0.6320782237937826,Newaj,4,4,8.59603570769953,no trend,0.5580715376134053,-0.08290524017996813
3673,1.8396835248125,1.8515020524193548,0.011818527606854756,0.6424217778467792,Padma,1,1,7.455330853485916,no trend,0.33557552767093113,0.10779630297248168
3698,0.8525230815624999,0.858045924516129,0.005522842953629148,0.6478232757647934,Khari,3,3,2.9396903804812204,no trend,0.7810405515546475,-0.07914998704287325
5105,2.789618483125,2.808139562096774,0.01852107897177424,0.6639287445151448,Ganga,1,1,6.767206585598592,no trend,0.9604122199612644,0.005896261080870323
3674,40.73793154375,41.01413385483871,0.27620231108870996,0.6779978772169271,Padma,1,1,170.0115383943662,no trend,0.3456350347359809,0.064169084228512
3582,8.504580633749999,8.565498250806451,0.060917617056452045,0.7162918394200833,Newaj,4,4,40.03601303204225,no trend,0.5580715376134053,-0.06893645618038514
3779,1.36504487675,1.3750420316935483,0.009997154943548248,0.7323682256769619,Chopani,5,5,5.9902008688262915,no trend,0.23746612922486188,-0.15629673510129402
5275,12.2716187725,12.36234116048387,0.09072238798387033,0.739286231635341,Sunder,5,5,35.92210976232394,no trend,0.4099608311090899,-0.06309092802699721
3675,43.31388213125,43.64381899193548,0.32993686068548556,0.7617346782394355,Padma,1,1,180.0356022664319,no trend,0.34058148871273164,0.07107288831609958
4283,73.18518473750001,73.7494130483871,0.5642283108870885,0.7709597412520822,Ken,2,2,346.807755971831,no trend,0.7133888312424626,-0.04932043719871675
3245,1.990653321,2.006296371854839,0.015643050854838858,0.7858249696125194,Sota,4,4,3.3575849691666666,no trend,0.8193920555171392,-0.04428793616543332
3719,15.142503834375,15.265838224193548,0.12333438981854705,0.8144913890565814,Berach,4,4,45.96265318028169,no trend,1.0,0.002850140385689007
4291,0.9260902655625,0.9337073075806451,0.00761704201814517,0.822494556026743,Bearma,3,3,4.600119774776995,no trend,0.18018680964047862,-0.2057304183265057
4847,15.452908175,15.580934217741936,0.1280260427419364,0.8284915777151857,Mahananda,2,2,107.3064254149061,no trend,0.0823394430606228,0.1105688467356389
3733,5.1179230825,5.160578812903226,0.04265573040322579,0.8334578248954329,Berach,4,4,17.70108264448357,no trend,0.8581805908972016,0.040449251840511145
5111,28.34906254375,28.595638370967745,0.24657582721774318,0.8697847656768626,Ganga,1,1,79.87625157511738,no trend,0.7357197884219144,-0.02825891362203228
3669,5.55439105125,5.603610059677419,0.04921900842741955,0.8861278936480887,Padma,1,1,24.302892499295776,no trend,0.34058148871273164,0.06280963239639972
3598,0.9779162722500001,0.9871160612096774,0.009199788959677324,0.9407542568557892,Chhoti Kali Sindh,4,4,4.197951649061033,no trend,0.5580715376134053,-0.07388745567586441
3659,1.1339311988125,1.1452235849193548,0.01129238610685479,0.9958616641539316,Chhoti Kali Sindh,4,4,4.815786290387324,no trend,0.6694724367031308,-0.06641929776719015
4159,67.21229380625,67.88924475806452,0.6769509518145185,1.0071832301482464,Betwa,2,2,321.9673516619718,no trend,0.3456350347359809,-0.09913881444550753
3671,9.19772031375,9.291232553225807,0.09351223947580678,1.0166893130682828,Padma,1,1,38.6340918798122,no trend,0.41562472802453176,0.07441510932263769
4208,3.0953142333750003,3.1275629087096775,0.032248675334677124,1.0418546520078036,Mandakini,3,3,6.998250814119718,no trend,0.17069881126634723,-0.3039831396815719
3290,3.196705805625,3.231026456451613,0.03432065082661273,1.0736255668639039,Yamuna,1,1,12.03465976584507,no trend,0.36632391174159107,-0.11594385867695985
3670,7.427127393125,7.508876476612903,0.08174908348790311,1.1006823925435159,Padma,1,1,32.718587849178405,no trend,0.48711284347936656,0.05883009904182286
4281,71.24031735,72.03403297580645,0.7937156258064562,1.1141382511071256,Ken,2,2,337.3733527370892,no trend,0.7432144452145957,-0.04960334558331064
3728,0.8355451209375,0.8448852587096775,0.00934013777217746,1.1178495976013383,Jashma,5,5,2.8185792321478873,no trend,0.9051746472382802,0.044147988665737645
3586,7.4486830812500004,7.5323778322580655,0.083694751008065,1.1236180959120599,Parbati,3,3,35.015956896244134,no trend,0.6694724367031308,-0.06072495453177305
2918,3.2670981924999998,3.3052642137096777,0.038166021209677936,1.1681932700184046,Ichamati,4,4,12.03756822652582,no trend,0.9604122199612644,0.007929167271211936
3790,1.6162421966875002,1.6361548641129031,0.019912667425402875,1.2320348686733973,Ajnal,5,5,7.4948949306807515,no trend,0.6057025033624253,-0.06680970027704865
3688,3.971714539375,4.020670294354838,0.04895575497983806,1.232610110683883,Padma,1,1,16.934944789553988,no trend,0.40434307377687007,0.07587532773967189
5110,15.267429559375,15.457767079032257,0.1903375196572572,1.2466900136466,Gahra,5,5,44.159399127230046,no trend,0.6126529076996985,-0.04773968969077584
1530,11.992293658125,12.143343316129032,0.15104965800403214,1.2595560308156164,Padma,1,1,49.59162863356807,no trend,0.3769520764891894,0.07096652390648132
4277,70.22141150625,71.1410817016129,0.9196701953628974,1.3096720439477962,Ken,2,2,332.7611062464789,no trend,0.7658422334580033,-0.05277100490503152
3746,42.397025674999995,42.95313330645162,0.5561076314516242,1.3116666148105314,Parbati,3,3,192.02135879225352,no trend,0.5316971675813358,-0.07862618479615331
2914,12.428169439375,12.595661891129033,0.1674924517540326,1.347684005847088,Kalindi,5,5,41.62069646079812,no trend,0.8659827352061573,-0.020092383205448584
3344,7.0694520531250005,7.1658003193548385,0.09634826622983805,1.362881670401145,Sindh,3,3,29.422875371126757,no trend,0.3558846702088707,-0.12324803306928633
3335,274.5800150625,278.55369193548387,3.9736768729838445,1.447183573094114,Chambal,2,2,1057.3942189084507,no trend,0.6986354428998491,-0.05591493647807807
4158,63.99880081875,64.92865315322581,0.929852334475811,1.4529214963093313,Betwa,2,2,312.19730407629106,no trend,0.40434307377687007,-0.08580997008291955
3645,3.97811351,4.036081374193548,0.05796786419354838,1.4571696872859814,Retam,4,4,14.575702028990612,no trend,0.647919795360359,-0.07943588259559782
2807,4.06012439375,4.119605261290323,0.05948086754032289,1.4650011125739266,Mohana,4,4,11.702358607629108,no trend,0.7059983246415333,-0.04313341367697674
5088,2.47413064,2.5104850032258064,0.03635436322580654,1.4693792897616167,Nagri,5,5,8.06198499213615,no trend,0.9841594261303772,-0.0014177801493691605
2915,21.7210882125,22.040352366935483,0.3192641544354835,1.4698349885239825,Ichamati,4,4,71.34025063356808,no trend,0.6126529076996985,0.041916117446808225
3336,277.758481125,281.8479075,4.089426375000016,1.472295772369106,Chambal,2,2,1067.8948604178404,no trend,0.7282502018687609,-0.0618288029196962
3744,39.505623487499996,40.090999112903226,0.5853756254032305,1.4817526562729726,Parbati,3,3,182.14976469014084,no trend,0.6057025033624253,-0.07102286768258594
3737,4.533967135625,4.601484303225806,0.06751716760080662,1.4891410894953363,Gambhiri,4,4,11.604647253051642,no trend,0.8816255210239117,-0.025196360322973115
3579,3.303619345,3.353808017741936,0.050188672741935836,1.5192026532323093,Parbati,3,3,14.86541238039906,no trend,0.8581805908972016,-0.016930959851729103
3788,0.899817373,0.9135073325806452,0.013689959580645228,1.5214153439828315,Papras,5,5,3.3554691604694837,no trend,0.9604122199612644,-0.008081282353999639
4172,2.1042819975000002,2.1369751508064514,0.03269315330645117,1.553648861953502,Bina,4,4,11.387389015845072,no trend,0.5448050803429232,-0.060255444231577214
3668,1.8420821931875,1.8712603282258065,0.029178135038306463,1.5839757393136316,Padma,1,1,8.420497608849766,no trend,0.6266582636866325,0.04537884499872545
3745,41.11698264375,41.77732663709678,0.6603439933467783,1.6060127735252334,Parbati,3,3,188.08813557159624,no trend,0.5850664269805577,-0.07553630352573548
3397,2.0805504326874997,2.113986964516129,0.03343653182862916,1.6071002799695822,Dhund,5,5,5.017083405011737,no trend,0.7282502018687609,-0.1064698185611029
5276,1.716737135,1.7443395642741935,0.02760242927419343,1.6078425002551966,Gahra,5,5,4.464959040575117,no trend,0.7133888312424626,-0.027344857920474898
4966,66.9569850125,68.07153975,1.1145547375000007,1.6645832205436486,Kosi,2,2,380.78760551173707,no trend,0.3456350347359809,0.09259542036384082
2933,3.3655625118750003,3.4217899782258065,0.05622746635080622,1.6706706873639718,Padma,1,1,13.885134783568075,no trend,0.41562472802453176,0.060851264718765695
3774,38.077003775,38.7214685,0.6444647249999989,1.692530034159703,Parbati,3,3,177.12330720774648,no trend,0.6407995334718981,-0.0597979041571856
3852,12.929164329374998,13.148262965322582,0.21909863594758328,1.694607867654619,Baur,4,4,52.20931247758216,no trend,0.773430533540979,0.05625554516632713
3621,0.843848663625,0.8582560632258065,0.014407399600806503,1.7073440086893403,Alnia,5,5,3.013210219131455,no trend,0.40434307377687007,-0.16457374885121637
2931,4.673890544375,4.753906677419355,0.08001613304435473,1.7119813201585066,Bhairab,5,5,17.188659837206572,no trend,0.9209218347701116,0.00835898944664325
3295,1.7526827147500001,1.7829347375806452,0.030252022830645098,1.726041032758185,Yamuna,1,1,7.519482629319248,no trend,0.3987716292538952,-0.13679333523418602
5112,33.313428881250005,33.895567137096776,0.5821382558467718,1.7474582335006053,Ganga,1,1,95.32435429929576,no trend,0.9525032428084219,-0.009760644484748527
3617,0.7540942042500001,0.767461202983871,0.013366998733870927,1.7725900369656538,Chambal,2,2,2.683272749859155,no trend,0.27483372753192903,-0.21654415404728355
4508,38.023262243750004,38.69996303225806,0.6767007885080574,1.77970207861186,Gandak,2,2,176.20826531455398,no trend,0.3456350347359809,0.14857236339463742
3720,16.845697484375002,17.145526681451614,0.2998291970766118,1.7798562354257776,Berach,4,4,52.143380840375585,no trend,1.0,-0.0011561496293839395
3584,13.201803421874999,13.440939733870968,0.23913631199596885,1.8113912497721867,Newaj,4,4,62.119945697652575,no trend,0.7059983246415333,-0.035964866655450914
4434,134.6280896,137.0848465,2.456756899999988,1.824847182560026,Gandak,2,2,729.1502404248826,no trend,0.2454429340961497,0.14511875975634733
3765,34.305935275,34.94195573387097,0.6360204588709664,1.8539662416213378,Parbati,3,3,160.46578368779342,no trend,0.5919087714885272,-0.06280383889405913
3706,0.51517059725,0.5247537661290322,0.009583168879032211,1.86019328940501,Khari,3,3,1.5458495189201877,no trend,0.6986354428998491,-0.1290547080897477
3750,0.9404355088124999,0.958053177016129,0.01761766820362909,1.8733520840653013,Ahar,5,5,3.4343954939788732,no trend,0.8348600876973751,0.06859816389813801
3762,28.258289384375,28.798917463709678,0.5406280793346774,1.913166334950231,Parbati,3,3,131.99678624413147,no trend,0.7059983246415333,-0.04266513031133422
3639,4.813752121249999,4.905985383064516,0.09223326181451696,1.9160367939877743,Retam,4,4,17.8791785064554,no trend,0.5919087714885272,-0.09714234245184955
4840,2.8613745237500003,2.9183999685483872,0.05702544479838689,1.9929388594559678,Balasan,4,4,20.834749440023476,increasing,0.012711826467079357,0.17615860676450792
2930,3.4738844999999996,3.543485097580645,0.0696005975806453,2.003538044533297,Mathabanga,5,5,13.235049484859154,no trend,0.647919795360359,0.03983332786852622
4866,3.220389909375,3.285769618548387,0.06537970917338676,2.0301799165081653,Kosi,2,2,11.056603900586854,no trend,0.38776831898796127,0.07457541764404571
3578,10.4301063725,10.648979671774194,0.21887329927419508,2.098476194368219,Kali Sindh,3,3,44.31961001596244,no trend,0.8894646599057274,-0.018795802209132767
4250,80.9099060625,82.61664377419355,1.706737711693549,2.109429851982717,Ken,2,2,373.2114139471831,no trend,0.7886715975821632,-0.03385403532732983
3761,27.054520687500002,27.62630002016129,0.5717793326612863,2.113433607883009,Parbati,3,3,125.8974313169014,no trend,0.7208063353199297,-0.028105001067291458
5274,2.4557046225,2.5077943338709674,0.05208971137096752,2.1211716952317428,Sunder,5,5,7.0906486962793425,no trend,0.9288074636400747,-0.008783669565151534
3686,2.14966762375,2.1963046846774192,0.04663706092741915,2.1695010155134056,Padma,1,1,8.45149572382629,no trend,0.5252036748407956,0.05246142010165736
4157,55.850205025,57.069104548387095,1.218899523387094,2.182444133985691,Betwa,2,2,279.15287859859154,no trend,0.5187510088374183,-0.05894027008521892
4272,55.18382855625,56.402911129032255,1.2190825727822556,2.209130110535227,Ken,2,2,268.9957825809859,no trend,0.8581805908972016,-0.03666926050060526
3721,17.540735090000002,17.930694492741935,0.3899594027419333,2.2231645409447505,Berach,4,4,55.14020750422535,no trend,0.9683250952101472,-0.004606802314038871
4833,13.778175278750002,14.084694161290322,0.30651888254032045,2.224669641219202,Kosi,2,2,47.635310298943665,no trend,0.40434307377687007,0.06436211683542421
3751,1.6528210796875,1.689658389596774,0.03683730990927403,2.228753635949445,Berach,4,4,5.923720584330986,no trend,0.7208063353199297,0.08880848151143836
2920,1.84156228625,1.8827012548387096,0.04113896858870958,2.2339167616470608,Padma,1,1,7.704616425352113,no trend,0.3257065131987469,0.08015032704098228
4884,226.77001087499997,231.8585533064516,5.0885424314516285,2.243922118192485,Kosi,2,2,1077.051937423709,no trend,0.46257264572864454,0.09259134933248292
3764,32.0489263125,32.770777,0.7218506875000017,2.252339689827485,Parbati,3,3,151.4009501338028,no trend,0.6337121751995711,-0.049538449866402476
2919,13.1094497625,13.407009096774193,0.297559334274192,2.2698079604025025,Mathabanga,5,5,48.91613237723005,no trend,0.6694724367031308,0.028312336538905174
3860,3.4504728899999995,3.528866660483871,0.07839377048387153,2.2719717842464062,Gaula,4,4,13.250360062676055,no trend,0.4446295030202956,0.1221891849710648
4274,64.8157380375,66.30815749193549,1.4924194544354918,2.3025572177733022,Ken,2,2,310.7332513568075,no trend,0.8193920555171392,-0.03687411387293816
3641,1.0347382888749999,1.0589131860483871,0.024174897173387278,2.336329623954574,Retam,4,4,3.257452886561033,no trend,0.6266582636866325,-0.07158730093502427
3565,1.3174852835625,1.3483321073387098,0.030846823776209842,2.341341050337926,Kali Sindh,3,3,5.4704292775,no trend,0.4446295030202956,-0.16116106750576423
3587,13.909235243125,14.239892181451614,0.330656938326614,2.3772474370224614,Parbati,3,3,66.23892779741784,no trend,0.8659827352061573,-0.018318091864956317
3700,1.71523019775,1.7561411327419356,0.040910934991935655,2.3851571086844023,Khari,3,3,5.814262668309859,no trend,0.842618527640413,-0.04711992241678334
3732,3.87784538875,3.9713320980645164,0.09348670931451641,2.4107900120445827,Berach,4,4,13.359789457230047,no trend,0.7810405515546475,0.074784744288094
4178,4.192026193125,4.293478957258064,0.10145276413306448,2.420136694266102,Kethan,5,5,17.618117094131456,no trend,0.5514186979590701,-0.07441446113867477
3687,2.2275781025,2.2816809870967742,0.05410288459677437,2.428776101545215,Padma,1,1,8.891644415375588,no trend,0.4446295030202956,0.06007326951157522
3640,6.176472456875,6.327303025806452,0.1508305689314522,2.44201799626846,Idar,5,5,22.52403660739437,no trend,0.6407995334718981,-0.09059559530849866
3658,5.521914995,5.65782075,0.13590575499999957,2.4612069385903244,Chambal,2,2,21.003569672300472,no trend,0.9288074636400747,-0.01996801329209423
3962,42.9025244125,43.9833325483871,1.0808081358870965,2.5192180429648428,Karmanasa,3,3,93.7106961032864,no trend,0.7208063353199297,-0.06059455204450167
3760,24.9937756375,25.623812064516127,0.630036427016126,2.5207733163405535,Parbati,3,3,115.62843569366197,no trend,0.8116839148720996,-0.03141438720349298
4173,2.89404669625,2.9672123846774197,0.07316568842741944,2.5281447090064186,Kevtan,5,5,15.531417672065727,no trend,0.5252036748407956,-0.07132368445807319
2921,23.35271925625,23.95219047580645,0.5994712195564489,2.5670296164589463,Padma,1,1,92.3614619665493,no trend,0.4099608311090899,0.04310516367120302
4185,53.1447165,54.55063556451613,1.4059190645161266,2.645454067886742,Betwa,2,2,267.547174778169,no trend,0.6057025033624253,-0.045233056242726034
4259,82.3032154,84.48453406451613,2.1813186645161267,2.6503444050329614,Ken,2,2,376.76696834741784,no trend,0.842618527640413,-0.03860281511621967
3685,26.2528997,26.955006411290324,0.7021067112903232,2.6743968068804347,Padma,1,1,104.5436903673709,no trend,0.438737876982112,0.04775573503872951
3593,3.116331199375,3.2002501241935484,0.08391892481854857,2.692875674940425,Kali Sindh,3,3,12.02733139859155,no trend,0.8894646599057274,-0.01846613430146692
3780,22.931131515625,23.552242612903225,0.6211110972782237,2.7085933236875204,Parbati,3,3,105.983769564554,no trend,0.8116839148720996,-0.029366270248462382
3789,1.2890229121875,1.3240971445967744,0.03507423240927432,2.720993713738771,Parbati,3,3,6.052130992593897,no trend,0.9841594261303772,0.006352627929090334
3596,16.649030628125,17.10546016935484,0.4564295412298378,2.741478176265692,Kali Sindh,3,3,72.15071639765259,no trend,0.9841594261303772,-0.002870523359350822
3731,2.6781160756249998,2.7516546751612903,0.0735385995362905,2.745907849387319,Berach,4,4,9.374983425715962,no trend,0.7963229756501722,0.0991376763438411
3594,2.90407291625,2.9853360008064516,0.08126308455645148,2.798245323033613,Lakundar,4,4,13.040260820070424,no trend,0.8894646599057274,0.020229826376448372
3777,0.7942873775,0.8166517955645162,0.022364418064516167,2.815658248895711,Parbati,3,3,3.479168408673709,no trend,0.4505660066901904,-0.09869553950186027
4431,124.72185835625001,128.23509241129034,3.5132340550403285,2.8168551217423987,Gandak,2,2,697.3861592488263,no trend,0.2146399323202448,0.16041699614461252
2922,8.453575575624999,8.692189625806453,0.23861405018145376,2.822640527038907,Ichamati,4,4,29.881333957042255,no trend,0.4505660066901904,0.05969842181041891
2929,27.84551904375,28.637187604838708,0.7916685610887093,2.843073457689421,Padma,1,1,110.81585504577464,no trend,0.3987716292538952,0.051755132025319756
4493,53.14874611875,54.668337346774194,1.519591228024197,2.85912902748257,Gandak,2,2,255.6173238955399,no trend,0.2704939159696198,0.16021828471067548
4843,10.3490480725,10.645599792741937,0.2965517202419363,2.8654975623308596,Mahananda,2,2,76.66235415845071,increasing,0.011041631469831836,0.18790734241307525
3776,17.287488584375,17.783773233870967,0.4962846494959656,2.870773548591228,Parbati,3,3,81.50647842723005,no trend,0.9288074636400747,-0.011680712482574488
3571,2.077440499375,2.137087947580645,0.059647448205644604,2.87119887301656,Ghar Ganga,4,4,9.500829534518779,no trend,0.8581805908972016,-0.030209925279419125
4180,1.1229281279375,1.1555439211290321,0.03261579319153207,2.904530786973697,Naren,5,5,5.07400180629108,no trend,0.6839950244742647,-0.049818487753203126
3333,197.63473775,203.4372527903226,5.802515040322589,2.9359793254880815,Chambal,2,2,823.1478288838028,no trend,0.6126529076996985,-0.06672672361608879
3778,20.649561265625,21.25691891935484,0.6073576537298386,2.9412617823551406,Parbati,3,3,95.96276251995306,no trend,0.8581805908972016,-0.02137569738693253
4507,19.323972384375,19.89926744032258,0.5752950559475778,2.977105558341361,Gandak,2,2,102.45096536713616,no trend,0.48711284347936656,0.11435311809638855
3649,0.9323114086875,0.9603503370967742,0.028038928409274244,3.007463831076272,Pingla,5,5,3.6757916681455396,no trend,0.9367000897482891,0.020944054854242465
3591,18.6538665,19.224793846774194,0.5709273467741944,3.0606381083203016,Parvan,4,4,88.02061501056339,no trend,0.7963229756501722,-0.036495111350886365
3631,14.689200234374999,15.138989024193549,0.44978878981854997,3.0620372970747223,Shipra,4,4,59.22706986983568,no trend,0.7886715975821632,-0.05181413106160967
4273,60.380610831249996,62.23239239516129,1.8517815639112953,3.0668480136555782,Ken,2,2,290.8415646725352,no trend,0.8503922744984573,-0.02491956662538241
5084,1.6095026731250002,1.6597466959677418,0.050244022842741654,3.1217110528426883,Padma,1,1,6.204239634471831,no trend,0.6266582636866325,0.028054966330643003
3334,201.1575046875,207.46081306451615,6.303308377016151,3.133518874579597,Chambal,2,2,837.7891443392018,no trend,0.5714931653398074,-0.059607280952197944
3574,18.425759468749998,19.006700282258066,0.580940813508068,3.1528730986277167,Kali Sindh,3,3,80.17959448122066,no trend,0.9604122199612644,-0.0036058420015780976
3585,1.3215556291875,1.3633049755645161,0.04174934637701622,3.1591062422914393,Paru,5,5,6.715981351361502,no trend,0.8503922744984573,0.02538597164028171
4490,64.94106921875,67.01206093548387,2.0709917167338716,3.1890323668029907,Gandak,2,2,329.7532961584507,no trend,0.28813727672926714,0.15741373437401318
3632,15.535765765625001,16.031881463709677,0.4961156980846759,3.1933778197300033,Shipra,4,4,62.73289476725352,no trend,0.803993983918406,-0.04589629135190061
2957,11.171321635625,11.536088319354839,0.36476668372983845,3.265206173695767,Gumani,4,4,34.01820360680751,no trend,0.7432144452145957,0.028675228619022608
3747,154.02794106875,159.14999470967743,5.122053640927419,3.3254055110956795,Chambal,2,2,627.7995466713614,no trend,0.7432144452145957,-0.04489721552260862
3600,2.40453836125,2.485762122580645,0.0812237613306448,3.3779357667814702,Ahu,4,4,10.891695215798123,no trend,0.9762410903191197,0.004646054689438367
3738,1.5775878436875002,1.6310315462096774,0.05344370252217723,3.387684732487311,Gambhiri,4,4,4.181414568380282,no trend,0.7582763349793675,-0.0601971422601186
3703,0.6211855123125,0.6423561281451612,0.02117061583266122,3.4080987745269424,Banas,3,3,2.3211312381338027,no trend,0.9920793227943283,-0.010570153073379378
3851,7.053341446875,7.294934423387097,0.24159297651209766,3.425227295910026,Baur,4,4,30.832856528521127,no trend,0.6337121751995711,0.08633471715101232
2928,2.832346765625,2.9296264387096773,0.09727967308467722,3.4345961541616177,Padma,1,1,12.138271968309859,no trend,0.3257065131987469,0.07531560962263209
4183,48.327274325000005,49.98976064516129,1.6624863201612854,3.4400581108321906,Betwa,2,2,245.37144111619716,no trend,0.7357197884219144,-0.029641915705142387
3787,151.65380229375,156.8919409516129,5.238138657862891,3.454010765728599,Chambal,2,2,618.7901758955398,no trend,0.7582763349793675,-0.04777215190472515
3244,1.4336191408125,1.4832125068548387,0.04959336604233866,3.459312493151545,Sota,4,4,2.3032243041431926,no trend,0.8894646599057274,0.029629973122383482
3595,5.61803343125,5.812668823387097,0.1946353921370969,3.4644755058673793,Lakundar,4,4,25.09977030915493,no trend,0.8348600876973751,0.03664660950144771
3583,2.5626234981250002,2.6524281629032256,0.08980466477822535,3.5044033914436867,Dudhi,5,5,12.349148350821597,no trend,0.7658422334580033,0.03508748293015609
3666,9.917481006875,10.26853163064516,0.35105062377015983,3.53971561454773,Chambal,2,2,37.25965158673709,no trend,0.9841594261303772,0.002302935970088721
4179,47.394066775,49.09023947580645,1.69617270080645,3.578871399365053,Betwa,2,2,241.33904607159624,no trend,0.773430533540979,-0.02799927241681746
4199,2.7299328093749997,2.8279523822580646,0.09801957288306484,3.590548915579567,Sagar,5,5,12.783119051877934,no trend,0.9367000897482891,-0.0060842561181781865
3567,25.10555625,26.008563157258067,0.9030069072580673,3.5968408676787127,Parvan,4,4,118.48502397887324,no trend,0.9841594261303772,0.0019748248708311065
3623,76.466070025,79.2627179032258,2.796647878225812,3.657371010843724,Chambal,2,2,294.9961044448357,no trend,0.9367000897482891,-0.012011121457859576
3767,0.7466948796249999,0.7740804621774193,0.027385582552419407,3.6675733689472745,Bamnidai,5,5,3.2200688427230046,no trend,0.9209218347701116,0.01788248625173362
2916,2.391334398125,2.4790922435483873,0.08775784542338716,3.66982741904254,Ichamati,4,4,9.292011441314553,no trend,0.4099608311090899,0.07033416966500555
3633,34.558263768749995,35.839266903225806,1.2810031344758102,3.706792514368685,Chambal,2,2,136.62855053755868,no trend,0.9445989408361049,0.007666987257149094
3291,3.172151445,3.2902844838709675,0.1181330388709676,3.7240668019545833,Yamuna,1,1,11.943506646244131,no trend,0.803993983918406,-0.0363182410851343
1552,1.3005160799375,1.3489519632258065,0.0484358832883065,3.7243586631112033,Padma,1,1,5.238577650774649,no trend,0.41562472802453176,0.05862964026911586
5180,115.52532435,119.85901461290322,4.333690262903218,3.751290279673833,Gandak,2,2,659.5975800974179,no trend,0.17069881126634723,0.18019807846003894
3643,0.6808344164375,0.706463180483871,0.025628764046371044,3.764316760083139,Retam,4,4,2.7038175522652583,no trend,0.7810405515546475,-0.05225705479666119
4865,3.01767646125,3.131438162096774,0.11376170084677373,3.7698441932920357,Ganga,1,1,9.709751566314553,no trend,0.42709019490083033,0.06456908836912068
4177,42.46356311875,44.066567080645164,1.603003961895162,3.7750104893749423,Betwa,2,2,220.74220289906103,no trend,0.7810405515546475,-0.02943664191456583
4122,99.35095175625,103.11685558064516,3.765903824395167,3.790506037259236,Ken,2,2,416.2960502535211,no trend,0.6337121751995711,-0.06943422694816699
3637,0.9185525828125,0.9534221297580645,0.034869546945564545,3.7961405365382674,Somli,5,5,3.62882921294601,no trend,0.9920793227943283,0.0030278039514557878
5178,113.88391889375,118.26711329838709,4.383194404637081,3.848826460500063,Gandak,2,2,649.0847378931925,no trend,0.17698155778028202,0.17899089614378025
3607,58.518799449999996,60.78878504032258,2.269985590322584,3.8790706775557133,Chambal,2,2,233.08368164671361,no trend,0.9051746472382802,0.016115809299331672
3634,44.51822980625,46.24719059677419,1.7289607905241908,3.883714150470239,Chambal,2,2,179.36027722769953,no trend,0.9288074636400747,0.02081418806576743
3608,60.948739562499995,63.32508895967742,2.376349397177428,3.898931157945598,Chambal,2,2,242.87527049530516,no trend,0.873797961750338,0.02544655005338775
3618,72.7955339,75.64256854032257,2.847034640322576,3.9110017988652683,Chambal,2,2,282.8396060551643,no trend,0.9683250952101472,-0.0034328269354211645
3615,67.30679589374999,69.94662767741934,2.639831783669351,3.9220880278368466,Chambal,2,2,263.34133208685444,no trend,0.9841594261303772,0.005128261221186988
3754,0.9296490125625001,0.9662075735483872,0.036558560985887056,3.9325122161014754,Retili,5,5,4.896193471338028,no trend,0.5382311014255547,-0.11647141915841568
3616,71.063863975,73.90623423387098,2.8423702588709716,3.9997406556318227,Chambal,2,2,276.92687148004694,no trend,1.0,0.00012073541406409493
3636,50.621863787500004,52.65271122580645,2.030847438306445,4.011799025874508,Chambal,2,2,204.19953475469484,no trend,0.827117687577857,0.028215692039910416
3605,5.6745102350000005,5.903664543548387,0.22915430854838625,4.038309899151785,Chhoti Kali Sindh,4,4,24.422707048943664,no trend,0.827117687577857,0.030376321820911184
4965,152.87273934375,159.0799565967742,6.207217253024197,4.060382040428172,Kosi,2,2,748.1433077276995,no trend,0.6337121751995711,0.06634308389264332
3606,1.3262207940625,1.380392714032258,0.05417191996975812,4.084683350787908,Ansar,5,5,5.644511616596244,no trend,0.842618527640413,-0.02889933295684583
3758,2.02517940775,2.1086126221774193,0.08343321442741924,4.1197937381811816,Andheri,4,4,10.317613294377933,no trend,0.5647631724211553,-0.10331938132065774
3652,18.682043296875,19.452626822580648,0.7705835257056464,4.124728293690145,Chambal,2,2,72.52827869483568,no trend,0.8581805908972016,0.038795505786170574
3650,12.217829711250001,12.726631291129031,0.5088015798790302,4.164418656208091,Chambal,2,2,46.68643043169014,no trend,1.0,0.00029131396880709723
3647,1.4301174581875,1.4902687028225807,0.0601512446350807,4.2060352658945295,Maleni,5,5,5.571505399448357,no trend,0.5316971675813358,0.1195829124384288
3609,1.069854549375,1.1148943774193547,0.04503982804435469,4.20990199748803,Khoki,5,5,2.942470318333333,no trend,0.5782610692399586,-0.09743458135425258
3651,5.061495944375,5.276919803225806,0.21542385885080595,4.2561302274718456,Chambal,2,2,20.195506212441316,no trend,0.6913008056206345,0.07759390975142527
4198,3.7777923093749997,3.9390125838709675,0.16122027449596787,4.2675790856972835,Baen,5,5,18.665049263615025,no trend,0.827117687577857,0.02839383728884559
3699,0.8462177128749999,0.8823876111290323,0.036169898254032384,4.274301719724846,Sameliya,5,5,2.8318527261267605,no trend,0.9762410903191197,-0.00929650248449025
3644,1.348436949875,1.4063090961290323,0.057872146254032364,4.291794752390693,Idar,5,5,4.620624834483568,no trend,0.5850664269805577,-0.09000179103970878
3749,0.47310665443750005,0.4934228873387097,0.020316232901209652,4.294218377749226,Gadela,5,5,1.654685452185446,no trend,0.7059983246415333,0.1365451661047557
3630,8.365959246875,8.726296583064517,0.3603373361895166,4.307184933086019,Chhoti Kali Sindh,4,4,36.10436032992958,no trend,0.8894646599057274,0.01810986637884831
3753,0.9560073514375,0.9971853645967742,0.04117801315927416,4.307290430074294,Andheri,4,4,4.689827226866197,no trend,0.5919087714885272,-0.09509589159822045
3628,140.6826154,146.75665716129032,6.074041761290317,4.317549644652339,Chambal,2,2,582.3198031326291,no trend,0.8973146218766033,-0.020540251485367863
3655,4.325102875000001,4.5129610096774195,0.18785813467741885,4.343437372629404,Gambhir,4,4,17.339935716549295,no trend,0.9920793227943283,0.0036328743081603726
3735,0.7952305775624999,0.8300287977419355,0.03479822017943557,4.3758654610713394,Berach,4,4,2.551774620692488,no trend,0.9445989408361049,0.016673270769306654
3432,41.346218481250006,43.16866775,1.8224492687499918,4.407777387372076,Banas,3,3,129.93083479929578,no trend,0.9683250952101472,0.010572327189483898
3748,1.312937748125,1.3720963841935483,0.05915863606854832,4.505821860406747,Aheli,5,5,4.973562202664319,no trend,0.8193920555171392,-0.03313879101398295
4883,189.45581473750002,197.99434572580645,8.538530988306434,4.506871958581462,Kosi,2,2,961.6897440598592,no trend,0.38776831898796127,0.11823663253462206
3648,4.123999483125,4.31114115483871,0.18714167171371,4.537868457051833,Maleni,5,5,16.517707634859153,no trend,0.6407995334718981,0.0996267757406648
3563,20.84583474375,21.79179416532258,0.9459594215725815,4.537882187021554,Kali Sindh,3,3,91.38667205751173,no trend,0.9051746472382802,0.0176593549537212
3665,4.002543425,4.1859160411290315,0.18337261612903166,4.581402289945966,Chamla,5,5,14.672747782276994,no trend,0.7059983246415333,0.05951525352048103
3611,1.5750840331875,1.6490804769354839,0.07399644374798386,4.697936249041719,Gunjali,4,4,4.435701682758216,no trend,0.5316971675813358,-0.1171588157326961
4196,3.755325973125,3.932548983870968,0.1772230107459678,4.719244401531711,Betwa,2,2,20.834376456455402,no trend,0.9525032428084219,-0.005405514830339107
3684,1.2821698894375,1.3438752234677418,0.06170533403024181,4.8125708253305275,Padma,1,1,5.306341019284038,no trend,0.10778786193945145,0.15544892540124922
4176,31.645409649999998,33.196240040322586,1.550830390322588,4.900648806493134,Betwa,2,2,165.18781407042252,no trend,0.9841594261303772,-0.00215765320141079
4260,89.384928725,93.76587487903225,4.380946154032259,4.901213455694076,Ken,2,2,394.7518327558686,no trend,0.7059983246415333,-0.04951897414144617
3635,5.793471693125,6.077878453225806,0.284406760100806,4.909090354895597,Sau,5,5,23.879800686032866,no trend,0.7886715975821632,0.04814247409588103
3722,23.676795934375,24.84195295967742,1.1651570253024204,4.92109248452319,Banas,3,3,75.0891224988263,no trend,0.7658422334580033,0.07129314076507487
3613,4.86642894375,5.110994797580645,0.244565853830645,5.025571248599925,Gunjali,4,4,14.223345541549296,no trend,0.7059983246415333,-0.06939521934784276
4175,29.472152625,30.958242048387095,1.4860894233870958,5.042351138364111,Betwa,2,2,155.6441389870892,no trend,0.9288074636400747,-0.007547276460410436
3638,3.047591665,3.2015623596774194,0.1539706946774193,5.0522088128043,Sau,5,5,12.829675442840376,no trend,0.676718703048607,0.07735782341648385
3627,63.871620525000004,67.14839333870968,3.2767728137096768,5.1302484370615185,Kali Sindh,3,3,286.5324958450704,no trend,0.9367000897482891,0.007090989398579611
3775,1.3234801396875,1.3915079597580646,0.06802782007056463,5.140071092160654,Parbati,3,3,6.092525477488263,no trend,0.5919087714885272,0.06741922995689273
3759,3.2587385268749998,3.4274442233870968,0.168705696512097,5.177024640693681,Andheri,4,4,16.938210325938968,no trend,0.7432144452145957,-0.057089024811131775
3702,30.44314646875,32.020109866935485,1.5769633981854838,5.180027628892573,Banas,3,3,97.93244689143194,no trend,0.8503922744984573,0.05697082138702558
4491,96.08478598125001,101.08371253225808,4.9989265510080685,5.202620269127268,Gandak,2,2,526.8548858039906,no trend,0.16762079058813795,0.21576385274108736
3597,0.8120494866250001,0.8544135206451613,0.0423640340201612,5.216927627924808,Tila,5,5,3.674291362746479,no trend,0.5580715376134053,0.08267979271738311
3724,24.610003487500002,25.89630875403226,1.2863052665322563,5.226757758021453,Banas,3,3,78.35306833685445,no trend,0.7963229756501722,0.08224718360823392
3612,3.13757549625,3.302000031451613,0.1644245352016127,5.240496536199092,Gunjali,4,4,9.368042484741785,no trend,0.7432144452145957,-0.07684663889535873
3725,25.334669825,26.672189237903225,1.3375194129032266,5.279403371514934,Banas,3,3,80.688094125,no trend,0.7886715975821632,0.06786131822325137
4181,26.50873611875,27.918499112903223,1.4097629941532226,5.318107162250098,Betwa,2,2,139.92541767312207,no trend,0.9920793227943283,0.0029221881254279953
4904,177.08710391875,186.52912112096774,9.442017202217755,5.331849125812054,Kosi,2,2,920.1982099002348,no trend,0.421334580743461,0.1169495039444452
4837,2.396103859375,2.5247394830645162,0.1286356236895161,5.368532886678352,Ganga,1,1,7.562528728826291,no trend,0.5580715376134053,0.04785937351787665
5104,2.7079074031249997,2.854540219354839,0.14663281622983915,5.414986349260718,Champa,5,5,7.107520897652582,no trend,0.3456350347359809,0.10846531098747092
3575,61.99200934375,65.38856492741935,3.396555583669354,5.479021602341065,Kali Sindh,3,3,280.1755469870892,no trend,0.9130439733339297,0.016823852236440204
4728,34.590369528125,36.487562629032254,1.897193100907252,5.484743663593035,Karmanasa,3,3,76.34757843133802,no trend,0.7582763349793675,-0.06268896976747584
3599,1.4088646295625,1.4869260426612902,0.07806141309879022,5.540731980973284,Kanthali,5,5,6.534800150258216,no trend,0.8116839148720996,0.02072651076172796
3646,1.2915051547499998,1.363206519516129,0.0717013647661291,5.551767602507828,Maleni,5,5,5.33882069778169,no trend,0.4747556847815666,0.1393121893023975
3573,3.80149859,4.012765154032258,0.21126656403225796,5.55745475187084,Chhapi,4,4,17.578382018075118,no trend,0.8503922744984573,0.030790157768744896
4200,22.228460540625,23.478397717741935,1.2499371771169336,5.6231387451800074,Betwa,2,2,119.54221187558684,no trend,0.9604122199612644,0.008098931083964565
4832,2.430724364375,2.5678958443548385,0.13717147997983847,5.643234666597366,Ganga,1,1,7.353452847605634,no trend,0.5382311014255547,0.04373544869212658
4829,2.3791192254375,2.5168742104838713,0.1377549850463713,5.7901673683898425,Mahananda,2,2,7.7095109579107985,no trend,0.421334580743461,0.07165756602027365
3604,0.9922928373125,1.0497914038709677,0.057498566558467745,5.794515932836456,Ahu,4,4,4.43464394370892,no trend,0.9209218347701116,0.017500185522167505
3588,1.623459747625,1.717658791935484,0.09419904431048409,5.8023640221625605,Ghora Pachhar,4,4,7.862034784237089,no trend,0.9604122199612644,0.007423754863419454
3590,4.7686323943749995,5.047161986290322,0.2785295919153228,5.840869433422289,Ghora Pachhar,4,4,22.787690326408452,no trend,1.0,0.0006152044882875446
3603,0.6862375436875,0.726345475967742,0.04010793228024201,5.8446135232884355,Dudhaliya,5,5,3.027365615633803,no trend,0.5059696473025264,0.09470806586493433
3704,28.27811293125,29.943143548387095,1.665030617137095,5.8880542035641925,Banas,3,3,90.91093870715962,no trend,0.7208063353199297,0.07614386808600015
3629,0.6101205251875,0.6462529720967742,0.036132446909274196,5.922181834182697,Shipra,4,4,2.547919239612676,no trend,0.9920793227943283,-0.002934352357266112
4197,18.100352496874997,19.173458100806453,1.073105603931456,5.928644782562805,Betwa,2,2,99.39557381514085,no trend,0.9445989408361049,0.005353188554012648
3610,1.9042192859375,2.0175666867741935,0.11334740083669348,5.952434242933813,Gunjali,4,4,5.929750931819249,no trend,0.7658422334580033,-0.06349263713650445
3614,3.37914382625,3.5812706758064516,0.20212684955645166,5.981599480503961,Chambal,2,2,12.04077278814554,no trend,0.7507335153518226,-0.05147012181958421
3589,1.6464122679375,1.7453788943548387,0.09896662641733878,6.011047678921674,Ghora Pachhar,4,4,7.943160009272301,no trend,0.9288074636400747,-0.008866633223645988
4192,3.9059145325,4.14545900483871,0.23954447233870946,6.1328651803701355,Halali,5,5,21.410996184037558,no trend,0.7810405515546475,0.03230057341321443
2481,7.7205904343750005,8.20315199032258,0.4825615559475791,6.2503193253074505,Son,2,2,14.308983899882628,no trend,0.19686192477076325,0.0764131449068572
4195,13.586832013750001,14.437805693548388,0.8509736797983862,6.263223678170106,Betwa,2,2,74.56820151220657,no trend,0.9525032428084219,0.004262895003983034
3440,36.641864068749996,38.96794835483871,2.326084286088715,6.348160349387125,Banas,3,3,116.78604259037559,no trend,0.8116839148720996,0.04274049706165305
4191,2.266274535,2.4102989266129033,0.14402439161290337,6.355116707557381,Ajmar,5,5,12.799901353403754,no trend,1.0,0.0012539754774527794
4194,8.661944778750001,9.218823204032258,0.5568784252822567,6.429023037048494,Betwa,2,2,47.80127288204225,no trend,1.0,0.00018928370710531673
4190,2.3148652625,2.4660614274193544,0.15119616491935428,6.531531980227047,Betwa,2,2,11.342599511150235,no trend,0.8894646599057274,-0.01398327221703301
3752,0.5290910180624999,0.5641789535806452,0.03508793551814526,6.631739024154146,Berach,4,4,1.7553999285093895,no trend,0.5714931653398074,0.14953513221979137
4867,4.831933870625,5.1596133604838705,0.32767948985887063,6.781539206298906,Lohra,5,5,15.131230472065727,no trend,0.38233674726699096,0.07969407643411815
3568,33.10728118125,35.362153145161294,2.2548719639112917,6.810803797408521,Kali Sindh,3,3,144.76183748708922,no trend,0.8816255210239117,0.029573719998708448
3569,36.184869687500004,38.68288207258065,2.498012385080642,6.903472104926705,Kali Sindh,3,3,159.46042651291077,no trend,0.827117687577857,0.02918357853222129
3564,31.77978871875,33.9873850483871,2.207596329637095,6.9465418702882005,Kali Sindh,3,3,139.28696561032862,no trend,0.803993983918406,0.046446601688163704
4839,3.257128076875,3.4944886217741935,0.23736054489919356,7.28741821927142,Marai,5,5,10.748698521713616,no trend,0.22584723604104706,0.11354840813088672
4868,3.634405215,3.899485124193548,0.26507990919354807,7.293625600676122,Balasan,4,4,28.636360787793425,increasing,0.00021317590092695404,0.3534143371563834
3602,5.529112795625,5.957743983064516,0.42863118743951567,7.752259779881449,Ahu,4,4,24.9181663342723,no trend,0.6986354428998491,0.05521722620060063
3723,0.5933942145,0.6416160845161291,0.0482218700161291,8.126447619102816,Unli,5,5,1.969323468321596,no trend,0.8581805908972016,0.03301061717659931
3667,0.6480216215625,0.7009959019354839,0.052974280372983906,8.174770503066412,Chambal,2,2,2.698086343380282,no trend,0.7886715975821632,0.030477721843515566
3755,0.8814119580625001,0.9536333100000001,0.07222135193750001,8.193824837168691,Andheri,4,4,4.797977040997653,no trend,0.6622568124268424,0.06073846642168511
3572,1.1449911771874999,1.2391242033870968,0.09413302619959696,8.221288344843032,Chhapi,4,4,5.421575409929578,no trend,0.5580715376134053,0.12724533517813605
3438,0.18299494059375002,0.19819654676612902,0.015201606172379006,8.307118285923911,Dai,4,4,0.4100538245680751,no trend,0.803993983918406,0.08160631305784796
3566,2.82496364,3.065106595967742,0.24014295596774193,8.500745020836515,Ujar,5,5,13.857946674647888,no trend,0.803993983918406,0.0355784605782249
3570,0.8096393640624999,0.8809501279838711,0.07131076392137115,8.807719471982878,Chauli,5,5,3.8359172670187793,no trend,0.6986354428998491,0.05059487758174758
3713,0.37138323424999997,0.4049388587096774,0.03355562445967741,9.035309449938481,Banas,3,3,1.4564909621948356,no trend,0.7963229756501722,0.07070537852352535
3560,2.081393253125,2.2835704733870967,0.20217722026209684,9.713552206366979,Amjar,5,5,8.595326137312206,no trend,0.842618527640413,-0.041229779918330024
3561,7.556447019375,8.348552712903224,0.7921056935282245,10.482515016610812,Ahu,4,4,33.66686419647887,no trend,0.7133888312424626,0.04472735648380155
3848,2.6987509416249997,2.993548039516129,0.2947970978911294,10.923464382883111,Baur,4,4,9.42125760488263,no trend,0.25360582183177804,0.2107796242062695
3562,9.807790179375,10.900811993548386,1.093021814173385,11.14442493347709,Ahu,4,4,42.9681347879108,no trend,0.873797961750338,0.019464073354527045
3717,1.015791589125,1.1290150958870968,0.1132235067620968,11.146332375091548,Berach,4,4,3.654309340035211,no trend,0.7582763349793675,0.04619654341836033
3601,0.991085341625,1.1112389632258064,0.12015362160080645,12.123438472392355,Ahu,4,4,4.296374192382629,no trend,0.8894646599057274,0.03839436313928641
3709,0.807236057125,0.9062178991935484,0.09898184206854843,12.261821210152057,Chandrabhaga,5,5,2.386459856913145,no trend,0.31602819987913433,0.28900342771036563
3718,2.548934776875,2.8677361806451613,0.3188014037701614,12.507240540733362,Kothari,4,4,9.10018291842723,no trend,0.4446295030202956,0.18620132909088496
3714,6.13225051625,6.907178887903226,0.7749283716532256,12.636932714991406,Banas,3,3,19.94649554471831,no trend,0.41562472802453176,0.20572769704076185
3695,1.3136722363125002,1.4801135266935483,0.16644129038104816,12.669925250780334,Mansi,5,5,4.2455723120070425,no trend,0.7886715975821632,0.08418117256621965
3715,0.4403850415,0.49814860669354843,0.057763565193548416,13.116604732258693,Berach,4,4,1.9205415675821595,no trend,0.5252036748407956,0.13481308937232028
3707,5.85979630875,6.631616185483871,0.7718198767338711,13.17144549173782,Khari,3,3,18.11915208415493,no trend,0.5316971675813358,0.15266248407786856
3330,2.71866897375,3.078688085483871,0.36001911173387136,13.242476933014705,Kadwal,5,5,11.265656251877934,no trend,0.5316971675813358,0.1282542482318677
3716,0.8275868079375,0.9420081986290323,0.11442139069153234,13.825908000719792,Menali,5,5,2.949417287359155,no trend,0.4505660066901904,0.17247900700821311
3429,0.8125086079999999,0.9273209317741936,0.1148123237741937,14.130597835363945,Dai,4,4,2.240137310539906,no trend,0.842618527640413,0.06767192378644364
3331,3.5176030006250003,4.017162055645161,0.49955905502016096,14.201689472387882,Chambal,2,2,14.640147598591549,no trend,0.4505660066901904,0.14616699086283574
3329,0.9089671835625,1.0383347768548388,0.12936759329233882,14.232372260713591,Chambal,2,2,3.4061091812558684,no trend,0.4933559583597926,0.14672552365894992
3705,5.319021509375,6.0835215185483875,0.7645000091733873,14.372944494131556,Khari,3,3,16.505935836619717,no trend,0.4446295030202956,0.16079238965055065
3712,4.51816781,5.181239795161291,0.6630719851612916,14.675682999062658,Banas,3,3,13.9221176907277,no trend,0.33061719220937347,0.23868126393188077
4378,4.146533361875,4.801730371774194,0.6551970098991937,15.801078942794843,Tipan,5,5,14.229674593075117,no trend,0.43289136551861285,0.10646343569970793
3711,3.104074914375,3.621672775403226,0.5175978610282259,16.674786379388763,Banas,3,3,9.18749241129108,no trend,0.2836553336618328,0.28974910809340104
4268,4.2112783725,4.928295773387097,0.7170174008870971,17.02612217632728,Mirhasan,5,5,17.355327789906102,no trend,0.35073611533288473,-0.1407834899803784
3328,0.7514639723125,0.8845909639516129,0.1331269916391129,17.715685188398016,Sarai,5,5,3.2447795998591547,no trend,0.3558846702088707,0.2040897574213463
3726,0.463149865125,0.5473147570967742,0.08416489197177424,18.17228035876873,Bahmnai,5,5,1.6536532928521128,no trend,0.10997871362766065,0.397073586525171
3741,1.1033154395,1.310159704435484,0.20684426493548402,18.74751839140596,Banas,3,3,3.743662926455399,no trend,0.42709019490083033,0.24565452729138948
3710,1.7157195125625002,2.0376359237903228,0.32191641122782255,18.762764476987655,Banas,3,3,5.457597120105634,no trend,0.33557552767093113,0.29570721046904147
3708,0.753921922625,0.8955032563709678,0.14158133374596782,18.779309832643005,Gomti,2,2,1.8465273802230047,no trend,0.24950104916942317,0.3194751476140972
3740,0.5221446865625,0.6254359130645162,0.10329122650201616,19.782108132139797,Khan,5,5,1.4825737864671362,no trend,0.15863688474829707,0.4034137843168781
3701,3.4792429062499997,4.20227702983871,0.7230341235887101,20.78136373548035,Khari,3,3,10.330665144014084,no trend,0.3558846702088707,0.2583851848952879
3939,17.0239342375,20.634560412096775,3.6106261745967743,21.20911725941325,Karmanasa,3,3,38.767669865140846,no trend,0.6057025033624253,-0.09881777096729402
3690,0.6917767666875,0.8408568179032259,0.14908005121572587,21.55031194955852,Kothari,4,4,2.203472501431925,no trend,0.11909587082872197,0.4223557515901603
4953,4.655822033125,5.68097255967742,1.0251505265524194,22.018679392355033,Iwa,5,5,34.9129448370892,increasing,1.0936572444775194e-05,0.49732314196043864
3689,0.21829321036875,0.2675744210080645,0.04928121063931451,22.575695577552153,Nekhadi,5,5,0.6102820342030516,no trend,0.16762079058813795,0.35907173912090534
4946,2.131857374375,2.6170467758064517,0.48518940143145173,22.758999136783036,Iwa,5,5,16.537555520187794,increasing,4.509671654107095e-06,0.4896989899681294
4270,13.51322261125,16.69234493790323,3.1791223266532285,23.526011656217015,Ken,2,2,64.34256820610328,no trend,0.676718703048607,-0.07679774090210889
4327,70.047636125,86.74697910483872,16.69934297983872,23.83998076685806,Rihand,3,3,196.89291781807512,no trend,0.5448050803429232,0.05187091694347946
3970,3.4613904768750006,4.297959402419355,0.8365689255443547,24.16857997193147,Karmanasa,3,3,7.814021209859155,no trend,0.5987876258427536,-0.08793160838839073
3692,0.20144486126875,0.2527474721451613,0.0513026108764113,25.467321704457813,Khari,3,3,0.5869895858896714,no trend,0.20383922113299047,0.3960949385770461
4611,29.869983321874997,37.62144654838709,7.751463226512094,25.95067812051768,Kanhar,3,3,91.40969545539906,no trend,0.8816255210239117,-0.02147312725254972
4955,1.7257731087500001,2.1793338862903227,0.45356077754032254,26.281599547511924,Iwa,5,5,11.803079563497652,increasing,8.923966967611108e-07,0.5359328290722197
3697,2.0590834189375,2.6103558890322582,0.5512724700947582,26.772711830160734,Khari,3,3,5.7747080678403755,no trend,0.22967423731825298,0.3897341853244587
3696,1.364192036125,1.7397319837096774,0.37553994758467746,27.528378530298575,Khari,3,3,3.7441669694248825,no trend,0.24950104916942317,0.34746880998886664
3439,0.26928696304375,0.3453474722258065,0.07606050918205648,28.24515094319632,Dai,4,4,0.8183828912922535,no trend,0.2454429340961497,0.3620921313742866
3693,1.046623778875,1.3464030007258065,0.29977922185080663,28.64250057198536,Khari,3,3,2.797131117922535,no trend,0.23746612922486188,0.3675640680739461
4379,17.90677835625,23.368976193548388,5.462197837298387,30.503520670382994,Son,2,2,39.122067234741785,no trend,0.09936803745714684,0.09021637081240043
4257,1.30523016025,1.718576702983871,0.41334654273387095,31.66847927071343,Ken,2,2,3.3862478325586856,no trend,0.2836553336618328,-0.17718033183102172
3691,0.670967844,0.8872335018548386,0.21626565785483864,32.23189602732119,Khari,3,3,1.729845536830986,no trend,0.19686192477076325,0.44165262963408264
3694,0.382531805,0.509682796451613,0.12715099145161296,33.23932540762537,Khari,3,3,1.0626267950704225,no trend,0.08590320114263394,0.4618937649590354
4622,74.32942088749999,99.83040116935484,25.50098028185485,34.30805726369296,Rihand,3,3,211.6395930680751,no trend,0.6266582636866325,0.04203359639774782
4612,3.517767313125,4.735887758064516,1.2181204449395162,34.62765829890556,Panda,5,5,8.3838633221831,no trend,0.29266673111808905,-0.13226345923700542
3971,6.18984222,8.34665506451613,2.1568128445161294,34.844391308509465,Karmanasa,3,3,14.19378905516432,no trend,0.676718703048607,-0.08282615859846111
4380,20.38800658125,27.90746981451613,7.51946323326613,36.88179716491492,Son,2,2,47.780266703051645,no trend,0.10778786193945145,0.09380010616918864
4371,2.00097773375,2.768984676612903,0.768006942862903,38.381583658284576,Ghodchhatra,5,5,6.571642279812206,no trend,0.728222333588449,0.0261229302710576
4618,2.0027307087499997,2.7760955816129034,0.7733648728629037,38.615519774278475,Rihand,3,3,5.738593931431925,no trend,0.676718703048607,0.04192049358032799
4411,347.7297754375,484.3550238709678,136.6252484334678,39.290638330172115,Son,2,2,1092.4193470539906,no trend,0.8116839148720996,-0.01766729302458076
4381,28.632551231249998,40.2462468467742,11.6136956155242,40.56116243965308,Son,2,2,76.37956601760564,no trend,0.30654064337907405,0.08583663231549855
4340,78.951922175,111.16108199193549,32.20915981693548,40.79591595698282,Rihand,3,3,226.3860824061033,no trend,0.7059983246415333,0.024880153839666876
4039,2.3194584227500004,3.30160077,0.9821423472499995,42.343606490930334,Ganga,1,1,5.420130295492958,no trend,0.4099608311090899,-0.14672375378984967
4382,30.74467036875,44.00471263709678,13.26004226834678,43.1295639514313,Son,2,2,83.16695238028169,no trend,0.28813727672926714,0.08658779140576443
4302,7.5040113787500005,10.889037957258063,3.3850265785080627,45.109560842269566,Ken,2,2,35.18679567969484,no trend,0.4933559583597926,-0.09248716541240161
4372,9.837839223749999,14.443274741129033,4.605435517379034,46.813486301553205,Johilla,5,5,30.71416662640845,no trend,0.842618527640413,0.0160878259294377
2480,9.5891895675,14.084825741935484,4.495636174435484,46.882337060811096,Kevai,5,5,22.73966485938967,no trend,0.05791918590946521,0.10909319822865543
4383,33.757787125,49.604815645161295,15.847028520161295,46.94332736171994,Son,2,2,93.4972412887324,no trend,0.29724374939128984,0.0827299766271895
4299,3.8918015331249998,5.797709080645161,1.9059075475201612,48.97237259654849,Ken,2,2,18.860960563849765,no trend,0.7507335153518226,-0.03973599398257715
4370,12.35016431,18.4226098233871,6.072445513387098,49.16894513273968,Katni,4,4,55.31285341431925,no trend,0.5919087714885272,0.04651423865713931
4103,20.2130474875,30.44983618548387,10.236788697983872,50.64445974469921,Katni,4,4,91.12667587206572,no trend,0.7432144452145957,0.03030943735382467
4386,39.18591466875,59.04564933870968,19.85973466995968,50.68079905200587,Son,2,2,112.43165248239437,no trend,0.3456350347359809,0.0846138830611125
4300,5.396129633125,8.155026886290322,2.7588972531653226,51.12733460347938,Katni,4,4,24.90328208732394,no trend,0.873797961750338,0.026385995071312087
4104,22.785716115625,34.496494935483874,11.710778819858874,51.39526342043893,Son,2,2,102.43278396185447,no trend,0.8348600876973751,0.023492250584561697
4566,274.1204150625,416.10290701612905,141.98249195362905,51.795665025991134,Son,2,2,897.7547210446008,no trend,0.9051746472382802,-0.014258944096368653
4373,15.187107834374999,23.105767108870968,7.918659274495969,52.14066668159566,Johilla,5,5,49.32539939659625,no trend,0.676718703048607,0.03406193356533517
4614,268.85503774999995,409.88435032258064,141.0293125725807,52.45552166432511,Son,2,2,885.8512197183098,no trend,0.9051746472382802,-0.008922155374005298
4374,1.1305509580625,1.7262973689516128,0.5957464108891128,52.69522852026793,Son,2,2,4.951199801971831,no trend,0.8816129741470322,-0.014327504477977345
4357,0.9305256540625001,1.4221994624999998,0.49167380843749975,52.83828621929383,Son,2,2,3.9198720270422536,no trend,0.9604079962440673,0.002575968962039813
4356,94.46881504375,144.3934902983871,49.924675254637094,52.84778392903118,Son,2,2,335.44129308215963,no trend,0.6839950244742647,0.037276801228054955
4375,92.73000725624999,141.78130959677418,49.05130234052419,52.896903377755464,Son,2,2,328.04232996009387,no trend,0.6913008056206345,0.03833391084702544
4078,110.22969573124999,168.63660033870966,58.406904607459666,52.98654252830472,Son,2,2,404.0840277265258,no trend,0.8116839148720996,0.03361408628289279
4361,58.83260315625,90.13279973387097,31.300196577620966,53.20212755925935,Son,2,2,177.54283751525824,no trend,0.43289136551861285,0.058005998915571434
4362,59.833517875,91.74088464516129,31.90736677016129,53.32691090772889,Son,2,2,181.87888123708922,no trend,0.421334580743461,0.06211753206335487
4057,115.93033235625,177.8230068064516,61.89267445020158,53.387817659322735,Son,2,2,425.1079083521127,no trend,0.8973146218766033,0.02679491534666764
4105,67.00687399375,102.84618819354839,35.83931419979838,53.486026229400366,Son,2,2,213.1966733556338,no trend,0.4747556847815666,0.055334264134419775
4388,43.57723436875,66.9379210483871,23.360686679637098,53.60754765196724,Son,2,2,128.00468383098593,no trend,0.3558846702088707,0.07773079794518999
4326,9.793226278750002,15.048220391935484,5.254994113185482,53.65947812916485,Rihand,3,3,29.820620192488263,no trend,0.6913008056206345,0.044808689814025075
4354,2.0678530935,3.179587742983871,1.111734649483871,53.76274808778484,Banas,3,3,9.013912445504696,no trend,0.9920784770511926,0.0
4350,0.9342411454375,1.4416914720967742,0.5074503266592741,54.31684625939247,Banas,3,3,4.16652360008216,no trend,0.9209134185001271,0.008790093575892851
4352,1.0123433413125,1.562747328548387,0.550403987235887,54.3692998980257,Banas,3,3,4.550386894330986,no trend,0.9762385540898029,6.677786597406488e-05
4347,1.93053849375,2.985349398387097,1.0548109046370968,54.63817002623787,Banas,3,3,8.76951364120892,no trend,0.6550379631727137,0.04863734236148497
4355,13.478187841875002,20.870303913709677,7.392116071834675,54.84502930630124,Banas,3,3,59.488679753286384,no trend,0.7133595788140144,0.036520092143988304
4344,1.1998805910625001,1.8583685670967742,0.6584879760342741,54.87945891775613,Mawai,5,5,5.325870214342723,no trend,0.7582513284158274,0.025907440553214478
4353,11.396729934375,17.680027208064516,6.2832972736895165,55.13245737917975,Banas,3,3,50.45682059589202,no trend,0.7133595788140144,0.03616249069704081
4342,232.6963541875,362.3427391935484,129.64638500604843,55.71483294559189,Son,2,2,780.0093979812207,no trend,0.9920793227943283,-0.0005484866504901185
4351,8.83947988875,13.765380492741935,4.925900603991934,55.72613622053855,Banas,3,3,39.230419955046955,no trend,0.619600945623171,0.05017957322405709
4613,235.68184000000002,367.58165225806454,131.89981225806451,55.96519963441583,Son,2,2,787.3054448298122,no trend,0.9920793227943283,0.0021756261082341364
4348,7.6416218562500005,11.924892163709677,4.283270307459676,56.0518485216124,Banas,3,3,33.933560140258216,no trend,0.5187063663147058,0.05395972133513841
4102,1.7069623680625,2.6663564862903226,0.9593941182278227,56.20476093546163,Bhandar,5,5,7.33984875713615,no trend,0.6478847419278437,0.04920037983745445
4349,2.01668756125,3.1566421435483867,1.1399545822983868,56.526087838406205,Son,2,2,9.10381207430751,no trend,0.4270408348655108,0.08085661879129645
4346,5.6364647293750005,8.830884152419355,3.194419423044354,56.67416681233394,Banas,3,3,24.858620041431923,no trend,0.4212849986646656,0.06312933082946862
4369,3.5652411274999998,5.606428513709678,2.041187386209678,57.25243575996187,Katni,4,4,15.609735801760563,no trend,0.6550379631727137,0.035775476460757856
4077,2.2262057568749998,3.5087408867741936,1.2825351298991938,57.61080825249197,Tons,2,2,9.91157061685446,no trend,0.7507077821422625,-0.03548546696403998
4345,4.262680378125,6.720714113709677,2.458033735584677,57.66404040515648,Banas,3,3,18.82830742523474,no trend,0.30648899691142595,0.07679731989234681
4099,2.5249746828750004,3.993604374919355,1.4686296920443547,58.16413534777052,Gudne,5,5,11.436247201056338,no trend,0.3715633602720796,-0.11206068676407079
4060,1.1393175908750002,1.8062269782258065,0.6669093873508063,58.5358632827408,Belan,3,3,4.09249946859155,no trend,0.6912695393363082,0.05957763668833863
4101,4.9302022162500005,7.868830283870968,2.938628067620967,59.604615363143054,Satna,4,4,22.693799749178403,no trend,0.6912695393363082,-0.052082594874060736
4054,3.032886436875,4.852529639516129,1.8196432026411284,59.99707672919126,Belan,3,3,11.030430270539906,no trend,0.8973037178662375,0.011587612281997237
4053,1.2092843539375,1.935540352983871,0.7262559990463711,60.05667704883797,Belan,3,3,4.401862761995305,no trend,0.8348427080569971,0.024927190951083148
4610,3.99540259875,6.4117786983870975,2.4163760996370973,60.47891394957503,Kanhar,3,3,12.078909326291079,no trend,0.9604122199612644,0.011503298359496303
4360,0.9883860204999999,1.5922216058064516,0.6038355853064516,61.0930924539975,Son,2,2,4.29963399649061,no trend,0.46859477164385943,0.07048140066298951
4058,148.69690898125,239.63943521774195,90.94252623649194,61.159661528646424,Son,2,2,536.385633129108,no trend,0.7963229756501722,0.018574118320421773
4341,153.38000158125,250.6518966532258,97.27189507197579,63.418890382816905,Son,2,2,552.9596155140845,no trend,0.873797961750338,0.016987287599659746
4331,1.166606147375,1.948585737096774,0.7819795897217741,67.03029908434131,Gopat,4,4,4.930286938122066,no trend,0.5513762004936553,0.06213394900819753
4385,4.2269791168749995,7.281241545967742,3.0542624290927423,72.25638794616887,Kunu,5,5,15.101299152112675,no trend,0.1706531493120793,0.11327305007089944
4072,6.71943574125,11.76161514516129,5.04217940391129,75.03873238876017,Tons,2,2,26.059372876056337,no trend,0.6912695393363082,-0.04201102135060964
4359,3.09066789625,5.42209220967742,2.3314243134274197,75.43432007871849,Goini,4,4,9.319970258568075,no trend,0.09532411869261526,0.13656465368908383
4061,17.114611453125,30.033763487903226,12.919152034778225,75.48609601896212,Belan,3,3,51.84987333380281,no trend,0.8039734806316652,-0.02729995792237541
4036,14.947914399999998,26.29761713548387,11.34970273548387,75.92833643390325,Belan,3,3,44.224511029460096,no trend,0.8503764879469089,-0.029615298281788636
4091,5.081516485,8.96764048282258,3.8861239978225797,76.47567432466137,Yamuna,1,1,11.083304707312205,decreasing,0.01718167756405653,-0.479066303545511
4090,3.6339734100000003,6.438883128548387,2.8049097185483864,77.18575240065904,Sasur Khaderi,5,5,8.128388620739438,decreasing,0.04820863501536232,-0.4301744251201753
3964,2.30893673025,4.121341943225807,1.8124052129758068,78.49523069346161,Son,2,2,5.7914185120539905,no trend,0.3715633602720796,-0.07932871537613753
4376,1.605470921625,2.8710016887903227,1.2655307671653226,78.82614067431368,Son,2,2,5.195009676349765,no trend,0.1801403005741946,0.11965329758185256
4055,10.74446632125,19.548718801612903,8.804252480362903,81.94220370862148,Belan,3,3,29.42581235422535,no trend,0.8503764879469089,-0.029442924427970682
4377,1.860689465625,3.392725716129032,1.5320362505040321,82.33701962672346,Gohirari,5,5,6.442891360093896,no trend,0.1262740504449058,0.14095657133254613
4248,3.009154115625,5.507825973870968,2.4986718582459684,83.03568917496256,Baghain,4,4,9.472017535446009,no trend,0.9051746472382802,-0.012488544611009147
4035,2.1251308335625003,3.900711203306452,1.7755803697439516,83.55157911701023,Ganga,1,1,5.492465128978873,no trend,0.9287998819014047,-0.007606036575948306
4065,23.566466965625,43.370368145161294,19.803901179536293,84.03423902455579,Belan,3,3,74.10418444776995,no trend,0.9445930346216311,0.0033538946222044976
4334,21.433683875,39.48588166935483,18.052197794354832,84.22349559522387,Gopat,4,4,74.95774635387323,no trend,0.340529931673649,0.07937202947198671
4332,17.71624965625,32.65358345967742,14.937333803427421,84.31431083473007,Gopat,4,4,62.36220111103286,no trend,0.3305655578566702,0.09408071065254023
4051,2.781854256875,5.140986888145161,2.359132631270161,84.80432162971384,Belan,3,3,7.250984888908451,no trend,0.6839631042042846,-0.051826741317513095
4092,6.95927628125,12.863838102419356,5.904561821169356,84.84448069805327,Sasur Khaderi,5,5,16.065838614201876,no trend,0.07236197395720767,-0.28025548757692526
4329,6.667599283125,12.330427676612903,5.662828393487903,84.93054475873996,Gopat,4,4,21.483571059741784,no trend,0.12142550374716943,0.1313872295682979
4059,1.519855655125,2.8139717421774195,1.2941160870524195,85.14730215916362,Gorma,5,5,5.590268234530517,no trend,0.45649906379455474,0.1026374081593001
4097,1.4035660185625,2.598737132419355,1.1951711138568548,85.15246864418401,Satna,4,4,5.7769352687323945,no trend,0.4042928944439046,-0.08636186677052977
3973,6.691999560625,12.426919875806451,5.734920315181451,85.69815737773058,Belan,3,3,18.089761138615025,no trend,0.9209134185001271,-0.012798540861210794
4073,14.5914968025,27.115665633870968,12.524168831370968,85.83196776101248,Satna,4,4,59.1907794455399,no trend,0.444580878351029,-0.09046308668429438
4387,2.925831685625,5.5055463322580644,2.5797146466330645,88.17030245818806,Son,2,2,9.714317089906103,no trend,0.6336759350205838,0.05602602699628859
4056,28.41632413125,53.73626454032258,25.31994040907258,89.10350364855155,Gopat,4,4,98.89067794307512,no trend,0.43284223905255104,0.07317286949492771
4384,1.9222863423124998,3.638831675564516,1.7165453332520162,89.29706753193813,Son,2,2,6.889531686584506,no trend,0.9762385540898029,-0.0006655915903673191
4333,1.0933604868125,2.0800645475,0.9867040606875002,90.24508134220784,Gopat,4,4,4.089701788802817,no trend,0.4505176502778778,0.08677713445012149
4067,66.8487346875,127.18149358064515,60.332758893145154,90.25265650155491,Tons,2,2,229.90752634624414,no trend,0.5782204875199262,-0.06094880083470761
4068,72.09952919999999,137.29934361290324,65.19981441290325,90.43029148226846,Tons,2,2,242.86847492605634,no trend,0.6337121751995711,-0.06004523215787116
4075,27.88180111875,53.26539907661291,25.383597957862907,91.04002230613753,Tons,2,2,109.14335069424882,no trend,0.5381877122579135,-0.06606064766057418
4330,14.06472249125,26.902049961290324,12.837327470040323,91.27323683795916,Gopat,4,4,47.12244912910798,no trend,0.19001382529830102,0.11358312972256827
4085,3.6276731106249995,6.940180847096774,3.3125077364717743,91.31218925900062,Sokar,5,5,9.782467548403757,no trend,0.8270995188769761,-0.03780697685873639
4328,3.6386315099999997,6.9635350040322574,3.3249034940322577,91.37785689192413,Neur,5,5,12.4096261064554,no trend,0.12142550374716943,0.12855987468501967
4358,1.6836255988125,3.2407100092741934,1.5570844104616934,92.48400663187475,Gopat,4,4,5.82589229991784,no trend,0.13127205150794752,0.14362277320956732
4080,31.480772893749997,60.679894133064515,29.19912123931452,92.7522374938626,Tons,2,2,120.6575960504695,no trend,0.5059242259586041,-0.07040936193465389
4066,43.044583375,83.35404313709677,40.309459762096765,93.64583555362792,Tons,2,2,155.24700690023474,no trend,0.558029502651487,-0.07948340996825871
4256,2.0331998815,3.940827173870968,1.907627292370968,93.82389354477091,Yamuna,1,1,5.188992223215962,no trend,0.598748594200083,-0.08545568723753255
4086,41.35896809375,80.18175148387095,38.822783390120954,93.86787238530667,Tons,2,2,151.12596536384976,no trend,0.5381877122579135,-0.07061716044473974
4084,37.695902625,73.19776695161289,35.50186432661289,94.17963718706122,Tons,2,2,141.29261293075118,no trend,0.5316533493445958,-0.06271497529891759
4087,1.147298252375,2.2292191724999997,1.0819209201249997,94.30162713883126,Tons,2,2,2.852047417910798,no trend,0.8737845988450537,-0.029525559391003008
4074,20.825667603125,40.81602026612903,19.99035266300403,95.98901242428536,Tons,2,2,81.88518053849765,no trend,0.47470851725432617,-0.0773968725797558
4083,2.098024733125,4.146546549354839,2.048521816229839,97.64049888861764,Mahana,5,5,7.098890403638498,no trend,0.9366933447766679,0.015362382404145253
4255,2.7000128600625,5.404035330645161,2.7040224705826614,100.14850338601975,Paisuni,4,4,6.909338333098592,no trend,0.6478847419278437,-0.07063746732852386
4064,2.198785616875,4.426376919112903,2.2275913022379035,101.3100724846401,Lapri,5,5,5.877012640774648,no trend,0.6266214449266165,0.056682400680336684
4082,1.19641398925,2.4101007493548385,1.2136867601048384,101.44371187649404,Mahana,5,5,4.065503977171362,no trend,0.8270995188769761,0.03004554999638716
4063,5.720839453125,11.680430451612903,5.9595909984879025,104.17336559291984,Naina,4,4,19.927757807042255,no trend,0.45649906379455474,0.09203357454408846
4100,6.136133098749999,12.547870906451614,6.4117378077016145,104.49150473948747,Satna,4,4,23.520929675586853,no trend,0.3715633602720796,-0.10949806054997865
4081,5.3856345574999995,11.045819027419354,5.660184469919354,105.09781919824133,Mahana,5,5,18.53899802488263,no trend,0.9841577348941593,0.0
4335,5.51025201625,11.521675289516129,6.011423273266129,109.09525109810131,Gopat,4,4,19.204178137676056,no trend,0.59186921254556,0.06048435478117575
4253,6.700997119999999,14.081390253225807,7.380393133225808,110.13873011820976,Paisuni,4,4,18.56116306044601,no trend,0.728222333588449,-0.042651213220107585
4093,12.453662459375,26.26122396129032,13.80756150191532,110.87149300020667,Baghain,4,4,37.168999691901405,no trend,0.9841594261303772,-0.002904000561311611
4089,1.844450261875,3.903332488870968,2.058882226995968,111.6257927661863,Yamuna,1,1,4.50775580758216,no trend,0.59186921254556,-0.08875918897490946
4062,4.166363186875,8.827225312903225,4.660862126028225,111.8688390083469,Naina,4,4,14.305799058920188,no trend,0.39319613978942813,0.0989606450015584
4098,2.233779598875,4.741484003467742,2.5077044045927424,112.26283944287519,Satna,4,4,8.475937649237089,no trend,0.32565485590951626,-0.1226407525989777
4079,2.954996890625,6.325044927903226,3.3700480372782264,114.04573886253533,Tons,2,2,9.771956915504695,no trend,0.9209134185001271,0.01614619670774201
4245,1.989765882375,4.314883147016129,2.325117264641129,116.85381105569321,Usra,5,5,5.051710995610328,no trend,0.9051645695897976,0.02084305388332392
4252,5.55594356875,12.133987300806451,6.578043732056451,118.39651808300147,Yamuna,1,1,14.31853313169014,no trend,0.8581656079220417,-0.0385673995819023
4249,3.36023826,7.3572896483870975,3.9970513883870975,118.95142781890404,Baghain,4,4,11.204774101643192,no trend,0.728222333588449,0.03517165816133508
4246,3.5228683393750004,7.7584776075,4.235609268125,120.23183554104801,Garara,5,5,9.20449491056338,no trend,0.8503764879469089,-0.023198086886292758
4247,3.6048054693750005,7.972774916935484,4.367969447560483,121.17073957718445,Paisuni,4,4,10.79170336561033,no trend,0.8894529327395773,0.01919186529174762
4070,3.447607773125,7.646030721774194,4.198422948649194,121.77785945886865,Satna,4,4,12.542016350352114,no trend,0.9920784770511926,0.0
4071,4.5906355237500005,10.189293856451613,5.598658332701612,121.95824093933247,Tons,2,2,16.709264000469485,no trend,0.9683217147373993,0.00038453237821293714
4069,1.096555413875,2.4761330656451612,1.3795776517701612,125.81011723748819,Asrawal,5,5,4.05433310362676,no trend,0.7886495672316653,0.027757921373015446
4339,4.60636595,10.914390558870968,6.308024608870968,136.9414561791594,Son,2,2,16.45336201068075,no trend,0.8426019421247435,-0.02615430332115387
4336,2.2596264225,5.734009410241935,3.474382987741935,153.759176877475,Mayar,5,5,7.653131365539906,no trend,0.8816129741470322,0.015196526877502472
4338,2.074866556875,5.454811366290323,3.379944809415323,162.899382527324,Son,2,2,7.732637091314554,no trend,0.8737845988450537,-0.01285569705580826
4621,3.1578159181250003,8.39518330564516,5.23736738752016,165.85410686731618,Rihand,3,3,10.765129124295774,no trend,0.9762385540898029,0.0026061533503972264
4619,1.6322279554375,4.6279159765322575,2.9956880210947574,183.53367929492407,Rihand,3,3,5.392354669835681,no trend,0.398721273680791,-0.07746941452261875
4620,0.8609108381249999,2.549923949758065,1.689013111633065,196.1890868178185,Mayar,5,5,3.036515853685446,no trend,0.7810177671046163,-0.037005187667138076
