seg_id,early_q90,late_q90,early_q50,late_q50,q90_abs_change,q90_pct_change,q50_pct_change,river_name,tier,updated_tier,long_term_mean
3822,0.79080482,0.186463325,1.4738456,0.6124185950000001,-0.6043414949999999,-76.42106872843793,-58.44757449491317,Rihand,3,3,2.067811981995305
3481,0.840919398,0.233979777,1.5266647,0.69899645,-0.606939621,-72.17571891473955,-54.21414735010248,Sengur,4,4,2.154114635633803
3354,0.71972623,0.22498824,1.3157097,0.65776005,-0.49473799,-68.73974705632168,-50.00720523683909,Sengur,4,4,1.9051279037441315
3536,0.45413688799999996,0.163851385,0.8902359,0.5078822000000001,-0.290285503,-63.92026516022632,-42.949705802697906,Karwan,4,4,1.2676088839788733
4120,0.92355306,0.35323178099999997,1.7252948,1.08301625,-0.5703212790000001,-61.75295212599913,-37.22717705982768,Manmaheshwari,5,5,3.41749627221831
3367,2.4672384999999997,0.95505933,4.604599,2.71290065,-1.5121791699999996,-61.290352351424474,-41.08280330165559,Non,4,4,9.44344288907277
3821,0.6779392399999999,0.266713662,1.4173653,0.5528741500000001,-0.4112255779999999,-60.658176092594964,-60.992825914392,Sengur,4,4,2.0752825848239436
3449,0.324814444,0.12867479399999998,0.71142906,0.566227135,-0.19613965,-60.38513792200695,-20.409895120112182,Mendha,3,3,1.152357328717136
3825,4.65419168,1.86006228,8.713312,5.4350572,-2.7941294,-60.03468683954159,-37.62352134297498,Non,4,4,16.964147567957745
4091,3.0004658,1.2341859099999999,5.4641485,3.4200697,-1.7662798900000003,-58.86685627278272,-37.408917418697534,Yamuna,1,1,11.083304707312205
3541,0.686546978,0.28391870500000005,1.2506405,0.8205129250000001,-0.4026282729999999,-58.64540751062777,-34.39258324034765,Karwan,4,4,1.9538128565610329
3823,2.0216274,0.84004506,3.8236697,2.5243181,-1.1815823399999998,-58.44708772744176,-33.98179502795443,Non,4,4,7.076609378215962
7677,0.17663352599999999,0.074799003,0.37403637,0.2903267,-0.10183452299999998,-57.6529978799155,-22.380088332051777,Mendha,3,3,0.5745130036126761
4090,2.17882196,0.983026686,3.9639313,2.73912935,-1.195795274,-54.88265199970721,-30.8986674415876,Sasur Khaderi,5,5,8.128388620739438
4119,0.644867804,0.294521226,1.1932473,0.88450615,-0.35034657799999996,-54.32843380098411,-25.874028795204474,Orai,5,5,2.2818598411502347
3976,2.97565642,1.36150971,5.541052,2.95988345,-1.61414671,-54.24506334639266,-46.582644414815086,Ganga,1,1,9.606986001232395
4118,0.41760707999999996,0.195724955,0.79252476,0.52102955,-0.22188212499999996,-53.131791970576735,-34.25700037434793,Sengur,4,4,1.1615634708802818
3975,1.05148076,0.50754894,1.9817264,1.13399195,-0.5439318200000001,-51.730078256496114,-42.77757262556527,Sai,3,3,3.2947167283450707
4813,0.22166059400000002,0.10704028800000001,0.5477306,0.348599775,-0.114620306,-51.70982533774136,-36.35561442066592,Mahakali,2,2,0.7454358924964788
3482,4.2915333,2.08908315,8.103069,4.9004245,-2.20245015,-51.32082162801813,-39.52384584161878,Ganga,1,1,12.69219699988263
3806,1.3711381800000002,0.670687946,2.58432,1.6520328000000002,-0.7004502340000002,-51.08531322495885,-36.074758543833575,Ganga,1,1,4.350190401173709
3551,0.48053346399999997,0.239726815,0.89685005,0.61265355,-0.24080664899999996,-50.11235783570736,-31.688296165005507,Hindon,3,3,1.641614083157277
3533,0.885116824,0.441994433,1.9156212,1.02806615,-0.443122391,-50.06371802961006,-46.33249256168182,Yamuna,1,1,2.806747745140845
3807,4.5389486,2.26699515,8.789942,5.39121115,-2.2719534500000003,-50.054619477294814,-38.66613511215432,Pandu,5,5,13.972437437089201
3877,0.8189863820000001,0.41226263799999996,1.482242,1.001566675,-0.4067237440000001,-49.661844560438624,-32.42893704266914,Ganga,1,1,2.622684063873239
3826,13.9889876,7.17957032,26.2445,14.534483,-6.80941728,-48.676984172893256,-44.61893730114881,Sengur,4,4,37.08481261725352
3805,0.679133096,0.34873987,1.3042166,0.839066775,-0.33039322600000004,-48.64926005608774,-35.66507472761809,Kali,3,3,2.2761005834448356
3502,3.2325748,1.66534101,5.8497863,3.5598897000000003,-1.5672337900000002,-48.48252204403747,-39.144961586032636,Karwan,4,4,9.181896192957746
4795,0.685965806,0.353505803,1.3403065,0.96686443,-0.332460003,-48.46597309837336,-27.862438181117533,Mahakali,2,2,5.963142402230047
3894,0.876172752,0.45155582,1.8600775,1.0941587,-0.424616932,-48.46269540233317,-41.17671441109309,Mandal,5,5,5.947776428368544
4801,1.64178778,0.846543363,3.6429415,2.5943616499999997,-0.795244417,-48.437710810589664,-28.78387835764039,Darma Yankti,4,4,10.966248303098592
3308,0.4618472720000001,0.23823539200000002,1.3881491,1.0971441999999998,-0.22361188000000007,-48.41684547180784,-20.96351897645578,Rupin,4,4,3.487688051279343
4224,0.11699023,0.060958513000000006,0.50007933,0.268955425,-0.056031716999999995,-47.89435579364191,-46.217448139678154,Jadhang,5,5,1.4385270602147886
3484,13.216727800000001,6.9086769,24.756992,13.983648500000001,-6.308050900000001,-47.727781001890655,-43.51636701259991,Sengur,4,4,35.0029101269953
3987,2.05159554,1.07518195,3.7657557,2.38572805,-0.9764135900000002,-47.59288909352962,-36.64676521634157,Sai,3,3,6.746883204225353
4138,0.639349008,0.335920196,1.1681737,0.8310481000000001,-0.30342881200000005,-47.4590260097815,-28.859201332815488,Dhasan,3,3,2.269470649565728
4414,3.95465832,2.10513372,7.608444,4.684544000000001,-1.8495246,-46.76825278801836,-38.429671033919675,Rapti,2,2,15.033352271361501
3995,0.921421018,0.49260732,1.652969,1.19471435,-0.42881369799999997,-46.53830221181258,-27.723124269118177,Ganga,1,1,3.141702558908451
4430,4.167057,2.2521378999999997,8.1502285,5.4697294,-1.9149191,-45.95375345237658,-32.8886374167301,Gandak,2,2,17.04631292124413
3548,2.7780138,1.5027336800000002,5.067822,3.55022585,-1.27528012,-45.90618376337799,-29.945727178263166,Kali,3,3,10.07387315753521
4415,5.38447994,2.9190368,10.195003,6.50141925,-2.46544314,-45.78795292159636,-36.22935422382907,Rapti,2,2,19.97850284706573
3539,7.53134156,4.1089574,13.85276,9.044046999999999,-3.42238416,-45.441892825267104,-34.71303191566158,Karwan,4,4,20.997551384624412
3824,2.3487253200000002,1.2879292000000002,4.9654727,2.6452652,-1.06079612,-45.16475855933634,-46.726820187733594,Yamuna,1,1,7.632671202159624
4789,1.1725032800000001,0.643040586,2.4080298,1.7489048,-0.5294626940000001,-45.15660664079337,-27.37196192505591,Surna,5,5,9.60581579165493
3817,0.5853015,0.321047864,1.1340495,0.69430165,-0.264253636,-45.148292973792145,-38.7767773805288,Ganga,1,1,1.8865029337206574
3503,4.616899,2.53691251,8.485384,5.249533,-2.07998649,-45.051591771879785,-38.13440853118728,Karwan,4,4,12.940078862323944
4788,0.557491588,0.306818788,1.178958,0.828777165,-0.2506728,-44.964409400200665,-29.702570829495194,Surna,5,5,4.402420087253521
3538,7.01044276,3.85848195,12.926776,8.337092,-3.1519608100000003,-44.96093781671502,-35.50524894993152,Karwan,4,4,19.640725876995308
3545,1.69689316,0.941107925,3.1013894,2.24642865,-0.7557852349999999,-44.53935302562007,-27.567023670100895,Kali,3,3,6.258123206384976
7678,1.040335,0.577581219,2.1376414,1.7513554,-0.462753781,-44.481227777590874,-18.07066423769675,Mendha,3,3,3.3599517678286386
7669,0.6259588000000001,0.347757045,1.4025182,1.1747133,-0.27820175500000016,-44.44409999507956,-16.242562841608756,Mendha,3,3,2.4886309056924887
7668,0.454876822,0.255146293,1.0624424,0.8560808799999999,-0.199730529,-43.90870656408165,-19.42331367799327,Mendha,3,3,1.8329966292370894
3537,2.07326084,1.16616519,3.7968516,2.6074383,-0.90709565,-43.75212382827816,-31.326304667793703,Karwan,4,4,5.906119957089201
4787,0.48992754,0.27651562799999996,1.0165219,0.74668488,-0.21341191200000004,-43.55989295886491,-26.545126081395793,Surna,5,5,4.001336335481221
3426,0.202001268,0.114330204,0.43838677,0.35079524,-0.087671064,-43.40124439218867,-19.98042276686406,Sohadra,5,5,1.14055148460446
3905,1.5474109200000001,0.876480374,2.8503501,1.77029695,-0.6709305460000001,-43.358266206367475,-37.89194702784054,Ganga,1,1,4.687925165880282
4428,2.5332993200000002,1.4368916600000001,4.829688,3.0851915,-1.0964076600000001,-43.27983082551808,-36.12027319363072,Rapti,2,2,9.778285887734741
4802,1.9459926600000002,1.11013583,4.2957425,3.39548565,-0.8358568300000002,-42.9527226479878,-20.956955636889322,Lassar Yankti,4,4,13.837478715798124
3371,4.0364388799999995,2.31850968,7.426666,5.166192000000001,-1.7179291999999995,-42.56051561964936,-30.4372648507419,Sengur,4,4,11.229022531807512
3497,0.30444654400000004,0.174875484,0.6669394,0.39046486,-0.12957106000000004,-42.55954372075251,-41.454222077747986,Yamuna,1,1,0.9551290849882629
3419,0.21172062,0.12186295450000001,0.4533911,0.37808046,-0.08985766549999999,-42.44162212447705,-16.610524555951798,Mashi,4,4,1.148460927910798
7670,2.4893554,1.43374891,5.113,4.455959099999999,-1.05560649,-42.40481250688431,-12.850398982984569,Mendha,3,3,8.254905293920187
3305,0.37346487,0.215225617,0.77151656,0.43814991,-0.158239253,-42.37058575281793,-43.209266953388536,Yamuna,1,1,1.211527486021127
3981,1.45765794,0.84396516,2.6723163,1.7898409,-0.61369278,-42.10128886616568,-33.022864845751975,Sai,3,3,4.759915889565728
7681,0.283783,0.16546518,0.6703454,0.5404580299999999,-0.11831782000000002,-41.6930612475025,-19.3761857693064,Mendha,3,3,1.1264363730985916
3820,12.0070104,7.02484241,21.711164,14.4780825,-4.982167990000001,-41.49382589024825,-33.31503322438171,Rihand,3,3,32.72971658650235
3941,0.849392472,0.49840843500000004,1.5801398,1.1255814499999999,-0.35098403699999997,-41.32177392313879,-28.766970492104566,Tamasa,3,3,3.0313805333802817
3431,0.966186634,0.569284691,1.9791366,1.7112431,-0.39690194300000003,-41.079221035881154,-13.53587721029463,Sohadra,5,5,4.964248849788732
7679,2.1353901200000003,1.26036735,4.3670993,3.7966782,-0.8750227700000002,-40.977185470915266,-13.06178451220469,Mendha,3,3,7.017628425516431
3423,0.209500472,0.124115672,0.48814327,0.36307436000000004,-0.0853848,-40.756375956995456,-25.621352927799247,Mashi,4,4,1.2807020915539906
3443,0.15576909200000003,0.0927624436,0.3716148,0.299983465,-0.06300664840000003,-40.44874858742838,-19.275694886210132,Mashi,4,4,0.6377937743791079
3310,2.06223584,1.23535515,6.373538,4.117189,-0.8268806900000001,-40.096320409211785,-35.401828623285844,Pabbar,4,4,12.922078144014083
4423,5.89005324,3.53002802,11.538318,8.1560935,-2.3600252200000003,-40.06797772170902,-29.31297698676704,Ghaghi,5,5,23.49635492300469
4803,4.5069824,2.71753832,9.497001,7.69180285,-1.78944408,-39.703817791700274,-19.00808634220423,Darma Yankti,4,4,29.33640620516432
3380,8.330308,5.03079925,15.441137,10.11221475,-3.29950875,-39.60848446419988,-34.51120374101985,Sengur,4,4,22.80271497206573
3498,0.6186562680000001,0.373829059,1.2129613,0.811460615,-0.24482720900000005,-39.57402869148657,-33.10086521309459,Karwan,4,4,1.8590441253286385
3312,5.1556226,3.1173304699999997,15.904254,11.6017215,-2.0382921300000003,-39.53532459881762,-27.052714952867323,Tons,2,2,34.265965703521125
3946,2.59183716,1.57022129,4.7083955,3.2533250000000002,-1.0216158699999998,-39.416668831154496,-30.903744173572502,Gomti,2,2,8.573238417265259
3279,0.609902254,0.36961285800000004,1.3744082,0.75611875,-0.24028939599999993,-39.398017374764436,-44.985867371862305,Yamuna,1,1,2.051489032840376
3815,1.06243234,0.644805285,2.0449982,1.2914333,-0.41762705499999997,-39.30857893501246,-36.84917179878203,Ganga,1,1,3.7096562994248825
3428,0.575945188,0.351124716,1.1661936,1.05928465,-0.22482047200000005,-39.03504650862714,-9.167341511735273,Sohadra,5,5,2.894142913028169
3751,0.9845708400000001,0.600677503,1.9444976,2.0510094,-0.38389333700000006,-38.99093101315087,5.477599972352746,Berach,4,4,5.923720584330986
3749,0.276578932,0.16892172,0.5553963,0.60017703,-0.107657212,-38.92458880418267,8.062842694486811,Gadela,5,5,1.654685452185446
4092,4.1682572,2.55212017,7.4814534,5.84850985,-1.6161370300000004,-38.772488175633704,-21.82655511828758,Sasur Khaderi,5,5,16.065838614201876
3945,2.18047876,1.3373602100000002,4.170786,2.9556598000000003,-0.84311855,-38.66667107548435,-29.134225539262847,Tamasa,3,3,7.925288352030516
3444,0.4627731,0.28384858300000004,1.0785075,0.924998365,-0.17892451699999995,-38.663551749226556,-14.233478673073666,Mashi,4,4,1.9520249036150235
3750,0.56500298,0.347509064,1.1085707,1.15653085,-0.21749391600000006,-38.49429537522086,4.3263050340406775,Ahar,5,5,3.4343954939788732
4718,2.14859478,1.3235335799999999,4.5265417,3.2670957,-0.8250611999999999,-38.40003744214626,-27.82358107956898,Kuthi Yankti,4,4,12.66629963975352
3317,6.3750497799999994,3.9316064400000004,19.32827,13.781842000000001,-2.443443339999999,-38.328223689572496,-28.695936056356825,Tons,2,2,42.14621310340375
3483,6.1279865000000004,3.78297888,11.271875,7.27712225,-2.3450076200000005,-38.26717992932916,-35.44000221790962,Rihand,3,3,16.957603782629107
4238,5.80766014,3.594071,13.680526,9.722279,-2.2135891400000003,-38.11499100565482,-28.93344159427788,Alaknanda,3,3,24.62153532875587
4222,0.8607664,0.5328274100000001,2.0891414,1.6049912499999999,-0.32793898999999993,-38.09848874212561,-23.174599383268173,Madhmaheshwar Ganga,4,4,5.302552397723005
3422,1.83901224,1.14077034,4.076535,3.2775507,-0.6982419,-37.968311728039396,-19.599593772652508,Mashi,4,4,7.782115687288732
3381,8.8494976,5.500062,16.618284,12.7029235,-3.3494355999999996,-37.84887856232652,-23.56055835849236,Pahuj,4,4,34.64177576737089
3303,0.446275832,0.277660589,0.9662595,0.6281412550000001,-0.16861524299999997,-37.78274128006107,-34.99248856026771,Yamuna,1,1,1.5826444804577466
3420,0.8655137500000001,0.5413759,1.9173993,1.62510935,-0.32413785000000006,-37.45034091023973,-15.244083483289058,Mashi,4,4,3.4632936971478876
4111,0.891867896,0.5608753200000001,1.6958817,1.4134471,-0.330992576,-37.112287311214075,-16.654145156469344,Parwar,5,5,3.2268420561737092
3992,0.71543223,0.450756455,1.299192,0.9402385,-0.264675775,-36.995226647812615,-27.628980166134028,Sai,3,3,2.4967856505399064
3311,2.40480772,1.51945162,7.0377045,5.4939435,-0.8853561000000001,-36.81608690111823,-21.935575726431818,Tons,2,2,16.959023804342724
3418,0.255459168,0.161558838,0.5386526,0.44339798500000005,-0.09390033,-36.757471158756765,-17.68386804407887,Mashi,4,4,0.9883327814765258
3944,1.98333972,1.26230277,3.6470337,2.4700151,-0.72103695,-36.354687133478066,-32.27331296664465,Tamasa,3,3,6.0286803031572775
3421,1.46843664,0.934805225,3.1719215,2.6466291,-0.533631415,-36.34010487507312,-16.560699878606698,Mashi,4,4,5.862383619706573
4137,1.0543810400000002,0.67183804,1.9514685,1.5541902,-0.3825430000000002,-36.28128593814624,-20.357915077799102,Lakheri,5,5,4.564843237769953
4807,18.8451038,12.035241300000001,44.104614,33.110513499999996,-6.8098624999999995,-36.135977664394716,-24.927325063994445,Mahakali,2,2,117.78024950340375
3379,7.07892186,4.52209568,13.047594,9.139838000000001,-2.5568261800000007,-36.11886429270461,-29.950012239804515,Sengur,4,4,19.76918098931925
4035,1.29950094,0.83142927,2.3198392,2.1917185,-0.46807166999999994,-36.01934062471705,-5.52282675454403,Ganga,1,1,5.492465128978873
4805,9.1741504,5.872210040000001,18.363918,14.623519,-3.3019403599999997,-35.991783609738945,-20.368197026364427,Sharda,2,2,49.16598636913146
3433,5.64757768,3.61923926,12.502263,10.5626795,-2.0283384200000003,-35.915192936310355,-15.513859370899489,Mashi,4,4,25.610210358920188
3281,1.14862794,0.73788455,2.6405907,1.46803445,-0.41074338999999993,-35.75948100304786,-44.405073834426524,Yamuna,1,1,4.020057607805165
3450,1.06676726,0.686172685,2.2309172,2.10021985,-0.38059457500000005,-35.67737680663353,-5.858458126549911,Mendha,3,3,3.6487851707863848
3445,0.342800496,0.221331814,0.7616954,0.65302664,-0.12146868200000002,-35.4342200251659,-14.266695059468656,Mashi,4,4,1.351788822875587
3375,5.69302158,3.6764043899999996,10.812147,8.4712635,-2.0166171900000003,-35.42261629719662,-21.650496427767774,Pahuj,4,4,23.708332013849766
3796,1.13190268,0.731386626,2.162051,1.36418225,-0.400516054,-35.38431890628618,-36.903326979798344,Garra,4,4,3.7866598444600936
3943,1.15102506,0.744170214,2.1375732,1.4547689,-0.406854846,-35.34717532561802,-31.94296691219744,Ganga,1,1,3.581018623532864
3368,2.74541572,1.78607968,5.0882444,3.46941,-0.95933604,-34.94319760068977,-31.81518560704356,Sengur,4,4,7.864733455798122
3425,4.5897622600000005,2.99088672,10.413144,8.629991,-1.5988755400000003,-34.83569408233358,-17.124059746028674,Mashi,4,4,20.493719531338026
4804,3.50175688,2.28312765,6.684229,5.42111635,-1.21862923,-34.80050933747291,-18.89690867862247,Sharda,2,2,15.741169440023475
3424,4.416884520000001,2.88025299,9.902847,8.26383525,-1.536631530000001,-34.78994125932006,-16.5509146006194,Mashi,4,4,19.201223539201877
4657,1.9548813,1.27609374,4.04766,2.85300555,-0.67878756,-34.72269953168,-29.514693674863995,Ghaghara,1,1,13.114006370528168
3495,1.4614282600000001,0.9558083799999999,2.8894846,2.07344065,-0.5056198800000002,-34.59765312051651,-28.241851505282277,Khari,3,3,4.342592517347418
3982,3.0347802,1.99382498,5.6457524,3.8770954,-1.04095522,-34.30084392932312,-31.327215129023372,Kadhu,5,5,10.353573054929576
3814,0.6320792900000001,0.415837821,1.2385947,0.81797405,-0.21624146900000007,-34.21113022070381,-33.959506689314914,Ganga,1,1,2.3412719621948357
3986,1.7747869600000001,1.1705832600000001,3.1635811,2.29332065,-0.6042037,-34.043731085335445,-27.508713147894326,Sai,3,3,6.029420651842723
4797,1.5122750200000001,1.0003222459999999,3.0175073,1.97786875,-0.5119527740000003,-33.853152847819985,-34.45355542304736,Sharda,2,2,6.730206272617371
3543,0.993073,0.65738222,1.8522292,1.4120536000000001,-0.33569077999999997,-33.803232994956055,-23.76463992685138,Kali,3,3,3.2473635565258214
3980,1.19507304,0.791527345,2.212497,1.52282285,-0.40354569500000004,-33.767450314166574,-31.171755261137076,Kadhu,5,5,4.141441269659625
4227,0.450704964,0.298978598,1.365529,0.8460908549999999,-0.151726366,-33.66423228478131,-38.03933457290179,Jadh Ganga,4,4,3.337238610539906
3260,0.3028146,0.200968655,0.70026314,0.43091654999999995,-0.101845945,-33.633102565067865,-38.46362525949888,Yamuna,1,1,1.156249513697183
3979,17.164596799999998,11.4023736,31.959778,20.6286545,-5.7622231999999975,-33.57039648027152,-35.45432480788821,Sai,3,3,54.64927627453052
3996,4.59135736,3.05370863,8.4609,6.1836603,-1.53764873,-33.49006861012448,-26.914863666985788,Varuna,4,4,14.972192221713614
3350,0.45858786000000007,0.305183193,0.9070874,0.6825521999999999,-0.15340466700000005,-33.451532493686166,-24.753425083404316,Kunwari,4,4,1.5618187565680752
3442,0.10471140899999999,0.070239988,0.24207944,0.22028343,-0.03447142099999999,-32.92040602758004,-9.003660120826455,Mashi,4,4,0.5769486129213616
3904,0.99263128,0.66608487,1.8200358,1.2930993499999999,-0.32654640999999995,-32.897050151391554,-28.951982702757835,Rihand,3,3,2.954794269507042
3989,22.165141799999997,14.880161099999999,41.307194,27.1132035,-7.284980699999998,-32.86683552820763,-34.362030255553066,Sai,3,3,70.74459340962441
3974,0.7575765400000001,0.508777295,1.4210179,0.97954812,-0.24879924500000006,-32.84146642133348,-31.067151230114696,Sai,3,3,2.6433009718661973
4424,12.363061799999999,8.3067852,24.140808,17.827301,-4.056276599999999,-32.80964429054297,-26.15284045173634,Ghaghara,1,1,48.77833181619719
4229,1.61626332,1.08657586,4.649126,2.6883575,-0.5296874600000001,-32.77234924814108,-42.1749916005718,Jadh Ganga,4,4,10.663585850528168
3990,23.058508,15.5319167,42.71839,28.2261585,-7.5265913,-32.641276269913035,-33.92504141658896,Sai,3,3,73.59102065786385
3983,20.0791982,13.5400837,37.472538,24.437416,-6.5391145,-32.56661164886554,-34.785799670147775,Sai,3,3,63.66804083568075
3319,8.016464200000001,5.4071584999999995,24.5293,16.975866,-2.609305700000002,-32.54933390708589,-30.793516325374142,Tons,2,2,58.28451773004695
4806,8.471051200000002,5.73795227,20.971027,17.4085675,-2.7330989300000015,-32.26398785076404,-16.98752998601356,Goriganga,3,3,65.06552255058685
3993,27.7554728,18.800927,52.066547,34.34128,-8.954545799999998,-32.262270812407124,-34.043484773438124,Sai,3,3,89.26384223122066
3363,1.9468469000000002,1.3204792,3.9366634,2.88111175,-0.6263677000000001,-32.17344414704618,-26.81335798229536,Pahuj,4,4,7.230756334577465
3994,4.4377057,3.01144062,8.226443,5.7721705,-1.4262650800000003,-32.13969506810693,-29.83394524219034,Kadhu,5,5,15.15072081056338
4790,23.6952338,16.0848057,51.962025,39.166565000000006,-7.6104281,-32.117970070419815,-24.624636934376582,Sharda,2,2,134.49879584741782
4765,1.04911128,0.7129872150000001,2.0485368,1.40038515,-0.3361240649999999,-32.03893346757266,-31.6397367135411,Ghaghara,1,1,3.915603608626761
4228,2.98471668,2.02977238,7.3604946,5.1083717,-0.9549443000000002,-31.99447057735477,-30.597439742704246,Bhagirathi,3,3,14.82628099758216
3731,1.60442294,1.09806414,3.130479,3.32517725,-0.5063588000000001,-31.56018200537572,6.2194395809714775,Berach,4,4,9.374983425715962
4226,0.9656784540000001,0.661614947,2.6155825,1.5797099000000001,-0.30406350700000007,-31.487034399547664,-39.60389702867334,Mana,5,5,5.819124316302816
4041,1.5648561,1.07290939,2.8342566,2.2172769,-0.4919467100000001,-31.43718518271425,-21.768660607511684,Varuna,4,4,5.205285282417841
3353,0.53016542,0.36371255,1.1099396,0.87087998,-0.16645286999999998,-31.3964026548544,-21.538074684424263,Vaisali,4,4,2.010706395181925
3949,3.0940213,2.12710017,5.7193832,4.2836549999999995,-0.9669211300000002,-31.251275807312645,-25.10285025140474,Varuna,4,4,10.23144413157277
4796,0.732033,0.5047113,1.3835317,1.06038775,-0.22732170000000007,-31.05347709734398,-23.356454355183907,Sharda,2,2,4.601534112758216
4134,2.4491957600000003,1.69766579,4.5333257,3.7588785,-0.7515299700000002,-30.684765271682497,-17.083422883116473,Lakheri,5,5,10.794413422969484
3359,0.8361382940000001,0.58029676,1.5900009,1.2483643,-0.2558415340000001,-30.597992680861484,-21.48656645414477,Gambhir,4,4,2.5327639393427233
3897,0.5573932399999999,0.387020407,1.0157104,0.832381625,-0.1703728329999999,-30.566002738031038,-18.049315533246475,Kali,3,3,1.8684483195539905
3544,1.5765908000000002,1.09515664,3.0015378,2.2590226500000004,-0.4814341600000003,-30.53640551498843,-24.737824391217046,Kali,3,3,6.199140678697183
4447,1.96173062,1.3628891500000002,4.0144844,2.71754395,-0.5988414699999998,-30.52618253978213,-32.306526088381354,Rohini,3,3,8.478071887265259
3907,2.05337682,1.42873383,3.758485,2.6935390999999997,-0.6246429899999999,-30.420280579577202,-28.33444592701581,Rihand,3,3,6.0446694640023475
3956,33.5163914,23.4093395,62.09123,42.199885,-10.107051900000002,-30.15554920390386,-32.03567556964163,Sai,3,3,107.09921269835681
4040,1.11255684,0.7785995800000001,2.0615895,1.71444335,-0.33395726000000003,-30.017096474819212,-16.838762032887736,Ganga,1,1,3.9965299301877937
3417,0.98614614,0.69175288,2.1958992,2.0770519,-0.29439326,-29.85290395194367,-5.412238412400719,Mashi,4,4,3.986384493403756
3399,2.10540794,1.47707723,4.774262,4.2170427,-0.6283307100000002,-29.843656331988573,-11.671317996373048,Mashi,4,4,9.44429714346244
3365,1.2391061600000002,0.87211593,2.6281893,2.1127849999999997,-0.3669902300000002,-29.617335612309454,-19.61062317695305,Gambhir,4,4,5.414131986161972
3884,3.23171272,2.27584343,6.453313,4.3548408,-0.9558692899999999,-29.577792731527197,-32.51775018505999,Dhela,5,5,13.369526920657279
4658,37.7513982,26.5967036,88.03283,70.280787,-11.154694599999996,-29.54776546528016,-20.165253122045492,Ghaghara,1,1,186.67901133333334
4792,33.934569,23.9243567,76.102875,60.9149975,-10.010212300000003,-29.498569143459584,-19.95703513172137,Sharda,2,2,245.46974137089202
3384,11.8629184,8.3839843,22.099426,17.785114999999998,-3.4789341,-29.326123494198526,-19.522276279935973,Kunwari,4,4,46.7638566084507
3947,3.22842822,2.28332515,5.950346,4.2213935,-0.94510307,-29.27440245210098,-29.056335547546315,Ganga,1,1,9.8654828814554
4261,1.3228072,0.936651696,2.3858438,2.00678015,-0.386155504,-29.19212293371249,-15.888032988580392,Shyam,4,4,4.764708959154929
3997,9.6789986,6.8545145,17.623493,13.668500000000002,-2.8244841000000003,-29.181573597913324,-22.44159543173421,Varuna,4,4,31.832825244600937
4009,0.8167470560000001,0.57850321,1.5482521,1.0388908,-0.23824384600000004,-29.16984447630504,-32.89911894839349,Sai,3,3,2.8922887907511736
3991,1.22793748,0.8723400360000001,2.211665,1.7017695499999999,-0.35559744399999993,-28.958920937896604,-23.054822950130337,Sai,3,3,4.278555853309859
3900,11.302701,8.044954200000001,20.272976,15.5515545,-3.2577467999999996,-28.822728301845725,-23.2892373571596,Kali,3,3,38.70155349190141
4791,36.0812492,25.7545852,79.421265,64.165413,-10.326664000000001,-28.620583347208502,-19.208774879120856,Sharda,2,2,258.42192138732395
3385,11.4905404,8.225206700000001,22.34441,18.605982,-3.2653336999999993,-28.417581648292185,-16.730931808000296,Gambhir,4,4,37.44848891408451
3550,8.2359754,5.90196815,15.318981,11.70833,-2.334007249999999,-28.339172188396766,-23.56978574488734,Kali,3,3,30.06531688309859
3263,17.913118400000002,12.86757925,37.025665,27.613777,-5.0455391500000015,-28.166726961398307,-25.419902654010397,Yamuna,1,1,54.55474567359155
4732,1.53308268,1.1075648,2.9887328,2.1935694999999997,-0.4255178799999999,-27.755703299707225,-26.605365993239687,Rapti,2,2,7.006038080938968
4798,39.8050556,28.889119,85.91552,69.748547,-10.915936600000002,-27.423492909277584,-18.817290519803638,Mahakali,2,2,284.8581986725352
4464,1.4952273600000001,1.0861969,2.8238947,2.1205144999999996,-0.4090304600000001,-27.355736722206586,-24.90815964207165,Ghaghara,1,1,5.575542769049296
3324,13.5647878,9.8657111,39.3065,26.9942075,-3.699076699999999,-27.269698240321894,-31.323807767163185,Yamuna,1,1,107.22823991126761
4422,5.641066,4.10684327,10.766301,8.506441500000001,-1.5342227300000006,-27.197390174126674,-20.9901200050045,Ghaghi,5,5,22.62238031584507
3896,0.779178524,0.56785912,1.6434201,1.1245655,-0.21131940399999993,-27.12079420710522,-31.57163527451075,Palain,5,5,4.869444832558685
3394,0.28992557,0.211582386,0.85876656,0.88005935,-0.07834318400000001,-27.02182632597739,2.479461938993067,Supin,4,4,2.3651299806103285
4223,0.331031968,0.241630703,0.82535446,0.5650183550000001,-0.08940126500000001,-27.00683729735734,-31.542339396821085,Jadh Ganga,4,4,1.8276515580798123
4436,1.1636431600000001,0.84953302,2.161795,1.6872094,-0.31411014000000015,-26.99368249627318,-21.95331194678497,Ghaghara,1,1,4.041141517241784
3988,4.4588102,3.25538007,8.246075,6.0823495,-1.20343013,-26.98993848179499,-26.239459379159168,Sai,3,3,15.19771105011737
4793,37.7561382,27.6047663,82.07698,66.807035,-10.151371900000001,-26.88667958101711,-18.604418681096703,Mahakali,2,2,272.32169711913144
3809,22.546456799999998,16.4921063,41.75714,30.4001425,-6.054350499999998,-26.852780255920294,-27.197737919790484,Kali,3,3,72.31492584859156
4443,1.2167286800000001,0.890301824,2.549022,1.8997416999999999,-0.3264268560000001,-26.82823717116622,-25.471741711134705,Rohini,3,3,6.088038133521127
3448,0.310318934,0.227838361,0.6188994,0.6331903999999999,-0.082480573,-26.579291162427104,2.3090990232014996,Mendha,3,3,1.0444443911161971
3382,7.1997250799999994,5.29461224,14.906227,12.34017,-1.9051128399999993,-26.46091092133756,-17.214664716966936,Gambhir,4,4,24.990867941666668
4233,3.12183424,2.3015202400000003,7.4281583,5.2164342999999995,-0.8203139999999998,-26.27666739922744,-29.774863575537967,Dhauli Ganga,4,4,15.714875376760563
4938,1.2549699,0.925374805,2.625405,2.04409025,-0.32959509500000006,-26.263187268475523,-22.141907629489552,Kamala,3,3,5.077046082511737
3406,0.73559716,0.5425946,1.5145675,1.25429835,-0.19300255999999993,-26.237534685424823,-17.184387622208984,Dhil,5,5,4.528355328333333
4786,76.28003600000001,56.3113442,154.01666,133.100035,-19.96869180000001,-26.178136308168504,-13.580754835223678,Suheli,4,4,370.513973516432
4258,2.38747528,1.7636263600000002,4.2101817,3.7251117000000002,-0.6238489199999997,-26.130068245146386,-11.521355479740922,Ken,2,2,10.118433937605635
4231,2.51825468,1.86099018,6.8290863,4.3398936,-0.6572645000000001,-26.100001132530416,-36.44986445697721,Jadh Ganga,4,4,14.579977696948356
3847,41.6715314,30.8072602,89.928604,73.5560175,-10.864271199999997,-26.071206972729584,-18.20620555835606,Sharda,2,2,293.203038471831
3358,0.715511742,0.529910752,1.4484365,1.2192946500000001,-0.18560098999999997,-25.939614838633908,-15.819944471159058,Parbati,3,3,2.8093668712676054
4725,1.76897198,1.31037447,3.4161613,2.5732206,-0.45859751000000015,-25.924520862111116,-24.67508486791886,Ghaghara,1,1,6.91826083064554
3808,20.9744388,15.538026400000001,39.0024,28.906594,-5.4364124,-25.9192269783161,-25.88508912272066,Kali,3,3,68.05764480751174
4659,59.298258000000004,44.040589,133.05751,111.32811000000001,-15.257669000000007,-25.730383175843052,-16.330833186341753,Ghaghara,1,1,313.08238200469486
4619,1.1120174,0.825913336,1.9391571,1.94634975,-0.286104064,-25.7283801494473,0.37091631204093317,Rihand,3,3,5.392354669835681
4720,4.3830443,3.25562867,8.289327,6.691082,-1.1274156299999998,-25.722204769867368,-19.280757050602542,Manorama,4,4,17.002670001877934
3864,0.691716066,0.51475224,1.3197359,0.91129108,-0.17696382600000005,-25.583304291793052,-30.948981534866178,Ramganga,2,2,2.4517594124178403
4930,1.78700396,1.3306344700000001,3.7484179,2.91223595,-0.45636948999999993,-25.53824726834964,-22.30759675968894,Jamuni,5,5,7.470053865363849
3895,5.233513240000001,3.89840985,11.950327,8.2605975,-1.3351033900000004,-25.510652763725506,-30.875552610401375,Ramganga,2,2,42.00411342758216
4719,0.847909748,0.6327298530000001,1.6187677,1.1738754,-0.2151798949999999,-25.37768854616351,-27.48339369509288,Ghaghara,1,1,3.4358236440258216
4763,0.934001048,0.698043723,1.830823,1.34592125,-0.235957325,-25.26306854850553,-26.48545217096356,Sarju,3,3,3.901484470762911
3376,4.74924824,3.55061037,8.447015,7.00192615,-1.1986378700000002,-25.238475847705956,-17.107686561465798,Kunwari,4,4,20.596019183333333
4429,4.3425902,3.2492030400000003,8.542011,6.4949328,-1.0933871599999998,-25.178225658962706,-23.964827486173927,Bansi,5,5,19.076305906807512
4800,1.8315058800000001,1.3706610600000002,3.790326,2.5986701500000002,-0.46084481999999993,-25.16207155174407,-31.43940257381554,Mohana,4,4,8.147256315669013
3855,1.0279521600000001,0.771090367,2.168729,1.5927098000000002,-0.2568617930000001,-24.987718591884672,-26.560220294928495,Dabka,5,5,6.560543826842722
3459,2.7237122200000004,2.0488812299999997,5.309844,4.5966984,-0.6748309900000007,-24.77614870781028,-13.430631860371037,Pahuj,4,4,13.236171317723006
3889,0.49032332000000006,0.369211982,1.2262217,0.8468554500000001,-0.12111133800000007,-24.700301425598123,-30.937818993090723,Bino,5,5,4.343028480269953
3492,5.64353936,4.2668618,12.109561,10.114112500000001,-1.37667756,-24.39386831883458,-16.47828934508855,Gambhir,4,4,20.56886204037559
3978,11.005384600000001,8.321846950000001,20.845001,14.94824525,-2.68353765,-24.38386069669932,-28.28858463475248,Sai,3,3,37.62860100539906
4716,23.2513562,17.6037027,43.29222,33.485217,-5.6476535000000005,-24.289565956587087,-22.65303788994882,Tamasa,3,3,78.62436739612676
4162,0.8724048600000001,0.661236522,1.5500028,1.2266837499999999,-0.211168338,-24.205314262004453,-20.859255867150697,Jamni,4,4,4.701262510410798
4799,1.2646686800000002,0.9593348319999999,2.632736,1.80496265,-0.3053338480000003,-24.14338655085538,-31.441563073547822,Mohana,4,4,5.653549542394367
3752,0.29598678,0.225018524,0.6057941,0.6758582,-0.07096825600000001,-23.976833019366612,11.565662326523148,Berach,4,4,1.7553999285093895
4217,1.9706143999999999,1.49836553,4.9830675,3.32663525,-0.4722488699999998,-23.964549837857668,-33.24121637926839,Purvi Nayar,4,4,15.535400159870893
3316,0.9425715600000001,0.71688427,2.715656,1.8095317,-0.2256872900000001,-23.943783111809577,-33.36668193615097,Shallu,5,5,7.118451696514084
3882,8.6436094,6.5755259399999995,18.387747,13.256282500000001,-2.0680834600000013,-23.92615589501304,-27.906977945693946,Ramganga,2,2,58.11465458333334
3531,0.728206272,0.55446492,1.5572033,1.33332845,-0.17374135199999996,-23.858810158668884,-14.376725890575756,Barah,4,4,2.568377068133803
4437,1.43940844,1.0961647,2.7277462,2.11536145,-0.3432437399999999,-23.846166971203804,-22.450209993876992,Tamasa,3,3,4.605432568462441
4089,1.03258886,0.787043009,1.888439,1.9350727,-0.24554585099999993,-23.779633938719805,2.4694311015606067,Yamuna,1,1,4.50775580758216
4210,2.55067704,1.94554141,6.7668095,5.8984816,-0.6051356300000001,-23.724510022640896,-12.832161153642641,Mandakini,3,3,18.76775171237089
3955,16.693746400000002,12.748702600000001,31.657887,24.7090855,-3.9450438000000005,-23.631866122034776,-21.949669287782847,Tamasa,3,3,59.89324267300469
4136,0.85859712,0.655751294,1.6706877,1.4240895999999998,-0.202845826,-23.625262800788338,-14.760275065172273,Lakheri,5,5,4.301285174823944
3742,0.435557006,0.332991247,0.79361534,0.688019175,-0.10256575900000003,-23.548182577047108,-13.305711177407433,Sukni,5,5,2.2154130844014084
4808,3.19754748,2.45036209,7.7223597,7.3948515,-0.7471853899999998,-23.367452545223813,-4.241037878616305,Ramganga,2,2,40.79585508011738
3410,0.331756888,0.2542696,0.675928,0.5887275949999999,-0.07748728800000004,-23.356647835447514,-12.900842249470365,Morel,4,4,2.0968169946596245
3832,6.67197648,5.1138003,12.8503065,9.719734500000001,-1.5581761799999994,-23.354041859572014,-24.361846933378583,East Bahgul,5,5,25.74605923802817
3389,34.329846,26.3158159,68.18704,56.2436065,-8.014030100000003,-23.344206379486824,-17.51569433135681,Yamuna,1,1,106.4565149084507
4563,24.997293,19.1894751,46.525185,36.2198765,-5.8078179,-23.233787354494744,-22.14995706089079,Tamasa,3,3,83.928558657277
3867,1.4099084800000001,1.0850935,2.8597877,2.0419234,-0.3248149800000002,-23.03801875140152,-28.59877675535146,Bahalla,5,5,5.920942002394367
4564,29.8590434,23.0019858,56.21227,42.822595,-6.857057600000001,-22.964759815446737,-23.819843959334854,Ganga,1,1,98.75905602347417
3843,0.77854648,0.600518052,1.5205349,1.123291,-0.17802842800000007,-22.866769367449976,-26.125273415296153,Khaimua,5,5,3.203613933286385
4715,18.8714472,14.561580600000001,35.736332,28.1526415,-4.309866599999998,-22.83802908342927,-21.22123361737292,Tamasa,3,3,66.49549422288733
3954,14.0485972,10.841350799999999,26.005318,21.017394,-3.2072464000000007,-22.82965590329546,-19.18039994742614,Tamasa,3,3,50.670244457746485
3873,19.301421400000002,14.91670175,40.506176,29.83257,-4.384719650000003,-22.717081603119667,-26.350564417633503,Ramganga,2,2,104.9670819730047
3391,155.080066,120.03067399999999,296.08356,241.850665,-35.049392,-22.60083639634252,-18.316753216558187,Yamuna,1,1,518.8073678075118
4208,0.8748906599999999,0.67724358,2.3060455,2.1349362,-0.19764707999999998,-22.591060693229938,-7.420031391401443,Mandakini,3,3,6.998250814119718
3865,5.97146914,4.62868761,11.2095175,8.417156250000001,-1.34278153,-22.486619264350747,-24.910628401267036,Ramganga,2,2,21.84064980821596
3349,2.71920526,2.10840568,4.992605,4.115803,-0.6107995799999997,-22.462430070468447,-17.562014219029955,Kunwari,4,4,13.247409888497652
3383,9.0267669,6.999187480000001,16.435999,13.7790865,-2.0275794199999995,-22.46185641505819,-16.16520237072294,Kunwari,4,4,38.28113517546949
4929,1.46657766,1.13726333,3.0819085,2.3866271,-0.3293143300000001,-22.454612461504432,-22.56009222856551,Jamuni,5,5,6.449381644330986
4940,1.78474984,1.38563874,3.7109985,2.91735525,-0.39911109999999983,-22.36229924525444,-21.38624550777911,Kamala,3,3,7.141783414295775
3936,5.03627714,3.91976728,9.269481,7.374693649999999,-1.1165098600000003,-22.169349083914796,-20.44113742721951,Ganga,1,1,16.769727086384975
3357,0.6953161120000001,0.54317194,1.2460753,1.0511677,-0.15214417200000008,-21.881295338083586,-15.641719244414851,Kunwari,4,4,3.473478877652582
4776,90.234796,70.5112624,176.3634,157.79354999999998,-19.723533599999996,-21.858013177089685,-10.52931050319966,Ghaghara,1,1,422.1509498873239
3323,13.7721324,10.7695958,33.42527,24.665788499999998,-3.002536600000001,-21.801537429309064,-26.206165275553495,Bhagirathi,3,3,74.53743137523475
3372,4.0527178,3.17040083,7.5526295,6.3461881,-0.8823169699999998,-21.770994516321856,-15.973792968395975,Asan,4,4,17.15321900680751
3366,1.7442974800000002,1.3654906800000002,3.1467056,2.6704842500000003,-0.3788068,-21.716869074419574,-15.133965821270342,Asan,4,4,8.335319395516432
3836,1.0405157999999999,0.815052094,1.9593761,1.56845585,-0.22546370599999987,-21.668455779335584,-19.951261526564497,Garra,4,4,3.9643636670187794
4005,3.3033816400000005,2.5883303800000004,6.494772,4.9814165,-0.7150512600000001,-21.64603845167584,-23.30113358867717,Tamasa,3,3,12.754661771126761
4779,1.82006482,1.4266918800000001,3.7756524,2.94153635,-0.3933729399999999,-21.613128042329826,-22.09197144313391,Mohana,4,4,9.338894088732394
3322,3.3535358399999997,2.63204962,8.45953,6.3896403500000005,-0.7214862199999996,-21.51419440324215,-24.468140073975743,Yamuna,1,1,32.36593197159624
3802,1.78268056,1.40008715,3.3767974,2.45380035,-0.3825934099999999,-21.461691936551993,-27.33350392890021,Ganga,1,1,6.130382831068076
4050,52.437104000000005,41.2620604,105.203445,90.119292,-11.175043600000002,-21.311328711059254,-14.338078947889969,Sharda,2,2,331.19407525704224
4266,1.21076224,0.953052604,2.1430063,1.95432645,-0.25770963599999996,-21.284908587833062,-8.804446818471797,Shyam,4,4,5.132708040950704
3373,2.8314667,2.22909884,6.058934,5.182891,-0.6023678600000002,-21.27405771715416,-14.458698510332018,Gambhir,4,4,11.673410516901408
3883,16.0164638,12.6122164,33.271545,24.692698,-3.404247400000001,-21.254675454640623,-25.78433613467605,Ramganga,2,2,91.00373475645539
4128,0.855999554,0.67439852,1.6234025,1.3944888500000001,-0.18160103400000005,-21.21508511907473,-14.100856072354203,Kurai,4,4,4.346647330657277
3338,0.6737173280000001,0.532278218,1.3354254,1.21791735,-0.1414391100000001,-20.993835859896436,-8.799297212708405,Karisil,5,5,4.2007352377934275
4926,2.89400982,2.2865867100000004,6.021065,4.726964499999999,-0.6074231099999996,-20.988978883285185,-21.49288373402381,Rato,5,5,13.072679229765258
4203,14.7152198,11.635499300000001,35.686504,26.3036985,-3.0797204999999988,-20.928810726972618,-26.292307870784988,Bhagirathi,3,3,80.67234610328639
3977,8.9352112,7.07205965,16.844625,12.3103485,-1.8631515499999995,-20.85179083399841,-26.91823949776264,Sai,3,3,31.17908987734742
4932,3.65701622,2.89794097,7.6127715,5.9208191,-0.75907525,-20.756682615971553,-22.22518303616495,Jamuni,5,5,15.603176911150236
3369,2.91901308,2.3151816,5.802952,4.793623,-0.6038314800000002,-20.686151909946226,-17.39337151160306,Parbati,3,3,9.930123650704225
3950,3.43177794,2.72216347,6.6590014,5.37698605,-0.70961447,-20.677750204315377,-19.252366428395703,Tamasa,3,3,13.196175838497652
3729,0.7176203680000001,0.569292326,1.3009574,1.2662841,-0.14832804200000005,-20.66943033032753,-2.6652140954038854,Berach,4,4,4.020283365387324
3741,0.6419075,0.5094338389999999,1.2666894,1.5579452,-0.13247366100000002,-20.637500107102664,22.99346627515791,Banas,3,3,3.743662926455399
4760,1.11506572,0.88612821,2.1058125,1.73365715,-0.22893751000000007,-20.531301957699863,-17.672767637194664,Ghaghara,1,1,4.507878285833334
4777,156.001456,124.1323755,295.81256,268.163925,-31.869080499999995,-20.42870708847743,-9.346673785589095,Sharda,2,2,769.4595283838029
4782,6.39323496,5.08805839,13.445223,9.9052905,-1.3051765700000004,-20.41496328800655,-26.328551783782245,Mohana,4,4,28.897295370539908
4087,0.6519918100000001,0.5196880150000001,1.1957166,1.1304725,-0.132303795,-20.29224799618265,-5.456485257459829,Tons,2,2,2.852047417910798
3953,11.3776252,9.070952,21.554264,17.4809855,-2.3066732000000005,-20.27376679625552,-18.897785143579945,Tamasa,3,3,42.08962235798122
3447,0.30982622,0.247193302,0.6132022,0.66200125,-0.06263291799999998,-20.215499514534304,7.958068317432643,Mendha,3,3,1.0323191292476526
4149,0.6691119560000001,0.5340392500000001,1.1525974,0.975303535,-0.135072706,-20.186861823165504,-15.382115645931535,Dhasan,3,3,4.218450151760563
3362,1.75827134,1.40485897,3.238545,2.81675005,-0.35341237000000003,-20.099990368949538,-13.024211490036414,Sank,5,5,7.048279792805165
3479,21.4124896,17.1114353,43.386913,35.4407815,-4.3010543000000006,-20.08666147816833,-18.31458140384406,Khari,3,3,66.28577077112676
3287,20.2846992,16.2115398,57.29515,38.982485,-4.073159399999998,-20.079959578597045,-31.961981075186998,Yamuna,1,1,149.69210931924883
4766,1.01818508,0.814766774,1.9570428,1.6124290000000001,-0.2034183060000001,-19.97851962238536,-17.608904618744152,Manorama,4,4,4.3134021761384975
3378,4.01846014,3.22004226,8.809783,7.543874499999999,-0.7984178800000001,-19.868752014048845,-14.369349392601386,Gambhir,4,4,15.788565976760564
4736,11.973137399999999,9.5961164,23.73076,18.717244,-2.377020999999999,-19.852950154902587,-21.12665586774296,Sotwa,4,4,50.809221338967134
4169,0.76850888,0.615966446,1.4281132,1.28799455,-0.152542434,-19.849143968251873,-9.811452621542886,Jamni,4,4,3.9184999497535213
4942,1.34449602,1.07777964,2.7765117,2.21306955,-0.2667163800000001,-19.83764741824971,-20.29316678190118,Kamala,3,3,5.412461678028169
4721,6.60793588,5.30398393,12.691399,10.260716500000001,-1.30395195,-19.733120503584548,-19.152202999842647,Ghaghara,1,1,26.124770981220657
3496,19.7022042,15.8183046,40.116707,33.1046545,-3.8838996000000012,-19.71302073907041,-17.479132821146052,Khari,3,3,61.035332522300465
4784,8.2674638,6.6474848600000005,17.568398,13.087105000000001,-1.6199789399999993,-19.594629975882075,-25.507692847122414,Mohana,4,4,38.53631532206573
3549,4.479426999999999,3.6064521800000002,8.416672,6.66098405,-0.8729748199999992,-19.48853770805952,-20.859645593887947,Kali,3,3,17.246211063615025
4051,1.7009842400000001,1.37120792,3.0557563,2.93703995,-0.3297763200000001,-19.387382448646324,-3.885007125731857,Belan,3,3,7.250984888908451
4130,1.92801634,1.55453018,3.6673782,3.1868422,-0.3734861600000001,-19.371524620999846,-13.102984579010691,Kurai,4,4,9.833552521995305
4004,2.1483677400000003,1.73475205,4.16268,3.2882521000000002,-0.4136156900000003,-19.252555430756946,-21.006368493374453,Tamasa,3,3,8.207599196302816
4131,3.2693958000000003,2.6417377699999998,6.007249,4.94526695,-0.6276580300000005,-19.197982391731234,-17.678342449264218,Dhasan,3,3,18.961716659741782
4767,10.663745,8.622854700000001,20.547298,16.799013,-2.040890299999999,-19.138588741572487,-18.242228248210555,Manorama,4,4,43.904805255046945
3813,7.081992,5.73027247,13.245392,9.852428,-1.3517195299999996,-19.086713596965367,-25.61618410387553,Sai,3,3,24.888880846713615
3456,0.7732319200000001,0.62575921,1.4737821,1.26575555,-0.14747271000000006,-19.07224807791174,-14.11514972260825,Pahuj,4,4,3.317436269377934
4743,1.52220178,1.2323041,3.1986947,2.4860984999999998,-0.28989768000000016,-19.044628892760862,-22.277718470599904,Jamwar,5,5,7.3687302109976525
4794,8.6427874,7.01267247,21.341738,18.6458455,-1.6301149299999995,-18.86098609807294,-12.632019472828313,Sarju,3,3,103.66671742887324
3830,2.02750294,1.64556099,3.9472718,3.11199975,-0.3819419500000003,-18.8380466664083,-21.16074322523218,East Bahgul,5,5,8.655079529107981
4461,15.635447000000001,12.6934109,29.744692,24.2758855,-2.942036100000001,-18.816450210857425,-18.38582325881875,Manorama,4,4,63.488129091901406
3377,6.08726008,4.94760657,12.562624,10.252692249999999,-1.1396535100000005,-18.72194542408972,-18.387334923022454,Vaisali,4,4,22.612777107394365
4230,0.6426621920000001,0.52235584,1.455214,1.1737194,-0.12030635200000006,-18.719998390694194,-19.34386282704812,Jadh Ganga,4,4,2.901942178838028
3878,8.4430036,6.86575688,15.655779,12.708258,-1.5772467200000007,-18.681109173043588,-18.82704782687594,Ganga,1,1,30.304742157394365
4154,0.51336794,0.417489657,0.9071639,0.76147382,-0.09587828299999995,-18.676328521800556,-16.05995123924134,Dhasan,3,3,3.532660628591549
4165,3.84395678,3.127568,6.8500023,5.78041555,-0.71638878,-18.636754287336185,-15.614399866697855,Jamni,4,4,21.517949179577464
3733,3.12754776,2.54701585,5.9019065,6.19004665,-0.5805319099999999,-18.561887924614776,4.8821537582813335,Berach,4,4,17.70108264448357
3899,3.9572022000000002,3.22289322,7.406565,6.005345,-0.7343089800000002,-18.556266343933604,-18.91862152023238,Kali,3,3,13.249337973239436
3361,1.13101202,0.9211793349999999,2.3739724,1.9239474,-0.20983268500000007,-18.55264853860705,-18.95662308458177,Jhilmil,5,5,4.307903014694836
3364,1.32538302,1.07998233,2.792006,2.3531504500000002,-0.2454006900000001,-18.515454498579594,-15.718288212847678,Parbati,3,3,5.025083359237089
4234,1.7353004,1.41418931,5.91766,4.2603407,-0.32111109000000004,-18.50463988828678,-28.006328514987334,Girthi Ganga,4,4,16.566640083626762
3831,2.23516102,1.82195386,4.3750186,3.5433056499999998,-0.41320716,-18.486684238972636,-19.010500892499063,Afsarha,5,5,9.608972902793427
4603,1.1431088,0.9329423400000001,2.190676,1.7372823,-0.21016645999999994,-18.385516759209615,-20.696520160900103,Banki,5,5,4.709963963180751
3505,93.16809119999999,76.079413,183.79053,152.48049,-17.08867819999999,-18.341771286605464,-17.03571995793254,Yamuna,1,1,372.4566484131455
3480,106.46569,86.9829526,211.1195,169.76075500000002,-19.48273739999999,-18.299545515555284,-19.590206020760743,Yamuna,1,1,404.7575374483568
4759,8.504823,6.954200800000001,16.683039,13.580025,-1.5506221999999994,-18.2322689137681,-18.599812660031553,Sotwa,4,4,35.81587645492958
4032,175.065976,143.155284,328.48608,300.770075,-31.91069200000001,-18.227809154646938,-8.437497564584774,Ghaghara,1,1,867.0911922112675
3911,1.54590286,1.26423421,2.8510895,2.51947595,-0.2816686500000001,-18.22033306801697,-11.631116806399804,Ganga,1,1,5.691639754647888
4433,3.95732794,3.23691322,7.7653327,6.84143985,-0.72041472,-18.204574675709082,-11.897659581282326,Gandak,2,2,19.91161341443662
4781,2.41378762,1.9753615000000002,5.0192394,3.89741525,-0.4384261199999997,-18.163409090647324,-22.350481031050247,Mohana,4,4,10.27495405
3960,0.810986254,0.663884165,1.5007671,1.1644996,-0.147102089,-18.13866613329799,-22.406374713304945,Ganga,1,1,2.5402057462089203
4339,3.13826756,2.5710534800000002,5.6454206,5.9714965,-0.5672140799999998,-18.074114751388496,5.775936340332201,Son,2,2,16.45336201068075
3288,23.776448400000003,19.485072400000004,61.926876,44.953477500000005,-4.291376,-18.048852073297876,-27.40877563402358,Yamuna,1,1,170.09387141607982
4211,3.1649048,2.5958082300000003,8.424697,7.41830985,-0.5690965699999997,-17.981475145792686,-11.94567769024809,Mandakini,3,3,23.26083234366197
5154,6.2908800000000005,5.1603162000000005,12.156157,9.906993499999999,-1.1305638,-17.97147298947047,-18.502257744779058,Phalgu,3,3,21.174564573122066
4255,1.5576369,1.2778565100000001,2.9700427,2.8811997500000004,-0.27978039,-17.961849131848375,-2.991302111582424,Paisuni,4,4,6.909338333098592
4809,1.7112086800000001,1.40653644,4.1866927,4.1402905,-0.30467224000000015,-17.804505292715096,-1.1083259108078356,Sarju,3,3,20.822864221737092
5152,1.79152836,1.47279423,3.420297,2.8375537,-0.31873412999999995,-17.79118528718127,-17.037798179514823,Mohana,4,4,6.16559054455399
4778,56.3592804,46.3484992,113.41608,95.321403,-10.010781200000004,-17.762436157719293,-15.954242996231214,Sharda,2,2,347.2942484730047
3952,7.3789621,6.068706550000001,14.345984,11.553922,-1.310255549999999,-17.75663748157751,-19.46232478720177,Tamasa,3,3,27.981650245539907
4257,0.786852812,0.647354376,1.4503633,1.42566975,-0.139498436,-17.728656982927575,-1.7025768647069368,Ken,2,2,3.3862478325586856
3494,12.0842454,9.9453061,25.779713,20.571946500000003,-2.1389393000000005,-17.700230582871153,-20.20102589970648,Khari,3,3,37.73336680328639
4205,19.1034404,15.726418,45.280426,34.9922685,-3.3770223999999995,-17.677561367427824,-22.72098213033596,Bhagirathi,3,3,108.6427711379108
4244,2.6369773999999997,2.1708735800000003,6.8072634,6.27999315,-0.4661038199999994,-17.675685047585144,-7.745700717266206,Pindar,3,3,20.954699003908452
3535,91.34731,75.2691345,181.53322,150.23166500000002,-16.078175499999986,-17.601148298729306,-17.242879843149357,Yamuna,1,1,368.60150542136154
3409,0.622150876,0.512671114,1.3136619,1.2014517,-0.10947976199999998,-17.59697948251382,-8.541786893568279,Kareli,4,4,3.1992131403638497
3320,4.7004699599999995,3.8734539,11.54668,8.7991885,-0.8270160599999996,-17.59432710000767,-23.79464486761563,Yamuna,1,1,45.429160624647885
5153,4.2807996,3.52778495,8.238078,6.7321367,-0.7530146499999999,-17.590513931088946,-18.280250563298868,Phalgu,3,3,14.455470212323943
3902,0.62596226,0.516060785,1.1267518,0.8959636,-0.10990147500000003,-17.5572046468105,-20.482612053515254,Ganga,1,1,2.0429019383450706
3506,95.602588,78.856503,190.58397,156.960785,-16.746084999999994,-17.516351126394188,-17.64218942443061,Yamuna,1,1,378.6610072593897
4025,0.8061288400000001,0.665050094,1.527963,1.38799015,-0.14107874600000003,-17.500768983776837,-9.160748656871922,Ghaghara,1,1,3.346268769706573
4006,0.730481386,0.602799297,1.393188,1.0974146999999999,-0.127682089,-17.47917078341542,-21.229963221044123,Sai,3,3,2.6754335180516433
4166,6.5312873399999996,5.3899473,11.56302,9.8455575,-1.1413400399999993,-17.47496290677665,-14.853061743385378,Jamni,4,4,35.661107190492956
4931,1.93586224,1.5980475200000002,3.9391282,3.18000125,-0.3378147199999999,-17.450349152943854,-19.27144564627269,Kamala,3,3,7.696582658157277
3457,0.55728538,0.46009886699999997,1.3126469,1.19304415,-0.09718651300000009,-17.43927195793295,-9.111570674489847,Betwa,2,2,3.425656869589202
3874,25.4013208,20.9764528,52.028564,40.180628,-4.424868,-17.41983432609536,-22.77198348199655,Ramganga,2,2,130.17149750528168
3734,5.07921808,4.19453012,9.210911,9.279575999999999,-0.8846879600000008,-17.417798292291494,0.7454745790074327,Berach,4,4,26.993055916197186
5144,0.97048786,0.8025051160000001,1.8677311,1.56883835,-0.1679827439999999,-17.30910307316981,-16.0029861900356,Paimar,5,5,3.337388905246479
4933,10.0332588,8.2987254,20.809086,17.4724025,-1.7345334000000001,-17.287836729577833,-16.03474318862443,Kamala,3,3,44.29067507488263
5145,1.61513776,1.33830381,3.1786585,2.58186915,-0.2768339500000001,-17.13995900882164,-18.77488097573237,Tilayia,5,5,5.772961419377934
3527,3.1578869600000004,2.61747192,6.960482,5.1420392,-0.5404150400000005,-17.1131850774038,-26.125242476023924,Khari,3,3,9.807220401525822
4941,10.9438122,9.0803068,22.826828,19.193728,-1.8635053999999993,-17.02793657223028,-15.915921388639715,Kamala,3,3,56.81025150093897
3918,73.37740600000001,60.9406289,169.284,129.37787500000002,-12.436777100000008,-16.949055271863937,-23.573477115380058,Ganga,1,1,384.76812945422535
3515,8.083544400000001,6.7169884,17.210686,13.487464,-1.366556000000001,-16.905405999873036,-21.633199280958355,Khari,3,3,25.431598767605635
4338,1.41958804,1.17972263,2.5057125,2.69076355,-0.23986540999999995,-16.89683226691597,7.385166893648005,Son,2,2,7.732637091314554
4785,11.9269226,9.912837099999999,25.425625,19.7832375,-2.0140855,-16.886883293767667,-22.191735699712403,Mohana,4,4,54.10631065457747
4462,20.6095212,17.1503923,38.696815,33.420151000000004,-3.4591288999999996,-16.78413033680763,-13.635912929785041,Ghaghara,1,1,86.2018727834507
4039,1.3817656600000001,1.1500852400000001,2.5386467,2.3667618,-0.23168042,-16.76698348401566,-6.770729459912646,Ganga,1,1,5.420130295492958
3490,0.4954660800000001,0.41242784899999996,1.0783406,0.9068781349999999,-0.08303823100000013,-16.759619750357103,-15.900585121250193,Banganga,4,4,1.6512019290023474
3514,9.655217200000001,8.0400715,20.575405,16.4159,-1.6151457000000011,-16.72821715496986,-20.215908265232198,Khari,3,3,30.640002617723002
4936,7.705310020000001,6.42337224,15.900802,13.180512499999999,-1.2819377800000007,-16.637069458238365,-17.107876068137955,Kamala,3,3,43.73328893532864
4256,1.17199172,0.9770079,2.2260108,2.0750327,-0.19498382000000003,-16.636962247480728,-6.782451369957419,Yamuna,1,1,5.188992223215962
3859,37.389718,31.2252653,76.179794,61.679165,-6.164452700000002,-16.487026460055144,-19.03474430503186,Ramganga,2,2,197.23441072652582
3370,3.9581764,3.3057567000000003,8.041112,6.79200815,-0.6524196999999998,-16.482835378433354,-15.533969058010882,Vaisali,4,4,14.98000356302817
3504,10.720478,8.955502200000002,22.773155,18.39921,-1.7649757999999984,-16.46359238832446,-19.20658336537032,Khari,3,3,33.864836388615025
3489,0.360118774,0.300906608,0.80335313,0.6411091,-0.059212165999999955,-16.442399084697527,-20.195854592612342,Kakund,5,5,1.255990811830986
3407,1.4246656000000002,1.1905913799999999,3.0718932,2.6826958000000003,-0.23407422000000033,-16.43011665333958,-12.669626665406192,Kareli,4,4,7.827602944495306
3374,5.204404,4.35191567,10.772329,8.8313305,-0.8524883299999999,-16.380133632976992,-18.018373742576923,Vaisali,4,4,19.48690715798122
4453,1.35263646,1.13125429,2.625491,2.234604,-0.22138217000000004,-16.36671615372545,-14.888148540596779,Aami,5,5,6.365694897816901
4215,62.321787,52.23223,156.96146,118.643005,-10.089557,-16.1894539384758,-24.412651997503072,Ganga,1,1,336.9287536948356
4432,1.7226471399999999,1.4442842200000001,3.2493246,2.7682102000000004,-0.27836291999999974,-16.159021400052932,-14.806597038658422,Ghaghara,1,1,6.607043070692488
4547,2.23139814,1.87206147,4.2011375,3.6261932999999997,-0.35933667,-16.103655531414937,-13.685441145404074,Punpun,3,3,7.785399777523474
4235,6.88921038,5.7805140999999995,19.7817,14.263929000000001,-1.1086962800000002,-16.093227218298424,-27.893310483932115,Dhauli Ganga,4,4,42.82970759049296
3289,25.775509600000003,21.6325572,66.37163,49.491625,-4.142952400000002,-16.0732123798631,-25.432560568423586,Yamuna,1,1,182.625141092723
3932,95.052244,79.779546,173.91698,139.41707,-15.272698000000005,-16.067687996929358,-19.836999239522214,Gomti,2,2,327.11506225352116
3732,2.31610496,1.94467151,4.4862256,4.804331149999999,-0.37143345000000005,-16.0369869420771,7.090716748618246,Berach,4,4,13.359789457230047
3931,92.81728480000001,77.952234,169.51216,136.33673,-14.865050800000006,-16.015390702314537,-19.571121033440907,Gomti,2,2,319.72867764788737
4572,5.19665626,4.364517040000001,9.78399,8.245785,-0.8321392199999993,-16.012974081145003,-15.721653435868186,Gandak,2,2,18.82619123122066
4164,2.31685696,1.94627428,4.057017,3.3911562,-0.37058268000000005,-15.995060825852628,-16.4125711082798,Sajnam,5,5,12.4503927875
3530,4.90969896,4.12683727,11.304403,8.088329,-0.7828616899999998,-15.945207565231245,-28.44974652796791,Khari,3,3,15.954312822887324
3730,1.81481098,1.52579917,3.2067826,3.0458205,-0.2890118100000001,-15.925174201888511,-5.019426636529707,Berach,4,4,9.117711590575118
4241,19.6001814,16.481974299999997,56.204605,40.252617,-3.118207100000003,-15.909072657868375,-28.381994678194072,Alaknanda,3,3,104.7853403100939
4219,63.086776,53.0705825,157.48909,119.74656,-10.0161935,-15.876851116944065,-23.96517117471439,Ganga,1,1,341.07852669483566
3924,76.28938120000001,64.199732,175.28607,132.220335,-12.08964920000001,-15.847093015875727,-24.56882911460106,Ganga,1,1,396.7544121467136
4774,0.79857739,0.672090572,1.5380626,1.39597955,-0.12648681800000006,-15.83901818207,-9.23779370228493,Ghaghara,1,1,3.3072571217957747
4737,14.735026000000001,12.403037600000001,29.020107,23.769177499999998,-2.3319884,-15.826157347805156,-18.094107992089768,Sotwa,4,4,64.29965579647887
5151,1.3860958600000002,1.16702394,2.6018705,2.0807629,-0.2190719200000002,-15.804961714552713,-20.028191257020676,Harohar,3,3,4.5119621890375585
4448,12.9866244,10.9374535,27.401613,22.996234,-2.0491709,-15.779088059249638,-16.077079112094605,Rohini,3,3,65.63783862276996
3264,71.333988,60.088445300000004,143.07533,120.4026145,-11.245542700000001,-15.764634804940389,-15.846698029632368,Yamuna,1,1,306.8312842464789
4810,3.8302995600000003,3.22972222,10.048177,8.815776,-0.6005773400000001,-15.679644126842133,-12.264921288707404,Sarju,3,3,47.66917016009389
4450,5.7359554,4.8370522099999995,11.238765,9.622376,-0.8989031900000004,-15.671376907846954,-14.382265311179667,Aami,5,5,26.42534324882629
4140,2.21240436,1.8658310200000001,3.881616,3.3795179,-0.34657333999999973,-15.665008904610897,-12.935285200802966,Urmal,5,5,13.916920331760563
3355,0.43622283,0.36809483800000004,1.035732,0.87469515,-0.06812799199999997,-15.617704373702763,-15.54811959078218,Sesar,5,5,1.7123028148474178
4571,2.07601562,1.75257369,3.8977823,3.3189918499999997,-0.3234419300000002,-15.579937206830852,-14.849224647564338,Gandak,2,2,7.561803321772301
3917,64.71037,54.6294086,159.83667,120.874195,-10.0809614,-15.578587172349657,-24.376430640102797,Ganga,1,1,350.8452396232395
3309,1.01788832,0.859383295,3.0285852,3.0127573500000002,-0.15850502499999997,-15.571946537317569,-0.5226153122586736,Tons,2,2,7.930373077969483
4738,3.30049812,2.78761339,6.9271545,5.640333200000001,-0.5128847299999997,-15.539615880768922,-18.576477542113427,Jamwar,5,5,16.43451390410798
4939,9.113336799999999,7.69959157,18.724213,15.875695499999999,-1.413745229999999,-15.512926395960688,-15.21301589551454,Kamala,3,3,49.4321225076291
4265,0.821652994,0.6944836600000001,1.4932462,1.4411779,-0.12716933399999997,-15.477255596782985,-3.486919973410946,Shyam,4,4,3.1324689520305165
3888,3.55364782,3.00401636,8.7320595,6.125496,-0.5496314600000001,-15.466683471183144,-29.850500904168143,Ramganga,2,2,32.075669613732394
4163,2.0151222399999997,1.7067797,3.539555,3.0544559,-0.3083425399999997,-15.301431043706796,-13.705087221416257,Jamni,4,4,12.126727285751173
4263,4.2513544,3.6012139500000004,7.727582,7.1623375,-0.6501404499999999,-15.292548887479244,-7.314636065977694,Shyam,4,4,16.25692218192488
4221,28.3593152,24.0314819,79.10081,58.873725,-4.327833300000002,-15.260711584460267,-25.571274175321335,Alaknanda,3,3,160.10426275
4033,183.78629800000002,156.01659999999998,348.21542,315.84659,-27.769698000000034,-15.109776029114006,-9.29563372006903,Ghaghara,1,1,904.0418467441315
3405,0.656633348,0.557440236,1.4303654,1.2590436999999999,-0.09919311199999992,-15.106316531459491,-11.97747792277414,Kareli,4,4,3.7210597140962443
4213,3.64773872,3.0982139799999997,9.0668125,6.6298423500000006,-0.5495247400000003,-15.064805409089177,-26.877914923243413,Nayar,4,4,28.646044054812208
3710,0.99736254,0.84723015,1.9445786,2.4182242,-0.15013239,-15.052940528526367,24.357236061324546,Banas,3,3,5.457597120105634
3404,0.305937184,0.25993194399999997,0.6596386,0.587442915,-0.04600524,-15.037479066290944,-10.944733222100702,Kareli,4,4,1.9473897937558684
3547,2.82558362,2.40081723,5.251949,4.29509595,-0.42476639000000027,-15.032872748604065,-18.219008790831737,Kali,3,3,10.891063062558684
4934,15.9326118,13.5397821,32.869503,27.025613999999997,-2.3928297,-15.01843972624752,-17.779061034175065,Kamala,3,3,69.94567256232394
3390,54.8912636,46.6516508,102.29719,88.102835,-8.239612800000003,-15.010790897515436,-13.875605967280237,Sindh,3,3,236.15168220657276
4220,21.8153916,18.577569,61.081738,44.800486,-3.237822600000001,-14.841918308722915,-26.654860410160563,Alaknanda,3,3,116.10040710739436
4161,9.8356192,8.376126300000001,17.739693,15.4032745,-1.459492899999999,-14.838851223520313,-13.170568960804447,Jamni,4,4,55.532102210328645
4553,3.9692190800000002,3.38117974,7.3430867,6.4416341500000005,-0.5880393400000004,-14.814988241969257,-12.27620736113601,Punpun,3,3,14.197062076525821
3925,86.1177,73.36693950000002,190.05013,148.041795,-12.750760499999984,-14.806201860941462,-22.10381808210286,Ganga,1,1,433.8691923744131
4214,55.999628,47.7277045,146.08228,111.747375,-8.2719235,-14.771390088519873,-23.503812372041285,Ganga,1,1,304.56187565962443
4872,2.0136284200000003,1.71725631,3.9441705,3.2559946,-0.2963721100000003,-14.718311832329038,-17.44792472840613,Bagmati,2,2,7.850698356338028
3528,2.6588157999999997,2.26820647,5.7226095,4.9708435,-0.39060932999999975,-14.691101579883789,-13.136769160992026,Barah,4,4,9.243617279694837
3351,0.45051895200000003,0.384371364,0.91673106,0.8236173250000001,-0.06614758800000003,-14.682531712894518,-10.157148488020027,Bamni,5,5,1.6063562642840374
4812,4.7466264,4.0505311100000005,11.740559,10.650159500000001,-0.6960952899999997,-14.665053268148503,-9.287458118476287,Sarju,3,3,57.534761477112674
4610,2.64160756,2.25547508,4.8463726,5.49415525,-0.3861324800000001,-14.61732945676458,13.366340219074383,Kanhar,3,3,12.078909326291079
4168,8.6673552,7.40081575,15.171554,13.07753625,-1.2665394499999998,-14.612755803523548,-13.802262774136393,Jamni,4,4,49.20786360903756
4212,34.88454960000001,29.797394099999998,90.82515,71.84204700000001,-5.087155500000009,-14.582832681893096,-20.9007119723997,Alaknanda,3,3,193.39105609565726
4001,6.72664766,5.74834386,12.7923975,10.302951,-0.9783038,-14.543705118040922,-19.4603591703588,Gomti,2,2,25.345852470657274
4085,2.19435856,1.87567325,4.110605,4.00419295,-0.31868531,-14.522936944270404,-2.588719908626575,Sokar,5,5,9.782467548403757
3827,299.722708,256.34765000000004,558.6996,438.9732,-43.37505799999997,-14.471728982243134,-21.429476591714046,Ganga,1,1,1154.28955064554
4007,0.75935559,0.649635167,1.4262297,1.2074905999999999,-0.10972042299999996,-14.449149310930858,-15.336877362741784,Sai,3,3,2.8332781097535213
3318,0.54087632,0.46272452000000003,1.5798424,1.2348598499999999,-0.07815179999999994,-14.449107330119379,-21.836516731035964,Sainj,5,5,5.434655393568075
3356,1.01033748,0.864448446,1.9787474,1.70581365,-0.14588903399999997,-14.439633972600916,-13.793258806050734,Vaisali,4,4,3.9252258325938967
4240,17.7772322,15.2104899,52.409706,36.443284000000006,-2.5667422999999996,-14.438368532982315,-30.46462805954301,Alaknanda,3,3,96.95571983122066
3935,1.24000822,1.06099336,2.2304976,1.8799073,-0.1790148599999999,-14.436586557466521,-15.718030810703409,Ganga,1,1,4.0394679031338026
3857,4.290075600000001,3.67380984,9.356641,7.1779093,-0.6162657600000006,-14.364916086793448,-23.28540445230292,Kosi,2,2,35.25153874495305
3984,306.95182400000004,262.947358,565.5768,449.62399500000004,-44.004466000000036,-14.335951950557565,-20.501690486597045,Ganga,1,1,1175.6519141431925
4783,7.59318604,6.51535497,15.203052,12.467761,-1.0778310700000002,-14.194714370517389,-17.99172297772842,Suheli,4,4,33.126767575586854
4644,10.7361964,9.2137231,20.718395,17.4843315,-1.5224733000000015,-14.18075120160806,-15.609623718439586,Bhada,5,5,66.15819846525822
3819,290.285784,249.266732,541.5054,426.49427000000003,-41.01905199999999,-14.130575543444454,-21.239147384310474,Ganga,1,1,1132.8444325704224
4209,2.29356972,1.969968,5.707517,4.423275950000001,-0.32360171999999987,-14.109085814055824,-22.500871219481244,Bhillangana,4,4,13.368048548673709
3509,0.94073348,0.808641159,2.070589,1.8193385499999999,-0.132092321,-14.041418085811086,-12.13425020610078,Gambhir,4,4,4.00477261480047
3913,3.03427844,2.60835752,5.661145,5.0337529,-0.4259209199999998,-14.036975459641726,-11.082424138579752,Ganga,1,1,11.392242774413145
3403,0.339639178,0.292125153,0.7364615,0.6709302,-0.04751402499999996,-13.989559531910057,-8.898129773246797,Kareli,4,4,1.742330093532864
5091,1.8780197200000002,1.6168401000000001,3.605493,3.1141903500000003,-0.26117962000000006,-13.907181975703645,-13.62650405922296,Balan,5,5,7.337429706279342
3875,103.17186,88.90978,214.79292,166.60802999999999,-14.262079999999997,-13.82361430723455,-22.4331835518601,Ganga,1,1,478.0579761349765
3508,0.37360716800000005,0.321995228,0.81635064,0.72793436,-0.05161194000000002,-13.8144940516773,-10.830674426861478,Gambhir,4,4,1.7135712369835683
4935,19.2619982,16.6050099,39.22271,32.8001955,-2.656988300000002,-13.793939094024013,-16.3744792238986,Kamala,3,3,82.6513684149061
4280,0.669040672,0.576810574,1.2096177,1.0592163,-0.09223009799999993,-13.785424692387002,-12.433796231652348,Khudar,5,5,4.564308493298122
3928,90.1337012,77.728057,199.13332,151.57331499999998,-12.405644199999998,-13.763602331688112,-23.88349925567455,Ganga,1,1,448.1906722488263
4042,309.746732,267.159764,574.68317,456.55738499999995,-42.58696800000001,-13.748964428138022,-20.554940733691584,Ganga,1,1,1185.3689886150235
3801,248.29077,214.310765,468.8432,363.37532999999996,-33.980005000000006,-13.685569141374046,-22.495339593279812,Ganga,1,1,994.8738986267606
3872,9.0331108,7.79789464,18.958286,15.0812515,-1.2352161599999993,-13.674316493494128,-20.45034292657047,Kosi,2,2,56.22302187910798
4034,188.629296,162.879914,360.12897,327.426395,-25.749381999999997,-13.650786249024646,-9.080795416153267,Ghaghara,1,1,922.657431076291
3453,3.6997378,3.19500175,6.5800247,5.6113767,-0.50473605,-13.642481637482526,-14.721038965096895,Parbati,3,3,18.488643460798123
4811,0.8050465320000001,0.69550305,1.964455,1.7263861999999999,-0.10954348200000008,-13.607099421676669,-12.118821759724717,Panar,5,5,9.694576757558684
4457,19.4510176,16.8186119,40.068615,33.094369,-2.6324056999999996,-13.533511480653843,-17.405757598559372,Rapti,2,2,92.63285654166665
3818,286.294092,247.560061,539.45337,422.915145,-38.73403099999999,-13.529455228856063,-21.603021035905286,Ganga,1,1,1124.7318741079812
3388,43.095439999999996,37.2822948,77.779854,69.428755,-5.813145199999994,-13.48900301284775,-10.736840673421687,Sindh,3,3,189.30881464436618
4043,310.97602600000005,269.03308999999996,578.57605,459.98836,-41.94293600000009,-13.487514307614209,-20.4964740590282,Ganga,1,1,1189.8935582629108
3736,5.976628219999999,5.1723067,10.731669,10.881449499999999,-0.8043215199999993,-13.457780715026631,1.395686915054858,Berach,4,4,31.012749072065727
3412,5.93324588,5.13580643,13.127912,12.089882,-0.7974394500000006,-13.440188829659636,-7.907045690129556,Morel,4,4,33.98059839706573
4927,3.30113292,2.85765443,6.618399,5.422409,-0.44347848999999995,-13.434130062233299,-18.070684466137507,Mahara,5,5,14.737848330633803
4262,2.56294888,2.2186640300000002,4.669229,4.40764165,-0.34428484999999975,-13.433153219973695,-5.602367114570719,Shyam,4,4,10.296930526713615
4770,2.63532608,2.28166335,5.271872,4.399815,-0.3536627299999999,-13.420074755986173,-16.541695246015074,Man,5,5,11.506936119366198
3520,0.815254634,0.706015625,1.810649,1.5170575,-0.10923900899999994,-13.399372962043163,-16.21471085781949,Barah,4,4,3.030924009096244
3292,28.277341200000002,24.489560100000002,71.880295,54.326637500000004,-3.7877811,-13.395110499285554,-24.420680939052904,Yamuna,1,1,194.9918380140845
3430,1.31537944,1.13961458,2.7822292,2.9726339499999996,-0.17576486000000013,-13.362293392695884,6.843604042398788,Dai,4,4,7.070684045164319
4000,5.3726978800000005,4.65925885,10.381173,8.454735,-0.7134390300000009,-13.278971681169624,-18.557035895654575,Gomti,2,2,20.6218797834507
3816,284.582528,246.851444,536.5378,421.61163,-37.73108400000004,-13.25839792947515,-21.41995773643534,Ganga,1,1,1120.9171554812206
4768,190.99493999999999,165.765117,364.69348,332.24551499999995,-25.229822999999982,-13.209681366427814,-8.897325227750182,Ghaghara,1,1,931.2563820598591
4924,7.27901272,6.31868856,14.2531,12.2049845,-0.9603241599999999,-13.193055115309646,-14.36961432951428,Bagmati,2,2,29.830709923474178
4612,2.19543942,1.90621031,3.9551065,3.9959593,-0.28922910999999996,-13.174087490876882,1.032912767330036,Panda,5,5,8.3838633221831
3792,1.78047024,1.54683043,3.3573601,2.77212535,-0.23363981000000011,-13.122365358940238,-17.431396471293027,Garra,4,4,6.599826946115024
4282,1.22487094,1.0643988,2.1727974,1.86999145,-0.16047213999999999,-13.101146803270556,-13.936225715292174,Kutni,5,5,9.068178996314554
5092,1.3682817,1.18953724,2.5578284,2.2802428,-0.1787444600000001,-13.063425462753766,-10.852393381823429,Phalgu,3,3,4.872802019988263
3812,283.41346000000004,246.404564,534.6539,420.137725,-37.00889600000005,-13.05827041524423,-21.418748652165455,Ganga,1,1,1118.443657089202
4876,21.211613,18.444480900000002,43.591908,36.549293500000005,-2.7671320999999978,-13.045363876853674,-16.155784004682687,Kosi,2,2,90.36306185093898
3930,1.99188078,1.73303179,3.6240966,3.0670140999999997,-0.25884898999999995,-12.995204964023998,-15.371623924152583,Gomti,2,2,6.985695233215962
3858,6.72064936,5.84930588,14.10162,11.467149,-0.8713434800000002,-12.965167996802023,-18.682045041633526,Kosi,2,2,47.41147224178404
3804,281.09905000000003,244.731053,530.0148,416.73534,-36.36799700000003,-12.93778723193836,-21.37288619110259,Ganga,1,1,1111.826754870892
4237,10.751085600000001,9.3642304,30.16001,22.5672635,-1.3868552000000012,-12.899675917378994,-25.174880578620503,Dhauli Ganga,4,4,65.01142443157278
4064,1.29307072,1.12759348,2.369164,2.5643851499999997,-0.16547723999999997,-12.797230456196546,8.240085954370386,Lapri,5,5,5.877012640774648
4420,0.95630926,0.83403016,1.7739663,1.6524014999999999,-0.12227910000000008,-12.786564463466565,-6.852711914538638,Ghaghara,1,1,3.512447381338028
3908,114.50731280000001,99.8777874,228.30162,183.84323999999998,-14.629525400000006,-12.776062106663991,-19.473528045924525,Ganga,1,1,504.75194299882634
5149,3.9686176000000004,3.46184087,7.7076917,6.51145565,-0.5067767300000003,-12.76960345083387,-15.520029816449451,Paimar,5,5,13.349435894483568
3799,73.789794,64.395194,150.35234,126.424155,-9.394599999999997,-12.731570981211842,-15.914740668485772,Ramganga,2,2,361.1442628192488
4151,1.35858554,1.1856758,2.315029,2.1113030999999998,-0.17290973999999992,-12.727188307922072,-8.80014462021859,Kathan,5,5,9.065405722241783
4417,97.24124,84.8727484,194.88548,168.41449,-12.368491599999999,-12.719389016429652,-13.582843626934135,Rapti,2,2,487.6215896115024
4557,5.69536476,4.97216404,10.674659,9.3910295,-0.7232007200000004,-12.698057990582509,-12.025016443148207,Punpun,3,3,20.075132511737092
3532,1.41481854,1.23531385,3.0938947,2.68165695,-0.1795046899999999,-12.687470861104202,-13.324233368381933,Barah,4,4,5.090688062523474
4400,2.13946894,1.8683381399999999,4.0822883,3.4336039,-0.2711308000000001,-12.672808421327217,-15.890215299100753,Ganga,1,1,7.989350714906104
3800,163.479974,142.798494,318.18372,241.8506,-20.681479999999993,-12.650772748471317,-23.99026574961158,Ganga,1,1,633.5994124976526
4757,3.68121328,3.21644601,7.123242,6.0679636,-0.4647672700000003,-12.625382846603234,-14.81458021502008,Sarju,3,3,15.385857008685445
5165,1.48382948,1.2967268299999999,2.8000195,2.3728556000000003,-0.18710265000000015,-12.609444179529316,-15.255747326045393,Harohar,3,3,4.918846533450704
3510,0.40904682800000003,0.357738266,0.9245818,0.7796670649999999,-0.051308562,-12.543444536868526,-15.67354397415135,Banganga,4,4,1.4874855679225352
4875,14.5741644,12.747496000000002,29.984076,25.208054,-1.826668399999999,-12.533606386380539,-15.928528196099826,Kamala,3,3,70.77895424084507
3909,118.22595199999999,103.44574200000001,235.7057,188.5038,-14.780209999999983,-12.501662917461628,-20.02577790863776,Ganga,1,1,513.4649279436619
4397,385.217794,337.12144,722.48895,613.95522,-48.09635400000002,-12.485496451391862,-15.022199301456443,Ghaghara,1,1,1704.2366641197182
3876,112.09619800000002,98.119992,226.20425,181.95449000000002,-13.976206000000019,-12.468046418487821,-19.561860575121813,Ganga,1,1,501.37332534507044
4435,382.6863,335.12309,716.05023,611.248,-47.563210000000026,-12.428772600430175,-14.636156181389678,Ghaghara,1,1,1697.050153157277
4591,0.8809645460000001,0.77209577,1.6719111,1.45370135,-0.10886877600000011,-12.35790662567709,-13.051516315670133,Jinjoi,5,5,3.709376833978873
4114,0.6387956079999999,0.559891114,1.324742,1.08620935,-0.07890449399999988,-12.352072088761119,-18.005970219106814,Shyam,4,4,2.421372212723005
4543,1.54897526,1.35769618,2.9097726,2.5433624999999997,-0.19127907999999993,-12.348749843816094,-12.592396395512157,Batane,5,5,5.89676744640845
3493,5.99337004,5.256859759999999,13.021139,11.6124565,-0.736510280000001,-12.288750320512513,-10.818427635247572,Banganga,4,4,21.868636437206572
4425,379.275326,332.701504,709.26654,606.67801,-46.57382200000001,-12.279686762433895,-14.464030687250522,Ghaghara,1,1,1687.1489063732392
3803,274.929916,241.46475800000002,516.82196,407.735995,-33.465157999999974,-12.172250472735014,-21.10706847673423,Ganga,1,1,1096.9798248356808
4742,1.5231454400000002,1.33811615,3.203476,2.73273075,-0.18502929000000012,-12.14784124620431,-14.69482680688103,Jamwar,5,5,7.871008048215963
5167,2.6489051999999997,2.32850577,5.028188,4.2544172499999995,-0.3203994299999997,-12.095541584500635,-15.388659890998518,Harohar,3,3,8.798556423239436
4264,5.35706228,4.7099519,9.951341,9.0117785,-0.64711038,-12.079575449699643,-9.44156671950041,Shyam,4,4,20.16393994225352
4877,24.0793082,21.1958787,49.61936,42.271547999999996,-2.8834294999999983,-11.97471902452745,-14.808357060631183,Kosi,2,2,101.31214572065727
4416,91.371578,80.493642,181.2043,159.34893499999998,-10.877936000000005,-11.905163769854129,-12.061173493123512,Rapti,2,2,466.6401345129108
3518,0.393601708,0.346850402,0.8532367,0.8116906349999999,-0.04675130599999999,-11.87782091636655,-4.869230894545443,Banganga,4,4,1.919768163697183
4604,1.8634209800000001,1.64211495,3.5807574,3.5473897,-0.22130603000000004,-11.876330275083626,-0.931861510640176,Barhki,5,5,6.997839303110329
4451,83.86554000000001,73.93730000000001,168.4674,146.95658,-9.928240000000002,-11.838283042117181,-12.768535633600326,Rapti,2,2,436.37230006103283
5156,11.072283800000001,9.7636722,21.623205,18.2151855,-1.3086116000000008,-11.818804716692691,-15.760935994455949,Panchane,4,4,38.26923809272301
4135,24.387555600000002,21.5057523,43.589542,38.267737,-2.8818033000000014,-11.816695970956602,-12.208903227292465,Dhasan,3,3,142.6925970516432
4618,1.3089143,1.15497482,2.41583,2.8192613499999997,-0.15393948000000002,-11.760852486675407,16.699492513959985,Rihand,3,3,5.738593931431925
4463,218.63653599999998,193.055987,417.79715,368.940885,-25.58054899999999,-11.700033977852629,-11.693776513315136,Ghaghara,1,1,1027.3709774295774
3811,135.100146,119.31428539999999,267.8165,208.45301,-15.785860600000007,-11.684562206172602,-22.165732880535742,Ganga,1,1,559.2883454812206
4730,4.50711382,3.98079064,8.652317,7.52426535,-0.5263231799999999,-11.6776101296683,-13.037567278221541,Karmanasa,3,3,15.843887973474178
3910,120.620806,106.5507994,240.98141,191.07889,-14.0700066,-11.664659743692972,-20.708037188428772,Ganga,1,1,520.1626059507042
4146,0.88046443,0.777849283,1.5390153,1.4096231,-0.10261514699999996,-11.654661279161495,-8.407466774371903,Dhasan,3,3,5.982872092664319
3891,1.77334704,1.56669365,4.2883964,3.3012791999999997,-0.20665339000000005,-11.65329658203845,-23.018329182442187,Ramganga,2,2,15.535655628755869
4539,1.0261663600000002,0.9068873199999999,1.9294076,1.7151388,-0.11927904000000022,-11.623752702242179,-11.105419093404624,Madad,5,5,3.4929422771361502
4548,2.74298318,2.4243284800000002,5.3594537,4.6089444,-0.31865469999999974,-11.617085453655598,-14.003466435394337,Dardha,4,4,9.362189785798122
4915,4.65130408,4.11209791,9.4194355,7.77595765,-0.5392061699999999,-11.592580504863486,-17.447731873104296,Jhim,5,5,21.229111796126762
4139,25.118315199999998,22.2072629,45.068893,39.3321955,-2.911052299999998,-11.58936129601558,-12.728729547450843,Dhasan,3,3,145.10352577816903
4723,203.82613,180.225641,390.7769,350.62288,-23.60048900000001,-11.578735758756745,-10.275433373876501,Ghaghara,1,1,977.8802880269953
3810,133.215216,117.7991694,262.79968,205.07947000000001,-15.416046600000001,-11.572286607259642,-21.963576972392055,Ganga,1,1,554.3308548251174
5147,2.56874768,2.27160459,4.9755397,4.286285400000001,-0.29714309000000005,-11.567624656696529,-13.852854997820621,Paimar,5,5,8.61158471960094
4722,202.185278,178.809613,387.11176,349.79088,-23.375664999999998,-11.561506965902828,-9.640854103734794,Ghaghara,1,1,973.6624490610328
4879,26.7152038,23.6350351,53.682865,46.8924215,-3.0801687000000015,-11.529647024440822,-12.649182378772075,Kosi,2,2,110.96261339553992
3411,5.2394549,4.6355922,11.68604,10.715437,-0.6038627000000005,-11.525296266983814,-8.30566214046846,Morel,4,4,29.642119815258216
5157,13.332484599999999,11.8087801,26.105095,22.087135500000002,-1.5237044999999991,-11.42851123188246,-15.391476261626307,Harohar,3,3,45.84277183685446
4761,221.05067000000003,195.855106,424.35248,371.43179,-25.19556400000002,-11.398094382613731,-12.470927470483979,Ghaghara,1,1,1034.1606343779342
4399,392.925552,348.262642,739.6508,632.4118,-44.662909999999954,-11.366761406242157,-14.498598527845846,Ghaghara,1,1,1733.9082224765257
3881,3.2324609200000003,2.86577025,6.6763873,5.27510835,-0.3666906700000001,-11.3440093809394,-20.988580905125144,Khoh,4,4,17.33937077100939
4724,215.057698,190.771308,410.3617,361.928515,-24.286389999999983,-11.292964737305049,-11.80255979054575,Ghaghara,1,1,1013.7668071537558
3326,2.5568635399999997,2.26918747,6.1513686,4.480173300000001,-0.28767606999999984,-11.251131141711218,-27.167861473949053,Giri,4,4,14.222239022887324
4727,10.5893078,9.3990608,20.251125,17.4506585,-1.1902469999999994,-11.240083133668088,-13.828695936645492,Karmanasa,3,3,36.7706245185446
3835,65.286166,57.9537864,133.50922,111.942195,-7.332379599999996,-11.231138308841718,-16.15395925464923,Ramganga,2,2,329.8221793039906
4729,1.44140588,1.27988887,2.8095267,2.3021038999999996,-0.16151701000000007,-11.205519017308301,-18.060792944235075,Karmanasa,3,3,5.017293100093897
3841,1.25198564,1.1121807000000001,2.6339161,2.28652325,-0.13980493999999988,-11.166656831623074,-13.189214721000408,Ladhiya,5,5,13.45960332266432
4752,3.76775364,3.3470366000000005,7.3476963,6.18589125,-0.42071703999999954,-11.1662566133172,-15.81182730701594,Bhada,5,5,28.551775814436617
4551,3.038101,2.6988988299999996,5.752955,5.1019432,-0.3392021700000005,-11.164940533576747,-11.316128841612702,Dharmauti,5,5,10.735725271596243
3321,0.67352582,0.59840484,1.5218968,1.21175155,-0.07512098,-11.153392753376552,-20.378862088414927,Aglad,5,5,6.8623647396948355
4401,395.408302,351.372924,745.04254,635.81158,-44.03537799999998,-11.136685238338769,-14.661036670469846,Ganga,1,1,1742.5965895187792
4914,2.73718312,2.43324016,5.3793597,4.604001500000001,-0.3039429600000001,-11.104224550383757,-14.413577883628035,Lakhandei,5,5,12.4980376592723
4507,14.508115,12.8972633,29.578173,33.655435,-1.6108516999999996,-11.103108157055548,13.784698601904848,Gandak,2,2,102.45096536713616
4968,2.11522994,1.8809447400000001,4.135427,3.7815142,-0.23428519999999975,-11.076110240761803,-8.558071512325082,Kamala,3,3,17.84911770672535
4326,6.3538611,5.65063719,12.251641,13.8708115,-0.7032239099999993,-11.067662621708859,13.215947969745448,Rihand,3,3,29.820620192488263
4398,6.52440888,5.80345458,12.830773,11.005626,-0.7209542999999998,-11.050109109654695,-14.224762607833535,Ghaghara,1,1,25.672212652112673
4560,12.097519199999999,10.7668175,22.305918,20.2953005,-1.3307016999999988,-10.99978994040364,-9.013829872413226,Punpun,3,3,40.75464166830986
3893,0.937362212,0.8345654,2.2680275,1.64919205,-0.10279681200000002,-10.966605084353455,-27.28518282957328,Gagas,5,5,8.570340206314555
4460,14.6821463,13.0732415,29.437128,26.5182995,-1.6089047999999995,-10.958239804489617,-9.915466277824384,Rapti,2,2,81.00803538884978
4445,10.576019200000001,9.4304373,22.471506,19.5011695,-1.1455819000000016,-10.831881810502022,-13.218235128522323,Rohini,3,3,56.19800101326291
3466,0.5830766580000001,0.52007678,1.0016422,0.901621915,-0.06299987800000006,-10.804733328906481,-9.985630098252653,Sindh,3,3,3.0417218778403754
3247,0.6280420400000001,0.56022717,1.4140024,1.36528605,-0.06781487000000008,-10.797823343163472,-3.44528057378121,Chalak,5,5,2.3081979403051642
3892,4.9177608,4.38732237,12.908301,11.194571,-0.5304384300000002,-10.786177928784179,-13.276185611104049,Pindar,3,3,38.9951818519953
3408,4.8208744,4.30200881,10.928154,10.073644999999999,-0.5188655899999999,-10.762893760517798,-7.819335269250417,Morel,4,4,27.3571037814554
4740,7.77898674,6.941960020000001,16.399752,13.9423055,-0.837026719999999,-10.760099585926266,-14.98465647529304,Danau,4,4,41.02991298908451
4747,0.49309944,0.440090875,1.054213,0.9646104,-0.05300856500000001,-10.750076090129003,-8.499477809512886,Rapti,2,2,5.120449398122066
4549,2.77458688,2.47668385,5.194769,4.68656665,-0.29790303000000007,-10.736842740350594,-9.782963400297499,Madad,5,5,9.493770108802817
3901,1.43776894,1.28377951,2.6657557,2.38741425,-0.15398942999999998,-10.710304397033363,-10.441371277945692,Bagad,5,5,5.508258199049296
3396,0.320501136,0.28623622,0.79250896,0.73240335,-0.034264916000000034,-10.691043541262216,-7.584218353821518,Dhund,5,5,1.8461679467018781
3786,0.42342458,0.378496015,0.9277292,0.784363725,-0.044928564999999976,-10.610759772141707,-15.45337529529092,Machhli,5,5,2.798879198673709
3476,0.76843298,0.6869339969999999,1.4357538,1.2592951000000001,-0.08149898300000014,-10.605867410844356,-12.290317462506453,Non,4,4,3.181979663169014
4132,18.237774400000003,16.3066003,32.40027,28.995946,-1.9311741000000033,-10.588869330459548,-10.507085280462167,Dhasan,3,3,117.63358697183098
3829,454.844536,406.720038,838.25336,741.526875,-48.12449800000002,-10.580427858541983,-11.539051272040236,Yamuna,1,1,1959.8750790023475
4055,6.776719140000001,6.0619205,12.387212,12.4180535,-0.7147986400000006,-10.54785693833551,0.24897854335583586,Belan,3,3,29.42581235422535
4544,1.7187820200000001,1.53779284,3.2835145,2.9147186,-0.18098918000000008,-10.53008339009737,-11.231742695212702,Dharmauti,5,5,6.158141905046948
4439,2.44937904,2.19186239,5.138501,4.54275895,-0.25751665000000035,-10.513548364486711,-11.593693374779924,Rohini,3,3,14.673715180516432
4773,16.8058408,15.041330100000001,33.205875,29.074317,-1.764510699999997,-10.499389593170472,-12.442250053642612,Babai,4,4,91.44090167194835
4459,52.6162438,47.115387,105.235214,90.40553,-5.500856800000001,-10.454674075385064,-14.091940745233817,Rapti,2,2,276.8662540140845
4541,1.32215668,1.1844667899999999,2.4655583,2.2490275,-0.1376898900000001,-10.414037313641233,-8.782221860257781,Sorhur,5,5,5.557928078720657
4749,4.51933594,4.04885308,9.986047,9.159465,-0.4704828600000006,-10.41044229166112,-8.2773694135427,Rapti,2,2,45.55339403251174
4751,1.8158750000000001,1.62692076,3.7915003,3.20839485,-0.18895424000000016,-10.40568541336822,-15.379280070213897,Rapti,2,2,7.9558248135563385
3967,3.63548098,3.2577718200000003,6.881004,5.86305855,-0.37770915999999977,-10.389523754295634,-14.793559922360167,Karmanasa,3,3,12.674562082746478
5159,1.28965364,1.15804579,2.4891706,2.0723083,-0.13160784999999997,-10.204898890526914,-16.74703614127533,Panchane,4,4,4.957933060328638
4750,19.4652154,17.4821033,39.124493,33.796437,-1.9831121000000032,-10.187979219587794,-13.618210975922432,Rapti,2,2,130.49836768368544
4772,12.6779028,11.3886868,24.865242,21.614318,-1.2892159999999997,-10.169000506929267,-13.074169959817796,Babai,4,4,74.24779664612676
4421,362.32714000000004,325.559059,680.71075,584.977125,-36.76808100000005,-10.147757907398283,-14.063774518031332,Ghaghara,1,1,1637.1507959624412
4465,247.23766799999999,222.168271,470.94962,398.91872,-25.06939699999998,-10.139796740033958,-15.294820707149096,Ghaghara,1,1,1132.3803135680753
4762,243.008652,218.429322,463.96927,394.10781,-24.57933,-10.114590487913985,-15.057346362615787,Ghaghara,1,1,1120.9405211384976
3973,4.2621434,3.83172156,7.774183,7.9762823,-0.43042184000000017,-10.098717936144526,2.599621079153918,Belan,3,3,18.089761138615025
4537,0.935684684,0.841230245,1.829269,1.58149655,-0.09445443900000006,-10.094686876375123,-13.544888695976374,Dharmauti,5,5,3.348402212347418
4536,0.9443487979999999,0.849106816,1.7145423,1.6283143500000001,-0.09524198199999989,-10.085466535427294,-5.02921100284314,Adari,5,5,3.2796381153286385
5150,5.1262926,4.60933787,10.127009,8.40197875,-0.5169547300000001,-10.084378133234145,-17.033955929139587,Panchane,4,4,18.851728874178402
4562,17.212318999999997,15.4787991,32.035873,28.9823515,-1.7335198999999974,-10.071390728930819,-9.531569500228702,Punpun,3,3,57.05860237558685
4418,249.85531600000002,224.723063,475.6542,402.972505,-25.13225300000002,-10.058722544850724,-15.280364390769593,Ghaghara,1,1,1139.619913028169
4419,360.113856,323.968415,677.28894,581.67327,-36.145441000000005,-10.037225837819472,-14.117411986677359,Ghaghara,1,1,1632.0201715492958
3360,1.1369346200000001,1.02297996,2.2590227,1.9291892000000002,-0.1139546600000001,-10.022973880415401,-14.60071649567753,Vaisali,4,4,4.296685468861503
4937,1.27075606,1.1437355,2.5982025,2.296564,-0.12702056000000006,-9.995668248082174,-11.609506957213693,Kosi,2,2,5.244361334401408
4545,1.9008733199999999,1.71094885,3.7336683,3.3627316499999997,-0.1899244699999998,-9.991432253886325,-9.9349117327857,Ganga,1,1,6.879646385575117
3387,33.6357624,30.2750838,61.663635,56.173012,-3.3606785999999964,-9.991385240609253,-8.904150720274599,Sindh,3,3,154.6217852652582
4133,21.1309452,19.02522,37.727463,33.469696,-2.1057251999999984,-9.96512545969784,-11.285590552431266,Dhasan,3,3,130.9011785387324
3477,1.3829694799999999,1.2454253,2.5363038,2.2468309,-0.1375441799999999,-9.945568719274984,-11.41317928869563,Non,4,4,5.698362189471831
3870,6.183622000000001,5.56970895,11.627689,9.9020025,-0.6139130500000007,-9.928049450629432,-14.841182112799887,Ganga,1,1,22.251207913849765
4449,70.08015400000001,63.1306077,140.30418,120.657258,-6.949546300000009,-9.916568248408826,-14.003090998429272,Rapti,2,2,368.4176045575117
3919,0.570351836,0.513804524,1.2781764,1.0071013500000001,-0.05654731199999996,-9.914461290521727,-21.20795298677083,Ganga,1,1,4.778799204248826
4304,0.756030792,0.681286986,1.3302214,1.22134275,-0.07474380599999997,-9.886344153030208,-8.185002135734704,Bewas,5,5,5.537632675305165
4575,6.1305805,5.52603907,11.532403,10.731715000000001,-0.6045414299999994,-9.861079713413751,-6.942941553464609,Baya,5,5,23.685557791666668
3470,0.577173648,0.5203105259999999,1.053588,1.0113129,-0.0568631220000001,-9.851995529775138,-4.012488752719269,Mahuar,4,4,2.801718875340376
4153,8.163443200000001,7.35933143,14.250741,12.926191,-0.8041117700000013,-9.850154527932542,-9.294604399869455,Dhasan,3,3,55.424476233685446
4558,7.3133435,6.5929847,13.692496,12.343602,-0.7203588000000005,-9.849924319840857,-9.851337550144251,Morhar,4,4,27.452861477699532
3834,57.2013388,51.6279532,116.87533,98.9473925,-5.573385600000002,-9.743453067570512,-15.339368453547895,Ramganga,2,2,302.9954153438967
4011,2.1213533200000003,1.91487866,4.098948,3.3501474,-0.20647466000000025,-9.733157510979842,-18.268116599673867,Gomti,2,2,8.232916637441315
4396,4.7436411000000005,4.28280873,9.3371725,8.06734625,-0.4608323700000003,-9.714739380262143,-13.599687164395855,Ghaghara,1,1,18.86617752124413
3866,58.1682388,52.5210419,119.049164,100.682455,-5.647196899999997,-9.708385566592051,-15.427835343724041,Ramganga,2,2,305.88500225
3393,431.48307400000004,389.702607,791.52606,715.9603,-41.780467000000044,-9.682990948562686,-9.546844231508949,Yamuna,1,1,1898.5144007159624
3958,56.448272800000005,50.987839300000005,105.55351,90.230355,-5.460433500000001,-9.673340262060242,-14.516954481191577,Gomti,2,2,209.11067489788732
4554,4.2903861999999995,3.87538237,8.10556,7.25483295,-0.4150038299999994,-9.672878166538935,-10.495598700151508,Madad,5,5,14.701202728286386
1527,7597.3988,6867.64955,14703.185,13943.945500000002,-729.7492499999998,-9.605251339445282,-5.16377573974617,Padma,1,1,27146.66145011737
4891,3.5415103599999997,3.20402148,7.2864666,6.3459282,-0.33748887999999955,-9.529518360635251,-12.908017721511268,Balan,5,5,15.335545285563379
4873,7.57111426,6.85011173,15.072197,13.3623335,-0.7210025299999998,-9.523070254126633,-11.344487469212346,Balan,5,5,29.30829176701878
3999,2.1384369,1.93574088,4.102427,3.39177455,-0.20269601999999987,-9.478700072936446,-17.322732372812474,Gomti,2,2,8.13171816056338
5160,37.372588,33.8424036,72.66907,65.24312499999999,-3.530184400000003,-9.44591902492812,-10.218852394835949,Harohar,3,3,134.13102529460096
4098,1.44087488,1.30507934,2.693083,2.7137072,-0.13579553999999994,-9.424519913901195,0.7658211796665706,Satna,4,4,8.475937649237089
3863,53.2969908,48.291710200000004,109.16904,92.833725,-5.005280599999999,-9.391300568511644,-14.963322018770153,Ramganga,2,2,289.576718399061
3262,42.721246799999996,38.71017500000001,101.10281,81.1646925,-4.011071799999989,-9.388938995104397,-19.72063635026564,Yamuna,1,1,247.5150270023474
5158,23.3847112,21.1902043,45.132423,41.171143,-2.1945069000000004,-9.384366055373821,-8.777016026815138,Phalgu,3,3,86.35776925176056
4152,3.05986944,2.77335025,5.363883,4.7955547,-0.2865191899999999,-9.363771743149927,-10.595464144165712,Kathan,5,5,20.342510784859154
5155,8.207696,7.4412268,15.965205,14.286827500000001,-0.7664692000000004,-9.338420916174288,-10.51272125851186,Sakri,5,5,30.136144343192488
3957,52.6204246,47.7078776,99.347374,85.269275,-4.9125469999999964,-9.33581786415307,-14.170579888704465,Gomti,2,2,195.94277189436622
4726,8.2259094,7.45876144,15.3281,13.6935925,-0.7671479600000009,-9.325995737322378,-10.66347101075802,Karmanasa,3,3,28.603350043075118
4115,557.2235919999999,505.28218200000003,1024.5509,904.476385,-51.941409999999905,-9.321466417739167,-11.719721782490252,Yamuna,1,1,2547.6244885798124
4444,6.48971664,5.8849016,13.776778,12.7920055,-0.6048150400000001,-9.319590878161979,-7.148061034299892,Rohini,3,3,37.897797367723
4592,1.19480006,1.08346674,2.3159027,2.0926247499999997,-0.11133331999999996,-9.318154871870359,-9.641076458004923,Maila,5,5,5.215582969542253
5168,5.40282768,4.900609820000001,10.277882,9.0963925,-0.5022178599999991,-9.295463223065429,-11.495456943366342,Harohar,3,3,18.281092328755868
4116,560.826508,508.706973,1031.0648,907.42215,-52.119534999999985,-9.29334370906733,-11.99174387487577,Yamuna,1,1,2556.4941109507045
4108,2.06937484,1.87739183,3.864232,3.7155103,-0.19198300999999995,-9.277343393234643,-3.8486741996857297,Betwa,2,2,11.308174509448358
3828,437.49391599999996,396.977919,804.1126,725.170535,-40.51599699999997,-9.26092809939784,-9.817289891987773,Yamuna,1,1,1920.2707666431925
4538,1.01640894,0.9225249200000001,1.950538,1.7091812499999999,-0.09388401999999996,-9.23683532338863,-12.373855315815442,Punpun,3,3,3.4233508895774647
3856,1.93467268,1.75613421,4.0122423,3.3147869,-0.17853847000000012,-9.228355361900293,-17.38318246632312,Baur,4,4,12.142681603286386
4559,11.270404599999999,10.2364139,21.266184,19.036867,-1.0339906999999986,-9.174388468715653,-10.482919737739495,Dardha,4,4,40.64851645762911
4036,9.614014200000002,8.733703,17.79676,18.5773765,-0.8803112000000013,-9.156541499595468,4.386284357377415,Belan,3,3,44.224511029460096
4919,2.07635366,1.88625467,4.162322,3.6941343499999997,-0.19009899000000008,-9.155424418400864,-11.248232356843127,Bagmati,2,2,8.730070508920187
3517,0.31665883,0.287766184,0.7416039,0.64763695,-0.028892646000000022,-9.124219274100149,-12.670773441186057,Sanwan,4,4,1.326711966701878
4110,4.8015948999999996,4.365649400000001,9.096298,8.5837975,-0.435945499999999,-9.079181169573449,-5.63416567926866,Betwa,2,2,22.694863278521126
5170,18.4315238,16.7633723,34.895485,31.592883,-1.6681515000000005,-9.050534931897495,-9.464267368686809,Punpun,3,3,61.70586950293427
3452,2.26863238,2.06363627,4.1651664,3.7094141,-0.20499611000000018,-9.036109675909684,-10.941995018494346,Non,4,4,9.094554439788732
3969,6.35425756,5.7806864000000004,12.116145,10.349146000000001,-0.5735711599999993,-9.026564544859262,-14.583838341320599,Karmanasa,3,3,22.40668391619718
3798,21.308264,19.3881347,41.64495,36.5215495,-1.9201293000000028,-9.011195374714724,-12.302573301204593,Ganga,1,1,97.76072389319249
3392,372.58351600000003,339.06989,676.61206,616.9973500000001,-33.513626000000045,-8.994929877681448,-8.810766689556191,Yamuna,1,1,1653.9609911737089
1445,7598.17,6914.78096,14855.584,14029.129,-683.38904,-8.994126743676437,-5.563261599140094,Padma,1,1,27195.311758215965
3352,0.385204264,0.35069190699999997,0.83064145,0.73997286,-0.03451235700000005,-8.959495058964364,-10.91549067290105,Parbati,3,3,1.4611272497769954
1497,7612.18748,6931.157569999999,14900.617,14071.009,-681.0299100000002,-8.94657300269226,-5.567608374874679,Padma,1,1,27257.541894131453
4061,11.104236,10.111287050000001,20.106747,21.479056,-0.9929489499999988,-8.942073547428196,6.8251169619829675,Belan,3,3,51.84987333380281
4278,0.613071588,0.558255551,1.0854512,0.955899515,-0.05481603699999993,-8.941213077386964,-11.935284147274427,Banne,5,5,4.3074026898239435
4276,1.7446054,1.5887394400000001,3.0583618,2.77079895,-0.15586595999999986,-8.934167004183289,-9.402512482336132,Banne,5,5,11.531976915598591
3475,0.59077574,0.538292555,1.1156812,0.99378115,-0.05248318500000004,-8.883774577473348,-10.926064721714415,Non,4,4,2.3171199135211267
4077,1.5319890600000001,1.39596265,2.760264,2.92271665,-0.13602641000000015,-8.879071891022521,5.885402628154412,Tons,2,2,9.91157061685446
1429,7633.329,6956.2451,14869.127,14129.297999999999,-677.0838999999996,-8.870099795253154,-4.97560482199124,Padma,1,1,27289.293416901408
4236,2.93731256,2.6782981300000004,7.318461,6.51492625,-0.2590144299999997,-8.818075186387372,-10.979559090360661,Rishi Ganga,4,4,19.044445018192487
4508,28.1537198,25.684286399999998,57.21866,63.141886,-2.4694334000000033,-8.771250895236953,10.351913169584886,Gandak,2,2,176.20826531455398
4597,2.9383302000000002,2.68136309,5.494524,5.002757,-0.25696711000000017,-8.745344890101192,-8.950129255964672,Tahle,5,5,12.62971646044601
5134,2.3693744,2.1625164999999997,4.5158362,4.280037800000001,-0.20685790000000015,-8.730485988200098,-5.22158886099543,Kiul,3,3,9.302518414788732
5094,31.1808214,28.459663199999998,58.79131,53.0577375,-2.7211582000000014,-8.727025388753876,-9.752414940235218,Ganga,1,1,106.80564330633804
5161,45.8196084,41.8592244,89.76809,80.307513,-3.9603839999999977,-8.643426118849147,-10.538908647827975,Harohar,3,3,164.54987813028168
4117,575.3476459999999,525.7638800000001,1052.5476,930.1956700000001,-49.583765999999855,-8.618053162244077,-11.62436074149996,Yamuna,1,1,2590.39183915493
4268,2.81722282,2.57451118,5.1458826,5.37417765,-0.24271164,-8.615280207051567,4.436460520883236,Mirhasan,5,5,17.355327789906102
3962,26.413997000000002,24.142108500000003,50.933533,49.8597985,-2.2718884999999993,-8.601078057213375,-2.108109209702772,Karmanasa,3,3,93.7106961032864
3261,41.6762028,38.098841,99.41824,80.032308,-3.5773617999999985,-8.583703791747551,-19.499371543893755,Yamuna,1,1,245.0203766431925
5146,2.09665216,1.91674948,4.2103004,3.57063615,-0.1799026800000001,-8.580473358060503,-15.192841109389734,Panchane,4,4,7.845456275352113
3286,6.22423398,5.69122675,13.71424,11.384034,-0.5330072299999999,-8.563418915687999,-16.991142053806847,Giri,4,4,41.75853889401409
3402,3.370785,3.08220367,7.7347336,7.469262799999999,-0.28858132999999997,-8.561249975895821,-3.4321906057630867,Morel,4,4,19.46903495375587
4253,3.9692359,3.62984741,7.4050875,7.91496615,-0.33938849000000015,-8.550474160530499,6.885518233241675,Paisuni,4,4,18.56116306044601
4405,1711.28962,1565.9319,3143.282,2917.81835,-145.35771999999997,-8.494045560797591,-7.172873766973504,Ghaghara,1,1,7010.836854342723
3293,33.188324,30.3741375,82.2978,63.896219,-2.8141865000000017,-8.479447470743029,-22.359748377234865,Yamuna,1,1,215.9370310539906
4739,4.3608835,3.99157323,9.113673,8.435189000000001,-0.3693102699999997,-8.468702958930221,-7.444682292199854,Danau,4,4,24.318232646009392
4458,31.7890232,29.101984700000003,64.55976,56.386123999999995,-2.6870384999999963,-8.452724335361134,-12.66057370721329,Rapti,2,2,180.7059877746479
4599,2.0327508,1.8615514499999999,3.8175478,3.5582924,-0.1711993500000002,-8.422053013089464,-6.791150067590504,Danru,5,5,8.145623950704225
4407,1714.2359199999999,1571.21825,3154.2434,2923.953,-143.01766999999995,-8.34293975125664,-7.300971129875389,Ganga,1,1,7022.147011502348
4067,44.5471134,40.8622185,83.032776,86.4715175,-3.6848949000000033,-8.271904998450479,4.141426633742808,Tons,2,2,229.90752634624414
3845,3.02651468,2.77715047,5.8674674,5.0007022,-0.24936420999999998,-8.239319361239641,-14.772390554739165,Katna,5,5,13.798644749061033
4756,3.4248377,3.14425743,6.9086895,6.06013815,-0.28058026999999974,-8.192512889004924,-12.2823778663088,Sotwa,4,4,14.74886881185446
3325,0.677314428,0.62209851,1.3698546,1.1920386500000002,-0.05521591799999992,-8.152183936645732,-12.98064407711591,Ashmi,5,5,3.515667688039906
4295,0.614447736,0.56446101,1.1065592,0.999842925,-0.04998672599999998,-8.135228282458833,-9.64397340874306,Sonar,3,3,4.392832890434272
4072,4.5096564,4.1432984,8.363222,8.709665000000001,-0.36635799999999996,-8.123856176714481,4.142458492671852,Tons,2,2,26.059372876056337
3474,0.540231422,0.496959297,0.9799841,0.894540475,-0.04327212499999994,-8.009923754490524,-8.71887870425653,Non,4,4,2.2672028666314556
3886,0.737097188,0.678196119,1.7599685,1.5061601,-0.05890106900000003,-7.990950170332223,-14.42118992470604,Kali Rau,5,5,7.425802423321596
4248,1.8796437400000001,1.73091643,3.486204,3.7736680500000004,-0.14872731000000017,-7.912526551441081,8.24576100538008,Baghain,4,4,9.472017535446009
4141,14.6852542,13.5254393,25.995113,23.7979415,-1.1598148999999989,-7.897819705429403,-8.45224831298098,Dhasan,3,3,97.88409075176057
4305,4.3330612,3.99125458,7.6701045,7.09029285,-0.3418066200000003,-7.888340464704266,-7.5593709316476705,Bewas,5,5,29.60037547511737
3964,1.40871578,1.29795455,2.6409066,2.5921091,-0.11076123000000004,-7.862567564906531,-1.8477556154390333,Son,2,2,5.7914185120539905
4100,3.98348704,3.6709000699999996,7.3952556,7.4494525,-0.31258697000000035,-7.847068833440973,0.7328604030941134,Satna,4,4,23.520929675586853
4608,2.74761702,2.5323281100000004,5.2783937,5.070972149999999,-0.2152889099999995,-7.835477376683288,-3.929633933899252,Kanhar,3,3,12.146521133802816
4013,4.72052168,4.3510272,9.220346,8.06428875,-0.3694944800000002,-7.8274077537972495,-12.538111368054953,Gomti,2,2,19.44550776701878
4404,1292.63714,1191.5173200000002,2355.558,2295.07005,-101.11981999999989,-7.8227537234463105,-2.5678820050281157,Ganga,1,1,5266.497728262911
4569,1282.57852,1182.35627,2352.5452,2276.8324000000002,-100.22225000000003,-7.814121976719212,-3.2183356137004204,Ganga,1,1,5238.941987910797
3401,1.0028039,0.925012096,2.2933903,2.2268909,-0.07779180399999996,-7.75742934386274,-2.8996111128576803,Morel,4,4,5.8673620120892025
4441,5.0521158,4.66193699,10.54672,10.09395,-0.3901788100000001,-7.72307732930429,-4.292993461474288,Dande,5,5,32.90361223931925
4456,29.4870802,27.214935099999998,60.097675,52.721961500000006,-2.272145100000003,-7.7055615021524,-12.272876612947165,Rapti,2,2,171.62406891197182
3972,1089.7290600000001,1005.7748349999999,1954.5499,1945.0140999999999,-83.95422500000018,-7.704137485330544,-0.4878770298982957,Ganga,1,1,4623.0334967723
4045,1025.87874,947.02823,1837.8748,1701.61735,-78.8505100000001,-7.68614329603907,-7.413859203031679,Ganga,1,1,4337.680865551643
3488,0.7501763920000001,0.692545924,1.340686,1.27449225,-0.057630468000000046,-7.682255615423318,-4.937304484420666,Aerma,5,5,5.007438008978873
4402,1286.5534,1187.8825000000002,2361.024,2284.1791000000003,-98.67089999999985,-7.669397943373345,-3.25472760971509,Ganga,1,1,5250.953184284038
5140,52.224319200000004,48.233884,100.121284,91.670695,-3.9904352000000003,-7.640952071999438,-8.440352203233838,Harohar,3,3,184.97823055046948
4570,1287.77946,1189.4032399999999,2363.7803,2286.455,-98.3762200000001,-7.639213316851637,-3.271255793103952,Ganga,1,1,5254.514432077464
3934,1199.34556,1107.88418,2184.0828,2132.9707,-91.46137999999996,-7.62594060047214,-2.340208896842202,Ganga,1,1,4990.507281115024
4038,1085.90288,1003.118227,1955.8954,1938.3962000000001,-82.78465300000005,-7.623577994378286,-0.8946899716620823,Ganga,1,1,4611.746859941314
4741,1.98616176,1.83482042,4.0984845,3.8273251000000004,-0.1513413400000001,-7.619789236099283,-6.616089435009435,Danau,4,4,11.258473935457745
5163,1.78949768,1.6534521500000001,3.4909985,3.3146468000000002,-0.13604552999999986,-7.602442379249124,-5.051612024468062,Kunda,5,5,7.232728709002347
3304,39.9364412,36.903873,96.44667,78.10537500000001,-3.0325682,-7.593486321961008,-19.017032936440405,Yamuna,1,1,240.4550102359155
3711,1.78033698,1.64522941,3.463292,4.2236518499999995,-0.13510756999999995,-7.58887623622804,21.95482939353654,Banas,3,3,9.18749241129108
3720,10.6494148,9.843573,18.96215,19.4163235,-0.8058418000000014,-7.567005465877818,2.3951582494601062,Berach,4,4,52.143380840375585
4550,2.71446602,2.50924177,5.096626,4.7104045,-0.2052242500000001,-7.560391196202931,-7.577983944672409,Morhar,4,4,11.267836582042255
3300,38.8949574,35.965728999999996,94.36833,76.59144599999999,-2.9292284000000066,-7.531126387093064,-18.83776474586337,Yamuna,1,1,237.6567388450704
4037,1078.65912,997.48622,1951.4321,1925.0816,-81.17290000000003,-7.525352402341902,-1.35031600638321,Ganga,1,1,4590.164227887324
3491,4.67823392,4.32682077,10.463825,9.624826500000001,-0.35141314999999995,-7.51166264896818,-8.018086120515193,Banganga,4,4,18.250977324413146
4734,1.6508213,1.52708656,3.2983148,3.19351935,-0.12373473999999995,-7.495344287113327,-3.1772422086575887,Banganga,4,4,11.899440377664318
3797,19.919095600000002,18.429638,38.72646,35.010385,-1.4894576000000015,-7.477536279307788,-9.595700200844599,Garra,4,4,93.93110671889673
3937,1200.42518,1110.8510600000002,2190.324,2136.8145,-89.57411999999977,-7.461866136463397,-2.442994735025508,Ganga,1,1,4995.449173122066
4245,1.1007297,1.0191462,2.0644429,2.22502385,-0.08158350000000003,-7.411765122718142,7.7784156684595125,Usra,5,5,5.051710995610328
4913,1.49441384,1.3842944400000001,3.2133598,2.81447315,-0.11011939999999987,-7.368735289550039,-12.413382715499214,Bagmati,2,2,8.096962487992958
3938,1205.5797,1116.8146900000002,2206.997,2144.9403,-88.76500999999985,-7.3628487606418584,-2.8118162371765636,Ganga,1,1,5014.291158779342
4607,1.7734293600000002,1.64287502,3.417993,3.21042125,-0.1305543400000002,-7.361688203921481,-6.072913256405149,Kanhar,3,3,7.7258285901056345
5130,2.5328488399999998,2.3465606,5.5342665,4.77465235,-0.18628823999999966,-7.354889761206581,-13.725651809503573,Jamni,4,4,12.69517304681925
3708,0.40677987,0.376873612,0.7886522,1.02824295,-0.029906257999999963,-7.35195131460167,30.37977323844403,Gomti,2,2,1.8465273802230047
4578,0.9867180120000001,0.914369853,1.9613267,1.563888,-0.07234815900000013,-7.332202120579119,-20.263768397177284,Ganga,1,1,3.4454900960446007
4568,1246.5081,1155.19686,2298.8984,2218.5697499999997,-91.31124,-7.325362747341954,-3.4942235811726334,Ganga,1,1,5137.718314612675
4065,15.570815,14.4316334,28.339968,30.4025325,-1.1391815999999988,-7.316133420119621,7.277935176214739,Belan,3,3,74.10418444776995
1525,3687.80078,3418.03009,8876.37,8401.80825,-269.77068999999983,-7.315218638247585,-5.34634935226901,Padma,1,1,14739.192419953051
4279,0.84367974,0.782122295,1.4991715,1.35963405,-0.061557445000000044,-7.296304756589277,-9.307637585159547,Banne,5,5,5.382722472089203
3451,0.71065148,0.658873287,1.3802947,1.2196071,-0.05177819299999997,-7.286017753737735,-11.641542925579598,Sindh,3,3,2.727009916478873
3766,0.425829256,0.394822558,0.7494065,0.72253435,-0.031006698,-7.281486079951256,-3.585790889190311,Khul,4,4,2.9175817054225353
5148,3.36744936,3.12330144,6.75552,5.6580032,-0.24414792000000007,-7.250232858735553,-16.24622234853868,Panchane,4,4,12.839570320422535
4014,6.20966064,5.7595655400000005,12.233104,10.686997999999999,-0.4500950999999995,-7.248304313132311,-12.63870559753274,Gomti,2,2,25.423379677699533
3961,1211.20342,1123.4886000000001,2220.373,2155.87795,-87.71481999999992,-7.241956103459477,-2.9046943914378347,Ganga,1,1,5027.640909847418
5162,1.3676026,1.2688166900000002,2.6472468,2.4634041,-0.0987859099999997,-7.223290596259448,-6.944675502110344,Chalki,5,5,5.268839072793427
3959,1210.04094,1122.854,2217.6965,2153.8045,-87.18694000000005,-7.205288442554683,-2.881007387620435,Ganga,1,1,5024.77615350939
4567,1241.0783800000002,1151.95848,2285.205,2210.1665000000003,-89.11990000000014,-7.180843807785946,-3.283666016834361,Ganga,1,1,5122.37294387324
5141,2.60877216,2.4214429600000003,5.2220697,5.0035050000000005,-0.18732919999999975,-7.180742069863231,-4.185403729865939,Burhi Gandak,2,2,14.370886571361503
4123,649.543332,602.918556,1179.5139,1058.83605,-46.624776,-7.178085541489325,-10.23115115472569,Yamuna,1,1,3009.4409684741786
3933,1094.8212800000001,1016.25122,1981.1829,1969.18835,-78.57006000000013,-7.17651925801078,-0.6054236587646763,Ganga,1,1,4658.502503016432
5095,2140.7938,1987.51552,3881.0437,3998.7632000000003,-153.27828,-7.159880601298453,3.033191818994467,Ganga,1,1,8933.874664788733
4147,3.40590514,3.1622713,6.02066,5.5687809999999995,-0.2436338400000002,-7.153277322339053,-7.5054728219165465,Bewas,5,5,23.012787804460096
5133,2136.01592,1985.58231,3876.3538,3990.5062500000004,-150.43360999999982,-7.042719513064295,2.944840845022983,Ganga,1,1,8921.714961619718
4021,2.98930396,2.77924787,5.812642,5.1171191,-0.21005609000000014,-7.026923083459205,-11.965693053176167,Gomti,2,2,12.541431040140845
4595,8.789902,8.1730924,17.43296,15.537297500000001,-0.6168095999999998,-7.017252297010819,-10.874013936818534,Amanat,4,4,36.30744751830986
3719,9.5517098,8.8815192,16.95239,17.4679585,-0.6701905999999997,-7.016446416745197,3.0412732363991184,Berach,4,4,45.96265318028169
4003,42.6268184,39.6421232,81.48899,72.1288625,-2.9846951999999973,-7.001918773276302,-11.486370735482184,Gomti,2,2,164.0958122253521
4728,21.2554716,19.7674919,40.472546,40.533305,-1.4879797000000003,-7.000454885225883,0.15012398775208594,Karmanasa,3,3,76.34757843133802
4099,1.66701294,1.55056875,3.0924573,3.22587015,-0.11644418999999995,-6.985200126880836,4.314137174990259,Gudne,5,5,11.436247201056338
4095,656.40921,610.66286,1197.0288,1092.68185,-45.74635000000001,-6.969181617668041,-8.71716286191277,Yamuna,1,1,3034.1443494483565
4094,654.414928,608.9005999999999,1188.6532,1082.9216999999999,-45.51432800000009,-6.954964817061766,-8.895067123026305,Yamuna,1,1,3027.617977535211
4084,24.7612088,23.040877,46.73985,48.1869925,-1.7203318000000003,-6.947689080510481,3.096164193937305,Tons,2,2,141.29261293075118
4838,2904.1983800000003,2702.6866999999997,5159.778,5249.91845,-201.51168000000052,-6.93863344142491,1.746983106637531,Ganga,1,1,11900.703923356807
4073,9.6372056,8.973552300000001,17.799555,18.725548500000002,-0.6636532999999982,-6.886366521017235,5.202340732675624,Satna,4,4,59.1907794455399
2959,2906.73998,2707.32934,5159.978,5252.59275,-199.41064000000006,-6.8602847647900065,1.7948671486583805,Ganga,1,1,11915.043745187793
3743,0.834224124,0.777285227,1.5046331,1.4408679000000002,-0.05693889699999999,-6.8253716671468485,-4.237923517700079,Khari,3,3,4.719541152159625
3434,32.802958800000006,30.5656219,63.121258,62.3779785,-2.237336900000006,-6.820533823308664,-1.177542279021118,Banas,3,3,160.276376778169
2912,4.0605359199999995,3.78420089,9.112777,8.665883000000001,-0.27633502999999937,-6.805383216509002,-4.9040374849510595,Padma,1,1,18.93275565559859
4587,1.79203314,1.67039827,3.446285,3.1841265,-0.12163487000000006,-6.787534632311547,-7.606988394749707,Sukri,5,5,7.704470144084507
4068,47.1534486,43.9545002,88.82688,93.10436999999999,-3.198948399999999,-6.784123950586298,4.815535567611951,Tons,2,2,242.86847492605634
4594,7.9176280000000006,7.38345609,15.684859,14.1189735,-0.5341719100000004,-6.7466154004709535,-9.98342095392761,Amanat,4,4,32.56861189201878
3298,36.2250492,33.7887864,90.44715,71.602875,-2.4362628000000015,-6.725354012769709,-20.834570243506843,Yamuna,1,1,230.6052507370892
4075,18.541114,17.296445900000002,33.973804,35.6474705,-1.2446680999999984,-6.713016812258413,4.926344132673504,Tons,2,2,109.14335069424882
4573,1976.7627,1844.45739,3604.483,3598.26435,-132.30530999999996,-6.693029466814604,-0.1725254356866228,Gandak,2,2,8135.356976525822
4917,2.06305244,1.92501339,4.314363,3.9484123,-0.13803904999999994,-6.691010239177437,-8.482149044945915,Burhi Gandak,2,2,9.641221449882629
3714,3.7295221200000004,3.48026489,6.956608,8.1708945,-0.24925723000000044,-6.683355721724488,17.455151993615267,Banas,3,3,19.94649554471831
3939,10.4020798,9.7092664,19.533665,19.684764,-0.6928133999999986,-6.660335368701927,0.7735312344099384,Karmanasa,3,3,38.767669865140846
4066,28.1446286,26.2742168,52.1399,55.124401000000006,-1.8704117999999994,-6.645714983782018,5.724025170742577,Tons,2,2,155.24700690023474
2973,2925.19464,2731.0755000000004,5197.9116,5216.30875,-194.1191399999998,-6.63611020427686,0.3539334912890743,Padma,1,1,11970.29781173709
4160,2.05745866,1.9209585200000001,3.7331493,3.2945678000000003,-0.13650013999999988,-6.634404989697333,-11.748297878148076,Jamni,4,4,13.472468126877935
2960,2918.66296,2725.08997,5185.616,5203.285,-193.57299000000012,-6.63224882944347,0.34073097583777645,Ganga,1,1,11957.178962558684
2910,1.6053818,1.49955513,3.613025,3.49101555,-0.1058266699999999,-6.591993879586769,-3.376933456037524,Padma,1,1,7.561889157359155
5093,15.5290044,14.5080171,30.534843,28.0085045,-1.0209872999999998,-6.574711898465299,-8.273625313875032,Phalgu,3,3,60.812385570422535
4148,5.5022616200000005,5.141621440000001,9.568762,9.10498075,-0.36064017999999987,-6.554398989119675,-4.846826057540153,Dhasan,3,3,38.17391395774648
3920,1.21420692,1.13463562,2.472507,2.0904519500000003,-0.07957130000000001,-6.553355831640295,-15.452132188098943,Ganga,1,1,7.291632018626761
4155,0.91727814,0.857361515,1.6462674,1.46982905,-0.059916624999999946,-6.53200184188407,-10.71747821769416,Shyamri,5,5,5.910786968051643
4243,0.798298276,0.746290215,2.1102765,2.0554872499999997,-0.052008060999999994,-6.514865754263509,-2.5963066925116323,Kail Ganga,4,4,7.05570950890845
4079,1.86372968,1.74237291,3.476322,3.7124715999999998,-0.12135677,-6.511500637796357,6.793087636875975,Tons,2,2,9.771956915504695
4297,9.7842266,9.147259100000001,17.656996,16.410182,-0.636967499999999,-6.510146647666551,-7.061303066501236,Sonar,3,3,67.81995214366198
3795,17.699587400000002,16.553857400000002,34.62147,31.340075,-1.1457300000000004,-6.4732017425445765,-9.477919337336061,Garra,4,4,86.45592862265258
4252,3.0353631200000004,2.8391239799999997,5.774277,6.202372199999999,-0.19623914000000076,-6.465096011313491,7.41383206936556,Yamuna,1,1,14.31853313169014
3516,0.29515095,0.276138614,0.69774586,0.6134443350000001,-0.01901233600000002,-6.44156354570433,-12.081981396492985,Sanwan,4,4,1.2583591843075117
4096,661.6892280000001,619.1016149999999,1214.3082,1130.5385,-42.58761300000015,-6.436195603293113,-6.898553431492914,Yamuna,1,1,3072.174189342723
4561,13.999143,13.1051139,27.3272,25.655616000000002,-0.8940291000000009,-6.386313076450471,-6.116923797535054,Phalgu,3,3,55.41487341115024
3524,4.0068305,3.7534058000000003,9.176756,8.4397915,-0.25342470000000006,-6.324817084226549,-8.030773619784586,Banganga,4,4,16.1511086221831
3478,1.14216746,1.06996992,2.0811374,1.9260771,-0.07219754000000012,-6.321099359633315,-7.4507478458654255,Betwa,2,2,5.582449805199531
4735,4.3563425,4.0817575,8.915864,8.280649,-0.2745850000000001,-6.303108628396414,-7.124547884534789,Banganga,4,4,26.863708005164316
5103,65.2687258,61.1694792,124.915054,115.578125,-4.099246600000001,-6.280567836671327,-7.474622714408784,Garkhe,5,5,232.80058244131456
1551,3010.80124,2821.80896,5335.5283,5381.7723,-188.99227999999994,-6.277142359619859,0.866718296668011,Padma,1,1,12347.029978286386
4031,8.1787834,7.6656622,15.667468,14.7294635,-0.5131212000000005,-6.2738084004034205,-5.986956539499554,Ghaghara,1,1,33.76024160140845
3709,0.475897084,0.446045725,0.8985393,1.0481349500000001,-0.029851359000000022,-6.272650117772106,16.648759826086636,Chandrabhaga,5,5,2.386459856913145
4086,27.1127766,25.4168445,50.625214,52.6840715,-1.6959321000000003,-6.255102990816515,4.066861821068059,Tons,2,2,151.12596536384976
3395,0.6639715460000001,0.622497964,1.9077449,1.9905368,-0.041473582000000064,-6.246289054079444,4.339778342481751,Tons,2,2,5.172895636995305
3441,0.498568012,0.46742637200000003,1.0746734,0.88746765,-0.03114163999999997,-6.2462170156235315,-17.41978074454992,Bajyan,5,5,3.100237337758216
1553,3012.4278600000002,2824.42949,5341.6753,5387.1642,-187.99837000000025,-6.240759239293459,0.8515848950983652,Padma,1,1,12354.839418309859
5097,2181.4279,2047.0007600000001,3974.9575,4037.44665,-134.42714,-6.162346232025363,1.5720708963554926,Ganga,1,1,9078.888254812207
3347,0.67091502,0.629724645,1.1872357,1.09322285,-0.041190375,-6.13943253200681,-7.9186340168173786,Manki,5,5,4.394838872476526
3436,33.675036,31.6184549,64.86784,63.917916500000004,-2.056581099999999,-6.107138534313665,-1.4643982287679027,Banas,3,3,165.123107935446
4080,20.673216,19.4111489,38.47833,40.2133215,-1.2620670999999994,-6.104841646311824,4.509009356695053,Tons,2,2,120.6575960504695
3523,2.48809952,2.33720097,5.5052047,5.1940935,-0.15089854999999996,-6.06481166798344,-5.651219472365851,Banganga,4,4,10.012877088615022
4593,6.52376674,6.1283891399999995,13.03824,11.653944,-0.39537760000000066,-6.060572300597011,-10.61719986746678,Amanat,4,4,26.654744180751173
3793,3.77661774,3.54791275,7.3055754,6.6530567000000005,-0.22870498999999977,-6.055815169686721,-8.93179064307515,Khaimua,5,5,16.718070431338028
4150,0.847044606,0.7957491750000001,1.4946233,1.3782220500000002,-0.05129543099999989,-6.055812248451989,-7.787999156710576,Kathan,5,5,5.6860131036267605
3346,0.474881024,0.446144954,0.82573944,0.79195821,-0.028736070000000002,-6.051214630130178,-4.091027794433556,Kendar,5,5,3.2234827864553988
4044,679.543092,638.4230950000001,1247.2994,1223.9615,-41.1199969999999,-6.051124275132783,-1.8710744188604769,Yamuna,1,1,3142.212830492958
5196,1.03039898,0.96825957,2.5176873,2.25340235,-0.062139410000000006,-6.030616412294974,-10.497131633463773,Kosi,2,2,12.045958842946009
4109,3.45213618,3.24434578,6.5796466,6.3059635,-0.20779039999999993,-6.0191831713892565,-4.159541030668735,Betwa,2,2,18.289033552934274
3465,0.481407644,0.452482063,0.8439064,0.777889525,-0.028925581000000034,-6.0085421078191334,-7.822772169994205,Sindh,3,3,2.951592356197183
4440,3.26642876,3.07024039,7.0871034,6.6948035,-0.19618837000000022,-6.006203851817672,-5.535405339225053,Rohini,3,3,19.624927112441313
4023,1.51207154,1.4213349899999999,2.9215326,2.6182523,-0.09073655000000014,-6.000810649474967,-10.38086311273747,Gomti,2,2,6.440173275481221
4889,1.7749759,1.6690034900000001,3.5492675,3.2677778,-0.1059724099999999,-5.970357682039508,-7.930923775116974,Kosi,2,2,7.443370287910798
4232,672.8287919999999,632.668858,1239.8203,1192.38735,-40.15993399999991,-5.968819182161264,-3.8257923345826903,Yamuna,1,1,3120.9877603873238
4296,2.40788124,2.26462494,4.3153963,4.056252000000001,-0.1432563,-5.949475315485244,-6.005110121635854,Kopra,5,5,17.97555022887324
4269,2.792941,2.62760898,5.040256,4.587812749999999,-0.1653320199999997,-5.9196388323276325,-8.976592657198381,Shyamri,5,5,18.42749681056338
4082,0.77432262,0.72864007,1.440439,1.567383,-0.04568254999999999,-5.899679128578214,8.812868854564472,Mahana,5,5,4.065503977171362
3721,11.0682566,10.4163131,19.84369,20.418174,-0.6519434999999998,-5.8902094843012565,2.8950462338405902,Berach,4,4,55.14020750422535
4097,0.922881136,0.86873251,1.7097104,1.79810085,-0.05414862600000003,-5.867345629654308,5.169907722383855,Satna,4,4,5.7769352687323945
4145,3.75497408,3.5347111100000004,6.5559297,6.3846425,-0.22026296999999984,-5.865898547028048,-2.612706478533473,Dhasan,3,3,26.52985610246479
4880,31.8109994,29.9472299,64.19026,58.0658585,-1.8637695,-5.858883829974861,-9.541013698963049,Bagmati,2,2,172.79375081455402
4446,1.9627844,1.84817621,4.1529865,4.003246,-0.11460819,-5.839061590259225,-3.60561008324973,Danau,4,4,11.346115455035212
3244,0.6705733660000001,0.631474027,1.4228456,1.5013797,-0.039099339000000066,-5.83073247200815,5.519509636182586,Sota,4,4,2.3032243041431926
3472,1.98026542,1.864851,3.5410686,3.3227744,-0.11541442000000002,-5.828229833958319,-6.164641938876866,Mahuar,4,4,9.955185225539905
4540,1.30206724,1.22619037,2.4997694,2.2647023500000003,-0.07587686999999987,-5.82741564099254,-9.40354938339511,Punpun,3,3,4.601427743884977
4552,3.6140663,3.40465417,6.915262,6.4141072999999995,-0.20941213000000003,-5.794363263341351,-7.247081889305145,Ganga,1,1,13.253154115492956
3471,0.58004528,0.54652692,1.0611534,1.02282435,-0.03351835999999997,-5.778576458720597,-3.6120178289020206,Bilrai,5,5,2.7293924247417842
1523,3019.6560600000003,2845.38145,5401.1006,5433.13985,-174.2746100000004,-5.771339733307255,0.593198541793497,Padma,1,1,12407.399988380283
4251,659.9142320000001,621.85703,1221.9642,1142.7435500000001,-38.057202000000075,-5.7669921566413604,-6.483058177972787,Yamuna,1,1,3084.7140665727698
3348,1.3305260399999999,1.25402953,2.3375356,2.1971736,-0.0764965099999999,-5.749343319879701,-6.004699992590473,Kuno,4,4,8.836064239753522
3413,0.5529814040000001,0.521280325,1.1015784,1.0146576999999999,-0.031701079000000076,-5.732756792667855,-7.890559582504529,Gambhir,4,4,3.794957410492958
4254,666.4744999999999,628.34267,1232.0336,1180.4276,-38.13182999999992,-5.721423700381624,-4.18868446444967,Yamuna,1,1,3105.2621680633806
4083,1.34947284,1.2723013600000002,2.5140264,2.7364402,-0.07717147999999985,-5.718638990911432,8.84691584782085,Mahana,5,5,7.098890403638498
5096,2172.3386800000003,2048.1585099999998,3949.7256,4027.4068500000003,-124.18017000000054,-5.716427698097266,1.9667505509749863,Ganga,1,1,9044.675292957747
4204,3.53268536,3.3321245800000003,8.423665,7.40572475,-0.20056077999999955,-5.677289641215021,-12.084291694885774,Bhillangana,4,4,23.04278783673709
4074,13.7931742,13.0124968,25.202093,26.447882,-0.7806774000000001,-5.6598821176346785,4.943196582918722,Tons,2,2,81.88518053849765
4574,1.0201779400000002,0.962459589,1.998858,1.93134665,-0.05771835100000022,-5.6576748758162925,-3.3774960502446882,Gandak,2,2,4.790986071877934
4029,6.98062828,6.586420110000001,13.367426,12.4135665,-0.39420816999999975,-5.647173208311842,-7.135700620298928,Ghaghara,1,1,29.192939293896714
5098,2250.35916,2124.26209,4118.009,4127.402599999999,-126.0970699999998,-5.6034197670028725,0.22811023482463064,Ganga,1,1,9314.934237558686
4016,7.57230364,7.14889144,14.886601,13.0629245,-0.42341220000000046,-5.591590355190781,-12.250455963722015,Gomti,2,2,30.63962192382629
4357,0.62559498,0.59077032,1.1443168,1.20849375,-0.03482466000000006,-5.566646330825746,5.608320178468062,Son,2,2,3.9198720270422536
4275,15.121452399999999,14.2808943,27.308294,25.207553,-0.8405580999999991,-5.558712733176339,-7.692684867095687,Sonar,3,3,106.72786683568076
5171,0.925444064,0.87404445,1.6938652,1.6616464,-0.05139961400000004,-5.554048699371206,-1.9020876041375725,Jam,5,5,3.927423647511737
4216,1.34759504,1.27298211,3.2867143,2.669562,-0.07461293000000002,-5.536747152171176,-18.777181211034982,Pashchimi Nayar,4,4,10.208162341021128
3558,0.776697542,0.73385217,1.457223,1.2690044999999999,-0.04284537199999994,-5.516352207021654,-12.916245488851061,Kali,3,3,3.1758127157746476
3763,0.56205896,0.531209101,0.993153,0.959538665,-0.030849859000000035,-5.488722926861629,-3.38460791036225,Bilas,5,5,3.9359082421713616
4925,23.8516036,22.542650000000002,47.84877,43.926786,-1.3089535999999988,-5.48790606263471,-8.196624490033917,Bagmati,2,2,140.3773129600939
4246,1.91167548,1.80680279,3.6598525,3.94336555,-0.10487268999999988,-5.48590443813193,7.746570387741043,Garara,5,5,9.20449491056338
4493,38.92841000000001,36.793709400000004,81.77144,93.294399,-2.134700600000002,-5.4836573083771,14.09166696832048,Gandak,2,2,255.6173238955399
3728,0.480921784,0.45460582,0.949788,1.0034456,-0.026315964000000025,-5.471984192755973,5.649429135765042,Jashma,5,5,2.8185792321478873
4267,1.41535398,1.338208,2.552989,2.332985,-0.07714597999999984,-5.450649172583656,-8.617506773433034,Shyamri,5,5,9.62944993173709
4054,2.0509468799999997,1.93980655,3.642662,4.1065016,-0.11114032999999979,-5.418976526588529,12.733533882638564,Belan,3,3,11.030430270539906
4186,0.6114054999999999,0.578447224,1.0580493,0.98404393,-0.0329582759999999,-5.390575649057769,-6.994510558250921,Sanr,5,5,3.9169138279694833
3386,25.9055638,24.516648,46.61181,43.2033135,-1.3889157999999995,-5.361457525969767,-7.312516935085761,Sindh,3,3,129.7121050504695
4882,38.747491000000004,36.6906224,77.62668,71.07036249999999,-2.0568686000000014,-5.30839170980129,-8.445958915156499,Bagmati,2,2,195.9770276314554
4895,8.5054062,8.054726,17.405722,16.275107,-0.450680199999999,-5.298749870405942,-6.495651257672634,Kosi,2,2,39.38707007664319
4892,3.58029244,3.39226255,7.5526824,6.85151365,-0.18802989000000014,-5.251802559457968,-9.283704952296153,Kosi,2,2,17.641931084624414
3534,13.820419200000002,13.095475200000001,27.516977,24.112392999999997,-0.7249440000000007,-5.24545594101806,-12.372667244661372,Hindon,3,3,55.97218607535211
4081,3.49498014,3.3142432900000003,6.5081496,6.95871735,-0.18073684999999973,-5.171326953520248,6.923131422793344,Mahana,5,5,18.53899802488263
3970,2.0387968200000004,1.9335858499999998,3.8676043,3.85347475,-0.10521097000000057,-5.160444089764695,-0.36533080698043036,Karmanasa,3,3,7.814021209859155
5099,2306.59856,2188.05733,4221.6855,4212.925,-118.54122999999981,-5.139222405480034,-0.20751190490147622,Ganga,1,1,9570.365378403756
3915,1.21184964,1.15013465,2.6474688,2.3307446,-0.061714990000000025,-5.092627662950003,-11.96328357108495,Song,4,4,10.421104558579813
5101,2314.42472,2197.17555,4244.236,4220.340700000001,-117.24917000000005,-5.066017874195539,-0.563005921442616,Ganga,1,1,9593.637620187794
4731,1.205498,1.14459531,2.5511334,2.2935698999999996,-0.06090269000000004,-5.052077232811671,-10.096042018030115,Surai,5,5,6.588389262664319
5135,5.0301386400000005,4.77630597,9.610484,9.1429245,-0.2538326700000004,-5.046236061596911,-4.865098365493353,Kiul,3,3,20.44852296326291
4893,5.24148048,4.9784235,10.938397,9.806926,-0.26305698,-5.018753403809299,-10.344029385658606,Kosi,2,2,24.270359836150234
3341,0.832585368,0.7908287190000001,1.4438695,1.3935955999999998,-0.04175664899999998,-5.01529940410867,-3.4818866940537285,Karai,5,5,5.701916409131455
5107,2321.2140400000003,2204.9473,4258.304,4228.6263,-116.26674000000048,-5.008876303367546,-0.696937090447281,Ganga,1,1,9613.561154812207
4442,1.35991922,1.29197458,2.752012,2.7369391,-0.06794464000000011,-4.996226172904601,-0.5477047338456473,Gandak,2,2,10.915087246009389
3880,2.8024818600000003,2.66264424,5.369953,4.8752313,-0.13983762000000022,-4.989777882094844,-9.212775232855847,Gangan,4,4,12.29170209084507
3414,35.388322,33.6225811,68.210945,67.11836,-1.7657409000000044,-4.989614653105068,-1.6017737329397794,Banas,3,3,175.11546557511736
4555,5.6284194,5.34760037,10.918701,10.5272335,-0.28081902999999997,-4.9893053456535235,-3.5852937084732055,Mohana,4,4,23.807381749765256
4298,12.1540312,11.5493831,21.860373,20.433934,-0.6046481000000004,-4.974876977442681,-6.525227177047705,Sonar,3,3,85.82632888943662
5108,2325.18096,2209.51618,4266.3203,4231.66035,-115.66478000000006,-4.974442075252503,-0.8124085291955272,Ganga,1,1,9626.806766901407
4911,11.1483498,10.59874795,21.96993,20.7830205,-0.5496018500000002,-4.929894198332386,-5.402427317701978,Bagmati,2,2,82.27911772453052
4918,4.51449408,4.2935944500000005,9.511873,8.5634655,-0.2208996299999999,-4.893120382605527,-9.970775471876046,Bakalya,5,5,27.137877312676057
3415,36.0120112,34.2584497,69.330925,68.8259975,-1.7535615000000035,-4.869379525240189,-0.7282861147460441,Banas,3,3,179.44346046948357
3770,0.84205574,0.801060854,1.4623429,1.4286471,-0.04099488600000001,-4.868429018725055,-2.3042338428285074,Khul,4,4,5.896733264683099
4002,33.4670682,31.839186899999998,63.73649,58.147695,-1.627881300000002,-4.8641287915384295,-8.768595509416983,Gomti,2,2,131.3814910528169
4864,2353.2190800000003,2239.40559,4309.2056,4275.56105,-113.81349000000046,-4.836502090574603,-0.7807599154702662,Ganga,1,1,9725.419900938967
4306,4.9618654,4.725982900000001,8.832247,8.478639,-0.23588249999999888,-4.7539076735132495,-4.003601801444199,Sonar,3,3,34.5456753100939
4921,19.476720200000003,18.5564283,39.17178,36.666793999999996,-0.9202919000000023,-4.725086619049968,-6.394874064951867,Bagmati,2,2,125.42222723767605
3522,1.47701552,1.40731979,3.4929307,3.1761848,-0.06969572999999984,-4.71868636830572,-9.068198805089374,Sanwan,4,4,6.04506612761737
4374,0.7730513960000001,0.73659585,1.3947229,1.54277695,-0.036455546000000005,-4.715798482304274,10.615302150699598,Son,2,2,4.951199801971831
3794,15.194888800000001,14.486226700000001,29.943047,27.567112,-0.7086620999999997,-4.66381892837544,-7.9348471115848636,Deoha,4,4,78.47645806760563
4303,0.616389888,0.58773734,1.0939034,1.0694755,-0.028652548000000055,-4.64844549818443,-2.2330948052634314,Sonar,3,3,4.483229234800469
3455,23.4014712,22.3200679,41.37139,38.795225,-1.081403299999998,-4.62109108764067,-6.226923968471923,Sindh,3,3,121.60237837793429
3916,3.12401096,2.97984838,6.641464,5.870163,-0.14416258000000015,-4.614663067635337,-11.61341836679383,Song,4,4,23.71971186584507
4490,48.192127,45.970668200000006,101.08537,113.61234999999999,-2.2214587999999935,-4.609588615999442,12.392475785566196,Gandak,2,2,329.7532961584507
5138,6.39949754,6.10817048,12.245229,11.838474,-0.2913270599999995,-4.552342714081261,-3.321742696686199,Kiul,3,3,25.861138388497654
4916,13.2555358,12.657247199999999,26.543787,24.8625915,-0.5982886000000018,-4.5134999371357125,-6.333668590695058,Bagmati,2,2,92.57366429061034
4556,5.340051,5.1007737099999995,10.278648,9.590568999999999,-0.23927729000000042,-4.480805333132594,-6.694255898246558,Lilajan,4,4,21.816349767018778
4060,0.751055036,0.7174731480000001,1.347099,1.4925358499999999,-0.03358188799999995,-4.471295230087499,10.79630004921686,Belan,3,3,4.09249946859155
4888,2.30644296,2.2033736000000004,4.900404,4.41926685,-0.10306935999999967,-4.46875824754841,-9.818316000068574,Kosi,2,2,11.123728404342724
4855,2.85930728,2.7326953300000003,6.9565864,6.26806995,-0.12661194999999958,-4.428063779140225,-9.897331973049308,Kankai,4,4,18.7342214971831
4620,0.569625508,0.54459444,1.0241846,1.1415225000000002,-0.02503106799999999,-4.394302510764668,11.45671395566779,Mayar,5,5,3.036515853685446
3342,1.62669988,1.55524869,2.8069022,2.7893739999999996,-0.07145119000000011,-4.392401504326668,-0.6244677851618966,Kuno,4,4,10.298120720915493
3769,0.7095006,0.6784171160000001,1.2684603,1.24028875,-0.03108348399999994,-4.381037028016599,-2.2209248488108106,Banganga,4,4,4.052384351525822
3245,0.93070458,0.8899873699999999,2.0031137,2.05017,-0.04071721000000006,-4.374880157998154,2.3491577138132467,Sota,4,4,3.3575849691666666
4167,3.1052495600000003,2.97028954,5.380467,5.17998195,-0.1349600200000003,-4.3461891674819295,-3.726164476057564,Narain,5,5,21.01359794812207
4053,0.822520448,0.786869204,1.4596084,1.607409,-0.03565124399999997,-4.3343899943992605,10.126044766527793,Belan,3,3,4.401862761995305
4431,95.45090400000001,91.31763690000001,195.98485,217.7752,-4.133267099999998,-4.330254535881606,11.118384915976934,Gandak,2,2,697.3861592488263
3862,0.93390728,0.893540455,1.8684994,1.7084744,-0.040366824999999995,-4.322358960516937,-8.564359185772275,Ramganga,2,2,4.233813783802817
4733,1.76041654,1.68457141,3.6193573,3.4273057,-0.07584513000000004,-4.308362724199355,-5.306234894244901,Banganga,4,4,10.856698848356807
3343,2.91102622,2.7860870699999998,5.0335574,4.9247125,-0.12493915000000033,-4.291928019803281,-2.1623851950113897,Kuno,4,4,19.044579765845068
4271,28.84699,27.6123882,52.609325,49.3343905,-1.2346018,-4.279828848694439,-6.2250076388549,Sonar,3,3,204.55850189788734
3473,2.74338368,2.6261816,5.0023584,4.683073950000001,-0.11720208000000021,-4.272172385307774,-6.382678418243675,Mahuar,4,4,13.541532497769952
4835,2700.12786,2584.8952,4923.616,4979.290650000001,-115.23266000000012,-4.267674198213714,1.1307675090827725,Ganga,1,1,11353.386415023475
5169,1.02521734,0.98174779,1.9456455,1.92692795,-0.04346954999999997,-4.240032654929536,-0.9620226295077835,Garhi,5,5,4.6339626638380285
4863,2674.72088,2564.34562,4885.9863,4953.1982,-110.3752599999998,-4.1266085304571964,1.375605576298899,Ganga,1,1,11288.112461971832
4910,7.07675868,6.785765349999999,13.869853,13.569074,-0.29099333000000094,-4.111957792518664,-2.1685810224520785,Bagmati,2,2,56.80561226960094
3332,43.560448,41.773018,83.99947,82.4920425,-1.7874300000000005,-4.103332454248405,-1.794567870487761,Banas,3,3,217.0680951302817
4069,0.7114669920000001,0.68232965,1.3404976,1.44088145,-0.029137342000000066,-4.0953891505342055,7.488551266335729,Asrawal,5,5,4.05433310362676
3454,20.1125638,19.2931465,35.41434,33.419037,-0.8194173000000013,-4.074156373838333,-5.634166837501418,Sindh,3,3,109.48894129107981
2913,4.62150816,4.43404654,9.741824,9.518093,-0.18746162000000055,-4.056286681964888,-2.296602771719126,Ichamati,4,4,20.5486154814554
5179,1.1288081200000002,1.08366358,2.2853215,2.2969771000000003,-0.04514454000000012,-3.999310352232416,0.5100201437741054,Gandak,2,2,9.7308103925
3486,0.597294008,0.573521167,1.0430291,1.0266795,-0.02377284099999999,-3.980090320946262,-1.5675113954155329,Indar,5,5,3.6277019907981223
4900,6.48331858,6.225526670000001,13.500291,12.338883500000001,-0.257791909999999,-3.976233881136827,-8.602833079672129,Kosi,2,2,30.544672680399064
4834,2677.3302,2571.05307,4899.728,4959.49585,-106.27712999999994,-3.969518963331454,1.2198197532597765,Ganga,1,1,11304.784295774649
4143,1.92456208,1.84839631,3.3054173,3.3145546,-0.07616577000000002,-3.957563686384178,0.2764340829220065,Dhasan,3,3,13.833526857629108
4836,2700.00896,2593.61492,4949.243,4969.4212,-106.39404000000013,-3.940506923354807,0.4077027537342454,Ganga,1,1,11372.114455633804
3460,3.4510264200000003,3.31563435,6.39091,5.9380422500000005,-0.13539207000000042,-3.923240610832542,-7.086123102969677,Mahuar,4,4,16.96638480399061
5172,1.45879058,1.4019778900000002,2.7631962,2.65659725,-0.05681268999999989,-3.8945062285773666,-3.8578132815903547,Lilajan,4,4,6.432846996478874
4070,2.2136226,2.127639,4.117984,4.5449470000000005,-0.08598360000000005,-3.8842935557307756,10.368253009239488,Satna,4,4,12.542016350352114
3301,1.6599728200000001,1.59556293,3.6954372,3.0603838999999997,-0.06440989000000008,-3.880177387482771,-17.184794805875754,Hindon,3,3,7.0702225384037565
3869,5.5852089,5.37243119,10.827518,10.018205,-0.21277770999999923,-3.809664308169373,-7.474593900467305,Gangan,4,4,24.334819227816904
4434,103.01590900000001,99.0941645,212.42085,226.547915,-3.9217445000000026,-3.806930927532758,6.650507706752886,Gandak,2,2,729.1502404248826
4438,111.295976,107.06050450000001,223.71088,238.81955,-4.2354714999999885,-3.805592665812094,6.753659008448758,Gandak,2,2,759.6068507523473
3748,0.881561568,0.848084874,1.5279849,1.65654785,-0.033476693999999974,-3.7974311965468956,8.413888775995092,Aheli,5,5,4.973562202664319
3400,1.5149751,1.45763438,3.5866473,3.5546226499999998,-0.05734072000000001,-3.7849282143317087,-0.8928853974574059,Dhund,5,5,8.286974962629108
4285,1.14277834,1.09972107,2.0689707,1.98435345,-0.043057270000000036,-3.7677709222245177,-4.089823504992119,Bearma,3,3,9.217000836643193
4142,0.70675272,0.680257683,1.2515266,1.2171929000000001,-0.026495037,-3.7488411788496547,-2.7433456068772255,Dhasan,3,3,5.088048887100939
5080,4.69489348,4.52108834,11.25635,10.9854225,-0.1738051399999998,-3.7020039057414316,-2.4068858910748077,Kuliki,5,5,26.409610686502344
3521,0.885254828,0.8524883,2.0638475,1.9569602499999998,-0.03276652800000002,-3.701366766225647,-5.179028489265812,Sanwan,4,4,3.6710523127934276
3435,0.904603852,0.871163166,1.8667544,1.63340685,-0.03344068600000005,-3.6967216009599806,-12.500174098960205,Galwa,5,5,5.815351964671361
4184,2.25500524,2.1721276499999997,3.9176102,3.8481338,-0.08287759000000028,-3.6752726126703053,-1.7734383068535025,Narain,5,5,15.719823625234742
2918,2.4438301,2.35477437,4.648119,4.8051698,-0.08905573000000011,-3.6441048009024897,3.378803339587465,Ichamati,4,4,12.03756822652582
3712,2.63664246,2.5427664599999997,5.1847415,6.03045485,-0.09387600000000029,-3.56043723880561,16.31158178281404,Banas,3,3,13.9221176907277
4012,4.4733842,4.314624950000001,8.605992,7.99867085,-0.15875924999999924,-3.5489741748540005,-7.056956943487753,Gomti,2,2,18.94160175774648
4125,1.3432067200000002,1.29584067,2.4049342,2.3964913,-0.04736605000000016,-3.5263410534456043,-0.35106573809794545,Sonar,3,3,8.976231531314554
4565,38.055346,36.716919399999995,76.47469,69.08975000000001,-1.3384266000000054,-3.5170527683548203,-9.656711259633726,Koel,3,3,165.44569190962443
3724,15.5061442,14.9699367,28.027792,30.083112999999997,-0.5362074999999997,-3.4580324617386164,7.333153464247186,Banas,3,3,78.35306833685445
5077,5.9883828,5.78225268,14.680715,13.7997485,-0.20613012000000008,-3.4421667232094797,-6.000841920846495,Tangon,5,5,35.41306835023474
3722,14.9367976,14.426096450000001,27.047878,28.899635,-0.5107011499999992,-3.419080606675685,6.846219137782265,Banas,3,3,75.0891224988263
3850,4.87618736,4.71050306,10.135975,8.798041000000001,-0.16568430000000056,-3.397824730016128,-13.199854972017974,Baur,4,4,25.550173559389673
4600,31.5038038,30.4353824,63.43087,58.38443,-1.0684213999999983,-3.3914044373270196,-7.955810790550401,Koel,3,3,139.27399572887325
4542,1.3709884,1.3247268200000002,2.6737387,2.4966185999999997,-0.04626157999999991,-3.374323225491908,-6.624435663814128,Ganga,1,1,5.13697661016432
4598,28.286845600000003,27.3344509,57.39346,52.4759385,-0.9523947000000028,-3.3669173066084213,-8.568086851707493,Koel,3,3,125.72937177112676
4113,97.8660308,94.5933356,176.94289,169.81103000000002,-3.272695200000001,-3.344056332158922,-4.030599929728733,Betwa,2,2,586.805453463615
4307,2.13998696,2.06849506,3.7599592,3.7430415,-0.07149189999999983,-3.3407633474551566,-0.4499437121551754,Bearma,3,3,15.659296978521127
5125,6.19264248,5.9865651,12.863464,12.7809785,-0.20607737999999998,-3.3277777728256646,-0.6412386274801302,Burhi Gandak,2,2,34.648594546009384
4907,5.28620388,5.11154757,10.686724,10.336784999999999,-0.17465631000000048,-3.3040025312077157,-3.2745207979545548,Bagmati,2,2,39.94799886889671
4372,6.61687868,6.399988029999999,12.417411,13.8786615,-0.21689065000000074,-3.2778393029264477,11.767754969212184,Johilla,5,5,30.71416662640845
4611,19.6694344,19.0274475,37.82189,44.730410000000006,-0.6419868999999991,-3.2638808363498195,18.265930126707055,Kanhar,3,3,91.40969545539906
5078,14.0306853,13.574084099999999,33.701702,31.173128,-0.4566012000000015,-3.2543043353698584,-7.502808018419957,Tangan,4,4,74.25595527758216
1562,3.00301942,2.90576007,7.5759125,7.17258415,-0.0972593500000003,-3.238718649378574,-5.323825347771647,Punarbhaba,4,4,18.983422844248828
3971,3.6112557400000003,3.49452014,6.8735275,6.87969215,-0.11673560000000016,-3.232548686790046,0.08968684565531379,Karmanasa,3,3,14.19378905516432
2914,8.2175902,7.9564543,18.325678,17.686183,-0.2611359000000002,-3.1777673702930596,-3.48961168039731,Kalindi,5,5,41.62069646079812
5139,9.9349692,9.6204319,19.205801,18.3690445,-0.3145372999999996,-3.1659615009173816,-4.356790430141393,Kiul,3,3,38.67125150762911
3248,2.87793512,2.78748528,6.400764,6.1941042500000005,-0.09044984000000023,-3.1428727969378345,-3.228673170890212,Sota,4,4,10.468388803521128
4844,3.6025157400000003,3.4897803,9.099404,8.2061205,-0.11273544000000024,-3.1293531558588064,-9.816945153770499,Mechi,4,4,25.126396564788735
3739,1.07022488,1.03689085,1.915515,1.9038768,-0.033334030000000014,-3.1146753007648273,-0.6075755084141943,Kadmali,5,5,4.472715411983568
3929,1.27478978,1.2355055000000001,2.4699616,2.377714,-0.03928427999999995,-3.0816280940062093,-3.734778710729749,Ganga,1,1,5.804889239143192
3767,0.51564152,0.49984765600000003,0.89262104,0.93481562,-0.015793863999999935,-3.0629542787787796,4.727042956549622,Bamnidai,5,5,3.2200688427230046
4577,119.32388,115.694438,239.64879,253.321405,-3.6294419999999974,-3.0416727984373266,5.705271868887804,Gandak,2,2,786.349094399061
4780,1.85403604,1.79780403,3.5179365,3.3990929000000003,-0.05623201,-3.032951290418281,-3.3782190212927237,Sharda,2,2,8.557980945950705
4124,1.14068676,1.10639427,2.027352,2.03108405,-0.0342924899999999,-3.00630209822019,0.184084954166814,Dehar,5,5,7.810166503462441
2978,2.55650646,2.48140709,4.9469886,4.863678999999999,-0.07509937000000022,-2.9375779476810013,-1.6840467350177568,Barnar,5,5,10.927676649413145
3702,19.248932,18.6893859,34.923027,37.602985000000004,-0.5595460999999986,-2.906894263016767,7.673899516213203,Banas,3,3,97.93244689143194
3772,1.9195032,1.8646241099999998,3.3034663,3.4297172,-0.05487909000000024,-2.8590257104025794,3.8217704839307607,Khul,4,4,12.914155919953052
3704,17.7735516,17.2663412,32.436764,35.075854,-0.5072104000000017,-2.8537368974696182,8.136107535264625,Banas,3,3,90.91093870715962
4286,2.04215282,1.98416015,3.6998634,3.54636825,-0.05799267000000019,-2.8397811090357177,-4.148670732005941,Bearma,3,3,16.001703474647886
3887,0.83462236,0.810935174,2.0010002,1.71685555,-0.02368718599999997,-2.8380722989496676,-14.200131014479659,Kosi,2,2,7.825473060105634
4274,45.0373692,43.7615363,81.18134,87.500315,-1.2758328999999975,-2.832831763183888,7.783777651366675,Ken,2,2,310.7332513568075
4250,55.5123162,53.9401293,99.819176,107.447855,-1.5721868999999984,-2.8321406988959295,7.642498471435995,Ken,2,2,373.2114139471831
4605,35.3273212,34.330928,71.448235,65.151347,-0.9963932,-2.82046066940394,-8.813217009489453,Koel,3,3,155.84434914788733
4856,7.8550116999999995,7.63440466,18.989592,16.877308,-0.2206070399999991,-2.80848773274264,-11.123377479621464,Kankai,4,4,50.70071109953052
2807,2.6495559600000003,2.5754891900000003,5.130922,5.1462765,-0.07406676999999995,-2.7954408632305294,0.29925420811308256,Mohana,4,4,11.702358607629108
3461,15.907713000000001,15.464001,27.973164,26.649812500000003,-0.44371200000000144,-2.7892884413994734,-4.730789480946802,Sindh,3,3,90.82553662382628
3922,1.91714424,1.8640632700000002,3.7649207,3.44712635,-0.053080969999999894,-2.7687520267123924,-8.440930774451632,Malin,5,5,9.759543986854458
4019,28.8867754,28.091321,55.55286,51.160471,-0.7954544000000006,-2.753697458387829,-7.906683832299545,Gomti,2,2,115.38702075234741
4354,1.39177558,1.35365066,2.5515125,2.7057035000000003,-0.03812492000000001,-2.7393008289454257,6.043121481866164,Banas,3,3,9.013912445504696
4384,1.26643184,1.2317778700000002,2.4077964,2.7113459,-0.03465396999999992,-2.7363470267772105,12.606942181656219,Son,2,2,6.889531686584506
5173,9.391011200000001,9.13749335,19.000309,18.6326695,-0.2535178500000015,-2.6995798918864184,-1.934913269042113,Gandak,2,2,89.19965830352113
4122,67.960734,66.13019899999999,122.44268,136.126175,-1.8305350000000118,-2.693518583834029,11.175429188580317,Ken,2,2,416.2960502535211
4259,56.4415348,54.924387,101.36267,111.447555,-1.5171477999999965,-2.687998838755881,9.949308754396466,Ken,2,2,376.76696834741784
3725,15.9601302,15.533494300000001,28.922058,30.981842,-0.42663589999999907,-2.6731354610127123,7.121844510511667,Banas,3,3,80.688094125
3437,0.77501378,0.75434161,1.5173471,1.4599041499999998,-0.02067216999999999,-2.6673293473568935,-3.7857488243790898,Chakan,5,5,5.161760491279343
4824,3.84601252,3.74465951,9.132554,8.3144275,-0.10135300999999997,-2.6352750926562236,-8.958353818657956,Ratua,5,5,24.524309958685446
4589,5.48371512,5.33984678,10.802524,10.1023565,-0.14386834000000004,-2.6235560537287728,-6.481517652726336,Auranga,4,4,24.4007448528169
1548,9.6314666,9.3792124,23.715012,22.6061295,-0.25225419999999943,-2.6190632276085495,-4.675867336689519,Punarbhaba,4,4,55.655701695774646
4277,48.483119,47.2169875,87.70643,92.61122499999999,-1.2661315000000002,-2.6114893722080876,5.592286677270975,Ken,2,2,332.7611062464789
4846,9.8653672,9.6096241,25.35717,23.429474499999998,-0.2557431000000001,-2.592332295548007,-7.602171299084253,Mechi,4,4,72.13677660915492
4273,41.8256352,40.7488327,75.53491,82.0242325,-1.0768024999999994,-2.574503638381084,8.59115672475151,Ken,2,2,290.8415646725352
3576,0.834278676,0.813026247,1.4361374,1.4516361500000001,-0.021252429000000017,-2.5474016790044405,1.0791968790729993,Baleti,5,5,5.779907826737089
3773,2.43698308,2.37493385,4.2218914,4.417763000000001,-0.062049229999999955,-2.546149397147228,4.639427721897374,Khul,4,4,16.235426600704226
4281,49.1145548,47.8767431,88.74335,93.559048,-1.2378117000000017,-2.5202543422016355,5.426545200288244,Ken,2,2,337.3733527370892
5119,2.44073692,2.3798126500000003,5.3081546,4.986508300000001,-0.06092426999999967,-2.4961424355394954,-6.059474982134081,Burhi Gandak,2,2,14.602943202582159
4601,34.2748942,33.4203047,69.040474,63.396717,-0.8545894999999959,-2.4933395709796122,-8.17456293825561,Koel,3,3,151.00797975821595
2971,70.610309,68.853119,164.97313,154.866165,-1.7571899999999943,-2.488574295858122,-6.126431013341387,Padma,1,1,365.8362425058686
3757,0.827523924,0.80703522,1.434125,1.42194055,-0.020488703999999913,-2.475904732876329,-0.8496086463871785,Garni,5,5,6.0888898849999995
4293,0.596973008,0.5823319929999999,1.0733429,1.05284775,-0.014641015000000035,-2.4525422094125964,-1.9094690056644645,Bearma,3,3,4.286337623638498
1549,16.181261799999998,15.7862128,38.68003,37.241035,-0.39504899999999843,-2.441397987887437,-3.720253060817185,Punarbhaba,4,4,83.82393540669014
4260,61.2212484,59.7266503,110.375755,123.5413,-1.4945980999999975,-2.441306146249702,11.927931999196751,Ken,2,2,394.7518327558686
4842,6.12061788,5.97367266,16.177488,14.922366499999999,-0.1469452200000001,-2.4008232972714203,-7.758444945222653,Mechi,4,4,45.982861709037564
4101,3.2594004,3.18144474,6.1128545,6.58112745,-0.0779556600000002,-2.391717814110847,7.660462881948201,Satna,4,4,22.693799749178403
1560,2.3219201199999997,2.26641418,5.5141797,5.30622935,-0.055505939999999754,-2.3905189296520573,-3.7711928394353915,Tangan,4,4,12.80849325786385
3432,25.391294,24.7968697,48.10307,50.194812,-0.5944243,-2.3410555602246976,4.3484584247949165,Banas,3,3,129.93083479929578
4126,2.6149334,2.55463673,4.639599,4.7190563,-0.06029667000000005,-2.3058587266505546,1.7125898164906173,Sonar,3,3,17.78995183673709
4283,50.3159122,49.1707552,90.87305,95.2298475,-1.1451569999999975,-2.2759340930720473,4.7943779811506255,Ken,2,2,346.807755971831
4922,1.30292422,1.27327226,2.4298148,2.4617820000000004,-0.029651960000000033,-2.275800813649779,1.3156229026179451,Burhi Gandak,2,2,5.448057763697183
4049,0.70062348,0.6850275539999999,1.3471671,1.23079205,-0.015595926000000038,-2.2260067561538244,-8.638501489533112,Gomti,2,2,2.8980645050000002
3718,1.55991058,1.5252946,2.903017,3.40291715,-0.03461597999999988,-2.2191002768889407,17.220021446653593,Kothari,4,4,9.10018291842723
4566,195.916334,191.609375,344.1799,400.61131,-4.306959000000006,-2.1983664720880323,16.395905164711834,Son,2,2,897.7547210446008
4352,0.70234463,0.687099414,1.2457862,1.3990817,-0.015245216000000061,-2.1706175784386734,12.305121055282202,Banas,3,3,4.550386894330986
4820,3.49795764,3.42325954,8.414377,7.4771604499999995,-0.07469809999999999,-2.135477546835015,-11.13827619085763,Bakra,5,5,23.663452589788733
4287,5.84219394,5.718037,10.5502615,10.296268,-0.12415693999999977,-2.1251766249991997,-2.4074616539125593,Bearma,3,3,42.46830070093897
4624,1.53950426,1.5069075,3.1565223,3.0012993,-0.03259675999999989,-2.1173543228779304,-4.917532184074857,Kanhar,3,3,8.373316915305164
4614,192.650488,188.578494,336.5042,395.334735,-4.0719939999999895,-2.113669185203408,17.48285311149162,Son,2,2,885.8512197183098
3771,1.40624918,1.37665441,2.4419093,2.54713475,-0.029594770000000103,-2.104518204945734,4.309146535458966,Khul,4,4,9.63224544847418
4071,2.93353302,2.8719616500000003,5.528129,6.023918,-0.06157136999999979,-2.098881095942114,8.968477399858077,Tons,2,2,16.709264000469485
3698,0.503868986,0.493476788,0.9673488,0.989479455,-0.010392197999999964,-2.0624801860696316,2.2877637311381376,Khari,3,3,2.9396903804812204
4830,6.32042018,6.19114935,14.73773,13.8888745,-0.12927083000000028,-2.0452885459903123,-5.7597438682890845,Sui,5,5,37.000525485915496
5123,4.17546996,4.0915098,8.920165,8.332499,-0.08396016000000017,-2.0107954506754533,-6.588061992126831,Burhi Gandak,2,2,24.225594369835683
4308,1.99972718,1.9599562,3.6268392,3.5272721000000002,-0.03977098000000012,-1.9888202949764437,-2.7452857573613905,Bearma,3,3,13.348480674647888
4613,170.84748800000003,167.464449,292.6753,339.17781,-3.383039000000025,-1.9801514436080117,15.88877161824043,Son,2,2,787.3054448298122
4242,1.14926488,1.12691586,3.1587145,2.7295372,-0.022349020000000053,-1.9446361225273021,-13.587087405335293,Nandakini,3,3,8.1458907382277
3844,2.06461852,2.02489185,3.9372451,3.8190678,-0.03972666999999985,-1.924165147951877,-3.001522562057418,Khaimua,5,5,9.709602242370892
4852,3.13715124,3.0773333800000002,7.6243014,7.106768499999999,-0.05981785999999989,-1.9067572910510966,-6.787938630023216,Sudhani,5,5,21.35351345293427
3713,0.22558145599999999,0.22136335299999998,0.4301896,0.4891702,-0.004218103000000001,-1.8698802085930328,13.710373286569455,Banas,3,3,1.4564909621948356
4342,168.915244,165.771118,290.58426,334.580505,-3.144126,-1.8613630869218647,15.140615324450144,Son,2,2,780.0093979812207
4294,13.263540200000001,13.017519,23.606983,23.4153785,-0.24602120000000127,-1.854868280189638,-0.811643317572603,Bearma,3,3,95.95238725774648
4343,8.3086918,8.1551855,16.622477,16.3548565,-0.1535063000000001,-1.8475387425009564,-1.6099916997929946,Kanhar,3,3,40.555748752699536
4112,91.250052,89.576591,164.58525,158.965755,-1.6734610000000032,-1.833928817925499,-3.4143369469621367,Betwa,2,2,560.018260580986
5180,87.84603680000001,86.2525955,183.46262,205.475825,-1.5934413000000092,-1.8139023205199496,11.998741214967932,Gandak,2,2,659.5975800974179
4845,4.3074497,4.22971746,11.256906,10.514996,-0.07773224000000045,-1.8046000630024872,-6.590709738537398,Dahuk,5,5,34.37232915011737
5136,1.33543782,1.31133908,2.5818686,2.4619595,-0.02409874000000012,-1.8045572499961187,-4.644275855091933,Ulai,5,5,5.2893203682863845
3914,1.02371816,1.00530844,2.1696572,1.9628912,-0.018409719999999963,-1.7983191780050052,-9.529892556298755,Saswa,5,5,7.437593150293427
3846,10.8613138,10.6662618,21.577972,20.2402395,-0.19505200000000045,-1.7958416780113697,-6.199528389414899,Deoha,4,4,60.84225650457746
4596,18.649874,18.315785299999998,37.31822,35.427846,-0.33408870000000235,-1.79137242428556,-5.06555242988544,Koel,3,3,85.44667409859156
4373,10.472976000000001,10.2902653,18.90368,21.403727500000002,-0.18271070000000122,-1.744591986079231,13.22518948691472,Johilla,5,5,49.32539939659625
4340,58.879179,57.8539337,96.987366,113.81257,-1.0252453000000017,-1.7412696939948866,17.34783064425113,Rihand,3,3,226.3860824061033
5127,8.364746,8.2217659,17.865896,17.3794865,-0.14298010000000083,-1.7093178920196839,-2.7225586670828075,Burhi Gandak,2,2,47.94836214084508
3756,0.785081396,0.77186524,1.3566562,1.3317432999999999,-0.013216156000000034,-1.6834121999752538,-1.836345862717476,Upreni,5,5,5.694859891361502
3703,0.37395691600000003,0.367716466,0.706178,0.74912736,-0.0062404500000000085,-1.6687617565013846,6.081945345224582,Banas,3,3,2.3211312381338027
5178,86.448564,85.029264,180.52675,203.820115,-1.419300000000007,-1.6417855130595422,12.902999140016643,Gandak,2,2,649.0847378931925
4822,9.8459216,9.6894579,22.73348,21.4571885,-0.15646369999999976,-1.5891219365386757,-5.614149263553135,Parman,5,5,58.31825588086855
4302,4.9650777800000006,4.88661624,9.309011,10.16654125,-0.07846154000000016,-1.5802680940075857,9.211829806625,Ken,2,2,35.18679567969484
4018,24.3342398,23.9504789,46.963173,44.135894,-0.38376089999999863,-1.5770408410292671,-6.020204384401364,Gomti,2,2,99.72064632159625
4491,72.423912,71.287237,151.57454,174.85926999999998,-1.1366749999999968,-1.569474733703969,15.361900488037083,Gandak,2,2,526.8548858039906
4535,0.8507793760000001,0.83745497,1.6823665,1.53858745,-0.013324406000000066,-1.5661411613720249,-8.546238289932665,Ganga,1,1,3.2114200679694838
3246,1.76295752,1.7359905599999998,3.9358263,3.81760775,-0.026966960000000206,-1.5296432100077038,-3.00365262562527,Sota,4,4,6.535281149870892
5081,33.912248,33.420024999999995,80.67076,77.44024,-0.49222300000000274,-1.4514608409327592,-4.0045736522130175,Mahananda,2,2,189.01590457394366
2977,2.55135294,2.51458499,5.0902123,4.906923,-0.036767950000000216,-1.441115786983208,-3.60081837843974,Chandan,4,4,11.521441636032863
5082,49.052601599999996,48.3670933,116.38617,110.45734999999999,-0.6855082999999951,-1.3974963154655493,-5.094093224306647,Punarbhaba,4,4,265.92811353051644
3285,2.80287758,2.76417128,5.8250833,5.577634099999999,-0.038706300000000304,-1.38094864635509,-4.247994187482281,Tons,2,2,20.001716998239438
4525,0.761446068,0.750947017,1.4910823,1.5388171000000002,-0.010499051000000037,-1.3788305490337152,3.201352467264898,Gandak,2,2,8.811803617323944
4017,14.9296488,14.7239555,28.655996,26.915667499999998,-0.20569330000000008,-1.3777504263864537,-6.073174005189004,Gomti,2,2,62.23408108521127
4825,21.3960076,21.1059467,47.76789,45.963886,-0.2900609000000003,-1.3556776825971977,-3.7766039069341333,Panar,5,5,114.42632022828639
3398,1.32799736,1.3101266100000002,2.9192665,3.0126773,-0.017870749999999713,-1.3456916811942845,3.1998037863278332,Banganga,4,4,5.462733866197183
3890,1.05080422,1.03670241,2.558991,2.1457496999999996,-0.014101810000000103,-1.3420016527912404,-16.148603101769414,Ramganga,2,2,9.371308812488262
4272,38.156398,37.6562543,68.433754,72.821493,-0.5001437000000024,-1.3107728355281396,6.411659076893563,Ken,2,2,268.9957825809859
4817,4.7815233,4.71887305,10.515397,9.889152750000001,-0.06265024999999991,-1.3102571308185387,-5.9554979236637395,Parman,5,5,24.815279339319247
3833,6.623139999999999,6.53672766,13.155169,12.591504,-0.08641233999999898,-1.3047035092116275,-4.28474160993295,Deoha,4,4,42.771029728403754
5126,8.2029166,8.096141800000002,18.32721,16.936327,-0.1067747999999984,-1.3016687259748367,-7.589169328010113,Burhi Gandak,2,2,48.831252831690136
4289,8.3463928,8.240281399999999,15.084862,14.783526,-0.10611140000000141,-1.2713444303747772,-1.9976052813741298,Bearma,3,3,62.13568717946009
4622,55.844570000000004,55.143687,92.01636,107.672087,-0.7008830000000046,-1.2550602502624777,17.014069019900372,Rihand,3,3,211.6395930680751
4121,89.7203252,88.610264,163.28177,156.82991,-1.110061200000004,-1.237246072754988,-3.9513657893345857,Betwa,2,2,555.5588514049296
5121,3.18346966,3.14680071,6.122725,6.2405907,-0.036668950000000144,-1.151854860146528,1.9250529788615411,Dhanauti,5,5,15.022793170187795
4350,0.64269284,0.63531777,1.1684023,1.3182293999999999,-0.007375070000000039,-1.1475263984580937,12.823245897410507,Banas,3,3,4.16652360008216
3626,6.05126234,5.98699075,12.022115,11.060102,-0.06427158999999971,-1.0621187181912808,-8.002027929361837,Mej,4,4,35.74419432206573
5142,2.74144844,2.71351931,5.9955974,5.8914475500000005,-0.02792912999999997,-1.0187727623285145,-1.7371054634188705,Burhi Gandak,2,2,16.30202876314554
5087,1.58320988,1.56740214,3.7185738,3.67806695,-0.01580774000000007,-0.9984614295105377,-1.0893114451567512,Sudhani,5,5,8.914880424061032
4851,9.627764,9.5330009,25.147472,23.263516000000003,-0.09476310000000154,-0.9842690369228154,-7.49163176322454,Nagar,5,5,65.26366815739436
3337,7.0566816,6.98770737,12.2089,12.265025999999999,-0.06897423000000025,-0.9774315168194672,0.45971381533143046,Kuno,4,4,44.29453997582159
5085,14.463753200000001,14.322539,37.165493,33.961288,-0.1412142000000003,-0.9763316481368078,-8.621451624494783,Nagar,5,5,91.9617335269953
4371,1.58872796,1.57366279,2.2917852,2.52975175,-0.015065169999999961,-0.9482535952851211,10.383457838893447,Ghodchhatra,5,5,6.571642279812206
3727,1.49053904,1.47669056,2.9549708,2.80579075,-0.013848480000000052,-0.9290920685982201,-5.048444133525787,Mej,4,4,8.42840008564554
4901,53.358086400000005,52.8830798,111.59123,108.28103999999999,-0.4750066000000075,-0.8902242041423875,-2.966353180263365,Burhi Gandak,2,2,252.78879749530515
4341,107.807367,106.8702041,191.42032,221.04515,-0.9371629000000041,-0.8692939323896149,15.476324561572147,Son,2,2,552.9596155140845
4411,241.998988,239.902054,444.4473,511.68825000000004,-2.0969340000000045,-0.8665052764600836,15.129116545426207,Son,2,2,1092.4193470539906
3469,12.2384546,12.13357715,21.324778,21.3478125,-0.10487745000000004,-0.856950108717158,0.10801753715795495,Sindh,3,3,72.23334192840376
3735,0.491544076,0.48743589200000004,0.8778481,0.9287785749999999,-0.004108183999999959,-0.8357712361078193,5.801741212403367,Berach,4,4,2.551774620692488
4859,271.99568800000003,269.851638,561.6447,561.0705849999999,-2.1440500000000497,-0.7882661728078755,-0.10222031829019418,Kosi,2,2,1487.4387671713616
5086,26.068252,25.8709481,63.486835,59.071905,-0.19730390000000142,-0.7568743005860209,-6.954087410405635,Nagri,5,5,153.5969928673709
4902,263.381472,261.396585,542.1047,552.3785,-1.9848869999999579,-0.7536167919966512,1.895168959059025,Kosi,2,2,1449.7855183685447
3440,22.9204128,22.7484966,42.483284,45.3195785,-0.17191620000000185,-0.750057171745187,6.676260008524768,Banas,3,3,116.78604259037559
4588,2.4139654,2.39638472,4.735054,4.54054415,-0.017580680000000015,-0.7282904717689829,-4.107869730735915,Auranga,4,4,10.974887140375587
4861,5.64929154,5.6095887,11.724509,11.633988500000001,-0.03970284000000035,-0.7027932567983621,-0.7720621818789891,Kosi,2,2,27.71531556126761
4292,11.2195114,11.1420573,20.325003,19.700574,-0.07745410000000064,-0.6903518097945035,-3.072220948749672,Bearma,3,3,82.1827527443662
5277,1.0318565400000002,1.02482825,2.0771568,1.9654798,-0.007028290000000048,-0.6811305377780565,-5.3764357125085604,Chilkara,5,5,4.530341681455399
3625,2.9128047400000003,2.89377848,6.04514,5.3434133,-0.019026260000000406,-0.653193801105954,-11.608113294315766,Mej,4,4,17.464630498356808
3879,1.9942305200000001,1.98140732,3.8268878,3.6710373499999998,-0.012823200000000146,-0.6430149308917479,-4.072511611132168,Gangan,4,4,8.915503199495305
4965,114.845618,114.115469,247.47285,285.02598,-0.7301489999999973,-0.635765658903936,15.174646430911517,Kosi,2,2,748.1433077276995
4896,250.301196,248.725856,516.1433,528.38405,-1.5753400000000113,-0.6293777357739878,2.3715797531422087,Kosi,2,2,1397.4293823122066
5117,1.8286907399999999,1.8185203099999998,3.8136334,3.804191,-0.010170430000000064,-0.5561591021125893,-0.24759590158823824,Burhi Gandak,2,2,11.719163021361501
4862,287.467006,285.87532300000004,593.5604,586.320325,-1.591682999999989,-0.5536924122693889,-1.219770557469793,Kosi,2,2,1561.3463109037557
4590,12.436403199999999,12.3694144,24.77202,24.0276955,-0.06698879999999896,-0.5386509179760187,-3.0046984460694004,Koel,3,3,58.055102097417844
4860,281.943496,280.437755,585.1656,574.57942,-1.5057410000000004,-0.5340577177208587,-1.8090913068027261,Kosi,2,2,1532.8096342488263
3791,2.19010822,2.1787791000000003,4.504309,4.066121,-0.011329119999999637,-0.5172858535730092,-9.72819582315512,Mej,4,4,12.921749874061033
5089,27.8641324,27.720184999999997,67.6127,63.568920000000006,-0.14394740000000183,-0.5166046368628432,-5.98079946518923,Nagri,5,5,161.67007764201878
3217,3.7214615600000003,3.70264949,7.418644,7.01661945,-0.01881207000000007,-0.5055021984427019,-5.419110958822115,Koel,3,3,17.428241620539907
4898,259.676188,258.407033,535.71277,549.8784,-1.269155000000012,-0.48874523681779086,2.644258414821823,Kosi,2,2,1437.6142407159625
3683,1.58974862,1.58198932,3.4628851,3.39819555,-0.0077593000000000245,-0.4880834556094803,-1.8680824841690462,Padma,1,1,9.362489949413145
4816,2.66910288,2.65635488,5.7420354,5.4001341,-0.012748000000000204,-0.4776136617109418,-5.954357230190534,Singhyahi,5,5,13.073214387558684
4290,10.053646200000001,10.0101765,18.27681,17.7459805,-0.043469700000001055,-0.4323774592346511,-2.904388129000626,Bearma,3,3,73.77709135469483
4886,247.02765,246.11023500000002,507.7878,519.1241,-0.917414999999977,-0.37138150324466795,2.232487665123107,Kosi,2,2,1384.2124797065726
4897,1.2413486,1.23685333,2.4605424,2.34431665,-0.004495270000000051,-0.3621279308648716,-4.723582491405144,Bagmati,2,2,5.022558594424883
4602,13.223258,13.1756052,25.68411,25.9787265,-0.04765279999999983,-0.36037109765233216,1.147076928108469,Kanhar,3,3,62.34241124061033
3519,0.58764174,0.5855901640000001,1.3452032,1.3306219,-0.002051575999999944,-0.34912019694175295,-1.083947763430843,Sanwan,4,4,2.4123374480985915
4327,52.3367384,52.1603449,86.76706,100.74390500000001,-0.1763935000000032,-0.3370357140941041,16.108469043436543,Rihand,3,3,196.89291781807512
1496,11.0181554,10.9813995,24.319548,24.8522085,-0.036755899999999286,-0.33359395166997996,2.190256578781804,Padma,1,1,57.91545506115023
2915,15.122731,15.075366599999999,31.813917,33.0796965,-0.04736440000000108,-0.3132000430345622,3.978697436093761,Ichamati,4,4,71.34025063356808
5113,2.07098558,2.06488241,4.1880026,4.190034,-0.006103169999999825,-0.2946988167826753,0.04850522299102454,Harna,5,5,9.313799423122067
4375,65.8697,65.702496,114.71987,132.19754,-0.16720399999999813,-0.2538405366959287,15.23508525593692,Son,2,2,328.04232996009387
4299,2.61623046,2.61152852,4.8424687,5.36701655,-0.004701940000000349,-0.1797219347411905,10.832240381853152,Ken,2,2,18.860960563849765
4378,2.7732484,2.7696678,5.243099,6.3228352,-0.003580599999999823,-0.12911212713581025,20.59347344003995,Tipan,5,5,14.229674593075117
3397,0.931761688,0.930602355,2.1623156,2.2996402,-0.0011593330000000401,-0.12442376789375356,6.35081206462183,Dhund,5,5,5.017083405011737
5128,15.617042999999999,15.598865,33.72024,32.735817499999996,-0.018177999999998917,-0.11639847569094174,-2.9193816532741197,Burhi Gandak,2,2,89.1482067564554
4885,204.561902,204.32608199999999,431.32104,448.235385,-0.23582000000001813,-0.11528050809774838,3.9215209626685557,Kosi,2,2,1188.2125036619718
3572,0.7142907700000001,0.7137234800000001,1.2928541,1.4535436499999999,-0.0005672899999999981,-0.07942003786497172,12.429055219765312,Chhapi,4,4,5.421575409929578
5083,2.06573816,2.0642974,4.3470783,4.284204,-0.0014407599999999299,-0.0697455286395024,-1.4463576605003832,Hooghly,1,1,8.087874045539907
4058,104.252114,104.23752900000001,185.42673,213.77163000000002,-0.01458499999999674,-0.013990123979641065,15.286307427197807,Son,2,2,536.385633129108
3552,11.7901052,11.7928233,23.198439,21.554380000000002,0.0027181000000009448,0.02305407758364145,-7.086938047857439,Hindon,3,3,49.60023149647887
5090,41.1916498,41.201758500000004,87.26651,82.243225,0.010108700000003523,0.024540653382626895,-5.756257469217001,Burhi Gandak,2,2,208.27438383098593
4881,39.487902600000005,39.4987388,84.62168,78.736005,0.010836199999992857,0.02744182214426566,-6.955280254421789,Burhi Gandak,2,2,202.56267287323945
4775,0.884332854,0.884590024,1.7677554,1.7575164,0.00025717000000002876,0.02908067916246712,-0.5792090919365817,Babai,4,4,3.9121351531807513
2954,2.7514091400000003,2.75253918,5.6368294,5.8219224999999994,0.0011300399999996102,0.04107131809555631,3.283638493653889,Gumani,4,4,12.587300281103285
4621,2.1020426,2.10343318,3.7426987,4.4990558,0.0013905800000002522,0.06615374969090788,20.208869605239656,Rihand,3,3,10.765129124295774
4826,19.713929200000003,19.7285736,47.66537,43.7331355,0.014644399999998114,0.07428453177156644,-8.249667421022851,Kankai,4,4,136.59406079460092
4355,9.292835199999999,9.301595,16.802027,19.019357499999998,0.00875980000000176,0.0942640196611015,13.196803576139946,Banas,3,3,59.488679753286384
4966,51.6829932,51.7628464,109.10962,120.85113,0.07985320000000229,0.1545057572246073,10.761205107304002,Kosi,2,2,380.78760551173707
4351,6.16936734,6.17973283,11.015617,12.855857499999999,0.010365489999999866,0.1680154451623214,16.70574149409877,Banas,3,3,39.230419955046955
3580,2.37105092,2.3753672200000002,4.082445,4.1715862,0.004316300000000162,0.18204164084338442,2.1835248239719154,Newaj,4,4,16.277654526056338
4346,3.95942462,3.96746388,7.005518,8.346612499999999,0.008039259999999882,0.20304111762582014,19.143402386518723,Banas,3,3,24.858620041431923
4015,6.7580164,6.77236726,13.040368,12.343245,0.01435086000000041,0.21235313959877947,-5.345884410624004,Gomti,2,2,29.707297943309857
5174,11.9255658,11.9529312,24.779114,24.345879500000002,0.02736540000000076,0.22946835780320599,-1.7483857574568547,Gandak,2,2,109.13718527957747
4356,66.81860719999999,66.9791045,116.9008,134.75949500000002,0.16049730000001716,0.240198511650535,15.276794512954584,Son,2,2,335.44129308215963
3782,0.356678526,0.357553756,0.69405925,0.67766857,0.0008752300000000046,0.2453834296713463,-2.3615678344464093,Manoli,5,5,1.9926133828638497
2481,6.5447501400000005,6.5618877,8.725696,9.54998,0.01713755999999922,0.26185201319235113,9.44662752403935,Son,2,2,14.308983899882628
4616,6.0837036,6.10055816,12.236418,11.8110015,0.016854560000000518,0.2770443977579795,-3.476642429181487,Koel,3,3,28.201313401995304
4144,3.48671436,3.4964374,6.1380115,6.23068765,0.009723039999999905,0.27885966546453506,1.5098725377102984,Bina,4,4,26.330321835328636
3677,3.67325872,3.68402521,8.692756,8.30118975,0.010766489999999962,0.2931045924257674,-4.504512147815936,Padma,1,1,19.654104644248825
3661,12.175006,12.212436700000001,28.242958,27.1709095,0.03743070000000159,0.30743886286381783,-3.795808144458527,Padma,1,1,68.36499730633803
4270,9.043652400000001,9.0724638,16.781649,18.930114500000002,0.0288113999999986,0.3185814616227244,12.802469530854804,Ken,2,2,64.34256820610328
4103,13.9634014,14.0140977,25.1289,28.219777,0.05069630000000025,0.36306554934387436,12.300088742443954,Katni,4,4,91.12667587206572
4057,81.653154,81.9585116,144.85414,165.77911999999998,0.30535759999999357,0.3739691426983868,14.445551918640348,Son,2,2,425.1079083521127
5132,29.1125736,29.2231461,63.88738,60.526297,0.11057249999999996,0.379810117508814,-5.260949815127809,Burhi Gandak,2,2,163.5347011138498
4288,0.7247759600000001,0.727535415,1.3286492,1.3343810500000002,0.0027594549999998552,0.3807321368661089,0.4314043165043183,Bearma,3,3,4.86203389084507
4062,2.70888402,2.71975562,4.9931984,5.66447045,0.01087159999999976,0.40133132019434925,13.443728773124652,Naina,4,4,14.305799058920188
5129,23.7629342,23.8651798,51.891346,49.882657,0.10224559999999983,0.4302734634513267,-3.8709518153566433,Burhi Gandak,2,2,138.12991473415494
4576,33.3296152,33.4745468,73.109955,69.32738499999999,0.1449315999999996,0.43484330416151823,-5.17380977734155,Burhi Gandak,2,2,181.7139431326291
4344,0.831011992,0.834927946,1.4854298,1.72695025,0.003915953999999999,0.47122713483056444,16.259297477403518,Mawai,5,5,5.325870214342723
3485,1.25305958,1.25907589,2.2075932,2.2086229499999996,0.006016310000000136,0.48012960405283645,0.04664582224659097,Sindh,3,3,7.333899998075117
3690,0.40145582399999996,0.40343897300000003,0.75174516,0.991017275,0.001983149000000073,0.49398934613539774,31.828886666859287,Kothari,4,4,2.203472501431925
5131,26.805924400000002,26.9389617,58.561554,55.9534615,0.13303729999999803,0.49629812430567777,-4.453591685767078,Burhi Gandak,2,2,152.97137724647888
4171,1.25870396,1.2650328499999999,2.2069645,2.27851,0.006328889999999809,0.5028100491556258,3.2418056565930073,Bina,4,4,9.81640852084507
4841,2.58036038,2.59341408,6.770695,6.37246515,0.013053699999999946,0.5058867009886404,-5.881668720862479,Mahananda,2,2,19.45147545962441
3487,8.4365248,8.47968725,14.597391,14.763101500000001,0.04316244999999874,0.5116140949410678,1.1352062844654993,Sindh,3,3,51.12599699812207
4348,5.346417740000001,5.37676046,9.537906,11.1938235,0.030342719999999268,0.567533654786939,17.361436566894252,Banas,3,3,33.933560140258216
4615,1.15569602,1.16229705,2.31451,2.24993835,0.006601030000000119,0.5711735513288451,-2.7898626491136347,Chaupat,5,5,4.957696393579813
4387,1.89061266,1.90152869,3.5494168,4.1914625,0.010916029999999965,0.5773805619179534,18.08876601925139,Son,2,2,9.714317089906103
3783,0.49759137200000003,0.500487793,0.94176763,0.9549428,0.0028964209999999824,0.5820882682025247,1.3989831015958802,Manoli,5,5,2.7785190594483566
4353,7.88668184,7.93297951,14.290748,16.2396535,0.0462976700000004,0.5870361064292712,13.637533178809106,Banas,3,3,50.45682059589202
4030,8.5079954,8.5587624,16.260479,16.0746155,0.05076700000000045,0.5966975487551445,-1.1430382831895662,Ghaghara,1,1,36.276223938380284
4206,0.5016314780000001,0.5046511850000001,1.2642435,1.1450824499999999,0.0030197069999999826,0.6019771749650811,-9.425482511873717,Lastar,5,5,3.9418688947652583
3700,0.991714454,0.9978003799999999,1.9672902,2.0192023499999996,0.006085925999999908,0.613677251093076,2.638764225023816,Khari,3,3,5.814262668309859
4362,43.0841492,43.3488922,73.74445,85.89285699999999,0.26474300000000284,0.6144788858915261,16.47365598360282,Son,2,2,181.87888123708922
4078,77.94129,78.426156,137.28098,157.410005,0.4848660000000109,0.6220913202745437,14.66264663903187,Son,2,2,404.0840277265258
4823,9.3885624,9.447788899999999,20.782747,19.8663005,0.059226499999999405,0.6308367295934403,-4.409650466321893,Keshaliya,5,5,46.75620223755868
5115,6.19805146,6.23782717,12.590515,12.429594999999999,0.0397757099999998,0.6417453978350769,-1.2781049861741227,Sunder,5,5,27.878317730985913
4247,2.13478444,2.1490041200000003,3.9565885,4.58069895,0.014219680000000512,0.666094418413529,15.773954001028926,Paisuni,4,4,10.79170336561033
4301,3.31021252,3.33247236,6.0392447,6.099171200000001,0.022259840000000253,0.6724595434736697,0.9922846808972725,Patne,5,5,23.87486254107981
3699,0.48239612000000004,0.485652524,0.96159583,1.0125054,0.003256403999999935,0.6750477180454799,5.2942794063489185,Sameliya,5,5,2.8318527261267605
3678,6.45489884,6.49943674,14.975041,14.34698,0.04453789999999991,0.6899860261791478,-4.194051956184954,Padma,1,1,36.21592758720657
4361,42.3405044,42.6383948,72.50752,84.242755,0.2978904,0.7035589306772642,16.184852274633034,Son,2,2,177.54283751525824
1528,7.83644504,7.89713235,16.936808,17.0527125,0.060687309999999606,0.7744239854963573,0.6843349703202587,Padma,1,1,42.90477337429577
4369,2.4503043,2.4702457,4.311852,4.93532155,0.019941399999999998,0.8138336124211184,14.459437615205722,Katni,4,4,15.609735801760563
3790,1.11346126,1.1225545799999999,1.9471005,2.01129305,0.00909331999999985,0.8166714304905274,3.2968277703179685,Ajnal,5,5,7.4948949306807515
5137,2.17311346,2.1909922,4.330303,4.192036,0.017878740000000004,0.822724645035331,-3.193009819405245,Nakti,5,5,8.33049367112676
4884,172.340996,173.82296499999998,368.16275,400.75257,1.4819689999999923,0.8599050918795852,8.852014496306314,Kosi,2,2,1077.051937423709
2931,3.52762272,3.5586101500000002,6.4904666,6.628673,0.03098743000000015,0.8784224521606478,2.1293754134718084,Bhairab,5,5,17.188659837206572
4814,1.6084777200000002,1.62261999,3.5807903,3.37564315,0.01414226999999979,0.8792331919897397,-5.7291025950332735,Jaulaha,5,5,7.771127694366197
4174,6.7975065400000005,6.86090084,11.841535,12.268881,0.06339429999999968,0.9326110924197754,3.6088733428563105,Bina,4,4,51.03015318075117
4335,3.65818016,3.6934729799999997,6.8089986,7.5459206,0.03529281999999956,0.964764403511487,10.822766214109663,Gopat,4,4,19.204178137676056
3579,2.2776438800000003,2.30005646,3.9427288,4.0728731,0.022412579999999682,0.9840247721254685,3.300868677551446,Parbati,3,3,14.86541238039906
4349,1.40407088,1.4181023099999999,2.4768555,2.9567943000000003,0.014031429999999956,0.9993391501716749,19.37693983359143,Son,2,2,9.10381207430751
4333,0.725238668,0.732489642,1.3556643,1.5369586,0.007250973999999966,0.9998052117099698,13.373096864762172,Gopat,4,4,4.089701788802817
3706,0.29028418400000006,0.29320915799999997,0.57661706,0.60298335,0.0029249739999999136,1.0076243079092153,4.572582365148893,Khari,3,3,1.5458495189201877
3788,0.6205414859999999,0.62688259,1.0915474,1.123668,0.006341104000000097,1.0218662479562404,2.942666530102113,Papras,5,5,3.3554691604694837
3559,9.1526506,9.2467653,18.091198,17.1370195,0.09411470000000044,1.0282780815428532,-5.274269288302508,Hindon,3,3,40.37562031842723
4858,7.84174328,7.925822660000001,16.652575,16.247843000000003,0.08407938000000037,1.072202659508644,-2.4304469428901876,Kosi,2,2,37.318572760328635
4382,23.1263682,23.380744,37.153854,42.877984999999995,0.25437579999999826,1.0999383811592096,15.406560514556558,Son,2,2,83.16695238028169
4381,21.7189846,21.9609197,34.417957,39.9897005,0.24193510000000273,1.1139337517648167,16.188478299278476,Son,2,2,76.37956601760564
5124,5.54257166,5.60526926,11.787698,11.851343499999999,0.06269759999999991,1.131200530116374,0.5399315455825049,Burhi Gandak,2,2,32.891573821948356
3586,5.124377,5.182441450000001,9.021672,9.295341,0.05806445000000071,1.1331026191086393,3.0334620899540563,Parbati,3,3,35.015956896244134
4105,47.615989400000004,48.1705653,82.69328,95.8221725,0.5545758999999961,1.1646841890467914,15.876613553120631,Son,2,2,213.1966733556338
4336,1.5135999999999998,1.5324537,2.7105992,3.2567586,0.018853700000000195,1.2456197145877508,20.149028303409818,Mayar,5,5,7.653131365539906
4383,25.048768,25.364632699999998,41.200043,47.364670000000004,0.3158646999999988,1.260998944139683,14.962671276823675,Son,2,2,93.4972412887324
4104,15.655596,15.8558626,28.342968,31.380160500000002,0.20026660000000085,1.2792013794939576,10.715859044825523,Son,2,2,102.43278396185447
3581,0.56478578,0.5722524059999999,1.0024219,1.0053717500000001,0.007466625999999921,1.3220279731546924,0.29427230191200243,Newaj,4,4,4.107728759037558
3737,2.73014886,2.7692217,4.8471627,5.11327745,0.03907284000000022,1.4311615228189507,5.490113835048282,Gambhiri,4,4,11.604647253051642
4249,2.0739685600000004,2.10412014,3.879656,4.3962198,0.030151579999999623,1.4538108523689297,13.314680476825771,Baghain,4,4,11.204774101643192
4345,2.9996032599999998,3.0465137,5.3479543,6.38476325,0.04691044000000044,1.5638881523285333,19.38701963103911,Banas,3,3,18.82830742523474
5109,8.4546998,8.5876633,16.80768,17.401826,0.13296350000000068,1.572657848833387,3.5349673482598343,Chandan,4,4,35.60770511079812
4063,3.69306976,3.7514436,6.829553,7.802696,0.05837383999999979,1.58063193477287,14.248999897943545,Naina,4,4,19.927757807042255
5114,3.4167157799999996,3.47096652,6.9677386,6.6704991,0.05425074000000052,1.587803712487918,-4.265939310639465,Tribani,5,5,15.824084249061034
4379,14.5559648,14.792785649999999,20.746231,23.2847765,0.23682084999999908,1.626967729408078,12.236176778326616,Son,2,2,39.122067234741785
3842,2.61741794,2.66023978,5.44066,5.31668915,0.04282183999999978,1.6360337164954168,-2.278599471387664,Gaula,4,4,21.310120376173707
4347,1.32667562,1.34856957,2.4019535,2.78201635,0.02189394999999994,1.650286601332128,15.823072761400264,Banas,3,3,8.76951364120892
3679,18.0750096,18.3794577,36.518345,38.57158,0.30444809999999833,1.684359271377639,5.622475498273541,Padma,1,1,97.14218842018781
3330,1.8268644,1.85804018,3.2120814,3.77685795,0.031175779999999875,1.7065185571517993,17.582884107482457,Kadwal,5,5,11.265656251877934
5177,1.31086464,1.33366279,2.6212366,2.599504,0.022798150000000073,1.7391688893217894,-0.8290972283844957,Gandak,2,2,13.74557575902582
3467,9.4670733,9.637969700000001,16.40014,16.6737315,0.17089640000000195,1.8051661224594295,1.668226612699638,Sindh,3,3,58.31250865410799
4831,82.213282,83.706781,195.8886,194.18167,1.493499,1.8166152276952037,-0.8713779158154176,Kalindri,5,5,528.5294184330986
3464,63.1313606,64.2993454,112.8625,114.38409250000001,1.1679848000000064,1.8500865321125461,1.348182522981514,Betwa,2,2,405.8094919119718
5275,7.97558302,8.1252075,16.481998,16.305812500000002,0.14962447999999995,1.876031879108945,-1.068957173760117,Sunder,5,5,35.92210976232394
4331,0.8009729600000001,0.8165046960000001,1.4471093,1.69442205,0.015531736000000018,1.939108656052511,17.090122356341713,Gopat,4,4,4.930286938122066
4380,16.1709444,16.488005,23.948938,27.0843925,0.31706060000000136,1.9606807874498744,13.092248599917047,Son,2,2,47.780266703051645
4904,135.58263599999998,138.247907,299.17648,342.652375,2.6652710000000184,1.9657908111478366,14.531855913272318,Kosi,2,2,920.1982099002348
3577,1.2549618,1.27977269,2.1850648,2.2291838,0.02481088999999992,1.9770235237439033,2.019116320943882,Newaj,4,4,8.59603570769953
4102,1.16160662,1.18462321,2.0774007,2.3373073,0.023016590000000114,1.9814444583657862,12.511144335322497,Bhandar,5,5,7.33984875713615
4056,19.1413944,19.5210893,35.527958,41.3269385,0.3796949000000005,1.9836323940955969,16.32230172080253,Gopat,4,4,98.89067794307512
4300,3.63746198,3.71079456,6.559966,7.33164975,0.0733325800000002,2.016037017107192,11.763532768310082,Katni,4,4,24.90328208732394
4358,1.1190901000000002,1.1418726,2.109423,2.504089,0.022782499999999706,2.0358056960739535,18.709666103005418,Gopat,4,4,5.82589229991784
5106,4.637229179999999,4.73260446,9.343334,9.535439,0.09537528000000073,2.0567299199130966,2.0560647837270905,Ganga,1,1,18.27629295246479
4617,2.83922256,2.8979901800000003,5.6394715,5.59768575,0.05876762000000024,2.0698490082440117,-0.7409515235603167,Burha,5,5,13.891104552699531
5120,3.33628214,3.4053915200000002,6.929314,7.140826000000001,0.06910938000000044,2.0714489092939976,3.0524233712024134,Burhi Gandak,2,2,19.808960159859154
4386,28.471762000000002,29.0620731,48.485188,55.520770999999996,0.5903110999999974,2.073321278816525,14.510788325704741,Son,2,2,112.43165248239437
4818,4.24722826,4.33667257,9.27734,8.728109,0.0894443100000002,2.105945443111178,-5.920134435085926,Keshaliya,5,5,21.26590260211268
5100,3.7318064000000004,3.81213258,7.358797,7.128689850000001,0.08032617999999969,2.152474469200752,-3.1269669485379112,Ganga,1,1,14.2517313407277
4883,144.019878,147.120737,318.65833,360.546415,3.1008589999999856,2.153077091205414,13.145140439291215,Kosi,2,2,961.6897440598592
4173,2.02541056,2.06926018,3.4769855,3.7070959500000003,0.043849620000000034,2.164974394129753,6.618102088720248,Kevtan,5,5,15.531417672065727
3885,0.54563918,0.557477448,1.5188811,1.3913601,0.011838267999999985,2.1696147259806353,-8.395719717626351,Gomti,2,2,6.862777992781691
3785,1.11351134,1.13796217,2.1853478,2.095193,0.024450829999999923,2.195831252154102,-4.1254211343384375,Manoli,5,5,6.445601853215962
3617,0.455647726,0.465717249,0.8583623,0.895552285,0.010069523000000025,2.209935971457043,4.332667569393474,Chambal,2,2,2.683272749859155
4828,76.776531,78.488039,186.67307,181.714915,1.711507999999995,2.2292072560558833,-2.6560633518268086,Mahananda,2,2,507.2085651725352
2480,7.599266600000001,7.76893806,11.157428,12.6658545,0.1696714599999991,2.232734669421903,13.51948226777713,Kevai,5,5,22.73966485938967
4388,31.3592386,32.0686546,53.635136,62.285489999999996,0.7094160000000009,2.2622232926280326,16.128147787301206,Son,2,2,128.00468383098593
2922,6.179726499999999,6.31960767,12.286109,13.11882025,0.13988117000000067,2.263549527636873,6.777664515266801,Ichamati,4,4,29.881333957042255
3673,1.43234212,1.46604298,2.7113733,2.7610842,0.033700860000000166,2.352849890360005,1.8334214621055684,Padma,1,1,7.455330853485916
3672,25.3931994,25.999086700000003,51.67334,54.06141,0.6058873000000027,2.3860219047466806,4.62147405219016,Padma,1,1,137.0897731983568
4093,7.326605519999999,7.5016615,14.015834,15.9366485,0.17505598000000067,2.3893190307863152,13.704603664683818,Baghain,4,4,37.168999691901405
3695,0.70523764,0.72220954,1.5113183,1.66646165,0.01697190000000004,2.406550506861778,10.265431841856222,Mansi,5,5,4.2455723120070425
3726,0.262386842,0.268799648,0.52583104,0.6563960799999999,0.006412805999999993,2.4440272809106767,24.830226834840314,Bahmnai,5,5,1.6536532928521128
4360,0.687761284,0.7045713600000001,1.1915718,1.4270478500000001,0.016810076000000063,2.4441730569992455,19.761801177234993,Son,2,2,4.29963399649061
4376,1.02779718,1.05322886,1.9326135,2.34397305,0.025431679999999846,2.4743870186528283,21.285143149419156,Son,2,2,5.195009676349765
3463,58.671249800000005,60.1346893,104.67802,108.2566075,1.4634394999999927,2.494304288708015,3.4186618164921323,Betwa,2,2,389.2585315680751
3740,0.275313708,0.282271015,0.56929976,0.7259179099999999,0.006957307000000024,2.52704707315192,27.51066503172246,Khan,5,5,1.4825737864671362
3921,1.3643975000000002,1.39917032,2.6659718,2.58087315,0.03477281999999993,2.5485842652159594,-3.1920311385139164,Banganga,4,4,6.839033371913146
3669,4.28255622,4.392370769999999,8.672779,8.799846500000001,0.1098145499999994,2.5642290342191796,1.4651301503243743,Padma,1,1,24.302892499295776
3653,1.59616522,1.63711926,2.8679123,2.83586135,0.040954039999999914,2.565776993938003,-1.1175707848527974,Kanh,5,5,9.773649297769953
3651,3.25045974,3.33430158,5.922991,6.22328675,0.08384183999999983,2.5793840473778586,5.070001794701361,Chambal,2,2,20.195506212441316
3329,0.589508906,0.604762659,1.0708083,1.26474245,0.015253752999999981,2.587535632582959,18.11100548996492,Chambal,2,2,3.4061091812558684
4059,1.0034174,1.02963882,1.8046314,2.059811,0.02622141999999994,2.6132116106417866,14.140261551472491,Gorma,5,5,5.590268234530517
3468,9.993054,10.2544045,17.572742,17.7954645,0.26135049999999893,2.6153216023850057,1.267431684821866,Sindh,3,3,62.1867328149061
3675,33.0819186,33.9502723,67.446106,69.652065,0.8683537000000001,2.62485894636111,3.2706988302630737,Padma,1,1,180.0356022664319
3340,0.7288736140000001,0.7482478600000001,1.2809615,1.2994555,0.01937424600000004,2.658107747058606,1.4437592386656437,Parbati,3,3,4.875596491936619
4850,11.003922600000001,11.2996725,27.56921,24.93809,0.2957498999999988,2.6876770289169314,-9.543690225436285,Kankai,4,4,81.44488112640845
3592,0.8947411000000001,0.91880838,1.5540876,1.5921490999999999,0.024067279999999913,2.689859670020737,2.4491219156500557,Londri,5,5,5.650096240985915
3462,56.276329000000004,57.7912103,100.32333,104.11132,1.514881299999999,2.6918623281202274,3.775781764819816,Betwa,2,2,379.6752462840376
3840,2.09295624,2.15173091,4.1338205,4.3011808,0.05877467000000003,2.808213037459399,4.048562340817662,Deoha,4,4,16.805140498122068
4385,2.7838478,2.86279985,5.236655,6.2827158,0.07895204999999983,2.8360763831988165,19.975744057991225,Kunu,5,5,15.101299152112675
2919,10.0181574,10.302515000000001,18.879358,19.734788,0.28435760000000165,2.8384221633411517,4.5310333116200345,Mathabanga,5,5,48.91613237723005
5110,9.8937956,10.1760596,20.289597,20.571594,0.2822639999999996,2.8529394724912205,1.3898600351697499,Gahra,5,5,44.159399127230046
3582,5.80550586,5.9723482,10.008061,10.4726725,0.16684233999999964,2.8738639495576987,4.642372783299384,Newaj,4,4,40.03601303204225
3685,19.9030768,20.4797373,39.174164,41.120742500000006,0.5766604999999991,2.8973434901281148,4.969036480267985,Padma,1,1,104.5436903673709
4182,0.55690056,0.573073975,0.9725134,0.951802965,0.016173415000000024,2.9041836481543535,-2.129578368791631,Betwa,2,2,3.6338018607277
4866,2.14762808,2.21195139,4.4103994,4.7646455,0.0643233099999998,2.995086095167828,8.032063944140754,Kosi,2,2,11.056603900586854
4370,8.5214128,8.7781477,15.17392,17.176104000000002,0.25673489999999966,3.0128208317756844,13.194902833282379,Katni,4,4,55.31285341431925
3345,6.4360072,6.63035146,11.161519,11.476716,0.19434426000000027,3.0196401893397553,2.8239615055979344,Sindh,3,3,39.29239282323943
4771,2.77736788,2.86133206,5.4972715,5.60896945,0.08396418000000017,3.0231565866600345,2.031879815286546,Ghaghara,1,1,12.407280108333334
3556,4.305846799999999,4.43659844,8.306951,7.957708,0.1307516400000006,3.0366068760272804,-4.204226075247098,Kali,3,3,18.32727963579812
3648,2.6330076,2.7131427,4.8122535,5.05803465,0.08013510000000013,3.0434815303989295,5.1074023843507,Maleni,5,5,16.517707634859153
4334,14.4892228,14.9327406,26.892824,30.9160885,0.4435178000000004,3.0610185661580163,14.960364519546179,Gopat,4,4,74.95774635387323
3659,0.76275309,0.786160794,1.3082157,1.3548247999999998,0.02340770400000003,3.0688442048789377,3.5627993151282107,Chhoti Kali Sindh,4,4,4.815786290387324
5276,1.0926046,1.12636125,2.2135923,2.24021635,0.033756649999999944,3.089557741199327,1.2027530995657907,Gahra,5,5,4.464959040575117
3649,0.5933509260000001,0.612264651,1.0577121,1.13275235,0.018913724999999992,3.187611946189158,7.094581786480464,Pingla,5,5,3.6757916681455396
3606,0.884562076,0.91282763,1.4954519,1.6192879,0.02826555399999997,3.1954291018011007,8.28084139650363,Ansar,5,5,5.644511616596244
3674,30.941981,31.9840315,63.73518,65.69359299999999,1.042050500000002,3.3677562532276197,3.0727347126029816,Padma,1,1,170.0115383943662
4185,36.899437,38.143275900000006,63.125713,70.09893299999999,1.2438389000000072,3.370888558543609,11.04656037706852,Betwa,2,2,267.547174778169
4377,1.2208146400000002,1.26214681,2.4013946,2.9222081500000003,0.04133216999999978,3.38562207936823,21.687962070040474,Gohirari,5,5,6.442891360093896
2929,21.305967600000002,22.0330428,41.638783,43.7892705,0.727075199999998,3.4125425028807324,5.164626209176201,Padma,1,1,110.81585504577464
2916,1.81933246,1.88169689,3.4467063,3.7086114500000003,0.062364429999999915,3.427874309459631,7.598708076751433,Ichamati,4,4,9.292011441314553
3686,1.6444885,1.70142586,3.1872218,3.35276665,0.05693736000000005,3.462314269756222,5.194017247246484,Padma,1,1,8.45149572382629
3668,1.40865526,1.4575148500000001,2.765007,2.9466818999999997,0.048859590000000175,3.4685271398482675,6.570504161472268,Padma,1,1,8.420497608849766
5111,18.435849,19.0832884,37.58364,37.60301,0.6474393999999997,3.5118502001182565,0.05153838212582656,Ganga,1,1,79.87625157511738
4329,4.52706208,4.687323999999999,8.319199,9.925605000000001,0.16026191999999906,3.5400866426819366,19.30962343850654,Gopat,4,4,21.483571059741784
2921,17.6382044,18.2671016,34.736656,36.3689535,0.6288972000000008,3.5655398119776907,4.69906343316409,Padma,1,1,92.3614619665493
3647,0.90712676,0.9395478589999999,1.6640838,1.7740727,0.0324210989999999,3.5740428382908576,6.6095769936586155,Maleni,5,5,5.571505399448357
4172,1.45989796,1.51422976,2.5694838,2.72458555,0.05433180000000015,3.721616269674091,6.036299975893993,Bina,4,4,11.387389015845072
3458,0.9770167000000001,1.01352047,1.9889351,1.92352925,0.036503769999999935,3.7362483159192603,-3.288485883727422,Ghurari,5,5,5.172470806596245
4332,12.0693406,12.522321999999999,22.349434,25.9985285,0.45298139999999876,3.753157815431928,16.327458225564015,Gopat,4,4,62.36220111103286
4157,38.5512114,39.9982915,66.46232,73.02149,1.4470801000000009,3.753656623096417,9.86900547558375,Betwa,2,2,279.15287859859154
4359,2.17428464,2.2563245199999997,3.7910182,4.40701685,0.08203987999999951,3.7731895121146373,16.24889719600924,Goini,4,4,9.319970258568075
2933,2.5739409600000003,2.67178248,5.223163,5.3849925,0.0978415199999998,3.8012340422913113,3.098304609678092,Padma,1,1,13.885134783568075
4857,1.2296723999999999,1.27648069,2.5114253,2.62450605,0.0468082900000002,3.8065658788470977,4.502652338494796,Kosi,2,2,5.987479016561032
3687,1.7045417200000001,1.7695844,3.301532,3.4971548,0.06504267999999991,3.815845586929952,5.925212901162255,Padma,1,1,8.891644415375588
3754,0.63204899,0.656513483,1.087611,1.1597203999999999,0.024464492999999976,3.8706640445703386,6.630072700625478,Retili,5,5,4.896193471338028
5084,1.20107962,1.24773504,2.266233,2.34221635,0.04665542,3.8844568855476878,3.3528480963784393,Padma,1,1,6.204239634471831
5105,1.72078602,1.78837479,3.4384015,3.5424938499999996,0.06758876999999996,3.927784699227157,3.027347155356922,Ganga,1,1,6.767206585598592
1530,9.156918,9.51658795,18.51361,19.248955,0.3596699500000007,3.9278494139622167,3.9719157960008813,Padma,1,1,49.59162863356807
3656,5.2914385600000005,5.50033158,9.268513,9.65016,0.20889301999999965,3.9477548048861713,4.117672381750979,Shipra,4,4,31.83572480410798
2930,2.64846752,2.75320161,4.993587,5.1570427,0.10473409,3.954516685936175,3.2733123504206514,Mathabanga,5,5,13.235049484859154
4048,4.1407122,4.30485136,8.130317,8.1906265,0.1641391599999995,3.964032081244369,0.7417853449010744,Gomti,2,2,19.810354246478873
4815,1.9622338400000001,2.04116805,4.252099,4.09291415,0.0789342099999999,4.022670916734363,-3.7436769463740123,Keshaliya,5,5,10.674332563732394
1526,3.72655344,3.8795300299999997,9.339227,9.356213499999999,0.15297658999999975,4.105042164644223,0.18188336143879782,Padma,1,1,15.880005840375587
4239,0.580838788,0.604772274,1.5314405,1.5243807999999999,0.023933486000000004,4.1205040872718035,-0.4609842824451954,Birahi Ganga,4,4,4.199617777617371
3331,2.35202122,2.44926871,4.1398582,4.945688649999999,0.09724748999999999,4.1346348907515384,19.465170328780808,Chambal,2,2,14.640147598591549
3691,0.35488776,0.36963328900000003,0.68861914,0.98577745,0.014745529000000035,4.154983817982349,43.15278108592799,Khari,3,3,1.729845536830986
3594,1.9796422200000001,2.06336564,3.3479795,3.5467644,0.08372341999999966,4.22921976275085,5.937458697103722,Lakundar,4,4,13.040260820070424
3781,0.248956726,0.259559092,0.5128064,0.496229825,0.010602366000000002,4.258718440890809,-3.2325210839802274,Ghora Pachhar,4,4,1.7900594872535212
4291,0.62066244,0.6472493,1.1300362,1.1886130499999998,0.02658685999999999,4.283626378293487,5.183625975875809,Bearma,3,3,4.600119774776995
3598,0.64946832,0.677516952,1.1264278,1.16409725,0.028048631999999962,4.31870672306233,3.344151307345209,Chhoti Kali Sindh,4,4,4.197951649061033
4848,22.721524600000002,23.7053221,57.40577,56.862021999999996,0.9837974999999979,4.329804083657299,-0.9472009520994158,Mahananda,2,2,180.64934644953053
3670,5.636454280000001,5.8811200999999995,11.6647625,11.807012,0.24466581999999892,4.340775385478668,1.2194804652045006,Padma,1,1,32.718587849178405
3671,6.98435726,7.2875752600000006,14.376147,14.866392000000001,0.3032180000000002,4.3413873132830005,3.410127901446762,Padma,1,1,38.6340918798122
2928,2.129786,2.22238837,4.1832137,4.551398150000001,0.09260236999999982,4.347965945874366,8.801473613456592,Padma,1,1,12.138271968309859
3688,3.0061689,3.1370220499999997,6.142057,6.4366373,0.13085314999999964,4.3528209609247055,4.796117978064999,Padma,1,1,16.934944789553988
3584,9.0033282,9.3971862,15.483073,16.57913,0.3938579999999998,4.3745822794730485,7.079066280963735,Newaj,4,4,62.119945697652575
4827,51.4897302,53.765874000000004,129.45888,125.07818499999999,2.276143800000007,4.420578222412218,-3.383850532308022,Mahananda,2,2,380.21837844248824
3707,3.2361770599999997,3.37944482,6.639713,7.552217199999999,0.14326776000000008,4.427068029460665,13.743127150224698,Khari,3,3,18.11915208415493
3779,0.90246076,0.942449035,1.5874513,1.6593030500000001,0.03998827500000002,4.431026452607205,4.526233340197599,Chopani,5,5,5.9902008688262915
5274,1.5708583,1.64166148,3.1825821,3.2981102499999997,0.07080317999999997,4.507292605577471,3.63001318960475,Sunder,5,5,7.0906486962793425
5088,1.62466914,1.69800345,3.233354,3.6329336999999997,0.07333431000000012,4.513799652771156,12.358056061909704,Nagri,5,5,8.06198499213615
5112,21.740655999999998,22.7306657,44.4616,45.629402,0.9900097000000017,4.553725057790352,2.6265406553070556,Ganga,1,1,95.32435429929576
3629,0.39230164,0.41026933800000004,0.69880724,0.7534463,0.017967698000000032,4.580072109818361,7.818902963855949,Shipra,4,4,2.547919239612676
3339,198.301454,207.41308,356.7178,367.249955,9.111626000000001,4.5948356989858485,2.95251736807078,Chambal,2,2,1134.892424870892
4159,46.010012599999996,48.1288886,80.37423,86.821425,2.1188760000000073,4.605249771220466,8.021470314552323,Betwa,2,2,321.9673516619718
2957,7.3206628,7.657891090000001,14.845757,16.575518000000002,0.33722829000000054,4.606526747823988,11.651551348981407,Gumani,4,4,34.01820360680751
4853,29.8247234,31.2021913,76.35205,72.04379499999999,1.3774678999999992,4.618543754876866,-5.642618633029521,Mahananda,2,2,233.35645905164318
3646,0.82440154,0.86249722,1.4788874,1.5914301,0.038095679999999965,4.621010290689167,7.6099573233229165,Maleni,5,5,5.33882069778169
4865,1.9469043,2.0369312,3.9718733,4.4442368000000005,0.09002690000000024,4.624105047176702,11.892713194048778,Ganga,1,1,9.709751566314553
4406,3.09178672,3.23496234,6.0779343,5.7630832,0.14317562000000006,4.630837537202439,-5.180232040349635,Ganga,1,1,11.16774049483568
1495,3.70125656,3.87318584,9.199781,9.0813755,0.17192928000000007,4.6451597508279745,-1.2870469416608907,Padma,1,1,17.1842883149061
4190,1.6211208400000001,1.69699774,2.8931873,3.12211975,0.07587689999999991,4.680520916627036,7.912811244539883,Betwa,2,2,11.342599511150235
4177,29.3611026,30.7398684,50.355984,57.585256,1.3787658,4.695892449216128,14.356331513648907,Betwa,2,2,220.74220289906103
3578,7.12373412,7.4602729,12.17494,12.8542575,0.3365387799999997,4.724190632763253,5.579637353448969,Kali Sindh,3,3,44.31961001596244
3595,3.79974838,3.9795574,6.425879,6.87594725,0.17980901999999999,4.732129657490636,7.003995095456982,Lakundar,4,4,25.09977030915493
3600,1.61708086,1.69379932,2.7366145,2.9206928,0.07671846000000015,4.744256264340434,6.726497283413499,Ahu,4,4,10.891695215798123
4183,33.5637938,35.156226600000004,57.16194,64.642885,1.5924328000000045,4.744495838250575,13.087283251758084,Betwa,2,2,245.37144111619716
3632,10.2713752,10.76321,18.028019,19.4517145,0.49183480000000124,4.7884026279168665,7.8971266892940415,Shipra,4,4,62.73289476725352
3705,2.93854336,3.07997634,6.058474,6.89197185,0.14143297999999982,4.813030221885166,13.75755429502544,Khari,3,3,16.505935836619717
4833,9.2289244,9.675835900000001,19.289848,20.250081,0.44691150000000057,4.842509057718584,4.977918955089757,Kosi,2,2,47.635310298943665
3758,1.36823988,1.4349554400000002,2.385452,2.52205015,0.06671556000000023,4.876013407824382,5.726300508247502,Andheri,4,4,10.317613294377933
3654,2.2766606400000002,2.38844303,4.052187,4.0598488,0.11178238999999968,4.909927638578566,0.18907814471543793,Ashamati,5,5,13.421297388732395
3596,11.358897,11.9176991,19.310602,20.367665,0.5588020999999994,4.919510230614816,5.474003348005409,Kali Sindh,3,3,72.15071639765259
1552,0.985544088,1.03467382,1.8323499,1.9429352,0.04912973200000004,4.985036448212151,6.035162825615341,Padma,1,1,5.238577650774649
4158,43.6580798,45.8353529,76.681076,82.502297,2.1772730999999936,4.98710229578167,7.591470156209068,Betwa,2,2,312.19730407629106
4179,32.874560800000005,34.5166715,55.96819,63.636154,1.6421106999999964,4.995080268874638,13.700575273204294,Betwa,2,2,241.33904607159624
3605,3.83649344,4.029130309999999,6.589821,7.11000875,0.1926368699999994,5.021170321615339,7.893806978975617,Chhoti Kali Sindh,4,4,24.422707048943664
3619,0.329537152,0.346148026,0.6488861,0.66892185,0.016610873999999998,5.040668070105794,3.08771446945774,Chandloi,5,5,1.973886601431925
3554,1.1375985800000001,1.19543304,2.228952,2.1995690999999997,0.05783445999999981,5.083907541445754,-1.31823834698999,Kali,3,3,5.237602326291079
3328,0.500600116,0.526055786,0.89486915,1.09797305,0.02545567000000004,5.085030783332868,22.696491436764806,Sarai,5,5,3.2447795998591547
3587,9.467981199999999,9.9522285,16.60694,18.023772,0.4842473000000016,5.1145781742786065,8.531565718910281,Parbati,3,3,66.23892779741784
4328,2.3947896600000003,2.51979997,4.5191135,5.4250165,0.1250103099999995,5.220095613741689,20.046033364729617,Neur,5,5,12.4096261064554
3571,1.3890214800000003,1.46214841,2.418026,2.56025185,0.0731269299999997,5.264636368330293,5.881899119364326,Ghar Ganga,4,4,9.500829534518779
4854,1.26858194,1.3356485800000002,3.0921435,3.0155213,0.06706664000000018,5.286740878559266,-2.4779639107952165,Kankai,4,4,10.39897703048122
3923,6.77110082,7.13118519,13.646029,13.410384,0.36008437000000004,5.317959067104838,-1.7268393611064425,Banganga,4,4,36.04026033568075
3762,19.0037844,20.0161314,33.511227,35.841161,1.0123469999999983,5.327081062864501,6.952696778306571,Parbati,3,3,131.99678624413147
3344,4.69566132,4.94606272,8.186259,8.6653765,0.25040139999999944,5.332612020664204,5.852703902967167,Sindh,3,3,29.422875371126757
3849,3.35486876,3.53578173,7.066569,7.0458953,0.18091297000000006,5.3925498415025945,-0.29255640184084486,Bhakra,5,5,20.562102073239437
3839,1.10312942,1.16288392,2.2291696,2.2905829,0.059754500000000155,5.416816822816688,2.754985533626508,Deoha,4,4,10.961827737030518
3701,1.83781374,1.93742163,3.7816474,4.80294845,0.09960788999999992,5.419912139736202,27.00677620023483,Khari,3,3,10.330665144014084
3630,5.613976500000001,5.91850816,9.623939,10.341314,0.3045316599999994,5.424526803772681,7.454068443285027,Chhoti Kali Sindh,4,4,36.10436032992958
3684,0.9903291240000001,1.04441144,1.7931877,2.03040265,0.05408231599999991,5.461044685988646,13.228673718875053,Padma,1,1,5.306341019284038
3565,0.83211318,0.87767591,1.5229033,1.5664411999999999,0.045562729999999996,5.475544805094903,2.858874887197355,Kali Sindh,3,3,5.4704292775
3593,2.09327568,2.20837372,3.6420126,3.86984205,0.1150980399999999,5.498465448182147,6.25559203172443,Kali Sindh,3,3,12.02733139859155
3789,0.876305996,0.924572815,1.5364189,1.5975393,0.04826681899999996,5.507986847096726,3.978107793388905,Parbati,3,3,6.052130992593897
3624,2.4039871,2.53941757,4.7672715,4.56398795,0.13543046999999975,5.633577235085818,-4.264148790351045,Kural,5,5,14.606431346713615
4196,2.61705392,2.7649440700000003,4.532861,5.057591,0.14789015000000028,5.651016544588439,11.57613260146298,Betwa,2,2,20.834376456455402
4330,9.434682200000001,9.9738872,17.69852,20.9954545,0.539204999999999,5.715136859617794,18.628306208654752,Gopat,4,4,47.12244912910798
2920,1.3846234000000002,1.46392517,2.8060331,2.9515264,0.07930176999999983,5.7273169007543725,5.185017240174396,Padma,1,1,7.704616425352113
3633,22.6141332,23.9115827,40.17508,42.884163,1.297449499999999,5.737339072540702,6.743192546225171,Chambal,2,2,136.62855053755868
4409,1.99202348,2.1063726799999998,3.92294,3.8534610000000002,0.1143491999999997,5.740354024341103,-1.7710951480267312,Ganga,1,1,7.317647200234743
3597,0.544593172,0.576084675,0.9220245,0.99984498,0.03149150300000003,5.782573968812086,8.440174854355819,Tila,5,5,3.674291362746479
4207,0.889663108,0.9415230490000001,2.0310566,2.12841185,0.05185994100000002,5.829166179160036,4.7933302301866,Bal Ganga,4,4,7.169321464014084
3631,9.693341400000001,10.268872,17.034573,18.384733,0.5755305999999987,5.937380891175447,7.925998497291355,Shipra,4,4,59.22706986983568
3302,4.2930721400000005,4.54873133,8.73574,8.4484065,0.25565918999999937,5.955157091769703,-3.289171838905451,Hindon,3,3,20.54279970786385
4198,2.57582644,2.7297773600000004,4.45774,4.91382935,0.1539509200000002,5.976758278791493,10.23140313252904,Baen,5,5,18.665049263615025
4180,0.76834272,0.81432344,1.3151643,1.4317581,0.045980719999999975,5.98440237710588,8.865341007203433,Naren,5,5,5.07400180629108
3759,2.20717552,2.33930737,3.8045564,4.053969,0.13213185000000038,5.986467718706866,6.555628929564569,Andheri,4,4,16.938210325938968
3764,21.4035622,22.6857877,38.238884,40.5155,1.2822254999999991,5.990710742532377,5.953667476278869,Parbati,3,3,151.4009501338028
3604,0.66388274,0.7038790340000001,1.1323714,1.22042875,0.03999629400000004,6.024602175980663,7.776366481880408,Ahu,4,4,4.43464394370892
3555,2.1425364,2.2720453,4.4519906,4.37007315,0.12950889999999982,6.044653430392119,-1.8400184852142458,Solani,4,4,12.987122060093897
3761,18.1473388,19.2546188,32.102627,34.360508499999995,1.1072799999999994,6.101610887432153,7.033323160749419,Parbati,3,3,125.8974313169014
3838,1.14911334,1.21961461,2.2832568,2.4184291,0.07050127000000006,6.135275568204618,5.9201531776889835,Nandhaur,5,5,10.3371790325
4200,15.290181599999999,16.2285113,26.94991,30.170686,0.9383297000000024,6.136812004901253,11.950971264839106,Betwa,2,2,119.54221187558684
3784,0.7333429800000001,0.77848645,1.4755887,1.4533676,0.04514346999999996,6.155846749906839,-1.5059142157974037,Thalera,5,5,5.057574696784037
3926,1.18805074,1.2620639999999999,2.477311,2.42902695,0.07401325999999986,6.2298063128179075,-1.9490508054903044,Solani,4,4,7.217183010892018
4046,0.884714234,0.939848413,1.7450013,1.8053511,0.05513417899999995,6.231862999504984,3.458438684257714,Gomti,2,2,4.5637067642723
3744,26.6993802,28.3676713,47.179882,49.9362755,1.6682911000000011,6.248426321147339,5.842306896825223,Parbati,3,3,182.14976469014084
3861,15.1422348,16.095515000000002,31.527658,30.7902955,0.9532802000000018,6.2955053371646414,-2.338779810412812,Gaula,4,4,91.91112908802816
4176,21.7780588,23.1535257,37.74673,43.114451,1.3754668999999993,6.315837938687167,14.220360280215012,Betwa,2,2,165.18781407042252
4197,12.5341442,13.3401667,22.084932,24.6701635,0.8060224999999992,6.430614544868561,11.70586126323596,Betwa,2,2,99.39557381514085
3927,4.46446692,4.7517314,8.978236,8.8267585,0.28726448000000016,6.434463176624908,-1.6871632690430545,Solani,4,4,24.775044011150236
3652,12.0193584,12.8001829,21.758862,22.9181335,0.7808244999999996,6.496390855605068,5.3278130997843505,Chambal,2,2,72.52827869483568
3745,27.7007292,29.501641900000003,49.128986,51.951285,1.8009127000000014,6.501318745067554,5.744671791109226,Parbati,3,3,188.08813557159624
4192,2.6799361,2.8565885100000004,4.745212,5.280827199999999,0.17665241000000043,6.591665002758851,11.287487260843113,Halali,5,5,21.410996184037558
3603,0.457120528,0.48740943,0.77508986,0.85330635,0.03028890199999995,6.626020960493804,10.091280254911343,Dudhaliya,5,5,3.027365615633803
3696,0.7012440799999999,0.747842966,1.4178741,1.99102775,0.04659888600000006,6.645173532160167,40.42345156033248,Khari,3,3,3.7441669694248825
3438,0.0688587068,0.0734344896,0.17473035,0.21393953999999998,0.004575782799999997,6.645176786851881,22.43982799782635,Dai,4,4,0.4100538245680751
3657,1.53255254,1.63442322,2.7976866,2.80182205,0.10187067999999999,6.647124802651137,0.14781677118516962,Chambal,2,2,9.035817877417841
3573,2.52522956,2.69394882,4.354589,4.76317885,0.16871926000000004,6.681343457740928,9.38297161913559,Chhapi,4,4,17.578382018075118
3693,0.54791962,0.584582977,1.079243,1.5209123,0.036663356999999897,6.691375096223036,40.92399024130803,Khari,3,3,2.797131117922535
3746,28.4925752,30.4007203,50.57342,53.316055,1.9081450999999987,6.696990660219433,5.423075995256006,Parbati,3,3,192.02135879225352
3599,0.938368442,1.0012564099999999,1.5972905,1.70763055,0.06288796799999985,6.701841748424853,6.907951308794488,Kanthali,5,5,6.534800150258216
3574,12.4450782,13.284347899999998,21.300974,22.688719499999998,0.8392696999999991,6.743788078406765,6.514939176020766,Kali Sindh,3,3,80.17959448122066
3563,14.147981999999999,15.1035583,24.147123,26.325954,0.9555763000000006,6.754152641698305,9.023149465880465,Kali Sindh,3,3,91.38667205751173
3765,23.0711994,24.637222899999998,40.83873,43.27189799999999,1.5660234999999965,6.787785380590123,5.957991347918985,Parbati,3,3,160.46578368779342
3620,0.353656404,0.377775203,0.7312694,0.71713845,0.024118799000000024,6.8198394620333325,-1.9323863407931436,Thalera,5,5,2.553177236173709
3636,33.2357216,35.5094094,58.612083,63.287227,2.2736878000000047,6.841096538731402,7.976416739872567,Chambal,2,2,204.19953475469484
4178,2.8406133799999997,3.0351289500000003,4.9389014,5.252186549999999,0.19451557000000053,6.847660838660154,6.343215315049609,Kethan,5,5,17.618117094131456
3760,16.7536074,17.9034039,29.613483,31.839661999999997,1.1497965000000008,6.8629786561669155,7.517450750389607,Parbati,3,3,115.62843569366197
3853,12.8821948,13.7692695,27.018646,25.806351,0.8870746999999994,6.886052522664844,-4.486882873405281,Gaula,4,4,78.26306117957746
4181,18.2920958,19.555977799999997,32.003696,36.0174885,1.2638819999999988,6.90944336733683,12.54165300157832,Betwa,2,2,139.92541767312207
4194,6.02721792,6.4440022699999995,10.542325,11.794452,0.41678434999999947,6.9150370126321805,11.877142850367445,Betwa,2,2,47.80127288204225
3753,0.6369216200000001,0.681058354,1.1316341,1.18337205,0.044136733999999955,6.9296963101990405,4.571968094634115,Andheri,4,4,4.689827226866197
4047,1.35692226,1.45129758,2.675461,2.7818439,0.09437532000000015,6.955101466166541,3.9762455890779305,Gomti,2,2,7.132793411220657
4175,20.2131492,21.6387263,35.53149,40.1331195,1.4255770999999982,7.052721403748398,12.950848669729305,Betwa,2,2,155.6441389870892
3776,11.636233200000001,12.4626199,20.464073,22.396351000000003,0.8263866999999987,7.101840310316216,9.442294307687447,Parbati,3,3,81.50647842723005
3774,25.6953538,27.5248482,45.208076,47.8895875,1.8294944000000015,7.119942438776622,5.931487772229013,Parbati,3,3,177.12330720774648
3738,0.91701396,0.982426691,1.6381855,1.7732007,0.065412731,7.133231755817546,8.241752841787452,Gambhiri,4,4,4.181414568380282
3627,43.733812400000005,46.8758072,74.158844,80.2574425,3.141994799999992,7.184360629854422,8.223696825694848,Kali Sindh,3,3,286.5324958450704
4195,9.4605022,10.149115499999999,16.620605,18.5429325,0.6886132999999983,7.2788239508046235,11.565929760077914,Betwa,2,2,74.56820151220657
3634,29.181185600000003,31.3205848,51.819702,55.750303,2.139399199999996,7.331433442512343,7.585147826593065,Chambal,2,2,179.36027722769953
3777,0.52204068,0.560346696,0.91724074,0.969861825,0.03830601599999994,7.337745403289249,5.736889205335554,Parbati,3,3,3.479168408673709
4218,0.46950505600000003,0.504035271,1.0990555,0.9769660499999999,0.034530214999999975,7.3545991802908235,-11.108579139088066,Hiyuni,5,5,4.043757950715962
3564,21.5934564,23.196414,36.753517,40.0059725,1.6029575999999999,7.423348862297005,8.849372156683662,Kali Sindh,3,3,139.28696561032862
4837,1.5790384400000002,1.69774657,3.1715143,3.6760896499999998,0.11870812999999991,7.517747952988396,15.909603497609947,Ganga,1,1,7.562528728826291
4199,1.81461376,1.9529818300000001,3.2173297,3.50826995,0.13836807000000007,7.625207801796899,9.042910647298589,Sagar,5,5,12.783119051877934
3667,0.416994916,0.449048382,0.740545,0.8237749299999999,0.03205346600000003,7.686776210000611,11.239010458513649,Chambal,2,2,2.698086343380282
3780,15.265837200000002,16.4393813,27.004082,29.542202000000003,1.173544099999999,7.687387757547938,9.399023451343403,Parbati,3,3,105.983769564554
3607,38.6159314,41.5886527,67.54567,72.648645,2.9727212999999963,7.698173246703035,7.554851406463213,Chambal,2,2,233.08368164671361
3621,0.5028851,0.541798895,0.96458405,0.993706875,0.03891379500000003,7.738108565952746,3.019210715748406,Alnia,5,5,3.013210219131455
3568,22.5069702,24.2493687,38.32281,41.434283,1.7423985000000002,7.741595090395598,8.119114960515693,Kali Sindh,3,3,144.76183748708922
3585,0.8898130399999999,0.958715314,1.5956434,1.6379751,0.06890227400000004,7.743455186945793,2.6529549146131326,Paru,5,5,6.715981351361502
3622,1.0130784800000001,1.09179966,1.9729426,2.00591515,0.07872117999999984,7.770491778682322,1.6712371662510488,Chandloi,5,5,6.0478292542723
3665,2.54481786,2.74409858,4.6816936,4.9167575,0.19928071999999997,7.830844129646275,5.020915935207722,Chamla,5,5,14.672747782276994
5104,1.67749046,1.80897252,3.3530579,3.6118361,0.13148205999999996,7.83802132621368,7.717677645828903,Champa,5,5,7.107520897652582
4832,1.55835362,1.6806895300000002,3.1176283,3.56127475,0.1223359100000001,7.850330530242558,14.230254774117881,Ganga,1,1,7.353452847605634
4202,0.445156096,0.480118046,1.059225,1.0683477,0.03496195000000002,7.853863018872377,0.8612617715782592,Jalkur,4,4,4.05893125185446
3335,179.424222,193.572109,322.12683,341.40396999999996,14.147887000000026,7.8851600092210665,5.984332320285142,Chambal,2,2,1057.3942189084507
3336,181.562688,195.897644,325.47375,345.48988499999996,14.334956000000005,7.895320430594201,6.149846185752296,Chambal,2,2,1067.8948604178404
3284,0.73726264,0.7956921400000001,1.6403413,1.63209315,0.058429500000000134,7.925194744711347,-0.5028313315039992,Bata,5,5,6.539674414953052
3602,3.69397664,3.9896537,6.293099,6.882099999999999,0.29567706000000005,8.004302376963599,9.359474560943658,Ahu,4,4,24.9181663342723
3664,0.68208528,0.73732253,1.254069,1.2521741,0.055237250000000016,8.098290876472221,-0.15110013882809825,Baveri,5,5,3.9621147144953053
3575,42.244089,45.674550700000005,71.87576,77.9546425,3.430461700000002,8.120572087612073,8.457486223450028,Kali Sindh,3,3,280.1755469870892
4191,1.57861982,1.7072450700000001,2.7502966,3.03882825,0.12862525000000025,8.14795610509947,10.49092850567462,Ajmar,5,5,12.799901353403754
3333,131.32954,142.087748,234.84773,250.26835499999999,10.758207999999996,8.191765538811751,6.566222718013911,Chambal,2,2,823.1478288838028
3608,40.1108556,43.3990627,70.353,75.73934,3.288207100000001,8.197798453344388,7.656162494847418,Chambal,2,2,242.87527049530516
3591,12.4757903,13.5093907,21.790483,23.4547025,1.033600400000001,8.284849096894495,7.637368570490162,Parvan,4,4,88.02061501056339
4839,2.15157524,2.33023414,4.254009,5.1029415,0.17865889999999984,8.303632458607389,19.956057920892977,Marai,5,5,10.748698521713616
3334,134.023552,145.180205,239.13795,256.64569,11.156653000000006,8.324397341744834,7.3211884604681154,Chambal,2,2,837.7891443392018
3290,1.9643849400000002,2.1311065200000003,4.113923,4.264086300000001,0.16672158000000015,8.487215341815853,3.6501242244932857,Yamuna,1,1,12.03465976584507
3655,2.81879096,3.0600239,5.0192246,5.4453825,0.24123294000000017,8.558028723066439,8.490512658070726,Gambhir,4,4,17.339935716549295
3609,0.62277854,0.6766941399999999,1.1187922,1.23366075,0.05391559999999995,8.657266835173857,10.267192602880158,Khoki,5,5,2.942470318333333
4188,2.01832494,2.19421211,3.6181536,3.7705949,0.1758871700000002,8.714512044824668,4.213234617789582,Urvashi,5,5,12.467908549295775
3717,0.6025829580000001,0.6553811700000001,1.14824,1.3116326,0.05279821200000001,8.761982279624975,14.229830000696728,Berach,4,4,3.654309340035211
3637,0.574470064,0.6248120749999999,1.0515826,1.13512215,0.05034201099999991,8.763208764869585,7.944173857574291,Somli,5,5,3.62882921294601
3567,16.8057046,18.279119,29.25251,31.3636415,1.473414400000003,8.76734677342837,7.216924291283035,Parvan,4,4,118.48502397887324
3650,7.78954884,8.4812124,14.264684,14.871289,0.6916635600000003,8.87937895001375,4.252495183209106,Chambal,2,2,46.68643043169014
3666,6.3327519,6.89714118,11.749087,12.015635249999999,0.5643892800000003,8.912227873635793,2.268672025324177,Chambal,2,2,37.25965158673709
3778,13.6918838,14.9131575,24.488632,26.5372795,1.2212737000000011,8.919690802517628,8.365708219225972,Parbati,3,3,95.96276251995306
3747,102.0992418,111.2256386,181.23991,190.68815,9.126396799999995,8.93875080666857,5.213112277533131,Chambal,2,2,627.7995466713614
3569,24.3926612,26.5773528,42.096207,45.184904,2.1846916000000007,8.956347903524362,7.337233494694672,Kali Sindh,3,3,159.46042651291077
3775,0.87378062,0.952334627,1.5535785,1.69240755,0.07855400700000004,8.990129238618275,8.93608208404017,Parbati,3,3,6.092525477488263
4847,12.085771600000001,13.1727884,30.42443,31.614613499999997,1.087016799999999,8.99418618832743,3.9119336007280867,Mahananda,2,2,107.3064254149061
3561,5.0559435200000005,5.513186650000001,8.690299,9.496761,0.45724313000000016,9.043675590743153,9.280025923158682,Ahu,4,4,33.66686419647887
3658,3.53251706,3.85230386,6.486428,6.75481605,0.31978680000000015,9.052661163935047,4.13768641230581,Chambal,2,2,21.003569672300472
4156,3.6803536400000003,4.01511605,6.7659125,6.84703985,0.3347624099999993,9.095930520415948,1.1990599937554625,Urvashi,5,5,23.46898471866197
3641,0.628850788,0.68653787,1.1442913,1.19174175,0.057687081999999945,9.173413328059619,4.1467107195519315,Retam,4,4,3.257452886561033
3787,100.811076,110.06909900000001,177.68866,188.239295,9.258023000000009,9.183537531133988,5.937708686643255,Chambal,2,2,618.7901758955398
3553,0.87271805,0.95287455,1.7108682,1.67225915,0.08015649999999996,9.184696019521994,-2.256693414489791,Kali,3,3,4.2445890664788735
3615,44.203520600000004,48.267099699999996,78.001366,83.5585575,4.063579099999991,9.192885645402622,7.124479717444951,Chambal,2,2,263.34133208685444
3526,0.321653468,0.35159261,0.9033016,0.711225285,0.02993914200000003,9.307887207359453,-21.263807680624055,Khari,3,3,1.414163373286385
3570,0.53589488,0.586484097,0.90471745,1.00745115,0.050589217000000075,9.440138147989039,11.355335303856473,Chauli,5,5,3.8359172670187793
3642,1.33641806,1.4632073300000001,2.4276178,2.5263122,0.12678927000000018,9.48724607926955,4.065483454603102,Retam,4,4,8.34144498620892
3613,2.9108936,3.1880841,5.193097,5.794976,0.2771905000000001,9.522522568327476,11.589981854758351,Gunjali,4,4,14.223345541549296
3635,3.67752752,4.0284432699999995,6.5845,7.1868613,0.3509157499999995,9.542165166448559,9.148170703925889,Sau,5,5,23.879800686032866
3601,0.65134666,0.713518188,1.1290591,1.2470704499999998,0.06217152800000003,9.545075121748537,10.452185363901654,Ahu,4,4,4.296374192382629
3611,0.9298810120000001,1.0187448099999998,1.6518716,1.84001335,0.08886379799999977,9.556469790567114,11.389611032721913,Gunjali,4,4,4.435701682758216
3583,1.71532174,1.87954606,3.0200126,3.236407,0.16422431999999998,9.573965989610787,7.165347588284897,Dudhi,5,5,12.349148350821597
4187,0.6573580760000001,0.72032362,1.2412891,1.2208158999999998,0.06296554399999998,9.578576167063014,-1.6493498573378336,Betwa,2,2,4.394448433215962
3715,0.272294344,0.299259681,0.49645475,0.5869467,0.026965336999999978,9.90301032473887,18.2276330320135,Berach,4,4,1.9205415675821595
4189,0.571317586,0.628102198,1.0602924,1.0685098000000002,0.05678461199999996,9.939237543442248,0.7750126285919009,Urvashi,5,5,3.584500516267606
4867,3.1174423,3.43467337,6.2809777,7.24210575,0.31723107000000006,10.176004540645389,15.302204464123479,Lohra,5,5,15.131230472065727
3614,2.04418424,2.25278776,3.7921584,4.190273550000001,0.20860352000000004,10.204731839631052,10.498378706965422,Chambal,2,2,12.04077278814554
3295,1.07009884,1.17971775,2.0710309,2.08493015,0.10961891000000001,10.243811683788016,0.6711271183834168,Yamuna,1,1,7.519482629319248
3639,3.0006393,3.3083984,5.324261,5.6748426,0.3077591000000002,10.256451016954959,6.58460582604797,Retam,4,4,17.8791785064554
3616,46.6122864,51.3996562,81.75142,88.52831,4.7873698000000005,10.27061783435708,8.289629709184268,Chambal,2,2,276.92687148004694
3697,1.05170696,1.16135737,2.1668823,2.94312375,0.10965040999999998,10.425946976712979,35.822963250011306,Khari,3,3,5.7747080678403755
3645,2.4632948399999997,2.72229077,4.4052277,4.6559961,0.2589959300000002,10.514207466938883,5.692518459374985,Retam,4,4,14.575702028990612
3644,0.84336414,0.93319163,1.4734352,1.62289195,0.08982749000000001,10.651091947068085,10.143421984217571,Idar,5,5,4.620624834483568
3296,1.3109173600000001,1.4511101,2.8012333,2.6499598,0.14019273999999982,10.694246966109274,-5.400246384333638,Yamuna,1,1,5.926490043368545
3618,47.5732704,52.668941,84.11683,91.088505,5.095670599999998,10.711205172894731,8.288085749308438,Chambal,2,2,282.8396060551643
3628,93.182766,103.191419,164.69507,175.94090999999997,10.008652999999995,10.740884210284115,6.82827968074575,Chambal,2,2,582.3198031326291
3297,2.4200834400000004,2.68026766,5.0002127,4.718903,0.26018421999999974,10.751043360719814,-5.625954671888249,Yamuna,1,1,13.462395763497653
3755,0.5967423260000001,0.6615835670000001,1.0247099,1.1161466500000001,0.064841241,10.865869266327186,8.923184015300349,Andheri,4,4,4.797977040997653
4410,2.0356191,2.25782746,4.2513804,4.102633,0.22220836000000022,10.916008795555133,-3.4988024125058392,Ganga,1,1,8.096250242699531
3852,7.8124991999999995,8.671463000000001,16.67225,16.711239,0.8589638000000015,10.994737765861167,0.23385565835445624,Baur,4,4,52.20931247758216
3562,6.45224458,7.1616862,11.09125,12.3729435,0.7094416199999998,10.995268564354387,11.555897667079899,Ahu,4,4,42.9681347879108
3643,0.43475537999999997,0.48382736400000004,0.7603398,0.832722275,0.04907198400000007,11.287263196144938,9.519753536510905,Retam,4,4,2.7038175522652583
3723,0.35859346799999997,0.400088655,0.66308624,0.729231175,0.041495187000000044,11.571651662098889,9.975314070760986,Unli,5,5,1.969323468321596
3689,0.11268254,0.12589860700000002,0.22304933,0.29972218,0.013216067000000026,11.72858457042238,34.37483986165752,Nekhadi,5,5,0.6102820342030516
3610,1.13567328,1.26887355,2.0648277,2.3143804,0.1332002699999999,11.728749134610254,12.085884938486645,Gunjali,4,4,5.929750931819249
3612,1.86095522,2.08001455,3.3778512,3.75311255,0.2190593300000001,11.771338055087652,11.109469534951693,Gunjali,4,4,9.368042484741785
3590,3.1271421200000002,3.49818929,5.510716,5.980945,0.37104716999999976,11.865375981057099,8.532992808919925,Ghora Pachhar,4,4,22.787690326408452
3623,49.7316144,55.647947800000004,87.686066,96.15685500000001,5.916333400000006,11.896523914172404,9.660359263922286,Chambal,2,2,294.9961044448357
3640,3.83037382,4.29255274,6.8641906,7.3078153,0.4621789199999995,12.066157031117122,6.462884349394376,Idar,5,5,22.52403660739437
3638,1.8700294,2.09796005,3.4886918,3.79738855,0.22793065000000023,12.188613184370269,8.848495874585431,Sau,5,5,12.829675442840376
3860,2.09506522,2.36059172,4.1501617,4.2877934,0.2655265,12.673901388139125,3.316297290295943,Gaula,4,4,13.250360062676055
3851,4.2100498,4.74479454,8.994191,9.335316500000001,0.5347447399999998,12.701625049660928,3.792731330700008,Baur,4,4,30.832856528521127
4840,2.25113682,2.54172485,5.940277,6.2622437,0.2905880299999999,12.908501492148302,5.420062061078969,Balasan,4,4,20.834749440023476
4829,1.49795832,1.69267703,3.0753288,3.6001802,0.19471871000000007,12.998940451160221,17.066513343223665,Mahananda,2,2,7.7095109579107985
3588,1.0549215,1.19211116,1.8909544,2.05841115,0.13718966,13.004726892000967,8.855673621743598,Ghora Pachhar,4,4,7.862034784237089
3291,1.8939731199999998,2.14326931,3.77321,4.156688,0.24929619000000014,13.162604440764195,10.16317671160629,Yamuna,1,1,11.943506646244131
3589,1.07128774,1.2126938900000002,1.9106895,2.073112,0.14140615000000012,13.19964232952018,8.500727093543988,Ghora Pachhar,4,4,7.943160009272301
3566,1.8724923,2.12331675,3.2782893,3.6239147000000003,0.25082444999999987,13.395219302103397,10.542858435343101,Ujar,5,5,13.857946674647888
3692,0.0949759188,0.1077685276,0.20786881,0.2861768,0.012792608799999994,13.469318287868981,37.67183253706991,Khari,3,3,0.5869895858896714
3429,0.35185995999999997,0.39928877700000004,0.8431102,1.08618225,0.04742881700000007,13.479458418627704,28.830400818303463,Dai,4,4,2.240137310539906
4843,8.00848492,9.1155098,20.915632,22.5333875,1.107024879999999,13.82314995980537,7.734671847353221,Mahananda,2,2,76.66235415845071
3560,1.29835604,1.48240803,2.3897276,2.6084235,0.18405198999999994,14.175771847605064,9.15149910809917,Amjar,5,5,8.595326137312206
4868,2.79649318,3.19720696,7.416745,8.496593,0.4007137799999998,14.3291527712576,14.55959453911387,Balasan,4,4,28.636360787793425
4953,3.8793982,4.6477727,9.839183,11.7321225,0.7683745000000002,19.806538550231842,19.238787407450385,Iwa,5,5,34.9129448370892
4955,1.44260018,1.7364408500000001,3.6322498,4.05673575,0.29384067000000025,20.368822496611656,11.686584716722946,Iwa,5,5,11.803079563497652
3716,0.49268952400000005,0.593869805,0.9189937,1.0778932,0.10118028099999993,20.536316700738276,17.290597313126312,Menali,5,5,2.949417287359155
4946,1.76717032,2.13269886,4.42614,5.28521035,0.3655285400000001,20.684397868339037,19.409018919419623,Iwa,5,5,16.537555520187794
3694,0.174856606,0.219249313,0.39508462,0.5566788650000001,0.044392707000000003,25.38806397740558,40.90117327270297,Khari,3,3,1.0626267950704225
3439,0.11487499920000001,0.15006376500000002,0.2772144,0.39399674500000004,0.03518876580000001,30.632222890148235,42.12708466804033,Dai,4,4,0.8183828912922535
3848,1.39602734,1.95088155,3.1023214,3.732072,0.55485421,39.74522519021726,20.29933455637446,Baur,4,4,9.42125760488263
