seg_id,river_name,tier,spei_cell_lat,spei_cell_lon,spei_data_available,spei12_annual_mean,spei12_early_mean,spei12_late_mean,spei12_pct_change_proxy,spei12_mk_trend,spei12_mk_p,spei12_mk_tau,spei12_sens_slope,spei_category
1429,Padma,1,23.325,90.475,False,,,,,,,,,No Data
1445,Padma,1,23.625,90.025,False,,,,,,,,,No Data
1495,Padma,1,23.475,90.375,False,,,,,,,,,No Data
1496,Padma,1,23.425,89.925,False,,,,,,,,,No Data
1497,Padma,1,23.425,90.325,False,,,,,,,,,No Data
1523,Padma,1,23.975,89.225,False,,,,,,,,,No Data
1525,Padma,1,23.825,89.725,False,,,,,,,,,No Data
1526,Padma,1,23.875,89.775,False,,,,,,,,,No Data
1527,Padma,1,23.825,89.775,False,,,,,,,,,No Data
1528,Padma,1,23.425,89.575,False,,,,,,,,,No Data
1530,Padma,1,23.475,89.425,False,,,,,,,,,No Data
1548,Punarbhaba,99,25.375,88.525,True,-0.0428,-0.0771,0.0015,0.0787,no trend,0.9762410903191197,0.0028,0.000154,SPEI Stable
1549,Punarbhaba,99,24.975,88.375,True,-0.1509,-0.1171,-0.1945,-0.0774,no trend,0.7507335153518226,-0.0262,-0.001219,SPEI Stable
1551,Padma,1,24.375,88.525,True,-0.1471,-0.0861,-0.2259,-0.1398,no trend,0.37161442772025643,-0.0728,-0.003167,SPEI Stable
1552,Padma,1,24.225,88.725,True,-0.1406,-0.0604,-0.2441,-0.1837,no trend,0.22584723604104706,-0.0986,-0.005095,SPEI Stable
1553,Padma,1,24.275,88.725,True,-0.1543,-0.0966,-0.2287,-0.1321,no trend,0.6986354428998491,-0.0318,-0.001592,SPEI Stable
1560,Tangan,99,25.475,88.475,True,-0.0398,-0.0852,0.0188,0.104,no trend,0.9762410903191197,-0.0028,-0.000152,SPEI Stable
1562,Punarbhaba,99,25.775,88.675,False,,,,,,,,,No Data
2480,Kevai,99,23.225,82.025,True,0.1305,0.2216,0.0128,-0.2088,decreasing,0.043880164491232776,-0.1638,-0.009222,SPEI Drying
2481,Son,99,23.025,82.025,True,0.1673,0.3126,-0.0202,-0.3328,decreasing,0.011684771016124973,-0.2048,-0.01223,SPEI Drying
2807,Mohana,99,24.225,85.125,True,-0.222,-0.1788,-0.2779,-0.0991,no trend,0.647919795360359,-0.0374,-0.001896,SPEI Stable
2910,Padma,1,22.575,88.775,True,0.2957,0.3269,0.2555,-0.0714,no trend,0.4747556847815666,0.0584,0.003517,SPEI Stable
2912,Padma,1,22.575,88.675,True,0.2759,0.2806,0.2699,-0.0106,no trend,0.5647631724211553,0.0471,0.002555,SPEI Stable
2913,Ichamati,99,22.925,88.725,True,0.2425,0.2806,0.1933,-0.0874,no trend,0.9683250952101472,-0.0036,-0.000234,SPEI Stable
2914,Kalindi,99,22.425,88.825,True,0.2868,0.2931,0.2788,-0.0142,no trend,0.2704939159696198,0.0897,0.004396,SPEI Stable
2915,Ichamati,99,22.625,88.925,True,0.297,0.3101,0.2801,-0.03,no trend,0.4099608311090899,0.0672,0.003543,SPEI Stable
2916,Ichamati,99,23.025,88.875,True,0.1268,0.1632,0.0798,-0.0835,no trend,0.7133888312424626,0.0302,0.001841,SPEI Stable
2918,Ichamati,99,23.125,88.775,True,0.1,0.121,0.073,-0.048,no trend,0.647919795360359,0.0374,0.003003,SPEI Stable
2919,Mathabanga,99,23.425,88.875,False,,,,,,,,,No Data
2920,Padma,1,23.275,89.075,False,,,,,,,,,No Data
2921,Padma,1,22.925,89.125,False,,,,,,,,,No Data
2922,Ichamati,99,22.925,88.875,True,0.2242,0.2976,0.1295,-0.1681,no trend,0.9683250952101472,-0.0036,-0.000343,SPEI Stable
2928,Padma,1,22.575,89.225,False,,,,,,,,,No Data
2929,Padma,1,22.575,89.375,False,,,,,,,,,No Data
2930,Mathabanga,99,23.675,88.825,False,,,,,,,,,No Data
2931,Bhairab,99,23.725,88.675,False,,,,,,,,,No Data
2933,Padma,1,23.325,89.275,False,,,,,,,,,No Data
2954,Gumani,99,24.825,87.525,True,-0.0592,-0.1891,0.1085,0.2976,no trend,0.9525032428084219,0.0052,0.000304,SPEI Stable
2957,Gumani,99,24.825,87.775,True,-0.0866,-0.2629,0.1408,0.4037,no trend,0.33557552767093113,0.0785,0.004332,SPEI Stable
2959,Ganga,1,24.925,87.925,True,-0.0635,-0.3289,0.279,0.6079,no trend,0.12879503408223458,0.1235,0.007098,SPEI Stable
2960,Ganga,1,24.675,88.025,True,-0.0791,-0.2221,0.1055,0.3276,no trend,0.33061719220937347,0.0793,0.004129,SPEI Stable
2971,Padma,1,24.625,88.275,False,,,,,,,,,No Data
2973,Padma,1,24.475,88.225,True,-0.1061,-0.0669,-0.1567,-0.0898,no trend,0.4099608311090899,-0.0672,-0.003563,SPEI Stable
2977,Chandan,99,24.675,86.875,True,-0.031,-0.083,0.036,0.119,no trend,0.5382311014255547,0.0503,0.003133,SPEI Stable
2978,Barnar,99,24.725,86.275,True,-0.0816,-0.0603,-0.1091,-0.0488,no trend,0.8894646599057274,0.0117,0.000407,SPEI Stable
3217,Koel,99,23.475,84.325,True,-0.4258,-0.3613,-0.5091,-0.1478,decreasing,0.03447204456030617,-0.1718,-0.008591,SPEI Drying
3244,Sota,99,27.725,76.125,True,0.1251,-0.0359,0.3327,0.3685,no trend,0.07557161289482539,0.1445,0.008382,SPEI Stable
3245,Sota,99,27.575,76.125,True,0.1285,-0.0582,0.3694,0.4276,increasing,0.028240844233809348,0.1783,0.009812,SPEI Wetting
3246,Sota,99,27.725,76.275,True,0.13,0.0246,0.266,0.2414,no trend,0.32084351186557547,0.0809,0.004857,SPEI Stable
3247,Chalak,99,28.025,76.125,True,0.0301,-0.0565,0.1417,0.1983,no trend,0.5987876258427536,0.0431,0.0027,SPEI Stable
3248,Sota,99,27.875,76.425,True,0.0884,0.0291,0.1648,0.1357,no trend,0.7357197884219144,0.0278,0.001261,SPEI Stable
3260,Yamuna,99,28.875,77.225,True,0.167,0.2508,0.0589,-0.1919,no trend,0.12387138171204959,-0.1252,-0.006537,SPEI Stable
3261,Yamuna,99,28.975,77.175,True,0.1347,0.263,-0.0309,-0.2939,decreasing,0.018142945160281476,-0.192,-0.010373,SPEI Drying
3262,Yamuna,99,28.775,77.225,True,0.1378,0.2405,0.0053,-0.2352,no trend,0.08590320114263394,-0.1396,-0.008187,SPEI Stable
3263,Yamuna,99,28.675,77.125,True,0.0826,0.1377,0.0116,-0.1261,no trend,0.20032839781821243,-0.1042,-0.005542,SPEI Stable
3264,Yamuna,99,28.575,77.325,True,0.1679,0.2838,0.0185,-0.2653,no trend,0.06482394536115721,-0.1501,-0.010123,SPEI Stable
3279,Yamuna,99,28.775,76.875,True,0.1491,0.1989,0.0849,-0.1141,no trend,0.36632391174159107,-0.0736,-0.00449,SPEI Stable
3281,Yamuna,99,28.675,76.975,True,0.1615,0.2393,0.0611,-0.1782,no trend,0.2146399323202448,-0.101,-0.006066,SPEI Stable
3284,Bata,99,30.425,77.575,True,0.1768,0.1993,0.1477,-0.0515,no trend,0.0788965087955773,-0.1429,-0.009056,SPEI Stable
3285,Tons,99,30.375,77.775,True,-0.0337,-0.0377,-0.0285,0.0092,no trend,0.09535947867360162,-0.1356,-0.009288,SPEI Stable
3286,Giri,99,30.675,77.425,True,0.1865,0.4369,-0.1366,-0.5735,decreasing,0.0004409976272403693,-0.2853,-0.017249,SPEI Drying
3287,Yamuna,99,30.425,77.675,True,0.1559,0.1959,0.1043,-0.0916,no trend,0.05168562878896865,-0.1581,-0.010216,SPEI Stable
3288,Yamuna,99,30.425,77.625,True,0.1743,0.2027,0.1375,-0.0652,no trend,0.09535947867360162,-0.1356,-0.009227,SPEI Stable
3289,Yamuna,99,30.275,77.525,True,0.2167,0.321,0.082,-0.2391,decreasing,0.0013906839102930668,-0.2596,-0.014093,SPEI Drying
3290,Yamuna,99,30.125,77.475,True,0.1527,0.3414,-0.0908,-0.4322,decreasing,2.2457774256468e-05,-0.3441,-0.018378,SPEI Drying
3291,Yamuna,99,30.175,77.425,True,0.1501,0.3337,-0.0867,-0.4204,decreasing,2.7981180594771615e-05,-0.34,-0.018971,SPEI Drying
3292,Yamuna,99,30.125,77.425,True,0.1263,0.3263,-0.1317,-0.458,decreasing,1.5027475327444861e-05,-0.3513,-0.019796,SPEI Drying
3293,Yamuna,99,29.875,77.225,True,0.0333,0.0897,-0.0395,-0.1292,decreasing,0.04285083553529989,-0.1646,-0.007021,SPEI Drying
3295,Yamuna,99,30.075,77.175,True,0.156,0.288,-0.0144,-0.3024,decreasing,0.001253758027850882,-0.262,-0.014748,SPEI Drying
3296,Yamuna,99,29.625,77.225,True,-0.002,0.0545,-0.0749,-0.1295,no trend,0.05794594785727014,-0.1541,-0.009079,SPEI Stable
3297,Yamuna,99,29.775,77.075,True,0.0183,0.103,-0.091,-0.194,no trend,0.10778786193945145,-0.1308,-0.008506,SPEI Stable
3298,Yamuna,99,29.525,77.125,True,-0.0005,0.0926,-0.1206,-0.2132,decreasing,0.020180292056269256,-0.1887,-0.011274,SPEI Drying
3300,Yamuna,99,29.375,77.125,True,0.0432,0.2349,-0.204,-0.4389,decreasing,0.0011695091346846098,-0.2636,-0.015279,SPEI Drying
3301,Hindon,99,29.275,77.375,True,0.0237,0.2059,-0.2115,-0.4174,decreasing,0.0014894916172796258,-0.2579,-0.015328,SPEI Drying
3302,Hindon,99,29.575,77.525,True,0.0249,-0.0493,0.1207,0.17,no trend,0.8503922744984573,-0.0157,-0.001357,SPEI Stable
3303,Yamuna,99,29.325,77.075,True,0.0179,0.1556,-0.1597,-0.3153,decreasing,0.020180292056269256,-0.1887,-0.010697,SPEI Drying
3304,Yamuna,99,29.175,77.125,True,0.0773,0.2958,-0.2047,-0.5005,decreasing,0.00014345133733573157,-0.3087,-0.016844,SPEI Drying
3305,Yamuna,99,29.075,77.125,True,0.0827,0.3,-0.1978,-0.4978,decreasing,0.0001081093910157982,-0.3143,-0.017846,SPEI Drying
3308,Rupin,99,31.175,78.075,True,-0.2107,0.1483,-0.6739,-0.8223,decreasing,8.110131777905316e-05,-0.3199,-0.01918,SPEI Drying
3309,Tons,99,31.075,78.125,True,-0.3066,0.0134,-0.7195,-0.7329,decreasing,8.452472410280798e-05,-0.3191,-0.017687,SPEI Drying
3310,Pabbar,99,31.125,77.825,True,-0.341,-0.045,-0.7228,-0.6778,decreasing,5.336131364153118e-05,-0.328,-0.017936,SPEI Drying
3311,Tons,99,30.975,77.975,True,-0.4542,-0.0984,-0.9132,-0.8148,decreasing,1.2104551805336428e-08,-0.4624,-0.022276,SPEI Drying
3312,Tons,99,30.875,77.825,True,-0.4489,-0.1303,-0.86,-0.7298,decreasing,5.932192452817731e-07,-0.4052,-0.021366,SPEI Drying
3316,Shallu,99,30.875,77.675,True,-0.3749,-0.074,-0.7631,-0.6891,decreasing,4.132246136712148e-05,-0.3328,-0.020021,SPEI Drying
3317,Tons,99,30.775,77.725,True,-0.3142,-0.0449,-0.6616,-0.6166,decreasing,5.806483740977697e-05,-0.3264,-0.02078,SPEI Drying
3318,Sainj,99,30.775,77.675,True,-0.2863,0.0045,-0.6616,-0.6661,decreasing,0.0001081093910157982,-0.3143,-0.021123,SPEI Drying
3319,Tons,99,30.625,77.775,True,-0.2196,-0.0339,-0.4593,-0.4254,decreasing,0.0006150152886712501,-0.2781,-0.017743,SPEI Drying
3320,Yamuna,99,30.525,77.925,True,-0.2989,-0.1426,-0.5007,-0.3581,decreasing,0.0004091593065749244,-0.2869,-0.016199,SPEI Drying
3321,Aglad,99,30.525,78.025,True,-0.3593,-0.1392,-0.6432,-0.5039,decreasing,3.189145204696153e-05,-0.3376,-0.019562,SPEI Drying
3322,Yamuna,99,30.725,78.125,True,-0.4289,-0.0569,-0.909,-0.8521,decreasing,1.6249712686544626e-10,-0.5187,-0.026061,SPEI Drying
3323,Bhagirathi,99,30.775,78.525,True,-0.4517,-0.2997,-0.6477,-0.348,decreasing,0.004665446138032436,-0.2298,-0.009865,SPEI Drying
3324,Yamuna,99,30.475,77.725,True,0.0105,0.0883,-0.0899,-0.1782,decreasing,0.01863462876975186,-0.1911,-0.013833,SPEI Drying
3325,Ashmi,99,30.925,77.175,True,-0.1474,0.0865,-0.4492,-0.5357,decreasing,0.0036294990771035263,-0.2362,-0.014206,SPEI Drying
3326,Giri,99,31.025,77.325,True,-0.1723,0.0288,-0.4318,-0.4606,decreasing,0.03893529923561112,-0.1678,-0.011367,SPEI Drying
3328,Sarai,99,25.825,76.775,True,0.0242,-0.0358,0.1016,0.1373,no trend,0.8816255210239117,0.0125,0.00048,SPEI Stable
3329,Chambal,99,25.925,76.875,True,0.0489,-0.0119,0.1273,0.1391,no trend,0.9209218347701116,0.0085,0.000275,SPEI Stable
3330,Kadwal,99,25.725,76.725,True,0.0417,0.0372,0.0477,0.0105,no trend,0.9130439733339297,-0.0093,-0.000745,SPEI Stable
3331,Chambal,99,25.875,76.725,True,0.0131,-0.0613,0.109,0.1703,no trend,0.4933559583597926,0.0559,0.003424,SPEI Stable
3332,Banas,99,26.075,76.675,True,0.0092,0.0413,-0.0322,-0.0735,no trend,0.6057025033624253,-0.0423,-0.00204,SPEI Stable
3333,Chambal,99,25.875,76.625,True,-0.0307,-0.1586,0.1344,0.293,no trend,0.36632391174159107,0.0736,0.003935,SPEI Stable
3334,Chambal,99,25.925,76.725,True,0.0151,-0.0605,0.1126,0.1732,no trend,0.4809126483751318,0.0575,0.003227,SPEI Stable
3335,Chambal,99,25.975,76.775,True,0.0526,-0.0297,0.1587,0.1884,no trend,0.6694724367031308,0.035,0.001654,SPEI Stable
3336,Chambal,99,26.125,76.925,True,0.0571,0.059,0.0545,-0.0046,no trend,0.4686422537687691,-0.0592,-0.003543,SPEI Stable
3337,Kuno,99,25.775,77.175,True,0.0996,-0.0008,0.2292,0.23,no trend,0.48711284347936656,0.0567,0.002511,SPEI Stable
3338,Karisil,99,26.275,76.725,True,0.0867,0.154,-0.0002,-0.1541,no trend,0.30654064337907405,-0.0833,-0.005263,SPEI Stable
3339,Chambal,99,26.625,78.225,True,-0.0391,0.1062,-0.2264,-0.3326,decreasing,0.0018884793193247873,-0.2523,-0.014917,SPEI Drying
3340,Parbati,99,24.725,77.125,True,-0.1166,-0.1526,-0.0702,0.0825,no trend,0.5316971675813358,0.0511,0.002533,SPEI Stable
3341,Karai,99,25.125,77.325,True,-0.0272,-0.0428,-0.007,0.0358,no trend,0.42709019490083033,0.0648,0.003582,SPEI Stable
3342,Kuno,99,25.075,77.325,True,-0.0516,-0.0101,-0.1051,-0.095,no trend,0.873797961750338,0.0133,0.000794,SPEI Stable
3343,Kuno,99,25.225,77.225,True,-0.0092,-0.0769,0.0782,0.1551,no trend,0.3257065131987469,0.0801,0.005305,SPEI Stable
3344,Sindh,99,24.575,77.525,True,-0.0457,-0.0699,-0.0143,0.0556,no trend,0.5514186979590701,0.0487,0.002174,SPEI Stable
3345,Sindh,99,25.025,77.625,True,0.0474,0.051,0.0426,-0.0084,no trend,0.9445989408361049,-0.006,-0.000312,SPEI Stable
3346,Kendar,99,25.325,77.325,True,0.0383,-0.0168,0.1094,0.1262,no trend,0.438737876982112,0.0632,0.002973,SPEI Stable
3347,Manki,99,25.375,77.375,True,0.0743,0.0201,0.1441,0.1241,no trend,0.35073611533288473,0.0761,0.003596,SPEI Stable
3348,Kuno,99,25.375,77.275,True,0.0509,-0.028,0.1527,0.1807,no trend,0.24950104916942317,0.0938,0.004815,SPEI Stable
3349,Kunwari,99,26.175,77.475,True,0.0505,0.2028,-0.146,-0.3488,decreasing,0.018142945160281476,-0.192,-0.009846,SPEI Drying
3350,Kunwari,99,26.675,78.475,True,0.005,0.1693,-0.207,-0.3762,decreasing,0.0006615191578531743,-0.2765,-0.015507,SPEI Drying
3351,Bamni,99,26.725,77.625,True,-0.0138,0.0571,-0.1053,-0.1624,no trend,0.08773125988967267,-0.1388,-0.007746,SPEI Stable
3352,Parbati,99,26.625,77.425,True,-0.0657,0.0226,-0.1796,-0.2022,decreasing,0.04709421051254581,-0.1614,-0.008852,SPEI Drying
3353,Vaisali,99,26.475,78.725,True,0.1278,0.2384,-0.015,-0.2534,decreasing,0.024860679693504695,-0.1823,-0.010146,SPEI Drying
3354,Sengur,99,26.775,79.175,True,-0.0951,0.2448,-0.5337,-0.7785,decreasing,3.0156541686032767e-07,-0.4157,-0.022017,SPEI Drying
3355,Sesar,99,26.825,77.075,True,0.0096,0.0585,-0.0534,-0.1119,no trend,0.08060304709969723,-0.1421,-0.007826,SPEI Stable
3356,Vaisali,99,26.325,78.325,True,0.1314,0.2493,-0.0207,-0.27,decreasing,0.01344017349899329,-0.2008,-0.012986,SPEI Drying
3357,Kunwari,99,26.375,77.775,True,0.0607,0.1864,-0.1015,-0.288,decreasing,0.011041631469831836,-0.2064,-0.013382,SPEI Drying
3358,Parbati,99,26.575,77.375,True,-0.057,0.0199,-0.1561,-0.176,no trend,0.06199593189827901,-0.1517,-0.008435,SPEI Stable
3359,Gambhir,99,26.925,77.625,True,-0.0692,-0.0009,-0.1574,-0.1566,decreasing,0.03532796495417179,-0.171,-0.008706,SPEI Drying
3360,Vaisali,99,26.325,78.375,True,0.1354,0.164,0.0986,-0.0654,no trend,0.27922084058927155,-0.0881,-0.006285,SPEI Stable
3361,Jhilmil,99,26.375,78.725,True,0.1613,0.2872,-0.0011,-0.2883,decreasing,0.016735414186838105,-0.1944,-0.011616,SPEI Drying
3362,Sank,99,26.325,78.075,True,0.0753,0.1536,-0.0258,-0.1794,no trend,0.07557161289482539,-0.1445,-0.008459,SPEI Stable
3363,Pahuj,99,26.025,78.825,True,0.0994,0.3254,-0.1922,-0.5176,decreasing,9.53060121244853e-06,-0.3594,-0.01804,SPEI Drying
3364,Parbati,99,26.675,77.525,True,-0.0142,0.0477,-0.0941,-0.1418,no trend,0.1390971014746223,-0.1203,-0.006679,SPEI Stable
3365,Gambhir,99,26.625,76.975,True,0.0356,0.101,-0.0489,-0.1499,decreasing,0.015851182945591402,-0.196,-0.009553,SPEI Drying
3366,Asan,99,26.375,77.925,True,0.0641,0.1946,-0.1043,-0.2989,decreasing,0.018142945160281476,-0.192,-0.013668,SPEI Drying
3367,Non,99,26.175,79.425,True,-0.0329,0.4184,-0.6151,-1.0335,decreasing,3.5182479152240376e-10,-0.5091,-0.028327,SPEI Drying
3368,Sengur,99,27.075,78.825,True,-0.0256,0.1301,-0.2265,-0.3566,decreasing,0.0036294990771035263,-0.2362,-0.013019,SPEI Drying
3369,Parbati,99,26.825,77.775,True,-0.0337,0.0775,-0.1772,-0.2547,decreasing,0.009031239702930405,-0.2121,-0.01159,SPEI Drying
3370,Vaisali,99,26.425,78.575,True,0.1288,0.1979,0.0396,-0.1583,decreasing,0.029699886817119436,-0.1767,-0.011857,SPEI Drying
3371,Sengur,99,27.075,78.675,True,0.0187,0.1332,-0.129,-0.2623,decreasing,0.016288026803525035,-0.1952,-0.010519,SPEI Drying
3372,Asan,99,26.575,78.275,True,0.0327,0.0671,-0.0116,-0.0787,no trend,0.21833026536228317,-0.1002,-0.006418,SPEI Stable
3373,Gambhir,99,26.825,76.975,True,0.0435,-0.0097,0.1122,0.1219,no trend,0.7810405515546475,0.0229,0.001309,SPEI Stable
3374,Vaisali,99,26.425,78.775,True,0.1006,0.2493,-0.0912,-0.3405,decreasing,0.0025454382452223534,-0.2451,-0.014144,SPEI Drying
3375,Pahuj,99,25.975,78.875,True,0.1101,0.3409,-0.1877,-0.5285,decreasing,0.00031384560270075745,-0.2926,-0.015714,SPEI Drying
3376,Kunwari,99,26.575,78.075,True,-0.0109,0.1064,-0.1624,-0.2688,decreasing,0.0032983775618784517,-0.2386,-0.014148,SPEI Drying
3377,Vaisali,99,26.475,78.825,True,0.0989,0.2454,-0.09,-0.3354,decreasing,0.002087794896095563,-0.2499,-0.014641,SPEI Drying
3378,Gambhir,99,26.875,77.225,True,-0.0222,-0.0377,-0.0022,0.0355,no trend,0.6057025033624253,-0.0423,-0.002697,SPEI Stable
3379,Sengur,99,26.775,79.125,True,-0.0583,0.2469,-0.452,-0.6989,decreasing,2.4117902106546296e-06,-0.3827,-0.021047,SPEI Drying
3380,Sengur,99,26.725,79.225,True,-0.1019,0.2613,-0.5705,-0.8318,decreasing,3.0156541686032767e-07,-0.4157,-0.023239,SPEI Drying
3381,Pahuj,99,26.325,79.125,True,-0.0029,0.2414,-0.318,-0.5594,decreasing,4.6977531742875556e-05,-0.3304,-0.017798,SPEI Drying
3382,Gambhir,99,26.925,77.825,True,-0.0615,0.079,-0.2428,-0.3219,decreasing,0.001439306397169604,-0.2588,-0.013488,SPEI Drying
3383,Kunwari,99,26.625,78.425,True,0.0016,0.1425,-0.1803,-0.3227,decreasing,0.002158406549617853,-0.2491,-0.013255,SPEI Drying
3384,Kunwari,99,26.575,78.825,True,0.0857,0.2141,-0.0799,-0.294,decreasing,0.011359160904444332,-0.2056,-0.012199,SPEI Drying
3385,Gambhir,99,26.875,78.025,True,-0.0468,0.113,-0.2531,-0.3662,decreasing,0.0002304930604228872,-0.299,-0.016163,SPEI Drying
3386,Sindh,99,26.225,78.775,True,0.0656,0.2707,-0.1989,-0.4696,decreasing,2.6782312757323012e-05,-0.3408,-0.016785,SPEI Drying
3387,Sindh,99,26.425,79.025,True,0.0263,0.2352,-0.2431,-0.4783,decreasing,0.00013237636780893958,-0.3103,-0.016187,SPEI Drying
3388,Sindh,99,26.425,79.175,True,-0.0133,0.2196,-0.3138,-0.5334,decreasing,0.0003020650627967303,-0.2934,-0.01748,SPEI Drying
3389,Yamuna,99,26.975,78.275,True,-0.0621,0.0639,-0.2248,-0.2887,decreasing,0.001129375694957746,-0.2644,-0.015285,SPEI Drying
3390,Sindh,99,26.425,79.225,True,-0.0726,0.2276,-0.46,-0.6876,decreasing,9.10160122602477e-06,-0.3602,-0.021683,SPEI Drying
3391,Yamuna,99,26.775,78.875,True,-0.004,0.1143,-0.1566,-0.271,decreasing,0.011041631469831836,-0.2064,-0.012364,SPEI Drying
3392,Yamuna,99,26.475,79.225,True,-0.013,0.2682,-0.3759,-0.644,decreasing,9.963220844988463e-05,-0.3159,-0.019642,SPEI Drying
3393,Yamuna,99,26.325,79.475,True,-0.0572,0.3439,-0.5746,-0.9185,decreasing,3.7199547375799114e-07,-0.4125,-0.023878,SPEI Drying
3394,Supin,99,31.125,78.225,True,-0.2401,0.0822,-0.656,-0.7382,decreasing,0.001952887995422481,-0.2515,-0.015781,SPEI Drying
3395,Tons,99,31.075,78.275,True,-0.2799,0.085,-0.7507,-0.8357,decreasing,0.0001493106215397777,-0.3078,-0.018507,SPEI Drying
3396,Dhund,99,26.625,75.975,True,0.05,0.0919,-0.0042,-0.0961,no trend,0.5187510088374183,-0.0527,-0.002939,SPEI Stable
3397,Dhund,99,26.725,75.975,True,0.0057,0.033,-0.0296,-0.0627,no trend,0.37161442772025643,-0.0728,-0.004717,SPEI Stable
3398,Banganga,99,27.025,76.225,True,0.105,0.0127,0.224,0.2113,no trend,0.7133888312424626,0.0302,0.001907,SPEI Stable
3399,Mashi,99,26.625,75.625,True,-0.0968,0.0036,-0.2264,-0.2299,no trend,0.41562472802453176,-0.0664,-0.003635,SPEI Stable
3400,Dhund,99,26.525,76.075,True,0.0638,0.1016,0.0151,-0.0865,no trend,0.36108062910799354,-0.0744,-0.004584,SPEI Stable
3401,Morel,99,26.625,76.225,True,0.0419,0.0361,0.0493,0.0132,no trend,0.9762410903191197,-0.0028,-3.7e-05,SPEI Stable
3402,Morel,99,26.375,76.375,True,0.0289,0.0729,-0.0278,-0.1007,no trend,0.873797961750338,-0.0133,-0.000779,SPEI Stable
3403,Kareli,99,26.475,76.575,True,0.0677,0.0855,0.0448,-0.0406,no trend,0.7582763349793675,-0.0254,-0.001115,SPEI Stable
3404,Kareli,99,26.425,76.575,True,0.0573,0.1146,-0.0166,-0.1311,no trend,0.35073611533288473,-0.0761,-0.004971,SPEI Stable
3405,Kareli,99,26.425,76.575,True,0.0573,0.1146,-0.0166,-0.1311,no trend,0.35073611533288473,-0.0761,-0.004971,SPEI Stable
3406,Dhil,99,26.275,76.125,True,0.0127,0.1214,-0.1276,-0.249,no trend,0.27922084058927155,-0.0881,-0.00577,SPEI Stable
3407,Kareli,99,26.375,76.575,True,0.0658,0.1232,-0.0083,-0.1315,no trend,0.35073611533288473,-0.0761,-0.005231,SPEI Stable
3408,Morel,99,26.325,76.575,True,0.0594,0.099,0.0083,-0.0907,no trend,0.5919087714885272,-0.0439,-0.002668,SPEI Stable
3409,Kareli,99,26.475,76.625,True,0.0723,0.1175,0.0139,-0.1036,no trend,0.3257065131987469,-0.0801,-0.004878,SPEI Stable
3410,Morel,99,26.325,76.675,True,0.079,0.1524,-0.0157,-0.1682,no trend,0.2577573793672574,-0.0922,-0.005958,SPEI Stable
3411,Morel,99,26.275,76.625,True,0.0428,0.1061,-0.0389,-0.145,no trend,0.2836553336618328,-0.0873,-0.004572,SPEI Stable
3412,Morel,99,26.225,76.575,True,0.0225,0.0695,-0.0381,-0.1077,no trend,0.5123395447588517,-0.0535,-0.00266,SPEI Stable
3413,Gambhir,99,26.125,76.425,True,-0.0107,0.0035,-0.0291,-0.0326,no trend,0.7810405515546475,0.0229,0.001948,SPEI Stable
3414,Banas,99,26.175,76.375,True,-0.0097,0.0337,-0.0658,-0.0995,no trend,0.5382311014255547,-0.0503,-0.002542,SPEI Stable
3415,Banas,99,26.225,76.575,True,0.0225,0.0695,-0.0381,-0.1077,no trend,0.5123395447588517,-0.0535,-0.00266,SPEI Stable
3417,Mashi,99,26.975,75.525,True,0.0007,0.0388,-0.0486,-0.0874,no trend,0.7432144452145957,-0.027,-0.001347,SPEI Stable
3418,Mashi,99,26.575,75.375,True,-0.0239,-0.029,-0.0173,0.0117,no trend,0.8503922744984573,0.0157,0.000929,SPEI Stable
3419,Mashi,99,26.475,75.525,True,0.0142,-0.0202,0.0587,0.0789,no trend,0.7658422334580033,0.0245,0.001803,SPEI Stable
3420,Mashi,99,26.575,75.325,True,-0.0305,-0.0363,-0.0231,0.0133,no trend,0.8973146218766033,0.0109,0.00088,SPEI Stable
3421,Mashi,99,26.525,75.475,True,-0.0108,0.0051,-0.0314,-0.0365,no trend,0.8816255210239117,-0.0125,-0.00062,SPEI Stable
3422,Mashi,99,26.475,75.675,True,-0.0452,-0.0197,-0.0782,-0.0585,no trend,0.9209218347701116,-0.0085,-0.000614,SPEI Stable
3423,Mashi,99,26.275,75.725,True,-0.0064,0.0867,-0.1266,-0.2133,no trend,0.36108062910799354,-0.0744,-0.004411,SPEI Stable
3424,Mashi,99,26.325,75.725,True,0.0041,0.0967,-0.1154,-0.2121,no trend,0.421334580743461,-0.0656,-0.00438,SPEI Stable
3425,Mashi,99,26.225,75.725,True,-0.0065,0.0379,-0.0638,-0.1017,no trend,0.49964167063568277,-0.0551,-0.003207,SPEI Stable
3426,Sohadra,99,26.225,75.525,True,-0.013,-0.0301,0.0092,0.0393,no trend,0.803993983918406,0.0205,0.00146,SPEI Stable
3428,Sohadra,99,26.225,75.375,True,-0.0407,-0.0837,0.0148,0.0985,no trend,0.773430533540979,0.0237,0.001741,SPEI Stable
3429,Dai,99,26.125,74.925,True,-0.0586,-0.2541,0.1936,0.4477,no trend,0.10350991607723992,0.1324,0.009037,SPEI Stable
3430,Dai,99,26.025,75.275,True,-0.0729,-0.1682,0.0502,0.2185,no trend,0.5514186979590701,0.0487,0.002942,SPEI Stable
3431,Sohadra,99,26.225,75.625,True,-0.0131,-0.0067,-0.0214,-0.0147,no trend,0.8973146218766033,-0.0109,-0.0006,SPEI Stable
3432,Banas,99,26.025,75.625,True,-0.0544,-0.0241,-0.0935,-0.0694,no trend,0.7658422334580033,-0.0245,-0.00142,SPEI Stable
3433,Mashi,99,26.225,75.775,True,-0.0116,0.0483,-0.0888,-0.1371,no trend,0.36108062910799354,-0.0744,-0.004698,SPEI Stable
3434,Banas,99,26.175,75.975,True,-0.0028,0.1114,-0.1501,-0.2615,no trend,0.19686192477076325,-0.105,-0.006685,SPEI Stable
3435,Galwa,99,26.025,76.075,True,-0.0364,0.0547,-0.1541,-0.2088,no trend,0.2836553336618328,-0.0873,-0.003822,SPEI Stable
3436,Banas,99,26.175,76.175,True,-0.0161,0.0646,-0.1202,-0.1848,no trend,0.3456350347359809,-0.0769,-0.004037,SPEI Stable
3437,Chakan,99,25.775,76.275,True,-0.0598,-0.0892,-0.0218,0.0674,no trend,0.9130439733339297,0.0093,0.000535,SPEI Stable
3438,Dai,99,26.175,74.825,True,-0.064,-0.2724,0.205,0.4773,increasing,0.04600153619326286,0.1622,0.00971,SPEI Wetting
3439,Dai,99,26.175,74.775,True,-0.0444,-0.2543,0.2263,0.4805,no trend,0.056645810620146175,0.1549,0.010165,SPEI Stable
3440,Banas,99,25.875,75.375,True,-0.063,-0.1193,0.0096,0.1288,no trend,0.8581805908972016,0.0149,0.000781,SPEI Stable
3441,Bajyan,99,25.675,75.725,True,-0.0916,0.0349,-0.2547,-0.2896,no trend,0.08773125988967267,-0.1388,-0.007051,SPEI Stable
3442,Mashi,99,26.475,75.175,True,-0.058,-0.0551,-0.0617,-0.0066,no trend,0.6986354428998491,-0.0318,-0.001344,SPEI Stable
3443,Mashi,99,26.475,75.125,True,-0.0607,-0.063,-0.0577,0.0053,no trend,0.7810405515546475,-0.0229,-0.000995,SPEI Stable
3444,Mashi,99,26.525,75.225,True,-0.034,-0.0328,-0.0355,-0.0027,no trend,0.9367000897482891,-0.0068,-0.000249,SPEI Stable
3445,Mashi,99,26.625,75.225,True,-0.0204,-0.033,-0.0042,0.0288,no trend,1.0,0.0004,3.8e-05,SPEI Stable
3447,Mendha,99,27.275,75.575,True,-0.0105,0.0433,-0.08,-0.1233,no trend,0.9920793227943283,0.0012,0.000136,SPEI Stable
3448,Mendha,99,27.325,75.575,True,0.0156,0.0826,-0.0708,-0.1533,no trend,0.5252036748407956,-0.0519,-0.002802,SPEI Stable
3449,Mendha,99,27.075,75.225,True,-0.0198,0.0051,-0.0518,-0.057,no trend,0.8894646599057274,-0.0117,-0.000838,SPEI Stable
3450,Mendha,99,27.175,75.375,True,0.0081,0.0346,-0.026,-0.0606,no trend,0.8659827352061573,0.0141,0.000924,SPEI Stable
3451,Sindh,99,25.975,78.475,True,0.1755,0.3475,-0.0463,-0.3938,decreasing,0.001952887995422481,-0.2515,-0.013941,SPEI Drying
3452,Non,99,25.825,78.275,True,0.1553,0.2793,-0.0047,-0.284,decreasing,0.02550720118652694,-0.1815,-0.010394,SPEI Drying
3453,Parbati,99,25.825,77.825,True,0.0651,0.2323,-0.1507,-0.383,decreasing,0.016288026803525035,-0.1952,-0.011414,SPEI Drying
3454,Sindh,99,25.825,78.325,True,0.1618,0.3034,-0.021,-0.3244,decreasing,0.014601862436461,-0.1984,-0.010993,SPEI Drying
3455,Sindh,99,25.925,78.425,True,0.1795,0.3359,-0.0223,-0.3582,decreasing,0.011359160904444332,-0.2056,-0.011889,SPEI Drying
3456,Pahuj,99,25.775,78.575,True,0.1297,0.2896,-0.0766,-0.3662,decreasing,0.012360926954260387,-0.2032,-0.011469,SPEI Drying
3457,Betwa,99,25.475,78.825,True,0.0368,0.1693,-0.1343,-0.3036,decreasing,0.04600153619326286,-0.1622,-0.011146,SPEI Drying
3458,Ghurari,99,25.325,78.575,True,-0.0255,0.0817,-0.1639,-0.2456,no trend,0.09936803745714684,-0.134,-0.007507,SPEI Stable
3459,Pahuj,99,25.625,78.675,True,0.0495,0.2067,-0.1533,-0.3599,decreasing,0.023610104895327444,-0.1839,-0.010601,SPEI Drying
3460,Mahuar,99,25.725,78.275,True,0.1378,0.246,-0.0017,-0.2477,no trend,0.06926481772484427,-0.1477,-0.008275,SPEI Stable
3461,Sindh,99,25.775,78.275,True,0.1335,0.2597,-0.0293,-0.289,decreasing,0.02183666536503792,-0.1863,-0.009929,SPEI Drying
3462,Betwa,99,25.275,78.625,True,-0.0264,0.0729,-0.1546,-0.2274,no trend,0.10142213968013314,-0.1332,-0.006921,SPEI Stable
3463,Betwa,99,25.425,78.725,True,-0.022,0.0841,-0.1589,-0.243,no trend,0.0841060449623876,-0.1404,-0.007928,SPEI Stable
3464,Betwa,99,25.725,79.075,True,0.0223,0.3173,-0.3583,-0.6756,decreasing,6.918773376440868e-07,-0.4028,-0.020803,SPEI Drying
3465,Sindh,99,25.525,77.825,True,0.0468,0.1909,-0.139,-0.3298,no trend,0.18672634871240623,-0.1074,-0.006246,SPEI Stable
3466,Sindh,99,25.625,77.825,True,0.0424,0.1743,-0.1279,-0.3023,no trend,0.21833026536228317,-0.1002,-0.006285,SPEI Stable
3467,Sindh,99,25.425,77.875,True,0.0492,0.1555,-0.088,-0.2434,no trend,0.1500223115066952,-0.1171,-0.00583,SPEI Stable
3468,Sindh,99,25.575,77.825,True,0.0443,0.1852,-0.1374,-0.3225,no trend,0.18343498976311468,-0.1082,-0.005649,SPEI Stable
3469,Sindh,99,25.675,78.075,True,0.0853,0.2426,-0.1177,-0.3603,no trend,0.24950104916942317,-0.0938,-0.00619,SPEI Stable
3470,Mahuar,99,25.675,78.275,True,0.1336,0.2651,-0.036,-0.301,decreasing,0.037094310671304864,-0.1694,-0.009504,SPEI Drying
3471,Bilrai,99,25.525,78.175,True,0.0535,0.2067,-0.1442,-0.3509,no trend,0.2577573793672574,-0.0922,-0.005711,SPEI Stable
3472,Mahuar,99,25.425,78.075,True,0.0412,0.1348,-0.0796,-0.2145,no trend,0.13646394300489462,-0.1211,-0.006186,SPEI Stable
3473,Mahuar,99,25.625,78.225,True,0.1055,0.208,-0.0267,-0.2347,no trend,0.4809126483751318,-0.0575,-0.003823,SPEI Stable
3474,Non,99,25.875,78.175,True,0.1454,0.2681,-0.0129,-0.281,decreasing,0.04285083553529989,-0.1646,-0.009593,SPEI Drying
3475,Non,99,25.875,78.175,True,0.1454,0.2681,-0.0129,-0.281,decreasing,0.04285083553529989,-0.1646,-0.009593,SPEI Drying
3476,Non,99,25.925,78.125,True,0.0998,0.2587,-0.1053,-0.364,decreasing,0.0031942743973956134,-0.2394,-0.014383,SPEI Drying
3477,Non,99,25.875,78.175,True,0.1454,0.2681,-0.0129,-0.281,decreasing,0.04285083553529989,-0.1646,-0.009593,SPEI Drying
3478,Betwa,99,25.125,78.275,True,-0.0085,0.0881,-0.1331,-0.2212,no trend,0.06482394536115721,-0.1501,-0.007531,SPEI Stable
3479,Khari,99,26.975,78.025,True,-0.0343,0.1545,-0.278,-0.4324,decreasing,0.00022167578460363657,-0.2998,-0.018377,SPEI Drying
3480,Yamuna,99,27.125,78.275,True,-0.0211,0.1435,-0.2335,-0.377,decreasing,0.002807129202006875,-0.2427,-0.014623,SPEI Drying
3481,Sengur,99,26.725,79.275,True,-0.1178,0.2745,-0.6241,-0.8987,decreasing,7.026111159547099e-08,-0.4374,-0.0241,SPEI Drying
3482,Ganga,1,27.025,79.575,True,-0.12,0.2367,-0.5803,-0.817,decreasing,6.648160244537848e-08,-0.4382,-0.021942,SPEI Drying
3483,Rihand,99,27.025,79.225,True,-0.0777,0.1783,-0.4079,-0.5862,decreasing,0.0003260552028803154,-0.2918,-0.016905,SPEI Drying
3484,Sengur,99,26.425,79.675,True,-0.0858,0.309,-0.5951,-0.904,decreasing,1.4292556183015392e-07,-0.427,-0.022334,SPEI Drying
3485,Sindh,99,24.875,77.675,True,0.0411,0.0519,0.0272,-0.0247,no trend,0.8116839148720996,-0.0197,-0.000964,SPEI Stable
3486,Indar,99,25.075,77.675,True,0.0565,0.0702,0.0387,-0.0315,no trend,0.8659827352061573,-0.0141,-0.000884,SPEI Stable
3487,Sindh,99,25.225,77.725,True,0.0919,0.1488,0.0185,-0.1304,no trend,0.28813727672926714,-0.0865,-0.004599,SPEI Stable
3488,Aerma,99,25.225,77.875,True,0.073,0.1306,-0.0014,-0.132,no trend,0.35073611533288473,-0.0761,-0.004877,SPEI Stable
3489,Kakund,99,26.975,77.325,True,-0.0493,-0.0217,-0.0849,-0.0632,no trend,0.09148147736076861,-0.1372,-0.007386,SPEI Stable
3490,Banganga,99,27.075,77.075,True,0.0353,0.0907,-0.0363,-0.127,no trend,0.05794594785727014,-0.1541,-0.008068,SPEI Stable
3491,Banganga,99,27.075,76.975,True,0.0477,0.0963,-0.0149,-0.1112,decreasing,0.04820863501536232,-0.1606,-0.007713,SPEI Drying
3492,Gambhir,99,27.025,77.525,True,-0.0719,-0.0168,-0.1431,-0.1263,decreasing,0.023610104895327444,-0.1839,-0.008657,SPEI Drying
3493,Banganga,99,27.075,77.375,True,-0.0317,0.0017,-0.0747,-0.0764,no trend,0.05050402029707901,-0.159,-0.006968,SPEI Stable
3494,Khari,99,27.225,77.525,True,-0.0548,-0.082,-0.0197,0.0622,no trend,0.48711284347936656,-0.0567,-0.003079,SPEI Stable
3495,Khari,99,27.225,77.725,True,-0.0015,-0.0567,0.0697,0.1263,no trend,0.9762410903191197,-0.0028,-0.000264,SPEI Stable
3496,Khari,99,27.075,77.825,True,0.0249,0.1016,-0.074,-0.1756,no trend,0.0841060449623876,-0.1404,-0.008779,SPEI Stable
3497,Yamuna,99,27.575,77.675,True,-0.0179,0.0876,-0.154,-0.2416,decreasing,0.0031942743973956134,-0.2394,-0.012776,SPEI Drying
3498,Karwan,99,27.625,77.875,True,-0.0399,0.1745,-0.3165,-0.491,decreasing,0.0009141234543050825,-0.2692,-0.015507,SPEI Drying
3502,Karwan,99,28.075,77.825,True,-0.0927,0.1332,-0.3843,-0.5175,decreasing,0.0001081093910157982,-0.3143,-0.020018,SPEI Drying
3503,Karwan,99,27.475,77.975,True,0.0058,0.1927,-0.2354,-0.4281,decreasing,0.00544204075020871,-0.2258,-0.013002,SPEI Drying
3504,Khari,99,27.325,77.375,True,-0.0204,-0.008,-0.0363,-0.0283,no trend,0.05168562878896865,-0.1581,-0.008275,SPEI Stable
3505,Yamuna,99,27.675,77.675,True,-0.0905,0.0279,-0.2433,-0.2712,decreasing,0.0006859781461279191,-0.2757,-0.015894,SPEI Drying
3506,Yamuna,99,27.325,77.875,True,0.0592,0.1481,-0.0556,-0.2036,decreasing,0.03893529923561112,-0.1678,-0.009977,SPEI Drying
3508,Gambhir,99,26.725,76.825,True,0.077,0.1149,0.0279,-0.087,no trend,0.09936803745714684,-0.134,-0.007038,SPEI Stable
3509,Gambhir,99,26.775,76.875,True,0.065,0.1351,-0.0255,-0.1606,decreasing,0.026843990224870717,-0.1799,-0.009664,SPEI Drying
3510,Banganga,99,27.075,76.725,True,0.0982,0.1022,0.0931,-0.0091,no trend,0.29266673111808905,-0.0857,-0.004488,SPEI Stable
3514,Khari,99,27.375,77.375,True,-0.0077,0.0055,-0.0248,-0.0303,no trend,0.06062067143372318,-0.1525,-0.007759,SPEI Stable
3515,Khari,99,27.425,77.375,True,-0.0572,-0.0383,-0.0816,-0.0433,no trend,0.1338694227851347,-0.1219,-0.006872,SPEI Stable
3516,Sanwan,99,27.075,76.375,True,0.0958,-0.0137,0.2371,0.2507,no trend,0.4933559583597926,0.0559,0.002977,SPEI Stable
3517,Sanwan,99,27.125,76.425,True,0.1002,0.0068,0.2207,0.2139,no trend,0.7507335153518226,0.0262,0.001341,SPEI Stable
3518,Banganga,99,26.925,76.525,True,0.0926,-0.0471,0.2729,0.3199,no trend,0.49964167063568277,0.0551,0.002994,SPEI Stable
3519,Sanwan,99,27.075,76.325,True,0.1462,0.0339,0.291,0.2572,no trend,0.35073611533288473,0.0761,0.004579,SPEI Stable
3520,Barah,99,27.425,76.575,True,0.1315,0.1188,0.1479,0.029,no trend,0.5514186979590701,-0.0487,-0.002905,SPEI Stable
3521,Sanwan,99,27.075,76.375,True,0.0958,-0.0137,0.2371,0.2507,no trend,0.4933559583597926,0.0559,0.002977,SPEI Stable
3522,Sanwan,99,27.025,76.575,True,0.0912,0.0663,0.1232,0.0569,no trend,0.5187510088374183,-0.0527,-0.003189,SPEI Stable
3523,Banganga,99,26.975,76.675,True,0.0836,0.0663,0.106,0.0398,no trend,0.4505660066901904,-0.0616,-0.003251,SPEI Stable
3524,Banganga,99,27.075,76.825,True,0.0773,0.1,0.048,-0.0519,no trend,0.12879503408223458,-0.1235,-0.006201,SPEI Stable
3526,Khari,99,27.775,77.125,True,-0.0396,-0.062,-0.0107,0.0513,no trend,0.5987876258427536,-0.0431,-0.002094,SPEI Stable
3527,Khari,99,27.675,77.275,True,-0.0675,-0.1247,0.0062,0.1309,no trend,0.3558846702088707,-0.0753,-0.003142,SPEI Stable
3528,Barah,99,27.525,77.125,True,0.0002,-0.0006,0.0013,0.0019,no trend,0.0841060449623876,-0.1404,-0.006589,SPEI Stable
3530,Khari,99,27.575,77.375,True,-0.0564,-0.1105,0.0135,0.124,no trend,0.29724374939128984,-0.0849,-0.004266,SPEI Stable
3531,Barah,99,27.525,76.775,True,0.067,0.0842,0.0448,-0.0394,no trend,0.2146399323202448,-0.101,-0.006481,SPEI Stable
3532,Barah,99,27.475,76.825,True,0.0513,0.0648,0.0338,-0.0311,no trend,0.09936803745714684,-0.134,-0.007391,SPEI Stable
3533,Yamuna,99,27.975,77.675,True,-0.1515,-0.0152,-0.3273,-0.3121,decreasing,0.005118383692698902,-0.2274,-0.012604,SPEI Drying
3534,Hindon,99,28.625,77.425,True,0.16,0.2949,-0.0142,-0.3091,decreasing,0.030453404617443613,-0.1759,-0.01126,SPEI Drying
3535,Yamuna,99,28.075,77.525,True,-0.136,-0.0784,-0.2104,-0.132,no trend,0.10997871362766065,-0.13,-0.007167,SPEI Stable
3536,Karwan,99,27.275,78.075,True,-0.0046,0.23,-0.3074,-0.5373,decreasing,0.0005509332325082106,-0.2805,-0.018319,SPEI Drying
3537,Karwan,99,27.625,78.075,True,-0.0113,0.1853,-0.265,-0.4503,decreasing,0.00544204075020871,-0.2258,-0.013723,SPEI Drying
3538,Karwan,99,27.325,78.075,True,-0.0423,0.1757,-0.3236,-0.4993,decreasing,0.0018260270673062795,-0.2531,-0.016592,SPEI Drying
3539,Karwan,99,27.225,78.075,True,-0.0188,0.2251,-0.3336,-0.5587,decreasing,0.00019708616352720476,-0.3022,-0.01896,SPEI Drying
3541,Karwan,99,27.875,77.975,True,-0.0916,0.1686,-0.4274,-0.5959,decreasing,2.2969035307074392e-06,-0.3835,-0.020706,SPEI Drying
3543,Kali,99,28.275,78.075,True,-0.1002,0.2395,-0.5385,-0.778,decreasing,2.0809522616183074e-07,-0.4213,-0.023982,SPEI Drying
3544,Kali,99,28.875,77.875,True,0.0976,0.3404,-0.2158,-0.5561,decreasing,0.0003260552028803154,-0.2918,-0.017414,SPEI Drying
3545,Kali,99,28.825,77.725,True,0.0892,0.235,-0.0989,-0.3339,decreasing,0.004249107139573383,-0.2322,-0.012055,SPEI Drying
3547,Kali,99,28.975,77.775,True,0.0951,0.3095,-0.1815,-0.491,decreasing,0.0023835833487846347,-0.2467,-0.015083,SPEI Drying
3548,Kali,99,28.625,77.825,True,0.0299,0.3385,-0.3684,-0.7069,decreasing,6.244934886989739e-07,-0.4044,-0.023985,SPEI Drying
3549,Kali,99,28.625,77.825,True,0.0299,0.3385,-0.3684,-0.7069,decreasing,6.244934886989739e-07,-0.4044,-0.023985,SPEI Drying
3550,Kali,99,28.325,77.925,True,-0.1,0.2209,-0.514,-0.7349,decreasing,1.3729709322340966e-05,-0.3529,-0.018892,SPEI Drying
3551,Hindon,99,28.875,77.375,True,0.1349,0.2512,-0.0151,-0.2663,decreasing,0.009296815412002779,-0.2113,-0.012039,SPEI Drying
3552,Hindon,99,28.975,77.425,True,0.1308,0.3003,-0.0879,-0.3882,decreasing,0.0007644909668651501,-0.2732,-0.0151,SPEI Drying
3553,Kali,99,29.625,77.725,True,0.113,0.1159,0.1092,-0.0067,no trend,0.21833026536228317,-0.1002,-0.00571,SPEI Stable
3554,Kali,99,29.675,77.725,True,0.1082,0.0389,0.1976,0.1587,no trend,0.873797961750338,-0.0133,-0.000649,SPEI Stable
3555,Solani,99,29.925,77.875,True,0.1584,0.1526,0.1658,0.0131,no trend,0.40434307377687007,-0.068,-0.003899,SPEI Stable
3556,Kali,99,29.375,77.675,True,0.0067,0.1757,-0.2113,-0.387,decreasing,0.0035159086950111718,-0.237,-0.014208,SPEI Drying
3558,Kali,99,29.275,77.775,True,0.0756,0.2399,-0.1364,-0.3763,decreasing,0.00984896035099081,-0.2097,-0.011906,SPEI Drying
3559,Hindon,99,29.175,77.475,True,0.0861,0.2827,-0.1676,-0.4503,decreasing,0.0015412846926361468,-0.2571,-0.015193,SPEI Drying
3560,Amjar,99,24.775,75.975,True,0.0497,-0.0004,0.1143,0.1147,no trend,0.49964167063568277,0.0551,0.002667,SPEI Stable
3561,Ahu,99,24.625,76.075,True,0.0095,-0.0466,0.082,0.1287,no trend,0.8348600876973751,0.0173,0.000796,SPEI Stable
3562,Ahu,99,24.675,76.125,True,0.0025,-0.0518,0.0724,0.1242,no trend,0.9683250952101472,0.0036,0.000135,SPEI Stable
3563,Kali Sindh,99,24.475,76.225,True,-0.0306,-0.0955,0.0532,0.1487,no trend,0.42709019490083033,0.0648,0.003297,SPEI Stable
3564,Kali Sindh,99,24.825,76.175,True,-0.02,-0.0836,0.0619,0.1455,no trend,0.9683250952101472,0.0036,0.000152,SPEI Stable
3565,Kali Sindh,99,25.025,76.125,True,-0.0746,-0.0677,-0.0836,-0.0159,no trend,0.4933559583597926,-0.0559,-0.00329,SPEI Stable
3566,Ujar,99,24.825,76.275,True,-0.0567,-0.0761,-0.0315,0.0446,no trend,0.7810405515546475,-0.0229,-0.001707,SPEI Stable
3567,Parvan,99,24.875,76.425,True,-0.1183,-0.1165,-0.1207,-0.0042,no trend,0.41562472802453176,-0.0664,-0.003938,SPEI Stable
3568,Kali Sindh,99,25.075,76.175,True,-0.0559,-0.1194,0.0261,0.1455,no trend,0.5919087714885272,0.0439,0.002374,SPEI Stable
3569,Kali Sindh,99,25.125,76.175,True,-0.0627,-0.0986,-0.0163,0.0824,no trend,1.0,-0.0004,-0.000103,SPEI Stable
3570,Chauli,99,24.275,76.125,True,0.0002,-0.0396,0.0514,0.091,no trend,0.49964167063568277,0.0551,0.003115,SPEI Stable
3571,Ghar Ganga,99,24.175,76.575,True,-0.0206,-0.0965,0.0773,0.1738,no trend,0.1934395790262089,0.1058,0.006542,SPEI Stable
3572,Chhapi,99,24.225,76.425,True,-0.0153,-0.1364,0.1409,0.2774,no trend,0.09148147736076861,0.1372,0.008973,SPEI Stable
3573,Chhapi,99,24.475,76.525,True,-0.0537,-0.1429,0.0613,0.2042,no trend,0.3558846702088707,0.0753,0.004768,SPEI Stable
3574,Kali Sindh,99,24.275,76.175,True,-0.0008,-0.0541,0.068,0.1221,no trend,0.35073611533288473,0.0761,0.00412,SPEI Stable
3575,Kali Sindh,99,25.225,76.275,True,-0.0683,-0.1173,-0.0051,0.1122,no trend,0.8348600876973751,0.0173,0.000523,SPEI Stable
3576,Baleti,99,23.275,76.675,True,-0.0608,-0.0325,-0.0973,-0.0648,no trend,0.7582763349793675,-0.0254,-0.00146,SPEI Stable
3577,Newaj,99,23.175,76.625,True,0.0212,0.0513,-0.0176,-0.0689,no trend,0.43289136551861285,-0.064,-0.004175,SPEI Stable
3578,Kali Sindh,99,23.525,76.375,True,0.0092,-0.0197,0.0464,0.0661,no trend,0.36108062910799354,0.0744,0.005083,SPEI Stable
3579,Parbati,99,23.125,76.825,True,-0.0355,0.0164,-0.1024,-0.1188,no trend,0.5448050803429232,-0.0495,-0.003051,SPEI Stable
3580,Newaj,99,23.375,76.675,True,-0.0531,-0.0282,-0.0853,-0.057,no trend,0.9209218347701116,-0.0085,-0.000304,SPEI Stable
3581,Newaj,99,23.425,76.725,True,-0.0507,-0.0238,-0.0853,-0.0614,no trend,0.8503922744984573,-0.0157,-0.001139,SPEI Stable
3582,Newaj,99,23.675,76.725,True,-0.0386,-0.0363,-0.0416,-0.0052,no trend,0.8973146218766033,-0.0109,-0.000793,SPEI Stable
3583,Dudhi,99,23.775,76.925,True,-0.1073,-0.0952,-0.1228,-0.0276,no trend,0.9445989408361049,0.006,0.000415,SPEI Stable
3584,Newaj,99,24.125,76.725,True,-0.0416,-0.096,0.0285,0.1245,no trend,0.32084351186557547,0.0809,0.005083,SPEI Stable
3585,Paru,99,23.425,77.075,True,-0.0569,0.0039,-0.1353,-0.1392,no trend,0.49964167063568277,-0.0551,-0.003862,SPEI Stable
3586,Parbati,99,23.325,76.975,True,-0.031,0.0472,-0.132,-0.1792,no trend,0.3987716292538952,-0.0688,-0.00381,SPEI Stable
3587,Parbati,99,23.725,77.175,True,-0.1039,-0.1116,-0.0939,0.0177,no trend,0.8193920555171392,-0.0189,-0.000906,SPEI Stable
3588,Ghora Pachhar,99,24.075,76.775,True,-0.0617,-0.0853,-0.0312,0.0541,no trend,0.6196383329366708,0.0406,0.002411,SPEI Stable
3589,Ghora Pachhar,99,24.125,76.875,True,-0.0726,-0.1052,-0.0305,0.0748,no trend,0.6694724367031308,0.035,0.001944,SPEI Stable
3590,Ghora Pachhar,99,24.325,76.725,True,-0.0682,-0.1534,0.0419,0.1953,no trend,0.29724374939128984,0.0849,0.005384,SPEI Stable
3591,Parvan,99,24.475,76.575,True,-0.0644,-0.1626,0.0624,0.225,no trend,0.3456350347359809,0.0769,0.004772,SPEI Stable
3592,Londri,99,23.025,76.275,True,0.0014,-0.0059,0.0109,0.0169,no trend,0.7059983246415333,-0.031,-0.001778,SPEI Stable
3593,Kali Sindh,99,22.925,76.375,True,-0.0178,0.0278,-0.0767,-0.1044,no trend,0.21099478056058008,-0.1018,-0.006134,SPEI Stable
3594,Lakundar,99,23.525,76.225,True,0.0221,-0.0227,0.0798,0.1025,no trend,0.08959056933778209,0.138,0.007873,SPEI Stable
3595,Lakundar,99,23.825,76.225,True,0.0326,0.0067,0.0659,0.0591,no trend,0.34058148871273164,0.0777,0.004095,SPEI Stable
3596,Kali Sindh,99,24.075,76.225,True,0.0329,-0.0132,0.0923,0.1055,no trend,0.18018680964047862,0.1091,0.004906,SPEI Stable
3597,Tila,99,23.625,76.225,True,0.0255,-0.0321,0.0998,0.1318,no trend,0.11909587082872197,0.1268,0.006795,SPEI Stable
3598,Chhoti Kali Sindh,99,23.225,76.075,True,0.0325,-0.0499,0.1389,0.1889,no trend,0.3456350347359809,0.0769,0.005075,SPEI Stable
3599,Kanthali,99,24.175,76.175,True,0.0111,-0.0427,0.0804,0.1231,no trend,0.21099478056058008,0.1018,0.005881,SPEI Stable
3600,Ahu,99,24.075,75.925,True,0.0303,0.0068,0.0607,0.0539,no trend,0.5059696473025264,0.0543,0.002853,SPEI Stable
3601,Ahu,99,24.525,75.975,True,0.0747,0.0122,0.1555,0.1434,no trend,0.10997871362766065,0.13,0.005876,SPEI Stable
3602,Ahu,99,24.375,75.975,True,0.065,-0.0323,0.1904,0.2227,no trend,0.0841060449623876,0.1404,0.007032,SPEI Stable
3603,Dudhaliya,99,23.725,75.775,True,0.0605,-0.0051,0.1451,0.1502,no trend,0.4933559583597926,0.0559,0.004605,SPEI Stable
3604,Ahu,99,24.225,75.825,True,0.0621,-0.0352,0.1877,0.2229,no trend,0.1934395790262089,0.1058,0.005071,SPEI Stable
3605,Chhoti Kali Sindh,99,23.525,75.925,True,0.0295,-0.0551,0.1387,0.1938,no trend,0.5850664269805577,0.0447,0.00246,SPEI Stable
3606,Ansar,99,24.425,75.575,True,0.12,0.0691,0.1856,0.1164,no trend,0.7282502018687609,0.0286,0.001557,SPEI Stable
3607,Chambal,99,24.375,75.475,True,0.1395,0.0847,0.2102,0.1254,no trend,0.6266582636866325,0.0398,0.001872,SPEI Stable
3608,Chambal,99,24.625,75.575,True,0.1116,0.0174,0.2332,0.2159,no trend,0.3987716292538952,0.0688,0.003261,SPEI Stable
3609,Khoki,99,24.725,75.275,True,0.0689,-0.0401,0.2096,0.2497,no trend,0.1390971014746223,0.1203,0.005809,SPEI Stable
3610,Gunjali,99,24.775,75.175,True,0.0327,0.007,0.0657,0.0587,no trend,0.4505660066901904,0.0616,0.003082,SPEI Stable
3611,Gunjali,99,24.725,75.425,True,0.0937,-0.0074,0.2243,0.2318,no trend,0.4686422537687691,0.0592,0.003025,SPEI Stable
3612,Gunjali,99,24.775,75.375,True,0.0736,-0.0576,0.243,0.3006,no trend,0.13646394300489462,0.1211,0.006238,SPEI Stable
3613,Gunjali,99,24.775,75.475,True,0.0533,-0.0634,0.2038,0.2672,no trend,0.37161442772025643,0.0728,0.003871,SPEI Stable
3614,Chambal,99,24.975,75.325,True,0.0498,-0.0929,0.234,0.3269,no trend,0.11909587082872197,0.1268,0.006122,SPEI Stable
3615,Chambal,99,24.825,75.575,True,0.0837,-0.0213,0.2192,0.2405,no trend,0.5187510088374183,0.0527,0.002486,SPEI Stable
3616,Chambal,99,24.975,75.575,True,0.0738,0.0402,0.1171,0.0769,no trend,0.5714931653398074,0.0463,0.002261,SPEI Stable
3617,Chambal,99,25.025,75.575,True,0.0532,-0.0645,0.2051,0.2695,no trend,0.35073611533288473,0.0761,0.003746,SPEI Stable
3618,Chambal,99,25.175,75.825,True,-0.0027,-0.0402,0.0458,0.0861,no trend,0.8581805908972016,-0.0149,-0.00053,SPEI Stable
3619,Chandloi,99,25.175,75.925,True,-0.0191,-0.0548,0.027,0.0818,no trend,0.9683250952101472,-0.0036,-0.000122,SPEI Stable
3620,Thalera,99,25.275,75.725,True,-0.0228,-0.0501,0.0124,0.0625,no trend,0.9209218347701116,0.0085,0.00051,SPEI Stable
3621,Alnia,99,25.125,75.975,True,-0.0219,-0.0592,0.0262,0.0855,no trend,0.8503922744984573,-0.0157,-0.000955,SPEI Stable
3622,Chandloi,99,25.225,75.975,True,-0.0435,-0.0583,-0.0244,0.0339,no trend,0.803993983918406,-0.0205,-0.001054,SPEI Stable
3623,Chambal,99,25.375,76.125,True,-0.0666,-0.0595,-0.0759,-0.0164,no trend,0.9051746472382802,-0.0101,-0.000371,SPEI Stable
3624,Kural,99,25.425,75.875,True,-0.0608,-0.0821,-0.0333,0.0488,no trend,0.8816255210239117,0.0125,0.00036,SPEI Stable
3625,Mej,99,25.525,75.875,True,-0.08,-0.0316,-0.1424,-0.1108,no trend,0.31602819987913433,-0.0817,-0.005074,SPEI Stable
3626,Mej,99,25.575,76.125,True,-0.073,-0.0359,-0.1209,-0.085,no trend,0.5919087714885272,-0.0439,-0.002818,SPEI Stable
3627,Kali Sindh,99,25.475,76.325,True,-0.0719,-0.1172,-0.0133,0.1039,no trend,0.5782610692399586,0.0455,0.002916,SPEI Stable
3628,Chambal,99,25.625,76.275,True,-0.0546,-0.0513,-0.0589,-0.0076,no trend,0.9683250952101472,0.0036,0.000171,SPEI Stable
3629,Shipra,99,23.875,75.525,True,0.1066,0.0091,0.2324,0.2234,no trend,0.2454429340961497,0.0946,0.005782,SPEI Stable
3630,Chhoti Kali Sindh,99,23.875,75.625,True,0.1042,0.0183,0.2151,0.1968,no trend,0.21833026536228317,0.1002,0.004567,SPEI Stable
3631,Shipra,99,23.625,75.625,True,0.0866,0.0649,0.1146,0.0497,no trend,1.0,0.0004,1.2e-05,SPEI Stable
3632,Shipra,99,23.875,75.475,True,0.117,0.0073,0.2586,0.2512,no trend,0.1528532777368805,0.1163,0.005309,SPEI Stable
3633,Chambal,99,23.975,75.475,True,0.116,0.0066,0.2573,0.2506,no trend,0.10563170957775947,0.1316,0.007723,SPEI Stable
3634,Chambal,99,24.125,75.475,True,0.1311,0.0222,0.2716,0.2494,no trend,0.24143134163124524,0.0954,0.00524,SPEI Stable
3635,Sau,99,24.175,75.225,True,0.1242,0.015,0.265,0.2501,no trend,0.18018680964047862,0.1091,0.005966,SPEI Stable
3636,Chambal,99,24.275,75.375,True,0.1426,0.0857,0.2159,0.1302,no trend,0.5514186979590701,0.0487,0.002704,SPEI Stable
3637,Somli,99,24.025,75.125,True,0.1165,-0.0052,0.2736,0.2788,no trend,0.18672634871240623,0.1074,0.006913,SPEI Stable
3638,Sau,99,23.925,74.975,True,0.1173,0.0619,0.1888,0.1269,no trend,0.27483372753192903,0.0889,0.005993,SPEI Stable
3639,Retam,99,24.325,75.325,True,0.1456,0.0982,0.2068,0.1086,no trend,0.5850664269805577,0.0447,0.00244,SPEI Stable
3640,Idar,99,24.325,75.375,True,0.1543,0.1256,0.1912,0.0656,no trend,0.7658422334580033,0.0245,0.001175,SPEI Stable
3641,Retam,99,24.425,75.025,True,0.0804,0.0704,0.0934,0.023,no trend,0.6196383329366708,0.0406,0.002672,SPEI Stable
3642,Retam,99,24.275,74.975,True,0.0721,0.0772,0.0655,-0.0117,no trend,0.8503922744984573,0.0157,0.001096,SPEI Stable
3643,Retam,99,24.325,75.225,True,0.1283,0.0786,0.1924,0.1139,no trend,0.42709019490083033,0.0648,0.003106,SPEI Stable
3644,Idar,99,24.375,75.275,True,0.1474,0.1593,0.1319,-0.0274,no trend,0.8581805908972016,0.0149,0.000542,SPEI Stable
3645,Retam,99,24.325,75.125,True,0.1118,0.0801,0.1526,0.0724,no trend,0.5580715376134053,0.0479,0.002899,SPEI Stable
3646,Maleni,99,23.475,75.175,True,0.1098,0.0257,0.2184,0.1927,no trend,0.2662013189563792,0.0905,0.005935,SPEI Stable
3647,Maleni,99,23.525,75.175,True,0.1084,0.0301,0.2094,0.1793,no trend,0.2454429340961497,0.0946,0.006297,SPEI Stable
3648,Maleni,99,23.625,75.225,True,0.1139,0.0418,0.207,0.1653,no trend,0.15863688474829707,0.1147,0.006423,SPEI Stable
3649,Pingla,99,23.775,75.225,True,0.1209,0.034,0.2331,0.1992,no trend,0.38233674726699096,0.0712,0.0047,SPEI Stable
3650,Chambal,99,23.625,75.325,True,0.096,0.0386,0.1699,0.1313,no trend,0.5782610692399586,0.0455,0.003625,SPEI Stable
3651,Chambal,99,23.775,75.275,True,0.1288,0.0314,0.2546,0.2232,no trend,0.2577573793672574,0.0922,0.005513,SPEI Stable
3652,Chambal,99,23.825,75.375,True,0.1217,0.0197,0.2534,0.2337,no trend,0.20383922113299047,0.1034,0.005916,SPEI Stable
3653,Kanh,99,22.975,75.825,True,0.0634,0.0114,0.1304,0.119,no trend,0.7810405515546475,0.0229,0.001436,SPEI Stable
3654,Ashamati,99,22.975,75.925,True,0.0469,0.0281,0.0712,0.0431,no trend,0.9051746472382802,-0.0101,-0.000648,SPEI Stable
3655,Gambhir,99,23.075,75.625,True,0.1443,0.0231,0.3007,0.2777,no trend,0.18672634871240623,0.1074,0.00698,SPEI Stable
3656,Shipra,99,23.275,75.725,True,0.0902,-0.0163,0.2276,0.2439,no trend,0.45654714036538024,0.0608,0.003783,SPEI Stable
3657,Chambal,99,22.725,75.525,True,0.0403,0.0061,0.0845,0.0784,no trend,0.5448050803429232,0.0495,0.003166,SPEI Stable
3658,Chambal,99,23.075,75.475,True,0.1475,0.0824,0.2315,0.1491,no trend,0.45654714036538024,0.0608,0.004117,SPEI Stable
3659,Chhoti Kali Sindh,99,23.225,76.025,True,0.037,-0.0559,0.1569,0.2128,no trend,0.31126057944127394,0.0825,0.004514,SPEI Stable
3661,Padma,1,22.875,89.925,False,,,,,,,,,No Data
3664,Baveri,99,22.825,75.425,True,0.107,0.0925,0.1256,0.0331,no trend,0.5187510088374183,0.0527,0.003124,SPEI Stable
3665,Chamla,99,23.025,75.375,True,0.1667,0.1106,0.2392,0.1286,no trend,0.31126057944127394,0.0825,0.005305,SPEI Stable
3666,Chambal,99,23.425,75.425,True,0.1492,0.0534,0.2728,0.2194,no trend,0.22967423731825298,0.0978,0.006752,SPEI Stable
3667,Chambal,99,23.475,75.375,True,0.1803,0.1653,0.1997,0.0345,no trend,0.4747556847815666,0.0584,0.004031,SPEI Stable
3668,Padma,1,22.875,89.475,False,,,,,,,,,No Data
3669,Padma,1,23.025,89.425,False,,,,,,,,,No Data
3670,Padma,1,22.875,89.575,False,,,,,,,,,No Data
3671,Padma,1,23.125,89.525,False,,,,,,,,,No Data
3672,Padma,1,22.925,89.575,False,,,,,,,,,No Data
3673,Padma,1,22.825,89.625,False,,,,,,,,,No Data
3674,Padma,1,22.825,89.575,False,,,,,,,,,No Data
3675,Padma,1,22.775,89.575,False,,,,,,,,,No Data
3677,Padma,1,22.975,89.925,False,,,,,,,,,No Data
3678,Padma,1,23.025,89.825,False,,,,,,,,,No Data
3679,Padma,1,23.025,89.625,False,,,,,,,,,No Data
3683,Padma,1,23.075,89.825,False,,,,,,,,,No Data
3684,Padma,1,22.625,89.325,False,,,,,,,,,No Data
3685,Padma,1,22.575,89.325,False,,,,,,,,,No Data
3686,Padma,1,23.725,89.075,False,,,,,,,,,No Data
3687,Padma,1,23.825,89.075,False,,,,,,,,,No Data
3688,Padma,1,23.375,89.375,False,,,,,,,,,No Data
3689,Nekhadi,99,25.775,74.275,True,-0.0576,-0.112,0.0126,0.1246,no trend,0.7810405515546475,0.0229,0.001405,SPEI Stable
3690,Kothari,99,25.425,74.225,True,0.015,0.0278,-0.0015,-0.0294,no trend,0.8659827352061573,0.0141,0.000557,SPEI Stable
3691,Khari,99,25.675,74.175,True,-0.0463,-0.0888,0.0085,0.0973,no trend,0.8894646599057274,0.0117,0.000699,SPEI Stable
3692,Khari,99,25.875,74.475,True,-0.0422,-0.0935,0.024,0.1175,no trend,0.5448050803429232,0.0495,0.002779,SPEI Stable
3693,Khari,99,25.825,74.425,True,-0.0534,-0.0869,-0.0103,0.0766,no trend,0.8659827352061573,0.0141,0.00056,SPEI Stable
3694,Khari,99,25.975,74.625,True,-0.0509,-0.1433,0.0683,0.2117,no trend,0.33061719220937347,0.0793,0.004609,SPEI Stable
3695,Mansi,99,25.775,74.675,True,-0.0758,-0.135,0.0007,0.1357,no trend,0.6550724087000999,0.0366,0.002059,SPEI Stable
3696,Khari,99,25.925,74.625,True,-0.0631,-0.1245,0.0161,0.1406,no trend,0.32084351186557547,0.0809,0.004536,SPEI Stable
3697,Khari,99,25.875,74.825,True,-0.0837,-0.1565,0.0102,0.1667,no trend,0.6337121751995711,0.039,0.002085,SPEI Stable
3698,Khari,99,25.675,75.025,True,-0.0183,-0.0375,0.0066,0.0441,no trend,0.873797961750338,0.0133,0.000871,SPEI Stable
3699,Sameliya,99,25.725,74.975,True,-0.0753,-0.1094,-0.0313,0.0781,no trend,0.6337121751995711,0.039,0.002193,SPEI Stable
3700,Khari,99,25.725,75.175,True,-0.0391,-0.0829,0.0175,0.1004,no trend,0.9445989408361049,-0.006,-0.00038,SPEI Stable
3701,Khari,99,25.775,75.075,True,-0.0755,-0.126,-0.0104,0.1155,no trend,0.8503922744984573,0.0157,0.000812,SPEI Stable
3702,Banas,99,25.625,75.225,True,-0.0272,-0.0227,-0.0331,-0.0104,no trend,0.8581805908972016,-0.0149,-0.000662,SPEI Stable
3703,Banas,99,25.425,75.025,True,0.0469,-0.0151,0.1268,0.1418,no trend,0.34058148871273164,0.0777,0.004545,SPEI Stable
3704,Banas,99,25.375,75.075,True,0.06,0.042,0.0832,0.0412,no trend,0.6694724367031308,0.035,0.002198,SPEI Stable
3705,Khari,99,25.825,75.225,True,-0.0896,-0.1552,-0.0049,0.1502,no trend,0.9920793227943283,0.0012,5.4e-05,SPEI Stable
3706,Khari,99,25.875,75.275,True,-0.045,-0.1018,0.0283,0.1301,no trend,0.8503922744984573,0.0157,0.000983,SPEI Stable
3707,Khari,99,25.825,75.325,True,-0.0695,-0.1165,-0.0089,0.1076,no trend,0.9130439733339297,0.0093,0.000531,SPEI Stable
3708,Gomti,99,25.125,73.875,True,0.057,0.0535,0.0615,0.008,no trend,0.9209218347701116,0.0085,0.000477,SPEI Stable
3709,Chandrabhaga,99,25.175,74.125,True,0.0432,0.0541,0.0291,-0.025,no trend,0.7208063353199297,0.0294,0.001607,SPEI Stable
3710,Banas,99,24.975,73.925,True,0.0169,0.0089,0.0273,0.0184,no trend,0.9367000897482891,-0.0068,-0.000247,SPEI Stable
3711,Banas,99,25.025,74.075,True,0.0305,0.035,0.0247,-0.0102,no trend,0.8193920555171392,0.0189,0.001189,SPEI Stable
3712,Banas,99,25.075,74.375,True,0.0868,0.1598,-0.0073,-0.1671,no trend,0.7507335153518226,-0.0262,-0.001307,SPEI Stable
3713,Banas,99,25.175,74.475,True,0.1054,0.1314,0.0718,-0.0596,no trend,0.773430533540979,0.0237,0.001164,SPEI Stable
3714,Banas,99,25.225,74.775,True,0.0601,0.0437,0.0812,0.0375,no trend,0.6196383329366708,0.0406,0.002081,SPEI Stable
3715,Berach,99,25.175,74.875,True,0.0212,-0.0119,0.064,0.076,no trend,0.6196383329366708,0.0406,0.002381,SPEI Stable
3716,Menali,99,25.175,75.025,True,0.0362,-0.0422,0.1373,0.1795,no trend,0.7208063353199297,0.0294,0.00115,SPEI Stable
3717,Berach,99,25.075,74.825,True,0.0201,0.0013,0.0444,0.0431,no trend,0.7963229756501722,0.0213,0.001472,SPEI Stable
3718,Kothari,99,25.375,74.725,True,0.0527,0.059,0.0447,-0.0143,no trend,0.8193920555171392,0.0189,0.001305,SPEI Stable
3719,Berach,99,25.025,74.725,True,0.0654,0.0731,0.0555,-0.0175,no trend,0.9130439733339297,0.0093,0.000543,SPEI Stable
3720,Berach,99,25.125,74.825,True,0.0162,0.0365,-0.0099,-0.0464,no trend,0.8581805908972016,0.0149,0.000724,SPEI Stable
3721,Berach,99,25.225,74.975,True,0.0431,-0.0021,0.1013,0.1034,no trend,0.3987716292538952,0.0688,0.00392,SPEI Stable
3722,Banas,99,25.225,75.025,True,0.0435,-0.0212,0.1269,0.1482,no trend,0.803993983918406,0.0205,0.000893,SPEI Stable
3723,Unli,99,25.275,75.075,True,0.0454,0.0167,0.0824,0.0658,no trend,0.6839950244742647,0.0334,0.001963,SPEI Stable
3724,Banas,99,25.275,75.075,True,0.0454,0.0167,0.0824,0.0658,no trend,0.6839950244742647,0.0334,0.001963,SPEI Stable
3725,Banas,99,25.325,75.075,True,0.0578,0.0397,0.0812,0.0416,no trend,0.6913008056206345,0.0326,0.001604,SPEI Stable
3726,Bahmnai,99,25.325,74.275,True,0.0473,0.0401,0.0567,0.0166,no trend,0.5987876258427536,0.0431,0.00212,SPEI Stable
3727,Mej,99,25.525,75.525,True,-0.0694,0.0068,-0.1678,-0.1746,no trend,0.29724374939128984,-0.0849,-0.004327,SPEI Stable
3728,Jashma,99,24.825,74.225,True,0.0132,0.0434,-0.0257,-0.0691,no trend,0.7582763349793675,-0.0254,-0.00172,SPEI Stable
3729,Berach,99,24.725,74.325,True,0.004,0.0347,-0.0355,-0.0702,no trend,0.9130439733339297,0.0093,0.000755,SPEI Stable
3730,Berach,99,24.675,74.475,True,0.0239,0.0606,-0.0234,-0.084,no trend,0.773430533540979,-0.0237,-0.001842,SPEI Stable
3731,Berach,99,24.775,74.175,True,0.0232,0.0868,-0.0588,-0.1456,no trend,0.7507335153518226,-0.0262,-0.001286,SPEI Stable
3732,Berach,99,24.825,74.375,True,0.0527,0.0747,0.0244,-0.0503,no trend,0.9288074636400747,-0.0076,-0.000344,SPEI Stable
3733,Berach,99,24.775,74.475,True,0.0312,0.0564,-0.0014,-0.0577,no trend,0.9209218347701116,-0.0085,-0.00042,SPEI Stable
3734,Berach,99,24.825,74.525,True,0.0551,0.1222,-0.0316,-0.1538,no trend,0.4099608311090899,-0.0672,-0.004261,SPEI Stable
3735,Berach,99,24.875,74.525,True,0.0706,0.0894,0.0463,-0.0431,no trend,0.5514186979590701,-0.0487,-0.003147,SPEI Stable
3736,Berach,99,24.875,74.575,True,0.081,0.0926,0.0661,-0.0266,no trend,0.7282502018687609,-0.0286,-0.001935,SPEI Stable
3737,Gambhiri,99,24.825,74.675,True,0.049,0.0896,-0.0034,-0.093,no trend,0.9367000897482891,-0.0068,-0.00024,SPEI Stable
3738,Gambhiri,99,24.675,74.775,True,0.0314,0.0582,-0.0032,-0.0614,no trend,0.6057025033624253,-0.0423,-0.002294,SPEI Stable
3739,Kadmali,99,24.625,74.725,True,0.0439,0.1121,-0.0442,-0.1562,no trend,0.45654714036538024,-0.0608,-0.003539,SPEI Stable
3740,Khan,99,24.975,73.825,True,0.0631,0.0515,0.0782,0.0267,no trend,0.842618527640413,0.0165,0.001062,SPEI Stable
3741,Banas,99,24.925,73.675,True,0.0991,0.0748,0.1304,0.0557,no trend,1.0,0.0004,5.2e-05,SPEI Stable
3742,Sukni,99,25.625,76.475,True,-0.0657,-0.0856,-0.0399,0.0457,no trend,0.873797961750338,0.0133,0.001015,SPEI Stable
3743,Khari,99,25.325,76.325,True,-0.0619,-0.1156,0.0074,0.123,no trend,0.48711284347936656,0.0567,0.002835,SPEI Stable
3744,Parbati,99,25.525,76.525,True,-0.042,-0.0166,-0.0749,-0.0583,no trend,0.9762410903191197,-0.0028,-0.000205,SPEI Stable
3745,Parbati,99,25.625,76.525,True,-0.0257,0.0132,-0.0759,-0.0891,no trend,0.5382311014255547,-0.0503,-0.002668,SPEI Stable
3746,Parbati,99,25.725,76.525,True,-0.029,-0.0269,-0.0318,-0.0049,no trend,0.8193920555171392,-0.0189,-0.000779,SPEI Stable
3747,Chambal,99,25.825,76.475,True,-0.0524,-0.1458,0.0681,0.2139,no trend,0.5987876258427536,0.0431,0.002702,SPEI Stable
3748,Aheli,99,25.525,76.575,True,-0.0316,0.0175,-0.095,-0.1125,no trend,0.6622568124268424,-0.0358,-0.00186,SPEI Stable
3749,Gadela,99,24.675,73.925,True,-0.0169,0.0113,-0.0534,-0.0647,no trend,0.9130439733339297,0.0093,0.000354,SPEI Stable
3750,Ahar,99,24.575,73.825,True,-0.0149,0.0373,-0.0821,-0.1194,no trend,0.9762410903191197,-0.0028,-0.000146,SPEI Stable
3751,Berach,99,24.675,74.025,True,-0.0163,0.0016,-0.0394,-0.0411,no trend,1.0,0.0004,5.2e-05,SPEI Stable
3752,Berach,99,24.775,74.025,True,0.0084,0.0756,-0.0783,-0.1539,no trend,0.7432144452145957,-0.027,-0.001679,SPEI Stable
3753,Andheri,99,24.575,76.775,True,-0.1432,-0.2345,-0.0255,0.209,no trend,0.17069881126634723,0.1115,0.005948,SPEI Stable
3754,Retili,99,24.675,76.825,True,-0.1341,-0.2082,-0.0386,0.1696,no trend,0.2454429340961497,0.0946,0.004498,SPEI Stable
3755,Andheri,99,24.725,76.725,True,-0.0963,-0.1433,-0.0356,0.1077,no trend,0.5850664269805577,0.0447,0.002591,SPEI Stable
3756,Upreni,99,24.775,76.925,True,-0.1249,-0.1677,-0.0696,0.0982,no trend,0.38776831898796127,0.0704,0.003449,SPEI Stable
3757,Garni,99,24.975,76.825,True,-0.1101,-0.1221,-0.0946,0.0275,no trend,0.5123395447588517,0.0535,0.00269,SPEI Stable
3758,Andheri,99,24.725,76.775,True,-0.136,-0.2133,-0.0362,0.1771,no trend,0.30654064337907405,0.0833,0.004652,SPEI Stable
3759,Andheri,99,24.875,76.725,True,-0.1334,-0.1935,-0.0557,0.1378,no trend,0.36108062910799354,0.0744,0.003618,SPEI Stable
3760,Parbati,99,24.725,76.925,True,-0.1478,-0.2006,-0.0798,0.1208,no trend,0.46257264572864454,0.06,0.003297,SPEI Stable
3761,Parbati,99,24.875,76.725,True,-0.1334,-0.1935,-0.0557,0.1378,no trend,0.36108062910799354,0.0744,0.003618,SPEI Stable
3762,Parbati,99,24.925,76.675,True,-0.1382,-0.1965,-0.063,0.1335,no trend,0.4686422537687691,0.0592,0.00312,SPEI Stable
3763,Bilas,99,25.025,76.725,True,-0.0929,-0.1297,-0.0455,0.0842,no trend,0.8659827352061573,-0.0141,-0.000939,SPEI Stable
3764,Parbati,99,25.025,76.625,True,-0.0963,-0.1338,-0.0479,0.0859,no trend,0.6839950244742647,-0.0334,-0.001845,SPEI Stable
3765,Parbati,99,25.225,76.575,True,-0.0623,-0.1103,-0.0004,0.1098,no trend,0.6986354428998491,-0.0318,-0.002196,SPEI Stable
3766,Khul,99,25.225,76.675,True,-0.0501,-0.0883,-0.0007,0.0876,no trend,0.7208063353199297,-0.0294,-0.001611,SPEI Stable
3767,Bamnidai,99,25.375,76.625,True,-0.0612,-0.0837,-0.032,0.0517,no trend,0.6986354428998491,-0.0318,-0.002104,SPEI Stable
3769,Banganga,99,25.325,76.525,True,-0.0483,-0.112,0.0338,0.1458,no trend,0.8193920555171392,0.0189,0.000941,SPEI Stable
3770,Khul,99,25.225,76.775,True,-0.0573,-0.0755,-0.0338,0.0417,no trend,0.6694724367031308,0.035,0.001805,SPEI Stable
3771,Khul,99,25.275,76.675,True,-0.0726,-0.1098,-0.0247,0.0852,no trend,0.7357197884219144,-0.0278,-0.001867,SPEI Stable
3772,Khul,99,25.325,76.625,True,-0.0576,-0.0815,-0.0268,0.0547,no trend,0.5448050803429232,-0.0495,-0.001807,SPEI Stable
3773,Khul,99,25.375,76.625,True,-0.0612,-0.0837,-0.032,0.0517,no trend,0.6986354428998491,-0.0318,-0.002104,SPEI Stable
3774,Parbati,99,25.425,76.575,True,-0.0441,-0.049,-0.0378,0.0112,no trend,0.5850664269805577,-0.0447,-0.002498,SPEI Stable
3775,Parbati,99,23.975,77.225,True,-0.1448,-0.2085,-0.0626,0.146,no trend,0.5782610692399586,0.0455,0.002414,SPEI Stable
3776,Parbati,99,24.175,77.175,True,-0.1261,-0.1862,-0.0486,0.1377,no trend,0.7059983246415333,0.031,0.001951,SPEI Stable
3777,Parbati,99,24.325,77.125,True,-0.0522,-0.0972,0.006,0.1032,no trend,0.9841594261303772,-0.002,-0.000179,SPEI Stable
3778,Parbati,99,24.425,77.075,True,-0.0799,-0.133,-0.0115,0.1215,no trend,0.9841594261303772,0.002,0.000101,SPEI Stable
3779,Chopani,99,24.525,77.125,True,-0.148,-0.1688,-0.1212,0.0476,no trend,0.9920793227943283,0.0012,8.8e-05,SPEI Stable
3780,Parbati,99,24.625,77.075,True,-0.1165,-0.1489,-0.0745,0.0744,no trend,0.7133888312424626,0.0302,0.001317,SPEI Stable
3781,Ghora Pachhar,99,25.375,75.725,True,-0.0367,-0.0443,-0.0269,0.0174,no trend,0.8894646599057274,-0.0117,-0.000443,SPEI Stable
3782,Manoli,99,25.375,75.575,True,-0.0114,-0.0015,-0.0241,-0.0226,no trend,0.8894646599057274,-0.0117,-0.00049,SPEI Stable
3783,Manoli,99,25.325,75.525,True,0.0193,0.0317,0.0034,-0.0283,no trend,0.8581805908972016,0.0149,0.00052,SPEI Stable
3784,Thalera,99,25.375,75.775,True,-0.0484,-0.0367,-0.0635,-0.0268,no trend,0.6266582636866325,-0.0398,-0.002355,SPEI Stable
3785,Manoli,99,25.375,75.675,True,-0.0263,-0.0302,-0.0213,0.009,no trend,0.9367000897482891,-0.0068,-0.000679,SPEI Stable
3786,Machhli,99,25.625,75.925,True,-0.0476,0.0404,-0.1612,-0.2016,no trend,0.2836553336618328,-0.0873,-0.005017,SPEI Stable
3787,Chambal,99,25.725,76.325,True,-0.0746,-0.0835,-0.0633,0.0202,no trend,0.842618527640413,-0.0165,-0.001157,SPEI Stable
3788,Papras,99,23.025,76.725,True,-0.0721,-0.0166,-0.1436,-0.127,no trend,0.46257264572864454,-0.06,-0.003369,SPEI Stable
3789,Parbati,99,22.975,76.675,True,-0.0117,0.0413,-0.08,-0.1213,no trend,0.33557552767093113,-0.0785,-0.004555,SPEI Stable
3790,Ajnal,99,23.175,76.925,True,-0.0325,0.0438,-0.131,-0.1748,no trend,0.37161442772025643,-0.0728,-0.004384,SPEI Stable
3791,Mej,99,25.575,75.825,True,-0.0593,0.0171,-0.1579,-0.175,no trend,0.22584723604104706,-0.0986,-0.0056,SPEI Stable
3792,Garra,99,27.525,79.975,True,-0.0682,0.2412,-0.4675,-0.7088,decreasing,0.0007112755494909084,-0.2748,-0.018621,SPEI Drying
3793,Khaimua,99,27.925,79.975,True,-0.0909,0.1544,-0.4074,-0.5617,decreasing,0.003746417200928498,-0.2354,-0.013815,SPEI Drying
3794,Deoha,99,27.775,79.925,True,0.0258,-0.0277,0.0949,0.1226,no trend,0.9525032428084219,-0.0052,-0.000486,SPEI Stable
3795,Garra,2,27.525,79.875,True,-0.0559,0.2334,-0.4292,-0.6626,decreasing,0.0007374375290918334,-0.274,-0.016437,SPEI Drying
3796,Garra,99,27.225,79.875,True,-0.0679,0.2422,-0.4682,-0.7104,decreasing,0.00023963867870691047,-0.2982,-0.017632,SPEI Drying
3797,Garra,2,27.275,79.925,True,-0.0442,0.294,-0.4807,-0.7747,decreasing,0.0001081093910157982,-0.3143,-0.017946,SPEI Drying
3798,Ganga,1,27.175,79.925,True,-0.0348,0.2962,-0.462,-0.7582,decreasing,0.00029069962558136986,-0.2942,-0.01764,SPEI Drying
3799,Ramganga,99,27.425,79.725,True,-0.0201,0.2692,-0.3934,-0.6626,decreasing,0.00015539468876224483,-0.307,-0.01747,SPEI Drying
3800,Ganga,1,27.225,79.775,True,-0.065,0.2307,-0.4466,-0.6773,decreasing,0.00015539468876224483,-0.307,-0.0178,SPEI Drying
3801,Ganga,1,27.175,79.875,True,-0.0449,0.315,-0.5094,-0.8244,decreasing,9.178531977305227e-05,-0.3175,-0.01905,SPEI Drying
3802,Ganga,1,26.875,80.175,True,-0.0293,0.2488,-0.3883,-0.6371,decreasing,0.005118383692698902,-0.2274,-0.014297,SPEI Drying
3803,Ganga,1,26.975,80.025,True,-0.0406,0.2698,-0.4411,-0.7109,decreasing,0.0027172873786209806,-0.2435,-0.015519,SPEI Drying
3804,Ganga,1,26.725,80.175,True,-0.0711,0.2152,-0.4405,-0.6558,decreasing,0.0028996759646631176,-0.2419,-0.013425,SPEI Drying
3805,Kali,99,27.225,79.575,True,-0.0456,0.31,-0.5044,-0.8144,decreasing,6.275057414573126e-06,-0.3666,-0.02176,SPEI Drying
3806,Ganga,1,27.375,79.475,True,-0.0196,0.3356,-0.4778,-0.8134,decreasing,5.198526660699088e-06,-0.3698,-0.020392,SPEI Drying
3807,Pandu,99,26.525,80.175,True,-0.1059,0.2825,-0.6072,-0.8897,decreasing,3.7260995315868684e-06,-0.3755,-0.020269,SPEI Drying
3808,Kali,99,27.475,79.025,True,-0.0613,0.1504,-0.3344,-0.4848,decreasing,0.00016826943532244343,-0.3054,-0.016139,SPEI Drying
3809,Kali,99,27.175,79.625,True,-0.0674,0.3079,-0.5516,-0.8596,decreasing,6.918773376440868e-07,-0.4028,-0.022345,SPEI Drying
3810,Ganga,1,27.425,79.625,True,0.0067,0.3248,-0.4037,-0.7285,decreasing,0.00018947603743946217,-0.303,-0.01897,SPEI Drying
3811,Ganga,1,27.275,79.675,True,-0.009,0.3531,-0.4761,-0.8292,decreasing,8.80843723347624e-05,-0.3183,-0.021087,SPEI Drying
3812,Ganga,1,26.675,80.275,True,-0.0853,0.2141,-0.4715,-0.6856,decreasing,0.0012979521359628432,-0.2612,-0.014948,SPEI Drying
3813,Sai,99,27.025,80.425,True,-0.0515,0.1501,-0.3116,-0.4617,decreasing,0.028240844233809348,-0.1783,-0.010417,SPEI Drying
3814,Ganga,1,26.625,80.275,True,-0.0902,0.2275,-0.5001,-0.7276,decreasing,0.0007112755494909084,-0.2748,-0.015802,SPEI Drying
3815,Ganga,1,26.675,80.375,True,-0.0781,0.2085,-0.4479,-0.6563,decreasing,0.0031942743973956134,-0.2394,-0.013552,SPEI Drying
3816,Ganga,1,26.625,80.275,True,-0.0902,0.2275,-0.5001,-0.7276,decreasing,0.0007112755494909084,-0.2748,-0.015802,SPEI Drying
3817,Ganga,1,26.575,80.275,True,-0.1079,0.2323,-0.5468,-0.7791,decreasing,0.0004751366833488646,-0.2837,-0.016932,SPEI Drying
3818,Ganga,1,26.575,80.275,True,-0.1079,0.2323,-0.5468,-0.7791,decreasing,0.0004751366833488646,-0.2837,-0.016932,SPEI Drying
3819,Ganga,1,26.425,80.425,True,-0.1272,0.2285,-0.5862,-0.8148,decreasing,0.0026300800297316407,-0.2443,-0.016307,SPEI Drying
3820,Rihand,99,26.325,80.125,True,-0.1517,0.3706,-0.8257,-1.1963,decreasing,5.633079336320179e-09,-0.4728,-0.028215,SPEI Drying
3821,Sengur,99,26.175,79.925,True,-0.0903,0.3654,-0.6784,-1.0438,decreasing,2.2831882606766385e-08,-0.4535,-0.025539,SPEI Drying
3822,Rihand,99,26.725,79.525,True,-0.1456,0.3341,-0.7647,-1.0988,decreasing,3.0931988082016915e-09,-0.4809,-0.026012,SPEI Drying
3823,Non,99,26.075,79.575,True,-0.0325,0.3283,-0.4981,-0.8264,decreasing,1.9659636597779695e-05,-0.3465,-0.020506,SPEI Drying
3824,Yamuna,99,26.075,80.225,True,-0.1267,0.3497,-0.7414,-1.0912,decreasing,7.42483809990091e-08,-0.4366,-0.026357,SPEI Drying
3825,Non,99,26.175,79.675,True,-0.0297,0.3664,-0.5408,-0.9072,decreasing,1.3343005125232565e-06,-0.3924,-0.023416,SPEI Drying
3826,Sengur,99,26.175,79.925,True,-0.0903,0.3654,-0.6784,-1.0438,decreasing,2.2831882606766385e-08,-0.4535,-0.025539,SPEI Drying
3827,Ganga,1,26.075,80.775,True,-inf,0.776,,,decreasing,3.9087587975217275e-06,-0.3746,-0.025315,SPEI Drying
3828,Yamuna,99,26.125,79.825,True,-0.0699,0.3305,-0.5865,-0.917,decreasing,8.062514849083158e-07,-0.4004,-0.022504,SPEI Drying
3829,Yamuna,99,26.025,80.075,True,-0.1181,0.3069,-0.6665,-0.9735,decreasing,1.8877434244668478e-06,-0.3867,-0.021962,SPEI Drying
3830,East Bahgul,99,28.325,79.575,True,-0.1871,0.0166,-0.45,-0.4667,decreasing,0.016288026803525035,-0.1952,-0.010286,SPEI Drying
3831,Afsarha,99,28.325,79.625,True,-0.1812,0.002,-0.4177,-0.4197,decreasing,0.020180292056269256,-0.1887,-0.010504,SPEI Drying
3832,East Bahgul,99,27.925,79.575,True,-0.1032,0.2588,-0.5703,-0.8291,decreasing,4.728948174825831e-06,-0.3714,-0.020354,SPEI Drying
3833,Deoha,99,28.375,79.775,True,-0.2403,0.1186,-0.7034,-0.822,decreasing,2.6583324994611246e-06,-0.3811,-0.020967,SPEI Drying
3834,Ramganga,99,28.175,79.425,True,-0.2024,0.0686,-0.5519,-0.6205,decreasing,0.00019708616352720476,-0.3022,-0.015463,SPEI Drying
3835,Ramganga,99,27.825,79.525,True,-0.0876,0.2296,-0.4968,-0.7264,decreasing,0.0001378090873462856,-0.3095,-0.017967,SPEI Drying
3836,Garra,2,27.725,79.875,True,-0.0507,0.2659,-0.4592,-0.7251,decreasing,0.0001493106215397777,-0.3078,-0.018901,SPEI Drying
3838,Nandhaur,99,28.975,79.725,True,-0.1657,-0.2671,-0.0348,0.2323,no trend,0.33061719220937347,0.0793,0.005893,SPEI Stable
3839,Deoha,99,28.875,79.825,True,-0.1072,-0.1784,-0.0153,0.1631,no trend,0.27483372753192903,0.0889,0.005994,SPEI Stable
3840,Deoha,99,28.825,79.825,True,-0.113,-0.1818,-0.0242,0.1576,no trend,0.31602819987913433,0.0817,0.006035,SPEI Stable
3841,Ladhiya,99,29.225,80.025,True,-0.1117,-0.0027,-0.2524,-0.2497,no trend,0.22967423731825298,-0.0978,-0.007218,SPEI Stable
3842,Gaula,99,28.975,79.525,True,-0.2374,-0.305,-0.1501,0.1549,no trend,0.5714931653398074,0.0463,0.002739,SPEI Stable
3843,Khaimua,99,28.075,79.975,True,-0.1437,0.1779,-0.5587,-0.7366,decreasing,1.2539276522893772e-05,-0.3545,-0.020699,SPEI Drying
3844,Khaimua,99,28.225,79.975,True,-0.1804,0.1618,-0.622,-0.7838,decreasing,2.6583324994611246e-06,-0.3811,-0.021542,SPEI Drying
3845,Katna,99,28.275,79.825,True,-0.217,0.1439,-0.6826,-0.8265,decreasing,2.1872816928780736e-06,-0.3843,-0.021719,SPEI Drying
3846,Deoha,99,27.925,79.825,True,-0.1222,0.2059,-0.5455,-0.7514,decreasing,0.00011726388591659642,-0.3127,-0.017694,SPEI Drying
3847,Sharda,99,28.775,80.125,True,0.0224,0.0677,-0.0361,-0.1038,no trend,0.5252036748407956,-0.0519,-0.002091,SPEI Stable
3848,Baur,99,28.775,79.375,True,-0.2018,-0.2154,-0.1843,0.0311,no trend,0.842618527640413,-0.0165,-0.001041,SPEI Stable
3849,Bhakra,99,28.925,79.275,True,-0.2603,-0.1658,-0.3822,-0.2164,no trend,0.10142213968013314,-0.1332,-0.008032,SPEI Stable
3850,Baur,99,28.775,79.175,True,-0.1852,-0.0371,-0.3763,-0.3392,decreasing,0.020180292056269256,-0.1887,-0.010534,SPEI Drying
3851,Baur,99,28.675,79.275,True,-0.1308,0.0154,-0.3193,-0.3347,decreasing,0.03281325364221077,-0.1734,-0.009607,SPEI Drying
3852,Baur,99,28.625,79.275,True,-0.1036,0.0273,-0.2725,-0.2997,decreasing,0.03800532563226788,-0.1686,-0.008489,SPEI Drying
3853,Gaula,99,28.525,79.275,True,-0.0592,0.134,-0.3085,-0.4425,decreasing,0.008274688522815543,-0.2145,-0.012757,SPEI Drying
3855,Dabka,99,29.275,79.125,True,-0.3606,0.0389,-0.8761,-0.915,decreasing,2.3147473804385754e-07,-0.4197,-0.023554,SPEI Drying
3856,Baur,99,29.025,79.175,True,-0.3367,-0.1213,-0.6145,-0.4931,decreasing,0.0003260552028803154,-0.2918,-0.015302,SPEI Drying
3857,Kosi,99,29.475,79.275,True,-0.3211,0.1365,-0.9115,-1.0479,decreasing,5.628743182661822e-08,-0.4406,-0.028557,SPEI Drying
3858,Kosi,99,29.025,79.025,True,-0.2248,0.0187,-0.539,-0.5577,decreasing,0.0027172873786209806,-0.2435,-0.013571,SPEI Drying
3859,Ramganga,99,28.525,79.125,True,-0.0244,0.1389,-0.2352,-0.3741,decreasing,0.011359160904444332,-0.2056,-0.010673,SPEI Drying
3860,Gaula,99,28.675,79.425,True,-0.1458,-0.089,-0.2192,-0.1302,no trend,0.38776831898796127,-0.0704,-0.00384,SPEI Stable
3861,Gaula,99,28.425,79.275,True,-0.1219,0.0669,-0.3655,-0.4323,decreasing,0.01344017349899329,-0.2008,-0.011429,SPEI Drying
3862,Ramganga,99,28.425,79.325,True,-0.1354,0.0547,-0.3808,-0.4355,decreasing,0.029699886817119436,-0.1767,-0.010478,SPEI Drying
3863,Ramganga,99,28.375,79.325,True,0.0165,0.0516,-0.0289,-0.0805,no trend,0.20032839781821243,-0.1042,-0.00664,SPEI Stable
3864,Ramganga,99,28.025,79.475,True,-0.1487,0.1634,-0.5514,-0.7148,decreasing,9.563279606239483e-05,-0.3167,-0.01714,SPEI Drying
3865,Ramganga,99,28.275,79.125,True,-0.0154,0.18,-0.2676,-0.4475,decreasing,0.0026300800297316407,-0.2443,-0.013363,SPEI Drying
3866,Ramganga,99,27.975,79.425,True,-0.1055,0.1986,-0.4978,-0.6964,decreasing,9.563279606239483e-05,-0.3167,-0.017495,SPEI Drying
3867,Bahalla,99,28.925,78.925,True,-0.0671,0.0458,-0.2128,-0.2586,decreasing,0.0336339036033384,-0.1726,-0.010185,SPEI Drying
3869,Gangan,99,28.825,78.725,True,0.0741,0.1083,0.0299,-0.0784,no trend,0.07395255989959071,-0.1453,-0.006959,SPEI Stable
3870,Ganga,1,28.125,78.675,True,0.0819,0.1962,-0.0655,-0.2617,decreasing,0.003866748696732092,-0.2346,-0.011699,SPEI Drying
3872,Kosi,99,28.725,78.975,True,-0.0238,0.0654,-0.1389,-0.2043,no trend,0.06482394536115721,-0.1501,-0.007929,SPEI Stable
3873,Ramganga,99,28.825,78.825,True,0.0648,0.1189,-0.005,-0.1239,no trend,0.0823394430606228,-0.1412,-0.007858,SPEI Stable
3874,Ramganga,99,28.725,78.925,True,0.0175,0.1091,-0.1006,-0.2097,decreasing,0.04285083553529989,-0.1646,-0.00915,SPEI Drying
3875,Ganga,1,28.475,78.325,True,0.0234,0.0882,-0.0601,-0.1483,no trend,0.10350991607723992,-0.1324,-0.006287,SPEI Stable
3876,Ganga,1,27.875,78.925,True,0.0577,0.1265,-0.0312,-0.1576,no trend,0.2836553336618328,-0.0873,-0.003918,SPEI Stable
3877,Ganga,1,27.725,79.475,True,-0.0132,0.3187,-0.4415,-0.7603,decreasing,4.501560125835802e-05,-0.3312,-0.017379,SPEI Drying
3878,Ganga,1,27.625,79.525,True,-0.0149,0.3147,-0.4401,-0.7548,decreasing,3.05336790098476e-05,-0.3384,-0.018584,SPEI Drying
3879,Gangan,99,29.025,78.425,True,0.0129,0.073,-0.0646,-0.1376,no trend,0.1417692102564545,-0.1195,-0.005561,SPEI Stable
3880,Gangan,99,29.125,78.525,True,0.0213,0.1398,-0.1317,-0.2714,decreasing,0.01344017349899329,-0.2008,-0.009933,SPEI Drying
3881,Khoh,99,29.475,78.525,True,-0.0563,0.0331,-0.1717,-0.2048,no trend,0.05050402029707901,-0.159,-0.008382,SPEI Stable
3882,Ramganga,99,29.425,78.675,True,-0.0911,-0.0836,-0.1008,-0.0171,no trend,0.18018680964047862,-0.1091,-0.006152,SPEI Stable
3883,Ramganga,99,29.075,78.725,True,0.028,0.1739,-0.1602,-0.334,decreasing,0.005118383692698902,-0.2274,-0.013507,SPEI Drying
3884,Dhela,99,29.075,78.875,True,-0.1067,0.0644,-0.3274,-0.3918,decreasing,0.002807129202006875,-0.2427,-0.013536,SPEI Drying
3885,Gomti,99,29.875,79.725,True,-0.152,0.0088,-0.3595,-0.3683,decreasing,0.0010164879814242855,-0.2668,-0.017738,SPEI Drying
3886,Kali Rau,99,29.575,79.625,True,-0.1804,0.1594,-0.6188,-0.7781,decreasing,1.4740569782567547e-06,-0.3907,-0.023683,SPEI Drying
3887,Kosi,99,29.625,79.625,True,-0.1637,0.1672,-0.5907,-0.7579,decreasing,1.1482932376072341e-06,-0.3948,-0.022754,SPEI Drying
3888,Ramganga,99,29.625,79.125,True,-0.341,0.186,-1.021,-1.207,decreasing,3.324962527528896e-11,-0.538,-0.032671,SPEI Drying
3889,Bino,99,29.825,79.225,True,-0.2901,0.1248,-0.8256,-0.9504,decreasing,1.35405537227129e-07,-0.4278,-0.027085,SPEI Drying
3890,Ramganga,99,29.875,79.325,True,-0.1971,0.1678,-0.6681,-0.8359,decreasing,1.9829183357522595e-06,-0.3859,-0.0237,SPEI Drying
3891,Ramganga,99,29.725,79.225,True,-0.2775,0.2063,-0.9017,-1.108,decreasing,6.3432634700433255e-09,-0.4712,-0.030753,SPEI Drying
3892,Pindar,99,30.125,79.375,True,-0.1216,0.006,-0.2862,-0.2922,decreasing,0.02550720118652694,-0.1815,-0.01032,SPEI Drying
3893,Gagas,99,29.725,79.325,True,-0.2504,0.2249,-0.8638,-1.0887,decreasing,1.5266785391432336e-08,-0.4592,-0.029789,SPEI Drying
3894,Mandal,99,29.625,78.975,True,-0.3553,0.0704,-0.9044,-0.9748,decreasing,7.512437338874633e-10,-0.4994,-0.027462,SPEI Drying
3895,Ramganga,99,29.575,78.925,True,-0.3549,0.0538,-0.8823,-0.9361,decreasing,5.149993764774763e-10,-0.5042,-0.027496,SPEI Drying
3896,Palain,99,29.575,78.775,True,-0.3113,-0.021,-0.6859,-0.6649,decreasing,1.2692914803658084e-06,-0.3932,-0.021344,SPEI Drying
3897,Kali,99,28.225,78.225,True,0.0587,0.2736,-0.2187,-0.4923,decreasing,0.00018214274152716925,-0.3038,-0.014812,SPEI Drying
3899,Kali,99,28.025,78.425,True,0.1075,0.2812,-0.1165,-0.3977,decreasing,0.005962237689081107,-0.2233,-0.011525,SPEI Drying
3900,Kali,99,27.925,78.325,True,0.0871,0.3069,-0.1965,-0.5033,decreasing,0.0003518195366820631,-0.2901,-0.015279,SPEI Drying
3901,Bagad,99,28.525,78.325,True,0.0312,0.0544,0.0012,-0.0531,no trend,0.19686192477076325,-0.105,-0.005781,SPEI Stable
3902,Ganga,1,27.825,78.925,True,0.0476,0.1492,-0.0835,-0.2327,no trend,0.06926481772484427,-0.1477,-0.007263,SPEI Stable
3904,Rihand,99,27.525,78.675,True,0.0431,0.1695,-0.1201,-0.2895,decreasing,0.03532796495417179,-0.171,-0.009012,SPEI Drying
3905,Ganga,1,27.625,79.225,True,-0.0362,0.2564,-0.4137,-0.6701,decreasing,1.57194306367181e-05,-0.3505,-0.017192,SPEI Drying
3907,Rihand,99,27.325,78.775,True,0.0181,0.1829,-0.1946,-0.3776,decreasing,0.005118383692698902,-0.2274,-0.012662,SPEI Drying
3908,Ganga,1,27.825,79.075,True,0.0321,0.2054,-0.1916,-0.397,decreasing,0.001253758027850882,-0.262,-0.012599,SPEI Drying
3909,Ganga,1,27.725,79.225,True,-0.0007,0.273,-0.3539,-0.627,decreasing,2.5632394189623042e-05,-0.3416,-0.016996,SPEI Drying
3910,Ganga,1,27.625,79.425,True,-0.0137,0.3497,-0.4827,-0.8324,decreasing,2.6583324994611246e-06,-0.3811,-0.020402,SPEI Drying
3911,Ganga,1,28.425,78.425,True,0.0712,0.1078,0.0241,-0.0836,no trend,0.41562472802453176,-0.0664,-0.003309,SPEI Stable
3913,Ganga,1,28.325,78.475,True,0.1189,0.2586,-0.0613,-0.3199,decreasing,0.0011695091346846098,-0.2636,-0.014464,SPEI Drying
3914,Saswa,99,30.125,78.125,True,-0.1364,-0.0778,-0.2121,-0.1343,no trend,0.07079950853282857,-0.1469,-0.008923,SPEI Stable
3915,Song,99,30.225,78.125,True,-0.1894,-0.0877,-0.3206,-0.2328,decreasing,0.01344017349899329,-0.2008,-0.011261,SPEI Drying
3916,Song,99,30.075,78.175,True,-0.1411,-0.1096,-0.1818,-0.0722,no trend,0.17381897852498152,-0.1107,-0.00571,SPEI Stable
3917,Ganga,1,30.075,78.325,True,-0.265,-0.1422,-0.4235,-0.2813,no trend,0.06062067143372318,-0.1525,-0.008396,SPEI Stable
3918,Ganga,1,29.875,78.175,True,0.0479,0.0345,0.0653,0.0308,no trend,0.5252036748407956,0.0519,0.00263,SPEI Stable
3919,Ganga,1,30.075,78.375,True,-0.2922,-0.1542,-0.4703,-0.3161,decreasing,0.04493029313581198,-0.163,-0.009613,SPEI Drying
3920,Ganga,1,29.725,78.175,True,-0.0073,0.0289,-0.0541,-0.083,no trend,0.37161442772025643,-0.0728,-0.003162,SPEI Stable
3921,Banganga,99,29.675,78.025,True,0.1201,0.0911,0.1575,0.0664,no trend,0.8973146218766033,0.0109,0.00072,SPEI Stable
3922,Malin,99,29.525,78.175,True,0.0477,0.1211,-0.047,-0.1681,no trend,0.10778786193945145,-0.1308,-0.006856,SPEI Stable
3923,Banganga,99,29.525,78.025,True,0.111,0.1626,0.0444,-0.1182,no trend,0.22584723604104706,-0.0986,-0.004636,SPEI Stable
3924,Ganga,1,29.625,78.075,True,0.0714,0.0906,0.0467,-0.044,no trend,0.46257264572864454,-0.06,-0.002507,SPEI Stable
3925,Ganga,1,29.425,78.025,True,0.1135,0.1933,0.0105,-0.1828,no trend,0.36632391174159107,-0.0736,-0.004553,SPEI Stable
3926,Solani,99,29.925,77.975,True,0.1005,0.0944,0.1084,0.014,no trend,0.6622568124268424,-0.0358,-0.001861,SPEI Stable
3927,Solani,99,29.725,77.975,True,0.1259,0.1022,0.1566,0.0544,no trend,0.8193920555171392,-0.0189,-0.000784,SPEI Stable
3928,Ganga,1,29.325,78.075,True,0.115,0.2318,-0.0357,-0.2676,no trend,0.2836553336618328,-0.0873,-0.004677,SPEI Stable
3929,Ganga,1,29.275,78.175,True,0.0892,0.2224,-0.0827,-0.3051,no trend,0.06339690978214874,-0.1509,-0.008403,SPEI Stable
3930,Gomti,99,25.475,82.975,True,-0.1493,-0.1245,-0.1814,-0.0569,no trend,0.31602819987913433,-0.0817,-0.004218,SPEI Stable
3931,Gomti,99,25.575,82.975,True,-0.2061,-0.1978,-0.2168,-0.0189,no trend,0.33557552767093113,-0.0785,-0.003423,SPEI Stable
3932,Gomti,99,25.525,83.125,True,-0.1611,-0.1078,-0.2299,-0.1221,no trend,0.676718703048607,-0.0342,-0.002513,SPEI Stable
3933,Ganga,1,25.425,83.125,True,-0.2005,-0.0688,-0.3703,-0.3016,no trend,0.20032839781821243,-0.1042,-0.005907,SPEI Stable
3934,Ganga,1,25.475,83.375,True,-0.2047,-0.015,-0.4495,-0.4345,decreasing,0.023610104895327444,-0.1839,-0.011427,SPEI Drying
3935,Ganga,1,25.375,83.475,True,-0.2311,-0.061,-0.4506,-0.3896,decreasing,0.023610104895327444,-0.1839,-0.011268,SPEI Drying
3936,Ganga,1,25.675,83.075,True,-0.1581,-0.1194,-0.2081,-0.0886,no trend,0.46257264572864454,-0.06,-0.003597,SPEI Stable
3937,Ganga,1,25.425,83.525,True,-0.2965,-0.0889,-0.5644,-0.4754,decreasing,0.002158406549617853,-0.2491,-0.012709,SPEI Drying
3938,Ganga,1,25.575,83.625,True,-0.3281,-0.0348,-0.7064,-0.6716,decreasing,0.0005509332325082106,-0.2805,-0.018534,SPEI Drying
3939,Karmanasa,99,25.275,83.475,True,-0.2428,-0.0952,-0.4332,-0.338,no trend,0.09535947867360162,-0.1356,-0.008005,SPEI Stable
3941,Tamasa,99,26.125,83.125,True,-0.081,0.0431,-0.2412,-0.2843,no trend,0.09340433146380822,-0.1364,-0.00917,SPEI Stable
3943,Ganga,1,25.725,83.325,True,-0.1237,0.0181,-0.3068,-0.3249,no trend,0.11446586964757266,-0.1284,-0.007188,SPEI Stable
3944,Tamasa,99,25.875,83.525,True,-0.1957,0.1512,-0.6434,-0.7946,decreasing,5.806483740977697e-05,-0.3264,-0.020421,SPEI Drying
3945,Tamasa,99,26.075,82.825,True,-0.1349,-0.0027,-0.3055,-0.3028,decreasing,0.014205156916392347,-0.1992,-0.01251,SPEI Drying
3946,Gomti,99,25.925,82.425,True,-0.1608,0.165,-0.5813,-0.7463,decreasing,0.0002304930604228872,-0.299,-0.019964,SPEI Drying
3947,Ganga,1,25.625,83.525,True,-0.2796,-0.0166,-0.619,-0.6024,decreasing,0.0029949997117610927,-0.241,-0.014993,SPEI Drying
3949,Varuna,99,25.575,82.525,True,-0.1792,0.1125,-0.5555,-0.668,decreasing,0.00544204075020871,-0.2258,-0.014702,SPEI Drying
3950,Tamasa,99,26.275,82.625,True,-0.0836,0.1115,-0.3353,-0.4468,decreasing,0.026843990224870717,-0.1799,-0.011683,SPEI Drying
3952,Tamasa,2,26.325,82.725,True,-0.0837,0.0706,-0.2829,-0.3536,decreasing,0.03281325364221077,-0.1734,-0.009832,SPEI Drying
3953,Tamasa,2,26.075,82.975,True,-0.1158,0.014,-0.2833,-0.2972,decreasing,0.023610104895327444,-0.1839,-0.011306,SPEI Drying
3954,Tamasa,2,26.075,83.125,True,-0.1357,0.0284,-0.3475,-0.3759,decreasing,0.04184199371866293,-0.1654,-0.011891,SPEI Drying
3955,Tamasa,2,26.075,83.325,True,-0.1275,0.1364,-0.4679,-0.6044,decreasing,0.001253758027850882,-0.262,-0.017695,SPEI Drying
3956,Sai,99,25.775,82.425,True,-0.1738,0.1564,-0.5999,-0.7563,decreasing,0.0006615191578531743,-0.2765,-0.01781,SPEI Drying
3957,Gomti,99,26.175,82.225,True,-0.1375,0.1505,-0.5091,-0.6596,decreasing,0.0002304930604228872,-0.299,-0.01788,SPEI Drying
3958,Gomti,99,25.725,82.725,True,-0.1865,0.0338,-0.4707,-0.5044,decreasing,0.005277971649664259,-0.2266,-0.012752,SPEI Drying
3959,Ganga,1,25.575,83.775,True,-0.3647,-0.1461,-0.6467,-0.5005,decreasing,0.0023835833487846347,-0.2467,-0.015402,SPEI Drying
3960,Ganga,1,25.525,83.775,True,-0.3358,-0.1301,-0.6011,-0.471,decreasing,0.005962237689081107,-0.2233,-0.014179,SPEI Drying
3961,Ganga,1,25.525,83.825,True,-0.3364,-0.151,-0.5756,-0.4246,decreasing,0.012360926954260387,-0.2032,-0.012592,SPEI Drying
3962,Karmanasa,2,25.475,83.825,True,-0.377,-0.1415,-0.6809,-0.5394,decreasing,0.0034055622150974685,-0.2378,-0.01362,SPEI Drying
3964,Son,99,24.575,83.075,True,0.0573,0.1482,-0.06,-0.2082,no trend,0.3257065131987469,-0.0801,-0.005041,SPEI Stable
3967,Karmanasa,99,24.975,83.725,True,-0.3041,-0.1752,-0.4704,-0.2952,no trend,0.31126057944127394,-0.0825,-0.004622,SPEI Stable
3969,Karmanasa,99,25.175,83.525,True,-0.2541,-0.153,-0.3846,-0.2317,no trend,0.31126057944127394,-0.0825,-0.005573,SPEI Stable
3970,Karmanasa,99,25.175,83.125,True,-0.2913,-0.2132,-0.3921,-0.1789,no trend,0.18672634871240623,-0.1074,-0.00564,SPEI Stable
3971,Karmanasa,99,25.225,83.325,True,-0.2255,-0.0922,-0.3975,-0.3053,no trend,0.11446586964757266,-0.1284,-0.007967,SPEI Stable
3972,Ganga,1,25.225,82.975,True,-0.2226,-0.0748,-0.4134,-0.3386,no trend,0.07395255989959071,-0.1453,-0.007799,SPEI Stable
3973,Belan,99,24.725,82.675,True,0.0064,0.0055,0.0077,0.0022,no trend,0.9367000897482891,-0.0068,-0.000423,SPEI Stable
3974,Sai,99,26.525,81.025,True,-0.1484,0.2436,-0.6542,-0.8978,decreasing,1.9659636597779695e-05,-0.3465,-0.020085,SPEI Drying
3975,Sai,99,26.275,81.025,True,-inf,0.7794,,,decreasing,1.7969658279159972e-06,-0.3875,-0.025893,SPEI Drying
3976,Ganga,1,26.275,80.825,True,0.309,0.7384,-0.245,-0.9834,decreasing,1.198164545312963e-05,-0.3553,-0.021933,SPEI Drying
3977,Sai,99,26.575,80.875,True,-0.1047,0.3129,-0.6436,-0.9565,decreasing,2.6583324994611246e-06,-0.3811,-0.022262,SPEI Drying
3978,Sai,99,26.375,81.025,True,0.3132,0.7526,-0.2539,-1.0065,decreasing,1.402505651171282e-06,-0.3915,-0.022177,SPEI Drying
3979,Sai,99,26.125,81.375,True,0.4892,0.9893,-0.1561,-1.1454,decreasing,2.532182723946619e-06,-0.3819,-0.0267,SPEI Drying
3980,Kadhu,99,26.475,81.675,True,-0.1358,0.16,-0.5176,-0.6775,decreasing,0.0011695091346846098,-0.2636,-0.016283,SPEI Drying
3981,Sai,99,26.125,81.625,True,-0.2324,0.1802,-0.7647,-0.945,decreasing,1.5027475327444861e-05,-0.3513,-0.023234,SPEI Drying
3982,Kadhu,99,26.425,81.425,True,-0.1529,0.1567,-0.5523,-0.7089,decreasing,0.0031942743973956134,-0.2394,-0.015907,SPEI Drying
3983,Sai,99,25.975,81.775,True,-0.2069,0.1378,-0.6517,-0.7895,decreasing,0.0001378090873462856,-0.3095,-0.01899,SPEI Drying
3984,Ganga,1,25.825,81.275,True,0.3341,0.6907,-0.1259,-0.8165,decreasing,0.0010164879814242855,-0.2668,-0.018657,SPEI Drying
3986,Sai,99,26.075,81.925,True,-0.1828,0.1134,-0.5651,-0.6785,decreasing,0.00027973574491002573,-0.295,-0.017134,SPEI Drying
3987,Sai,99,25.875,81.725,True,0.3491,0.6916,-0.0927,-0.7843,decreasing,0.00033870824317050463,-0.2909,-0.01889,SPEI Drying
3988,Sai,99,25.975,81.975,True,-0.1969,0.1386,-0.6297,-0.7683,decreasing,3.05336790098476e-05,-0.3384,-0.019567,SPEI Drying
3989,Sai,99,25.925,81.925,True,-0.2128,0.1537,-0.6856,-0.8393,decreasing,1.7195520061630276e-05,-0.3489,-0.021508,SPEI Drying
3990,Sai,99,25.925,81.925,True,-0.2128,0.1537,-0.6856,-0.8393,decreasing,1.7195520061630276e-05,-0.3489,-0.021508,SPEI Drying
3991,Sai,99,25.775,81.875,True,-0.2022,0.0952,-0.586,-0.6813,decreasing,0.0008821830981653456,-0.27,-0.015852,SPEI Drying
3992,Sai,99,25.875,81.925,True,-0.204,0.1593,-0.6727,-0.8319,decreasing,1.198164545312963e-05,-0.3553,-0.021617,SPEI Drying
3993,Sai,99,25.925,82.025,True,-0.1819,0.1451,-0.6039,-0.749,decreasing,0.00011726388591659642,-0.3127,-0.018828,SPEI Drying
3994,Kadhu,99,26.425,81.775,True,-0.1566,0.0871,-0.4711,-0.5582,decreasing,0.003746417200928498,-0.2354,-0.01403,SPEI Drying
3995,Ganga,1,25.675,81.525,True,0.3075,0.6239,-0.1006,-0.7245,decreasing,0.0001493106215397777,-0.3078,-0.018707,SPEI Drying
3996,Varuna,2,25.375,82.675,True,0.2354,0.4837,-0.0849,-0.5685,decreasing,0.016735414186838105,-0.1944,-0.011769,SPEI Drying
3997,Varuna,2,25.375,82.875,True,-0.1731,-0.0135,-0.379,-0.3655,no trend,0.06062067143372318,-0.1525,-0.007681,SPEI Stable
3999,Gomti,99,26.875,81.175,True,-0.0852,0.1302,-0.3632,-0.4934,no trend,0.07236197395720767,-0.1461,-0.008354,SPEI Stable
4000,Gomti,99,26.975,81.275,True,-0.0794,0.11,-0.3238,-0.4338,no trend,0.15863688474829707,-0.1147,-0.006655,SPEI Stable
4001,Gomti,99,26.725,81.575,True,-0.1026,0.2085,-0.5041,-0.7126,decreasing,0.01013584044969118,-0.2089,-0.013651,SPEI Drying
4002,Gomti,99,26.675,81.375,True,-0.1232,0.1794,-0.5136,-0.693,decreasing,0.0035159086950111718,-0.237,-0.014035,SPEI Drying
4003,Gomti,99,26.575,81.675,True,-0.1135,0.2006,-0.5188,-0.7194,decreasing,0.0028996759646631176,-0.2419,-0.015765,SPEI Drying
4004,Tamasa,99,26.475,82.275,True,-0.1287,0.1515,-0.4904,-0.6419,decreasing,0.0018260270673062795,-0.2531,-0.015455,SPEI Drying
4005,Tamasa,2,26.625,82.225,True,-0.0944,0.1439,-0.4019,-0.5458,decreasing,0.039884532468206446,-0.167,-0.011431,SPEI Drying
4006,Sai,99,27.475,80.175,True,-0.0949,0.1433,-0.4024,-0.5457,decreasing,0.0032983775618784517,-0.2386,-0.014142,SPEI Drying
4007,Sai,99,27.525,80.175,True,-0.0879,0.1459,-0.3896,-0.5355,decreasing,0.0020193078379675544,-0.2507,-0.014374,SPEI Drying
4009,Sai,99,26.675,80.825,True,-0.0903,0.3201,-0.6199,-0.9401,decreasing,3.2259223099462275e-06,-0.3779,-0.021832,SPEI Drying
4011,Gomti,99,26.975,80.675,True,-0.0393,0.163,-0.3002,-0.4632,decreasing,0.019137931436835398,-0.1903,-0.011352,SPEI Drying
4012,Gomti,99,27.825,80.375,True,-0.0462,0.0485,-0.1684,-0.2169,no trend,0.12146527225469161,-0.126,-0.00728,SPEI Stable
4013,Gomti,99,27.475,80.725,True,-0.0249,0.1081,-0.1966,-0.3047,no trend,0.0823394430606228,-0.1412,-0.008242,SPEI Stable
4014,Gomti,99,27.425,80.775,True,-inf,,-0.1698,,no trend,0.33557552767093113,-0.0785,-0.004612,SPEI Stable
4015,Gomti,99,27.625,80.325,True,-0.0705,0.1344,-0.3349,-0.4693,decreasing,0.020180292056269256,-0.1887,-0.010356,SPEI Drying
4016,Gomti,99,27.275,80.775,True,-0.019,0.0677,-0.1308,-0.1985,no trend,0.48711284347936656,-0.0567,-0.003615,SPEI Stable
4017,Gomti,99,27.275,80.575,True,-0.0112,0.0575,-0.0999,-0.1574,no trend,0.12146527225469161,-0.126,-0.006942,SPEI Stable
4018,Gomti,99,27.075,80.825,True,-0.0074,-0.0124,-0.0009,0.0115,no trend,0.8348600876973751,-0.0173,-0.00105,SPEI Stable
4019,Gomti,99,26.825,81.025,True,-0.0872,0.1702,-0.4193,-0.5895,decreasing,0.008035408526702259,-0.2153,-0.012298,SPEI Drying
4021,Gomti,99,27.675,80.675,True,-0.0235,0.2251,-0.3442,-0.5693,decreasing,0.02550720118652694,-0.1815,-0.010711,SPEI Drying
4023,Gomti,99,27.825,80.575,True,0.0189,0.0919,-0.0752,-0.1672,no trend,0.5714931653398074,-0.0463,-0.002239,SPEI Stable
4025,Ghaghara,99,27.525,81.175,True,-0.0261,0.1851,-0.2985,-0.4837,decreasing,0.016288026803525035,-0.1952,-0.012058,SPEI Drying
4029,Ghaghara,99,27.425,81.225,True,-0.0254,0.2012,-0.3179,-0.5191,decreasing,0.0073542989969059835,-0.2177,-0.014091,SPEI Drying
4030,Ghaghara,99,27.175,81.675,True,-0.0747,0.0949,-0.2934,-0.3883,no trend,0.06926481772484427,-0.1477,-0.008436,SPEI Stable
4031,Ghaghara,99,27.375,81.375,True,-0.0452,0.1293,-0.2703,-0.3996,no trend,0.08060304709969723,-0.1421,-0.010059,SPEI Stable
4032,Ghaghara,99,27.525,81.325,True,-0.0569,0.2011,-0.3898,-0.5909,decreasing,0.0026300800297316407,-0.2443,-0.013985,SPEI Drying
4033,Ghaghara,99,27.275,81.425,True,-0.0279,0.1194,-0.218,-0.3374,no trend,0.2146399323202448,-0.101,-0.00682,SPEI Stable
4034,Ghaghara,99,27.025,81.525,True,-0.0885,0.1576,-0.4059,-0.5635,decreasing,0.019653076963498828,-0.1895,-0.011738,SPEI Drying
4035,Ganga,1,25.175,82.425,True,inf,,,,no trend,0.1431150410599411,-0.1191,-0.005051,SPEI Stable
4036,Belan,99,24.925,82.175,True,-0.0783,-0.1284,-0.0136,0.1147,no trend,0.7282502018687609,0.0286,0.002106,SPEI Stable
4037,Ganga,1,25.225,82.275,True,0.2473,0.3217,0.1515,-0.1702,no trend,0.9762410903191197,-0.0028,-0.000222,SPEI Stable
4038,Ganga,1,25.175,82.675,True,inf,,,,no trend,0.06130191476498337,-0.1521,-0.009278,SPEI Stable
4039,Ganga,1,25.075,82.925,True,0.1757,0.2318,0.1034,-0.1283,no trend,0.29266673111808905,-0.0857,-0.004542,SPEI Stable
4040,Ganga,1,25.525,81.925,True,0.3156,0.475,0.1098,-0.3652,no trend,0.14723151128010192,-0.1179,-0.007591,SPEI Stable
4041,Varuna,2,25.375,82.525,True,0.252,0.5003,-0.0683,-0.5686,decreasing,0.012711826467079357,-0.2024,-0.01236,SPEI Drying
4042,Ganga,1,25.525,81.725,True,0.3137,0.5379,0.0244,-0.5136,decreasing,0.0032983775618784517,-0.2386,-0.014012,SPEI Drying
4043,Ganga,1,25.425,81.875,True,0.3054,0.4496,0.1192,-0.3304,decreasing,0.04184199371866293,-0.1654,-0.010729,SPEI Drying
4044,Yamuna,2,25.375,81.825,True,0.286,0.4101,0.1259,-0.2842,decreasing,0.043880164491232776,-0.1638,-0.010517,SPEI Drying
4045,Ganga,1,25.325,81.975,True,0.4164,0.6128,0.163,-0.4499,no trend,0.09734726542685834,-0.1348,-0.008922,SPEI Stable
4046,Gomti,99,28.225,80.175,True,-0.1051,0.1335,-0.4129,-0.5464,decreasing,0.0002491239316348981,-0.2974,-0.01659,SPEI Drying
4047,Gomti,99,28.275,80.175,True,-0.1232,0.0944,-0.404,-0.4984,decreasing,0.0003518195366820631,-0.2901,-0.01347,SPEI Drying
4048,Gomti,99,27.975,80.275,True,-0.0619,0.0616,-0.2213,-0.2828,decreasing,0.04934513064229651,-0.1598,-0.009074,SPEI Drying
4049,Gomti,99,27.775,80.275,True,-0.0621,0.0775,-0.2423,-0.3198,decreasing,0.03200980884395954,-0.1742,-0.009307,SPEI Drying
4050,Sharda,99,28.325,80.575,True,0.0333,0.0125,0.0601,0.0476,no trend,0.26195584123728466,0.0913,0.004486,SPEI Stable
4051,Belan,99,24.825,82.575,True,0.0058,0.0336,-0.0299,-0.0635,no trend,0.7282502018687609,-0.0286,-0.001672,SPEI Stable
4053,Belan,99,24.725,82.325,True,-0.0907,-0.0985,-0.0806,0.0179,no trend,0.9525032428084219,-0.0052,-0.000344,SPEI Stable
4054,Belan,99,24.825,82.275,True,-0.0647,-0.0555,-0.0767,-0.0212,no trend,0.6839950244742647,-0.0334,-0.002145,SPEI Stable
4055,Belan,99,24.875,82.375,True,-0.07,-0.0638,-0.0779,-0.0141,no trend,0.827117687577857,-0.0181,-0.001416,SPEI Stable
4056,Gopat,99,24.475,82.275,True,0.0019,0.0793,-0.0979,-0.1772,no trend,0.37161442772025643,-0.0728,-0.004281,SPEI Stable
4057,Son,99,24.525,82.075,True,-0.0024,0.0752,-0.1024,-0.1776,no trend,0.33061719220937347,-0.0793,-0.004817,SPEI Stable
4058,Son,99,24.575,82.675,True,-0.0199,-0.0177,-0.0227,-0.0051,no trend,0.9920793227943283,0.0012,8.3e-05,SPEI Stable
4059,Gorma,99,24.825,81.925,True,0.1348,0.1271,0.1447,0.0176,no trend,0.7507335153518226,0.0262,0.001964,SPEI Stable
4060,Belan,99,24.925,82.125,True,-0.098,-0.1562,-0.0228,0.1334,no trend,0.7059983246415333,0.031,0.002566,SPEI Stable
4061,Belan,99,24.925,81.975,True,0.1254,0.1194,0.1332,0.0138,no trend,0.7886715975821632,0.0221,0.001384,SPEI Stable
4062,Naina,99,24.825,81.825,True,0.1179,0.1925,0.0217,-0.1709,no trend,0.4505660066901904,-0.0616,-0.003687,SPEI Stable
4063,Naina,99,24.925,81.875,True,0.1354,0.1184,0.1573,0.0389,no trend,0.7357197884219144,0.0278,0.001646,SPEI Stable
4064,Lapri,99,25.025,81.875,True,0.2258,0.2795,0.1566,-0.1229,no trend,0.7658422334580033,-0.0245,-0.001693,SPEI Stable
4065,Belan,99,24.975,81.825,True,0.1806,0.2064,0.1473,-0.0591,no trend,0.8348600876973751,-0.0173,-0.001404,SPEI Stable
4066,Tons,2,25.025,81.725,True,0.1984,0.283,0.0893,-0.1938,no trend,0.48711284347936656,-0.0567,-0.00273,SPEI Stable
4067,Tons,2,25.075,81.775,True,0.2612,0.4373,0.0341,-0.4032,no trend,0.14448057829514482,-0.1187,-0.008212,SPEI Stable
4068,Tons,2,25.175,81.975,True,0.3078,0.4215,0.1611,-0.2603,no trend,0.21833026536228317,-0.1002,-0.006045,SPEI Stable
4069,Asrawal,99,24.725,81.125,True,0.1109,0.2258,-0.0373,-0.2631,decreasing,0.026843990224870717,-0.1799,-0.009306,SPEI Drying
4070,Satna,99,24.675,81.025,True,0.1007,0.2262,-0.0613,-0.2875,decreasing,0.02422839850368419,-0.1831,-0.010411,SPEI Drying
4071,Tons,99,24.725,81.175,True,0.0983,0.1857,-0.0145,-0.2002,no trend,0.09340433146380822,-0.1364,-0.006549,SPEI Stable
4072,Tons,99,24.675,81.325,True,0.1364,0.2462,-0.0053,-0.2515,no trend,0.10563170957775947,-0.1316,-0.008076,SPEI Stable
4073,Satna,99,24.625,81.025,True,0.1028,0.2475,-0.0838,-0.3313,decreasing,0.008035408526702259,-0.2153,-0.012201,SPEI Drying
4074,Tons,99,24.775,81.225,True,0.0774,0.1635,-0.0337,-0.1971,no trend,0.17069881126634723,-0.1115,-0.00699,SPEI Stable
4075,Tons,99,24.875,81.325,True,0.0143,0.0172,0.0106,-0.0066,no trend,0.9525032428084219,-0.0052,-0.000473,SPEI Stable
4077,Tons,99,24.425,81.225,True,0.1517,0.3082,-0.0503,-0.3585,decreasing,0.029699886817119436,-0.1767,-0.010275,SPEI Drying
4078,Son,99,24.375,81.625,True,0.199,0.3232,0.0386,-0.2846,no trend,0.07395255989959071,-0.1453,-0.00858,SPEI Stable
4079,Tons,99,24.975,81.225,True,0.0671,0.0961,0.0297,-0.0663,no trend,0.32084351186557547,-0.0809,-0.006032,SPEI Stable
4080,Tons,99,24.925,81.425,True,0.0483,0.1063,-0.0266,-0.1329,no trend,0.5123395447588517,-0.0535,-0.003541,SPEI Stable
4081,Mahana,99,24.875,81.475,True,0.1064,0.1621,0.0345,-0.1276,no trend,0.3769520764891894,-0.072,-0.00457,SPEI Stable
4082,Mahana,99,24.725,81.475,True,0.108,0.2072,-0.02,-0.2272,no trend,0.1528532777368805,-0.1163,-0.007022,SPEI Stable
4083,Mahana,99,24.725,81.475,True,0.108,0.2072,-0.02,-0.2272,no trend,0.1528532777368805,-0.1163,-0.007022,SPEI Stable
4084,Tons,99,24.975,81.625,True,0.0959,0.2079,-0.0485,-0.2564,no trend,0.1390971014746223,-0.1203,-0.006971,SPEI Stable
4085,Sokar,99,25.025,81.575,True,0.2025,0.2891,0.0907,-0.1984,no trend,0.22967423731825298,-0.0978,-0.005885,SPEI Stable
4086,Tons,99,25.075,81.675,True,0.2295,0.3859,0.0276,-0.3583,no trend,0.13646394300489462,-0.1211,-0.008082,SPEI Stable
4087,Tons,2,25.075,81.675,True,0.2295,0.3859,0.0276,-0.3583,no trend,0.13646394300489462,-0.1211,-0.008082,SPEI Stable
4089,Yamuna,99,25.625,80.925,True,0.1466,0.2662,-0.0077,-0.2739,no trend,0.2220659715332789,-0.0994,-0.006956,SPEI Stable
4090,Sasur Khaderi,99,25.725,81.225,True,0.3206,0.6206,-0.0666,-0.6872,decreasing,0.002463294644044378,-0.2459,-0.017254,SPEI Drying
4091,Yamuna,99,25.725,80.975,True,0.2309,0.4566,-0.0605,-0.5171,decreasing,0.028962457485572246,-0.1775,-0.012606,SPEI Drying
4092,Sasur Khaderi,99,25.425,81.525,True,0.3349,0.5501,0.0571,-0.493,decreasing,0.016735414186838105,-0.1944,-0.012684,SPEI Drying
4093,Baghain,99,25.325,80.775,True,0.074,-0.0009,0.1705,0.1714,no trend,0.6986354428998491,-0.0318,-0.002057,SPEI Stable
4094,Yamuna,99,25.675,80.875,True,0.1325,0.2433,-0.0104,-0.2536,no trend,0.23746612922486188,-0.0962,-0.007174,SPEI Stable
4095,Yamuna,99,25.625,81.025,True,0.248,0.4437,-0.0045,-0.4481,decreasing,0.028240844233809348,-0.1783,-0.0125,SPEI Drying
4096,Yamuna,99,25.525,81.075,True,0.2166,0.3195,0.0838,-0.2356,no trend,0.1500223115066952,-0.1171,-0.008767,SPEI Stable
4097,Satna,99,24.575,80.625,True,0.2846,0.4952,0.0129,-0.4823,no trend,0.06339690978214874,-0.1509,-0.007931,SPEI Stable
4098,Satna,99,24.625,80.525,True,0.2004,0.3408,0.0191,-0.3217,no trend,0.1500223115066952,-0.1171,-0.006262,SPEI Stable
4099,Gudne,99,24.375,80.375,True,inf,,-0.0406,,decreasing,0.0005715684576474978,-0.2797,-0.016806,SPEI Drying
4100,Satna,99,24.575,80.775,True,0.2211,0.4093,-0.0218,-0.4311,decreasing,0.031223286012778573,-0.1751,-0.010011,SPEI Drying
4101,Satna,99,24.325,80.825,True,0.2276,0.3987,0.0068,-0.3919,no trend,0.08590320114263394,-0.1396,-0.00838,SPEI Stable
4102,Bhandar,99,23.975,80.925,True,0.2066,0.3962,-0.038,-0.4342,decreasing,0.0036294990771035263,-0.2362,-0.012658,SPEI Drying
4103,Katni,99,24.025,80.775,True,0.3081,0.5209,0.0336,-0.4873,decreasing,0.0010164879814242855,-0.2668,-0.014141,SPEI Drying
4104,Son,99,24.075,80.975,True,0.2719,0.4975,-0.0192,-0.5167,decreasing,0.0028996759646631176,-0.2419,-0.014359,SPEI Drying
4105,Son,99,23.875,81.175,True,0.1227,0.2529,-0.0453,-0.2982,decreasing,0.003093174094754625,-0.2402,-0.012673,SPEI Drying
4108,Betwa,99,25.425,79.525,True,-0.081,0.0118,-0.2008,-0.2125,decreasing,0.014205156916392347,-0.1992,-0.012104,SPEI Drying
4109,Betwa,99,25.625,79.725,True,-0.097,-0.0044,-0.2165,-0.2122,decreasing,0.0336339036033384,-0.1726,-0.010038,SPEI Drying
4110,Betwa,99,25.775,79.875,True,-0.1191,0.0739,-0.3682,-0.4421,decreasing,0.0008821830981653456,-0.27,-0.014445,SPEI Drying
4111,Parwar,99,25.875,79.675,True,-0.0634,0.2098,-0.4161,-0.6259,decreasing,1.0936572444775194e-05,-0.3569,-0.018034,SPEI Drying
4112,Betwa,99,25.875,79.825,True,-0.1172,0.0933,-0.3889,-0.4822,decreasing,0.0007924634820457577,-0.2724,-0.013909,SPEI Drying
4113,Betwa,99,25.925,80.075,True,-0.1212,0.2284,-0.5723,-0.8007,decreasing,2.790501827831804e-06,-0.3803,-0.019764,SPEI Drying
4114,Shyam,99,25.775,80.225,True,-0.1384,0.0203,-0.3433,-0.3636,decreasing,0.006333500996930752,-0.2217,-0.011417,SPEI Drying
4115,Yamuna,99,25.925,80.325,True,-0.1617,0.041,-0.4232,-0.4642,decreasing,0.008274688522815543,-0.2145,-0.014112,SPEI Drying
4116,Yamuna,99,25.875,80.475,True,-0.1857,-0.0514,-0.359,-0.3076,no trend,0.05927078933690422,-0.1533,-0.009837,SPEI Stable
4117,Yamuna,99,25.825,80.525,True,-inf,,,,decreasing,0.04336033928578331,-0.1642,-0.011935,SPEI Drying
4118,Sengur,99,27.375,78.325,True,-0.0314,0.1853,-0.3109,-0.4962,decreasing,0.0009141234543050825,-0.2692,-0.017072,SPEI Drying
4119,Orai,99,26.025,79.475,True,-0.031,0.377,-0.5576,-0.9346,decreasing,3.0931988082016915e-09,-0.4809,-0.025622,SPEI Drying
4120,Manmaheshwari,99,26.025,79.425,True,-0.0282,0.3946,-0.5738,-0.9684,decreasing,9.061569272716952e-10,-0.497,-0.026901,SPEI Drying
4121,Betwa,99,25.875,79.575,True,-0.0507,0.2376,-0.4228,-0.6604,decreasing,1.3729709322340966e-05,-0.3529,-0.01858,SPEI Drying
4122,Ken,99,25.775,80.475,True,-inf,0.1085,,,no trend,0.07721948001899892,-0.1437,-0.011654,SPEI Stable
4123,Yamuna,99,25.725,80.625,True,0.0411,0.1181,-0.0583,-0.1764,no trend,0.116762847339964,-0.1276,-0.00897,SPEI Stable
4124,Dehar,99,23.625,78.925,True,-0.0859,-0.0064,-0.1885,-0.182,no trend,0.29266673111808905,-0.0857,-0.005741,SPEI Stable
4125,Sonar,99,23.525,78.975,True,-0.0596,0.0027,-0.1401,-0.1428,no trend,0.18343498976311468,-0.1082,-0.007016,SPEI Stable
4126,Sonar,99,23.675,79.075,True,-0.0642,0.0319,-0.1883,-0.2201,no trend,0.07079950853282857,-0.1469,-0.009573,SPEI Stable
4128,Kurai,99,25.225,79.075,True,-0.0183,0.0583,-0.1171,-0.1754,no trend,0.09148147736076861,-0.1372,-0.008326,SPEI Stable
4130,Kurai,99,25.275,79.175,True,-0.02,0.0592,-0.1222,-0.1814,no trend,0.09148147736076861,-0.1372,-0.008498,SPEI Stable
4131,Dhasan,99,25.125,79.225,True,-inf,0.108,,,decreasing,0.024860679693504695,-0.1823,-0.009173,SPEI Drying
4132,Dhasan,99,25.225,79.275,True,-0.0258,0.0559,-0.1312,-0.1871,no trend,0.07079950853282857,-0.1469,-0.009451,SPEI Stable
4133,Dhasan,99,25.475,79.375,True,-0.047,0.1691,-0.3259,-0.4951,decreasing,4.501560125835802e-05,-0.3312,-0.018523,SPEI Drying
4134,Lakheri,99,25.575,79.275,True,-0.0737,0.2304,-0.4661,-0.6965,decreasing,1.6798917168436844e-07,-0.4245,-0.023006,SPEI Drying
4135,Dhasan,99,25.675,79.375,True,-0.0616,0.2806,-0.5031,-0.7837,decreasing,1.5266785391432336e-08,-0.4592,-0.02547,SPEI Drying
4136,Lakheri,99,25.475,79.225,True,-0.0621,0.1557,-0.343,-0.4987,decreasing,0.0005509332325082106,-0.2805,-0.015393,SPEI Drying
4137,Lakheri,99,25.475,79.175,True,-0.0403,0.0396,-0.1435,-0.183,no trend,0.05927078933690422,-0.1533,-0.008242,SPEI Stable
4138,Dhasan,99,25.775,79.375,True,-0.0206,0.381,-0.5388,-0.9198,decreasing,5.149993764774763e-10,-0.5042,-0.02716,SPEI Drying
4139,Dhasan,99,25.775,79.375,True,-0.0206,0.381,-0.5388,-0.9198,decreasing,5.149993764774763e-10,-0.5042,-0.02716,SPEI Drying
4140,Urmal,99,25.075,79.825,True,-0.0535,0.0508,-0.1882,-0.2391,no trend,0.1313132257729941,-0.1227,-0.006351,SPEI Stable
4141,Dhasan,99,24.925,79.325,True,-0.0994,0.1205,-0.3832,-0.5036,decreasing,0.0020193078379675544,-0.2507,-0.013006,SPEI Drying
4142,Dhasan,99,23.975,78.675,True,-0.1193,-0.11,-0.1313,-0.0213,no trend,0.29266673111808905,-0.0857,-0.004642,SPEI Stable
4143,Dhasan,99,23.875,78.575,True,-0.1427,-0.1748,-0.1013,0.0735,no trend,0.9288074636400747,-0.0076,-0.000319,SPEI Stable
4144,Bina,99,23.825,78.375,True,-0.0173,0.006,-0.0474,-0.0534,no trend,0.8116839148720996,-0.0197,-0.001468,SPEI Stable
4145,Dhasan,99,24.075,78.775,True,-0.0591,0.059,-0.2114,-0.2704,no trend,0.17069881126634723,-0.1115,-0.007131,SPEI Stable
4146,Dhasan,99,24.175,78.825,True,-0.0663,0.0765,-0.2505,-0.327,no trend,0.05050402029707901,-0.159,-0.008905,SPEI Stable
4147,Bewas,99,23.925,78.975,True,-0.067,0.0436,-0.2098,-0.2533,decreasing,0.02127185229023687,-0.1871,-0.010249,SPEI Drying
4148,Dhasan,99,24.325,78.925,True,-0.0487,0.1554,-0.312,-0.4674,decreasing,0.00039405780477030916,-0.2877,-0.01541,SPEI Drying
4149,Dhasan,99,24.425,78.975,True,-0.0405,0.1784,-0.323,-0.5014,decreasing,0.0003654043410576957,-0.2893,-0.01501,SPEI Drying
4150,Kathan,99,24.425,79.225,True,-0.1366,0.0861,-0.424,-0.51,decreasing,0.0008821830981653456,-0.27,-0.013006,SPEI Drying
4151,Kathan,99,24.425,79.175,True,-0.1393,0.0737,-0.414,-0.4877,decreasing,0.0007644909668651501,-0.2732,-0.013125,SPEI Drying
4152,Kathan,99,24.575,79.275,True,-0.136,0.0352,-0.3569,-0.3921,decreasing,0.04600153619326286,-0.1622,-0.008194,SPEI Drying
4153,Dhasan,99,24.575,79.125,True,-0.0811,0.0917,-0.3042,-0.3959,decreasing,0.0039905810121358964,-0.2338,-0.011603,SPEI Drying
4154,Dhasan,99,25.025,79.175,True,-0.0517,0.1261,-0.2811,-0.4072,decreasing,0.008274688522815543,-0.2145,-0.011383,SPEI Drying
4155,Shyamri,99,24.575,79.625,True,-0.1169,-0.0298,-0.2293,-0.1996,no trend,0.1122046036929909,-0.1292,-0.005441,SPEI Stable
4156,Urvashi,99,24.825,78.075,True,0.0511,0.0769,0.0179,-0.059,no trend,0.438737876982112,-0.0632,-0.003267,SPEI Stable
4157,Betwa,99,24.675,78.225,True,-0.0124,0.0764,-0.1271,-0.2035,no trend,0.08773125988967267,-0.1388,-0.008824,SPEI Stable
4158,Betwa,99,24.975,78.275,True,0.0059,0.0966,-0.1111,-0.2077,no trend,0.07236197395720767,-0.1461,-0.009148,SPEI Stable
4159,Betwa,99,25.125,78.475,True,-0.0113,0.0969,-0.1509,-0.2478,decreasing,0.030453404617443613,-0.1759,-0.009568,SPEI Drying
4160,Jamni,99,24.825,78.475,True,-0.0485,0.0875,-0.2239,-0.3114,decreasing,0.007575351547239206,-0.2169,-0.012348,SPEI Drying
4161,Jamni,99,25.125,78.625,True,-0.0177,0.0638,-0.1228,-0.1866,no trend,0.07079950853282857,-0.1469,-0.008434,SPEI Stable
4162,Jamni,99,24.675,78.775,True,-0.065,0.191,-0.3953,-0.5863,decreasing,0.0004409976272403693,-0.2853,-0.017015,SPEI Drying
4163,Jamni,99,24.525,78.725,True,-0.0732,0.1509,-0.3623,-0.5132,decreasing,0.0016498805375433356,-0.2555,-0.01529,SPEI Drying
4164,Sajnam,99,24.725,78.625,True,-0.0651,0.1401,-0.3299,-0.47,decreasing,0.0009141234543050825,-0.2692,-0.014558,SPEI Drying
4165,Jamni,99,24.825,78.775,True,-0.046,0.0967,-0.2302,-0.327,decreasing,0.008772458897707391,-0.2129,-0.011617,SPEI Drying
4166,Jamni,99,24.975,78.675,True,-0.0463,0.143,-0.2905,-0.4335,decreasing,0.0018884793193247873,-0.2523,-0.013136,SPEI Drying
4167,Narain,99,24.425,78.325,True,-0.108,-0.012,-0.2318,-0.2197,no trend,0.06199593189827901,-0.1517,-0.008677,SPEI Stable
4168,Jamni,99,25.025,78.625,True,-0.0071,0.0868,-0.1282,-0.215,decreasing,0.023005549011194892,-0.1847,-0.01009,SPEI Drying
4169,Jamni,99,25.075,78.675,True,-0.0103,0.075,-0.1204,-0.1954,decreasing,0.04820863501536232,-0.1606,-0.009259,SPEI Drying
4171,Bina,99,23.825,78.275,True,-0.0378,-0.0621,-0.0064,0.0558,no trend,0.9841594261303772,-0.002,-0.000159,SPEI Stable
4172,Bina,99,23.575,78.325,True,-0.0348,-0.0644,0.0034,0.0678,no trend,0.7810405515546475,-0.0229,-0.001646,SPEI Stable
4173,Kevtan,99,23.925,78.025,True,-0.0473,-0.082,-0.0026,0.0793,no trend,0.9130439733339297,-0.0093,-0.000354,SPEI Stable
4174,Bina,99,24.075,78.175,True,-0.0975,-0.1344,-0.0499,0.0845,no trend,0.827117687577857,0.0181,0.000917,SPEI Stable
4175,Betwa,99,24.075,78.025,True,-0.0839,-0.1081,-0.0527,0.0554,no trend,0.9367000897482891,0.0068,0.000216,SPEI Stable
4176,Betwa,99,24.125,78.025,True,-0.093,-0.1104,-0.0705,0.0398,no trend,0.9762410903191197,0.0028,0.000114,SPEI Stable
4177,Betwa,99,24.275,78.075,True,-0.0887,-0.0801,-0.0998,-0.0197,no trend,0.7059983246415333,-0.031,-0.001801,SPEI Stable
4178,Kethan,99,24.275,77.925,True,-0.0861,-0.1095,-0.0559,0.0536,no trend,0.8973146218766033,0.0109,0.000516,SPEI Stable
4179,Betwa,99,24.375,78.175,True,-0.1254,-0.1036,-0.1534,-0.0497,no trend,0.4933559583597926,-0.0559,-0.003294,SPEI Stable
4180,Naren,99,24.025,77.975,True,-0.1051,-0.1162,-0.0907,0.0255,no trend,0.8973146218766033,0.0109,0.000566,SPEI Stable
4181,Betwa,99,23.925,77.975,True,-0.0309,-0.066,0.0145,0.0805,no trend,0.8894646599057274,0.0117,0.00071,SPEI Stable
4182,Betwa,99,24.425,78.225,True,-0.1002,-0.0419,-0.1754,-0.1335,no trend,0.21099478056058008,-0.1018,-0.005788,SPEI Stable
4183,Betwa,99,24.425,78.225,True,-0.1002,-0.0419,-0.1754,-0.1335,no trend,0.21099478056058008,-0.1018,-0.005788,SPEI Stable
4184,Narain,99,24.225,78.375,True,-0.1105,-0.0181,-0.2297,-0.2116,no trend,0.08959056933778209,-0.138,-0.007675,SPEI Stable
4185,Betwa,99,24.475,78.275,True,-0.0857,-0.0204,-0.17,-0.1496,no trend,0.1500223115066952,-0.1171,-0.006652,SPEI Stable
4186,Sanr,99,24.375,78.375,True,-0.1383,-0.0444,-0.2595,-0.2151,no trend,0.0788965087955773,-0.1429,-0.008141,SPEI Stable
4187,Betwa,99,24.575,78.175,True,-0.0327,0.0337,-0.1184,-0.1521,no trend,0.1900611318167158,-0.1066,-0.00595,SPEI Stable
4188,Urvashi,99,24.575,77.925,True,-0.0031,-0.0133,0.0101,0.0233,no trend,0.8581805908972016,-0.0149,-0.000748,SPEI Stable
4189,Urvashi,99,24.725,77.975,True,0.0394,0.0517,0.0237,-0.028,no trend,0.5647631724211553,-0.0471,-0.002556,SPEI Stable
4190,Betwa,99,23.075,77.575,True,-0.0387,0.0545,-0.1589,-0.2133,no trend,0.2146399323202448,-0.101,-0.006081,SPEI Stable
4191,Ajmar,99,23.175,77.425,True,0.0062,0.1326,-0.1569,-0.2895,no trend,0.438737876982112,-0.0632,-0.004519,SPEI Stable
4192,Halali,99,23.475,77.625,True,-0.0374,-0.0894,0.0298,0.1192,no trend,0.6694724367031308,0.035,0.002186,SPEI Stable
4194,Betwa,99,23.325,77.675,True,-0.015,-0.0014,-0.0325,-0.0311,no trend,0.7963229756501722,-0.0213,-0.001091,SPEI Stable
4195,Betwa,99,23.575,77.825,True,0.0379,0.0091,0.075,0.066,no trend,0.7963229756501722,-0.0213,-0.001305,SPEI Stable
4196,Betwa,99,23.525,77.925,True,0.0368,0.0001,0.0841,0.0841,no trend,0.8116839148720996,-0.0197,-0.001134,SPEI Stable
4197,Betwa,99,23.725,77.825,True,0.0111,-0.0173,0.0476,0.0649,no trend,0.9525032428084219,-0.0052,-0.000305,SPEI Stable
4198,Baen,99,23.725,77.625,True,-0.0437,-0.0884,0.014,0.1024,no trend,0.647919795360359,0.0374,0.00246,SPEI Stable
4199,Sagar,99,23.875,77.725,True,-0.0703,-0.1274,0.0034,0.1308,no trend,0.5059696473025264,0.0543,0.003119,SPEI Stable
4200,Betwa,99,23.825,77.875,True,-0.0505,-0.0647,-0.0322,0.0325,no trend,0.7133888312424626,-0.0302,-0.002124,SPEI Stable
4202,Jalkur,99,30.475,78.425,True,-0.4381,-0.2997,-0.6168,-0.3171,decreasing,0.023610104895327444,-0.1839,-0.008639,SPEI Drying
4203,Bhagirathi,99,30.425,78.425,True,-0.3747,-0.2568,-0.527,-0.2702,no trend,0.09535947867360162,-0.1356,-0.006765,SPEI Stable
4204,Bhillangana,99,30.375,78.575,True,-0.3819,-0.3396,-0.4365,-0.0969,no trend,0.20383922113299047,-0.1034,-0.00568,SPEI Stable
4205,Bhagirathi,99,30.275,78.525,True,-0.3038,-0.2203,-0.4116,-0.1914,no trend,0.12387138171204959,-0.1252,-0.007937,SPEI Stable
4206,Lastar,99,30.375,78.975,True,-0.0646,-0.1263,0.0149,0.1412,no trend,0.8503922744984573,0.0157,0.001118,SPEI Stable
4207,Bal Ganga,99,30.525,78.625,True,-0.3575,-0.2168,-0.539,-0.3222,decreasing,0.004118003438874807,-0.233,-0.012154,SPEI Drying
4208,Mandakini,99,30.575,79.075,True,0.1961,0.2603,0.1133,-0.147,no trend,0.842618527640413,0.0165,0.000951,SPEI Stable
4209,Bhillangana,99,30.525,78.775,True,-0.3515,-0.3092,-0.4061,-0.0968,no trend,0.08060304709969723,-0.1421,-0.007268,SPEI Stable
4210,Mandakini,99,30.425,79.075,True,0.0832,0.073,0.0964,0.0234,no trend,0.7357197884219144,0.0278,0.001601,SPEI Stable
4211,Mandakini,99,30.325,78.975,True,-0.1126,-0.1702,-0.0382,0.1319,no trend,0.7658422334580033,-0.0245,-0.00153,SPEI Stable
4212,Alaknanda,2,30.225,78.775,True,-0.3006,-0.2952,-0.3075,-0.0123,no trend,0.1338694227851347,-0.1219,-0.007242,SPEI Stable
4213,Nayar,99,29.975,78.625,True,-0.3583,-0.1301,-0.6526,-0.5224,decreasing,9.963220844988463e-05,-0.3159,-0.019108,SPEI Drying
4214,Ganga,1,30.125,78.575,True,-0.3357,-0.2329,-0.4684,-0.2355,decreasing,0.013817991330473012,-0.2,-0.011447,SPEI Drying
4215,Ganga,1,30.075,78.475,True,-0.3265,-0.2088,-0.4783,-0.2695,decreasing,0.028240844233809348,-0.1783,-0.01017,SPEI Drying
4216,Pashchimi Nayar,99,30.025,78.825,True,-0.3181,-0.2197,-0.4452,-0.2255,decreasing,0.0039905810121358964,-0.2338,-0.015161,SPEI Drying
4217,Purvi Nayar,99,29.875,78.875,True,-0.3746,-0.0718,-0.7654,-0.6935,decreasing,7.42483809990091e-08,-0.4366,-0.024683,SPEI Drying
4218,Hiyuni,2,30.125,78.375,True,-0.298,-0.1783,-0.4525,-0.2742,no trend,0.08590320114263394,-0.1396,-0.007916,SPEI Stable
4219,Ganga,1,30.125,78.375,True,-0.298,-0.1783,-0.4525,-0.2742,no trend,0.08590320114263394,-0.1396,-0.007916,SPEI Stable
4220,Alaknanda,2,30.275,79.275,True,0.0195,0.022,0.0164,-0.0056,no trend,0.9209218347701116,0.0085,0.000394,SPEI Stable
4221,Alaknanda,2,30.275,79.075,True,-0.0774,-0.0846,-0.0681,0.0165,no trend,0.4505660066901904,-0.0616,-0.003605,SPEI Stable
4222,Madhmaheshwar Ganga,99,30.575,79.125,True,0.1955,0.2699,0.0994,-0.1704,no trend,0.9051746472382802,0.0101,0.00057,SPEI Stable
4223,Jadh Ganga,99,31.175,79.075,True,0.2296,0.5223,-0.1481,-0.6705,decreasing,0.000493116091741852,-0.2829,-0.018031,SPEI Drying
4224,Jadhang,99,31.225,79.075,True,0.138,0.4091,-0.2119,-0.621,decreasing,0.001952887995422481,-0.2515,-0.01535,SPEI Drying
4226,Mana,99,31.125,79.175,True,0.2667,0.5484,-0.0968,-0.6452,decreasing,0.0007112755494909084,-0.2748,-0.018655,SPEI Drying
4227,Jadh Ganga,99,31.125,79.075,True,0.2513,0.5083,-0.0802,-0.5885,decreasing,0.001439306397169604,-0.2588,-0.015947,SPEI Drying
4228,Bhagirathi,99,30.975,78.975,True,0.1476,0.3347,-0.0937,-0.4284,decreasing,0.00852032399393532,-0.2137,-0.012641,SPEI Drying
4229,Jadh Ganga,99,31.125,79.025,True,-inf,0.3967,,,decreasing,0.007802342536259443,-0.2161,-0.011858,SPEI Drying
4230,Jadh Ganga,99,31.125,78.975,True,0.1174,0.366,-0.2034,-0.5694,decreasing,0.0020193078379675544,-0.2507,-0.015497,SPEI Drying
4231,Jadh Ganga,99,31.075,78.925,True,0.0961,0.2954,-0.1611,-0.4565,decreasing,0.011684771016124973,-0.2048,-0.012818,SPEI Drying
4232,Yamuna,2,25.325,81.475,True,-inf,0.543,,,decreasing,0.029699886817119436,-0.1767,-0.012308,SPEI Drying
4233,Dhauli Ganga,99,30.775,79.825,True,0.3157,0.5205,0.0514,-0.469,decreasing,0.04085332871514358,-0.1662,-0.010031,SPEI Drying
4234,Girthi Ganga,99,30.725,79.975,True,0.2915,0.4216,0.1236,-0.298,no trend,0.06062067143372318,-0.1525,-0.008986,SPEI Stable
4235,Dhauli Ganga,99,30.575,79.775,True,0.2409,0.3415,0.111,-0.2305,no trend,0.3558846702088707,-0.0753,-0.004513,SPEI Stable
4236,Rishi Ganga,99,30.475,79.775,True,0.2339,0.2297,0.2393,0.0097,no trend,0.5647631724211553,0.0471,0.00277,SPEI Stable
4237,Dhauli Ganga,99,30.525,79.625,True,0.2619,0.4147,0.0648,-0.3499,no trend,0.7432144452145957,-0.027,-0.001798,SPEI Stable
4238,Alaknanda,99,30.725,79.525,True,0.2608,0.5341,-0.0918,-0.6258,decreasing,0.020719806326624512,-0.1879,-0.011206,SPEI Drying
4239,Birahi Ganga,99,30.375,79.425,True,0.1141,0.1228,0.1027,-0.0201,no trend,0.5714931653398074,0.0463,0.003566,SPEI Stable
4240,Alaknanda,99,30.475,79.475,True,0.1979,0.2979,0.069,-0.2288,no trend,0.5919087714885272,0.0439,0.002335,SPEI Stable
4241,Alaknanda,99,30.375,79.325,True,0.1213,0.1438,0.0922,-0.0517,no trend,0.5580715376134053,0.0479,0.003486,SPEI Stable
4242,Nandakini,3,30.275,79.425,True,0.0618,0.0867,0.0296,-0.0571,no trend,0.8816255210239117,0.0125,0.000793,SPEI Stable
4243,Kail Ganga,99,30.075,79.625,True,-0.0553,-0.086,-0.0158,0.0702,no trend,0.773430533540979,-0.0237,-0.001277,SPEI Stable
4244,Pindar,99,30.075,79.775,True,-0.0911,-0.1294,-0.0416,0.0878,no trend,0.21099478056058008,-0.1018,-0.005485,SPEI Stable
4245,Usra,99,25.675,80.575,True,0.0316,0.0874,-0.0403,-0.1276,no trend,0.18343498976311468,-0.1082,-0.0078,SPEI Stable
4246,Garara,99,25.575,80.625,True,0.0804,0.161,-0.0236,-0.1846,no trend,0.1500223115066952,-0.1171,-0.007731,SPEI Stable
4247,Paisuni,99,25.225,80.925,True,0.0742,-0.0713,0.2618,0.3331,no trend,0.842618527640413,0.0165,0.001715,SPEI Stable
4248,Baghain,99,25.025,80.375,True,0.2125,0.4549,-0.1001,-0.555,decreasing,0.00022167578460363657,-0.2998,-0.015292,SPEI Drying
4249,Baghain,99,25.025,80.475,True,0.205,0.3992,-0.0455,-0.4447,decreasing,0.0014894916172796258,-0.2579,-0.013965,SPEI Drying
4250,Ken,99,25.075,80.275,True,-0.1196,0.146,-0.4623,-0.6082,decreasing,0.0005309937006645615,-0.2813,-0.013319,SPEI Drying
4251,Yamuna,99,25.475,81.175,True,0.2534,0.4188,0.0399,-0.379,decreasing,0.03200980884395954,-0.1742,-0.013059,SPEI Drying
4252,Yamuna,99,25.675,80.725,True,0.1057,0.1486,0.0504,-0.0982,no trend,0.3257065131987469,-0.0801,-0.005418,SPEI Stable
4253,Paisuni,99,25.425,81.125,True,0.2216,0.3574,0.0463,-0.3111,decreasing,0.024860679693504695,-0.1823,-0.013878,SPEI Drying
4254,Yamuna,99,25.375,81.225,True,0.2543,0.4104,0.0529,-0.3575,decreasing,0.026168218558093148,-0.1807,-0.014586,SPEI Drying
4255,Paisuni,99,25.375,81.075,True,0.2098,0.3386,0.0437,-0.2949,no trend,0.06482394536115721,-0.1501,-0.011705,SPEI Stable
4256,Yamuna,2,25.325,81.225,True,0.2368,0.3676,0.068,-0.2996,no trend,0.05050402029707901,-0.159,-0.012773,SPEI Stable
4257,Ken,99,25.275,80.325,True,-0.1391,0.1121,-0.4633,-0.5754,decreasing,0.00039405780477030916,-0.2877,-0.013695,SPEI Drying
4258,Ken,99,25.275,80.175,True,-0.1193,0.0437,-0.3298,-0.3735,decreasing,0.005610700200268548,-0.2249,-0.010344,SPEI Drying
4259,Ken,99,25.275,80.325,True,-0.1391,0.1121,-0.4633,-0.5754,decreasing,0.00039405780477030916,-0.2877,-0.013695,SPEI Drying
4260,Ken,99,25.575,80.325,True,-0.1363,-0.0829,-0.2052,-0.1223,no trend,0.1934395790262089,-0.1058,-0.005812,SPEI Stable
4261,Shyam,99,25.625,80.175,True,-0.1204,-0.1763,-0.0483,0.128,no trend,0.7357197884219144,0.0278,0.00142,SPEI Stable
4262,Shyam,99,25.675,80.125,True,-0.1452,-0.1058,-0.1961,-0.0904,no trend,0.16458464640874837,-0.1131,-0.005076,SPEI Stable
4263,Shyam,99,25.725,80.225,True,-0.1189,-0.0957,-0.1489,-0.0532,no trend,0.6337121751995711,-0.039,-0.001796,SPEI Stable
4264,Shyam,99,25.775,80.325,True,-0.1421,-0.0002,-0.3252,-0.325,decreasing,0.020719806326624512,-0.1879,-0.010414,SPEI Drying
4265,Shyam,99,25.625,80.025,True,-0.1648,-0.0674,-0.2905,-0.2231,decreasing,0.03893529923561112,-0.1678,-0.007589,SPEI Drying
4266,Shyam,99,25.575,80.025,True,-0.1385,-0.1122,-0.1724,-0.0601,no trend,0.12879503408223458,-0.1235,-0.005361,SPEI Stable
4267,Shyamri,99,24.475,79.625,True,-0.1123,0.0512,-0.3233,-0.3746,decreasing,0.02127185229023687,-0.1871,-0.008677,SPEI Drying
4268,Mirhasan,99,24.475,80.075,True,-0.1247,0.0195,-0.3107,-0.3302,decreasing,0.04184199371866293,-0.1654,-0.009467,SPEI Drying
4269,Shyamri,99,24.575,79.775,True,-0.0962,0.056,-0.2925,-0.3486,decreasing,0.027534777431166724,-0.1791,-0.00949,SPEI Drying
4270,Ken,99,24.325,79.975,True,-0.1581,-0.0528,-0.2939,-0.2412,no trend,0.10563170957775947,-0.1316,-0.006955,SPEI Stable
4271,Sonar,99,24.325,79.875,True,-0.1569,-0.0293,-0.3217,-0.2924,no trend,0.08773125988967267,-0.1388,-0.007568,SPEI Stable
4272,Ken,99,24.425,79.925,True,-0.1359,0.004,-0.3163,-0.3203,no trend,0.052890282773236486,-0.1573,-0.008318,SPEI Stable
4273,Ken,99,24.525,79.875,True,-0.1082,0.0442,-0.3048,-0.349,no trend,0.06627738005667694,-0.1493,-0.007974,SPEI Stable
4274,Ken,99,24.625,79.875,True,-0.1067,0.0734,-0.339,-0.4123,decreasing,0.03893529923561112,-0.1678,-0.009621,SPEI Drying
4275,Sonar,99,24.225,79.675,True,-0.1493,0.022,-0.3703,-0.3924,decreasing,0.015008302902396187,-0.1976,-0.009737,SPEI Drying
4276,Banne,99,24.725,79.825,True,-0.0962,0.0542,-0.2904,-0.3447,no trend,0.06775755635500813,-0.1485,-0.007661,SPEI Stable
4277,Ken,99,24.775,80.025,True,-0.0969,0.0844,-0.3308,-0.4152,decreasing,0.012360926954260387,-0.2032,-0.010279,SPEI Drying
4278,Banne,99,24.775,79.725,True,-0.0766,0.1112,-0.319,-0.4302,decreasing,0.0020193078379675544,-0.2507,-0.011563,SPEI Drying
4279,Banne,99,24.675,79.725,True,-0.0721,0.0892,-0.2801,-0.3693,decreasing,0.011684771016124973,-0.2048,-0.009419,SPEI Drying
4280,Khudar,99,24.875,80.025,True,-0.0854,0.1082,-0.3352,-0.4434,decreasing,0.008035408526702259,-0.2153,-0.010885,SPEI Drying
4281,Ken,99,24.925,80.025,True,-0.0763,0.1042,-0.3091,-0.4132,decreasing,0.006929475025126086,-0.2193,-0.009471,SPEI Drying
4282,Kutni,99,24.925,79.975,True,-0.0581,0.1172,-0.2842,-0.4014,decreasing,0.017193554418932333,-0.1936,-0.00881,SPEI Drying
4283,Ken,99,24.925,80.075,True,-0.0783,0.0953,-0.3022,-0.3976,decreasing,0.007575351547239206,-0.2169,-0.010173,SPEI Drying
4285,Bearma,99,23.525,79.525,True,-0.0706,0.0076,-0.1716,-0.1792,no trend,0.1338694227851347,-0.1219,-0.007114,SPEI Stable
4286,Bearma,99,23.675,79.575,True,-0.0678,-0.0047,-0.1492,-0.1445,no trend,0.1557247050592121,-0.1155,-0.005671,SPEI Stable
4287,Bearma,99,23.575,79.425,True,-0.0417,0.0335,-0.1388,-0.1723,no trend,0.09936803745714684,-0.134,-0.007934,SPEI Stable
4288,Bearma,99,23.725,79.675,True,-0.112,-0.051,-0.1907,-0.1397,no trend,0.20383922113299047,-0.1034,-0.005955,SPEI Stable
4289,Bearma,99,23.725,79.575,True,-0.0742,0.0043,-0.1755,-0.1798,no trend,0.11446586964757266,-0.1284,-0.00717,SPEI Stable
4290,Bearma,99,23.875,79.675,True,-0.1246,-0.0205,-0.2589,-0.2384,no trend,0.0841060449623876,-0.1404,-0.006453,SPEI Stable
4291,Bearma,99,23.925,79.775,True,-0.1694,-0.1369,-0.2113,-0.0744,no trend,0.46257264572864454,-0.06,-0.003706,SPEI Stable
4292,Bearma,99,24.025,79.725,True,-0.1668,-0.0452,-0.3237,-0.2785,no trend,0.0788965087955773,-0.1429,-0.008059,SPEI Stable
4293,Bearma,99,24.075,79.725,True,-0.1654,-0.0229,-0.3493,-0.3264,decreasing,0.03281325364221077,-0.1734,-0.009221,SPEI Drying
4294,Bearma,99,24.175,79.825,True,-0.1824,-0.094,-0.2964,-0.2024,no trend,0.1122046036929909,-0.1292,-0.006764,SPEI Stable
4295,Sonar,99,24.075,79.475,True,-0.1335,0.0212,-0.3331,-0.3543,decreasing,0.0005929215444833158,-0.2789,-0.01208,SPEI Drying
4296,Kopra,99,23.875,79.375,True,-0.0418,0.0609,-0.1744,-0.2353,decreasing,0.004522732528645879,-0.2306,-0.010464,SPEI Drying
4297,Sonar,99,24.025,79.425,True,-0.1215,0.0418,-0.3322,-0.374,decreasing,0.0008512800090243466,-0.2708,-0.012718,SPEI Drying
4298,Sonar,99,24.075,79.475,True,-0.1335,0.0212,-0.3331,-0.3543,decreasing,0.0005929215444833158,-0.2789,-0.01208,SPEI Drying
4299,Ken,99,24.175,80.325,True,-0.154,-0.0545,-0.2824,-0.2279,no trend,0.1390971014746223,-0.1203,-0.006616,SPEI Stable
4300,Katni,99,23.875,80.425,True,0.1416,0.1651,0.1112,-0.0539,no trend,0.1500223115066952,-0.1171,-0.00611,SPEI Stable
4301,Patne,99,24.075,80.075,True,-0.1815,-0.171,-0.1951,-0.0242,no trend,0.3456350347359809,-0.0769,-0.004056,SPEI Stable
4302,Ken,99,24.325,80.175,True,-0.1437,-0.0604,-0.2513,-0.1909,no trend,0.1390971014746223,-0.1203,-0.006313,SPEI Stable
4303,Sonar,99,23.725,79.125,True,-0.0045,0.0336,-0.0537,-0.0873,no trend,0.07721948001899892,-0.1437,-0.007769,SPEI Stable
4304,Bewas,99,23.975,79.175,True,-0.0942,0.0799,-0.3189,-0.3987,decreasing,0.019653076963498828,-0.1895,-0.010396,SPEI Drying
4305,Bewas,99,24.025,79.275,True,-0.1088,0.0445,-0.3066,-0.3511,decreasing,0.001129375694957746,-0.2644,-0.013565,SPEI Drying
4306,Sonar,99,23.875,79.225,True,-0.0817,0.0445,-0.2446,-0.2891,no trend,0.05050402029707901,-0.159,-0.008606,SPEI Stable
4307,Bearma,99,23.425,79.225,True,-0.0896,-0.0012,-0.2037,-0.2025,no trend,0.07079950853282857,-0.1469,-0.009471,SPEI Stable
4308,Bearma,99,23.375,79.325,True,-0.1052,-0.0072,-0.2317,-0.2245,no trend,0.07079950853282857,-0.1469,-0.009654,SPEI Stable
4326,Rihand,99,23.775,82.925,True,0.1885,0.1676,0.2156,0.048,no trend,0.5919087714885272,-0.0439,-0.00289,SPEI Stable
4327,Rihand,99,23.925,82.725,True,0.1881,0.1758,0.204,0.0282,no trend,0.5316971675813358,-0.0511,-0.00264,SPEI Stable
4328,Neur,99,23.775,82.125,True,0.1159,0.1261,0.1028,-0.0233,no trend,0.16159010412375552,-0.1139,-0.00724,SPEI Stable
4329,Gopat,99,23.775,82.275,True,-inf,,0.1396,,no trend,0.2220659715332789,-0.0994,-0.00554,SPEI Stable
4330,Gopat,99,23.975,82.125,True,0.1454,0.2143,0.0564,-0.158,no trend,0.23746612922486188,-0.0962,-0.005963,SPEI Stable
4331,Gopat,99,24.025,81.925,True,0.1458,0.2307,0.0361,-0.1946,no trend,0.06339690978214874,-0.1509,-0.008424,SPEI Stable
4332,Gopat,99,24.175,81.925,True,0.064,0.1641,-0.0651,-0.2292,decreasing,0.04600153619326286,-0.1622,-0.009148,SPEI Drying
4333,Gopat,99,24.225,81.975,True,0.1207,0.1985,0.0202,-0.1783,no trend,0.31126057944127394,-0.0825,-0.005453,SPEI Stable
4334,Gopat,99,24.325,82.125,True,0.0815,0.2122,-0.0871,-0.2993,no trend,0.33061719220937347,-0.0793,-0.004919,SPEI Stable
4335,Gopat,99,24.275,82.275,True,0.0188,0.1146,-0.1048,-0.2194,no trend,0.25360582183177804,-0.093,-0.005904,SPEI Stable
4336,Mayar,99,23.975,82.575,True,0.1638,0.1498,0.1819,0.0322,no trend,0.5647631724211553,-0.0471,-0.001964,SPEI Stable
4338,Son,99,24.325,82.725,True,0.0487,0.0701,0.0211,-0.049,no trend,0.5919087714885272,-0.0439,-0.002791,SPEI Stable
4339,Son,99,24.475,82.875,True,0.1017,0.1637,0.0217,-0.1419,no trend,0.7059983246415333,-0.031,-0.002029,SPEI Stable
4340,Rihand,99,24.325,82.975,True,0.2985,0.3414,0.2431,-0.0984,no trend,0.8348600876973751,0.0173,0.001489,SPEI Stable
4341,Son,99,24.525,83.025,True,0.0901,0.1687,-0.0114,-0.1801,no trend,0.4099608311090899,-0.0672,-0.00385,SPEI Stable
4342,Son,99,24.525,83.025,True,0.0901,0.1687,-0.0114,-0.1801,no trend,0.4099608311090899,-0.0672,-0.00385,SPEI Stable
4343,Kanhar,99,23.625,83.725,True,-0.363,-0.297,-0.4481,-0.1511,no trend,0.24143134163124524,-0.0954,-0.005139,SPEI Stable
4344,Mawai,99,23.925,81.675,True,0.0753,0.1374,-0.0048,-0.1422,no trend,0.06339690978214874,-0.1509,-0.008625,SPEI Stable
4345,Banas,99,23.775,81.725,True,0.061,0.1369,-0.037,-0.1739,decreasing,0.028240844233809348,-0.1783,-0.009823,SPEI Drying
4346,Banas,99,23.925,81.575,True,0.1038,0.1658,0.0238,-0.142,no trend,0.0788965087955773,-0.1429,-0.007872,SPEI Stable
4347,Banas,99,23.825,81.525,True,0.0186,0.0457,-0.0162,-0.0619,no trend,0.16762079058813795,-0.1123,-0.00577,SPEI Stable
4348,Banas,99,23.925,81.525,True,0.0914,0.1534,0.0115,-0.1419,no trend,0.07557161289482539,-0.1445,-0.007946,SPEI Stable
4349,Son,99,23.675,81.325,True,-0.0036,0.0447,-0.066,-0.1107,no trend,0.05168562878896865,-0.1581,-0.008325,SPEI Stable
4350,Banas,99,23.975,81.575,True,0.1149,0.1796,0.0314,-0.1482,no trend,0.05794594785727014,-0.1541,-0.008187,SPEI Stable
4351,Banas,99,23.975,81.525,True,0.1182,0.1841,0.0331,-0.151,no trend,0.056645810620146175,-0.1549,-0.007954,SPEI Stable
4352,Banas,99,24.025,81.475,True,0.0746,0.1169,0.02,-0.0969,no trend,0.12387138171204959,-0.1252,-0.007344,SPEI Stable
4353,Banas,99,24.125,81.525,True,0.1639,0.2471,0.0566,-0.1905,no trend,0.05927078933690422,-0.1533,-0.008025,SPEI Stable
4354,Banas,99,24.225,81.525,True,0.1361,0.1959,0.0588,-0.1371,no trend,0.0823394430606228,-0.1412,-0.007858,SPEI Stable
4355,Banas,99,24.275,81.475,True,0.1859,0.2943,0.0462,-0.2481,no trend,0.05794594785727014,-0.1541,-0.007795,SPEI Stable
4356,Son,99,24.225,81.425,True,0.1681,0.2629,0.0459,-0.217,decreasing,0.02183666536503792,-0.1863,-0.009885,SPEI Drying
4357,Son,99,24.425,81.775,True,0.1064,0.2562,-0.0869,-0.3431,no trend,0.16159010412375552,-0.1139,-0.007305,SPEI Stable
4358,Gopat,99,23.725,82.375,True,0.1432,0.0976,0.202,0.1044,no trend,0.6839950244742647,-0.0334,-0.001956,SPEI Stable
4359,Goini,99,23.675,82.325,True,-inf,,0.0963,,no trend,0.10142213968013314,-0.1332,-0.008204,SPEI Stable
4360,Son,99,23.675,81.225,True,0.1511,0.2542,0.0182,-0.236,decreasing,0.037094310671304864,-0.1694,-0.009728,SPEI Drying
4361,Son,99,23.675,81.225,True,0.1511,0.2542,0.0182,-0.236,decreasing,0.037094310671304864,-0.1694,-0.009728,SPEI Drying
4362,Son,99,23.675,81.225,True,0.1511,0.2542,0.0182,-0.236,decreasing,0.037094310671304864,-0.1694,-0.009728,SPEI Drying
4369,Katni,99,23.725,80.725,True,0.1195,0.2289,-0.0217,-0.2506,decreasing,0.001952887995422481,-0.2515,-0.01177,SPEI Drying
4370,Katni,99,23.925,80.625,True,0.181,0.2856,0.0459,-0.2397,decreasing,0.019653076963498828,-0.1895,-0.010336,SPEI Drying
4371,Ghodchhatra,99,23.375,80.925,True,0.1877,0.3532,-0.0257,-0.3789,decreasing,0.01201863454296448,-0.204,-0.012105,SPEI Drying
4372,Johilla,99,23.125,81.275,True,0.1806,0.3558,-0.0455,-0.4013,decreasing,0.008772458897707391,-0.2129,-0.012158,SPEI Drying
4373,Johilla,99,23.525,81.125,True,0.1744,0.3221,-0.0163,-0.3384,decreasing,0.00852032399393532,-0.2137,-0.011765,SPEI Drying
4374,Son,99,24.175,81.325,True,0.0979,0.1373,0.0469,-0.0904,no trend,0.09340433146380822,-0.1364,-0.00595,SPEI Stable
4375,Son,99,24.125,81.175,True,0.1357,0.2995,-0.0755,-0.375,decreasing,0.017662659709503536,-0.1928,-0.010429,SPEI Drying
4376,Son,99,23.275,81.625,True,0.0954,0.1807,-0.0147,-0.1954,no trend,0.12631452711815294,-0.1243,-0.006083,SPEI Stable
4377,Gohirari,99,23.125,81.825,True,0.273,0.3945,0.1162,-0.2784,no trend,0.12879503408223458,-0.1235,-0.007609,SPEI Stable
4378,Tipan,99,23.025,81.775,True,0.2739,0.4374,0.0629,-0.3746,decreasing,0.028240844233809348,-0.1783,-0.009734,SPEI Drying
4379,Son,99,23.125,81.875,True,0.1342,0.2617,-0.0304,-0.2921,no trend,0.22967423731825298,-0.0978,-0.00561,SPEI Stable
4380,Son,99,23.125,81.775,True,0.2357,0.3701,0.0623,-0.3077,no trend,0.116762847339964,-0.1276,-0.006815,SPEI Stable
4381,Son,99,23.175,81.625,True,0.1155,0.2776,-0.0935,-0.3711,decreasing,0.011684771016124973,-0.2048,-0.009923,SPEI Drying
4382,Son,99,23.275,81.525,True,0.0879,0.1727,-0.0215,-0.1943,no trend,0.10350991607723992,-0.1324,-0.00592,SPEI Stable
4383,Son,99,23.375,81.475,True,0.0732,0.1396,-0.0124,-0.152,no trend,0.27483372753192903,-0.0889,-0.004626,SPEI Stable
4384,Son,99,23.275,81.475,True,0.1434,0.2326,0.0282,-0.2044,no trend,0.21833026536228317,-0.1002,-0.005394,SPEI Stable
4385,Kunu,99,23.425,81.575,True,0.0097,0.0695,-0.0673,-0.1368,no trend,0.08959056933778209,-0.138,-0.006236,SPEI Stable
4386,Son,99,23.425,81.375,True,0.0861,0.1503,0.0033,-0.147,no trend,0.20383922113299047,-0.1034,-0.004694,SPEI Stable
4387,Son,99,23.375,81.325,True,0.0688,0.1433,-0.0272,-0.1705,no trend,0.18672634871240623,-0.1074,-0.005388,SPEI Stable
4388,Son,99,23.575,81.275,True,0.079,0.1901,-0.0644,-0.2545,decreasing,0.010732012688188242,-0.2072,-0.009927,SPEI Drying
4396,Ghaghara,99,26.175,84.325,True,-0.1004,0.0964,-0.3544,-0.4508,decreasing,0.014205156916392347,-0.1992,-0.014878,SPEI Drying
4397,Ghaghara,99,25.925,84.375,True,-0.1619,0.0821,-0.4767,-0.5588,decreasing,0.00026916027549761523,-0.2958,-0.017899,SPEI Drying
4398,Ghaghara,99,25.925,84.475,True,-0.1311,0.1899,-0.5454,-0.7353,decreasing,0.00017507690203300008,-0.3046,-0.019817,SPEI Drying
4399,Ghaghara,99,25.825,84.575,True,-0.0564,0.1701,-0.3486,-0.5187,decreasing,0.015851182945591402,-0.196,-0.013534,SPEI Drying
4400,Ganga,1,25.875,84.675,True,-0.0552,0.1786,-0.3569,-0.5355,decreasing,0.018142945160281476,-0.192,-0.013034,SPEI Drying
4401,Ganga,1,25.775,84.625,True,-0.0626,0.1938,-0.3935,-0.5873,decreasing,0.011359160904444332,-0.2056,-0.014169,SPEI Drying
4402,Ganga,1,25.725,84.425,True,-0.1631,-0.0608,-0.2951,-0.2343,decreasing,0.026168218558093148,-0.1807,-0.011582,SPEI Drying
4404,Ganga,1,25.725,84.625,True,-0.0722,0.0907,-0.2825,-0.3732,no trend,0.05927078933690422,-0.1533,-0.010924,SPEI Stable
4405,Ghaghara,99,25.725,84.775,True,-0.0779,0.0673,-0.2652,-0.3324,no trend,0.17069881126634723,-0.1115,-0.007035,SPEI Stable
4406,Ganga,1,25.675,84.775,True,-0.0621,0.0665,-0.228,-0.2944,no trend,0.37161442772025643,-0.0728,-0.004745,SPEI Stable
4407,Ganga,1,25.725,84.875,True,-0.0687,0.0598,-0.2345,-0.2942,no trend,0.5316971675813358,-0.0511,-0.003287,SPEI Stable
4409,Ganga,1,25.525,84.625,True,-0.1445,-0.0915,-0.2129,-0.1215,no trend,0.27922084058927155,-0.0881,-0.005639,SPEI Stable
4410,Ganga,1,25.575,84.425,True,-0.1849,-0.1461,-0.2349,-0.0888,no trend,0.08959056933778209,-0.138,-0.008777,SPEI Stable
4411,Son,99,25.075,84.425,True,-0.3676,-0.3465,-0.3948,-0.0483,no trend,0.8348600876973751,-0.0173,-0.000629,SPEI Stable
4414,Rapti,99,26.425,83.575,True,-0.0772,0.2855,-0.545,-0.8305,decreasing,0.0003260552028803154,-0.2918,-0.019037,SPEI Drying
4415,Rapti,99,26.375,83.625,True,-0.0953,0.291,-0.5937,-0.8847,decreasing,6.31592034843198e-05,-0.3247,-0.020578,SPEI Drying
4416,Rapti,99,26.425,83.525,True,-0.0652,0.2589,-0.4833,-0.7421,decreasing,0.004383985174551741,-0.2314,-0.016239,SPEI Drying
4417,Rapti,99,26.325,83.625,True,-0.0947,0.2813,-0.5799,-0.8612,decreasing,0.00019708616352720476,-0.3022,-0.019633,SPEI Drying
4418,Ghaghara,99,26.275,83.625,True,-0.0988,0.2331,-0.5271,-0.7602,decreasing,0.0004248000283166853,-0.2861,-0.017587,SPEI Drying
4419,Ghaghara,99,26.225,83.775,True,-0.166,0.0478,-0.4418,-0.4895,decreasing,0.013817991330473012,-0.2,-0.014491,SPEI Drying
4420,Ghaghara,99,26.175,83.775,True,-0.1674,0.0112,-0.3978,-0.409,decreasing,0.043880164491232776,-0.1638,-0.012397,SPEI Drying
4421,Ghaghara,99,26.125,83.925,True,-0.2225,-0.1134,-0.3633,-0.25,no trend,0.14723151128010192,-0.1179,-0.00785,SPEI Stable
4422,Ghaghi,99,26.525,84.025,True,-0.2088,0.0884,-0.5922,-0.6806,decreasing,0.0005509332325082106,-0.2805,-0.019077,SPEI Drying
4423,Ghaghi,99,26.375,83.975,True,-0.1944,0.0214,-0.4729,-0.4944,decreasing,0.006333500996930752,-0.2217,-0.013821,SPEI Drying
4424,Ghaghara,99,26.225,83.975,True,-0.2095,-0.0782,-0.379,-0.3008,no trend,0.06339690978214874,-0.1509,-0.009698,SPEI Stable
4425,Ghaghara,99,26.075,84.075,True,-0.25,-0.1034,-0.4392,-0.3358,decreasing,0.03893529923561112,-0.1678,-0.010945,SPEI Drying
4428,Rapti,99,26.575,83.525,True,-0.0763,0.1875,-0.4167,-0.6042,decreasing,0.0073542989969059835,-0.2177,-0.015644,SPEI Drying
4429,Bansi,99,26.875,84.075,True,-0.2229,0.2519,-0.8355,-1.0874,decreasing,6.575808766617897e-06,-0.3658,-0.025654,SPEI Drying
4430,Gandak,99,26.725,83.825,True,-0.2317,0.1961,-0.7836,-0.9797,decreasing,1.9659636597779695e-05,-0.3465,-0.024994,SPEI Drying
4431,Gandak,99,27.225,83.975,True,-0.2257,0.0954,-0.6399,-0.7353,decreasing,0.01201863454296448,-0.204,-0.01475,SPEI Drying
4432,Ghaghara,99,26.225,84.175,True,-0.1763,-0.1134,-0.2574,-0.144,no trend,0.1557247050592121,-0.1155,-0.008498,SPEI Stable
4433,Gandak,99,27.025,84.125,True,-0.1956,0.2484,-0.7685,-1.0169,decreasing,0.0006859781461279191,-0.2757,-0.018686,SPEI Drying
4434,Gandak,99,26.825,84.275,True,-0.1741,0.2393,-0.7074,-0.9467,decreasing,0.000493116091741852,-0.2829,-0.019491,SPEI Drying
4435,Ghaghara,99,26.025,84.175,True,-0.2148,-0.0635,-0.41,-0.3465,decreasing,0.011359160904444332,-0.2056,-0.013352,SPEI Drying
4436,Ghaghara,99,25.925,84.225,True,-0.2379,-0.0241,-0.5138,-0.4897,decreasing,0.0006378731280536343,-0.2773,-0.016793,SPEI Drying
4437,Tamasa,99,25.825,83.925,True,-0.3683,-0.1241,-0.6834,-0.5593,decreasing,0.001129375694957746,-0.2644,-0.016206,SPEI Drying
4438,Gandak,99,26.525,84.525,True,-0.0665,0.1423,-0.3359,-0.4783,decreasing,0.04184199371866293,-0.1654,-0.011384,SPEI Drying
4439,Rohini,99,27.325,83.575,True,-0.2226,-0.0421,-0.4556,-0.4136,no trend,0.20383922113299047,-0.1034,-0.00645,SPEI Stable
4440,Rohini,99,27.375,83.525,True,-0.2237,-0.0073,-0.503,-0.4957,no trend,0.06926481772484427,-0.1477,-0.007104,SPEI Stable
4441,Dande,99,27.475,83.375,True,-0.1789,0.0896,-0.5254,-0.615,decreasing,0.022414483868084867,-0.1855,-0.011145,SPEI Drying
4442,Gandak,99,27.575,83.875,False,,,,,,,,,No Data
4443,Rohini,99,27.125,83.425,True,-0.1225,0.1755,-0.5071,-0.6825,decreasing,0.0006859781461279191,-0.2757,-0.01697,SPEI Drying
4444,Rohini,99,27.225,83.475,True,-0.1545,0.1616,-0.5622,-0.7238,decreasing,0.0017067792579292806,-0.2547,-0.016268,SPEI Drying
4445,Rohini,99,26.975,83.375,True,-0.0485,0.1937,-0.361,-0.5547,decreasing,0.004383985174551741,-0.2314,-0.015272,SPEI Drying
4446,Danau,99,27.425,83.275,False,,,,,,,,,No Data
4447,Rohini,99,26.875,83.375,True,-0.0254,0.0946,-0.1802,-0.2748,no trend,0.06199593189827901,-0.1517,-0.009967,SPEI Stable
4448,Rohini,99,26.775,83.325,True,-0.0123,0.0806,-0.1322,-0.2128,no trend,0.1122046036929909,-0.1292,-0.00869,SPEI Stable
4449,Rapti,99,26.875,83.225,True,-0.0314,0.0628,-0.1529,-0.2157,no trend,0.23746612922486188,-0.0962,-0.006744,SPEI Stable
4450,Aami,99,26.725,83.175,True,-0.0127,0.0007,-0.0301,-0.0308,no trend,0.5514186979590701,-0.0487,-0.002944,SPEI Stable
4451,Rapti,99,26.625,83.425,True,0.0145,0.089,-0.0817,-0.1706,no trend,0.32084351186557547,-0.0809,-0.005676,SPEI Stable
4453,Aami,99,26.975,82.925,True,-0.1352,0.017,-0.3315,-0.3485,decreasing,0.02183666536503792,-0.1863,-0.010708,SPEI Drying
4456,Rapti,99,27.425,82.275,True,-0.0935,0.178,-0.4439,-0.6219,decreasing,0.029699886817119436,-0.1767,-0.010602,SPEI Drying
4457,Rapti,99,27.175,83.025,True,-0.179,0.0792,-0.5121,-0.5913,decreasing,0.0012979521359628432,-0.2612,-0.01589,SPEI Drying
4458,Rapti,99,27.175,82.975,True,-0.2257,-0.0058,-0.5094,-0.5036,decreasing,0.0018884793193247873,-0.2523,-0.015321,SPEI Drying
4459,Rapti,99,27.125,83.125,True,-0.1461,0.1479,-0.5256,-0.6735,decreasing,0.0002589604625540254,-0.2966,-0.018113,SPEI Drying
4460,Rapti,99,27.125,83.175,True,-0.1418,0.1465,-0.5138,-0.6603,decreasing,0.000493116091741852,-0.2829,-0.016894,SPEI Drying
4461,Manorama,99,26.625,82.925,True,-0.0799,-0.0288,-0.1458,-0.1171,no trend,0.6986354428998491,-0.0318,-0.002128,SPEI Stable
4462,Ghaghara,99,26.525,83.175,True,0.0009,0.0136,-0.0154,-0.0289,no trend,0.6266582636866325,-0.0398,-0.002168,SPEI Stable
4463,Ghaghara,99,26.525,82.875,True,-0.0741,0.0076,-0.1796,-0.1872,no trend,0.36108062910799354,-0.0744,-0.003661,SPEI Stable
4464,Ghaghara,99,26.325,83.475,True,-0.0804,0.2182,-0.4656,-0.6838,decreasing,0.013817991330473012,-0.2,-0.015806,SPEI Drying
4465,Ghaghara,99,26.275,83.425,True,-0.0869,0.205,-0.4637,-0.6687,decreasing,0.015851182945591402,-0.196,-0.015083,SPEI Drying
4490,Gandak,99,27.775,84.425,False,,,,,,,,,No Data
4491,Gandak,99,27.675,84.275,False,,,,,,,,,No Data
4493,Gandak,99,27.825,84.525,False,,,,,,,,,No Data
4507,Gandak,99,27.825,84.825,False,,,,,,,,,No Data
4508,Gandak,99,27.825,84.675,False,,,,,,,,,No Data
4525,Gandak,99,27.825,84.825,False,,,,,,,,,No Data
4535,Ganga,1,25.675,84.475,True,-0.1502,-0.0497,-0.28,-0.2302,decreasing,0.027534777431166724,-0.1791,-0.011142,SPEI Drying
4536,Adari,99,24.825,84.375,True,-0.3515,-0.332,-0.3767,-0.0446,no trend,0.9445989408361049,-0.006,-0.000125,SPEI Stable
4537,Dharmauti,99,25.275,83.925,True,-0.3217,-0.1391,-0.5574,-0.4183,no trend,0.052890282773236486,-0.1573,-0.008914,SPEI Stable
4538,Punpun,99,25.075,84.775,True,-0.3087,-0.2602,-0.3714,-0.1112,no trend,0.6839950244742647,-0.0334,-0.002075,SPEI Stable
4539,Madad,99,24.875,84.575,True,-0.37,-0.3181,-0.437,-0.1189,no trend,0.647919795360359,-0.0374,-0.001635,SPEI Stable
4540,Punpun,99,25.425,85.075,True,-0.111,0.0266,-0.2885,-0.3151,no trend,0.31126057944127394,-0.0825,-0.005841,SPEI Stable
4541,Sorhur,99,24.475,84.525,True,-0.4015,-0.3112,-0.518,-0.2069,no trend,0.16762079058813795,-0.1123,-0.00619,SPEI Stable
4542,Ganga,1,25.375,84.125,True,-0.3472,-0.2167,-0.5155,-0.2988,decreasing,0.015008302902396187,-0.1976,-0.010433,SPEI Drying
4543,Batane,99,24.675,84.325,True,-0.3692,-0.2777,-0.4873,-0.2096,no trend,0.1934395790262089,-0.1058,-0.005815,SPEI Stable
4544,Dharmauti,99,25.225,84.025,True,-0.3521,-0.1864,-0.5661,-0.3797,no trend,0.05050402029707901,-0.159,-0.008559,SPEI Stable
4545,Ganga,1,25.625,84.275,True,-0.227,-0.1241,-0.3597,-0.2355,decreasing,0.013071514062140022,-0.2016,-0.013561,SPEI Drying
4547,Punpun,2,24.825,84.275,True,-0.3574,-0.2918,-0.442,-0.1502,no trend,0.421334580743461,-0.0656,-0.003379,SPEI Stable
4548,Dardha,99,24.975,84.975,True,-0.2134,-0.1128,-0.3432,-0.2304,no trend,0.6550724087000999,-0.0366,-0.00231,SPEI Stable
4549,Madad,99,24.875,84.525,True,-0.3612,-0.3176,-0.4174,-0.0998,no trend,0.7282502018687609,-0.0286,-0.001637,SPEI Stable
4550,Morhar,99,24.375,84.575,True,-0.3493,-0.2676,-0.4547,-0.1871,no trend,0.20383922113299047,-0.1034,-0.005525,SPEI Stable
4551,Dharmauti,99,25.325,83.825,True,-0.3241,-0.133,-0.5706,-0.4376,no trend,0.05050402029707901,-0.159,-0.008823,SPEI Stable
4552,Ganga,1,25.475,83.975,True,-0.3497,-0.1377,-0.6233,-0.4856,decreasing,0.004249107139573383,-0.2322,-0.012987,SPEI Drying
4553,Punpun,2,24.875,84.375,True,-0.345,-0.3481,-0.341,0.0071,no trend,0.8816255210239117,0.0125,0.000659,SPEI Stable
4554,Madad,99,24.925,84.575,True,-0.3847,-0.3396,-0.4428,-0.1032,no trend,0.676718703048607,-0.0342,-0.001901,SPEI Stable
4555,Mohana,99,24.525,85.075,True,-0.2855,-0.0921,-0.535,-0.4429,decreasing,0.0336339036033384,-0.1726,-0.0106,SPEI Drying
4556,Lilajan,99,24.525,84.925,True,-0.3485,-0.1725,-0.5756,-0.4031,no trend,0.08959056933778209,-0.138,-0.008569,SPEI Stable
4557,Punpun,2,24.925,84.475,True,-0.3476,-0.3236,-0.3787,-0.0551,no trend,0.842618527640413,-0.0165,-0.000894,SPEI Stable
4558,Morhar,99,24.825,84.825,True,-0.3449,-0.2347,-0.4872,-0.2525,no trend,0.27922084058927155,-0.0881,-0.004188,SPEI Stable
4559,Dardha,99,25.325,85.075,True,-0.0908,0.0591,-0.2844,-0.3435,no trend,0.29266673111808905,-0.0857,-0.006304,SPEI Stable
4560,Punpun,2,25.075,84.675,True,-0.3543,-0.3587,-0.3487,0.0101,no trend,0.9367000897482891,0.0068,0.000547,SPEI Stable
4561,Phalgu,99,25.175,85.175,True,-0.1034,-0.0234,-0.2068,-0.1834,no trend,0.9209218347701116,-0.0085,-0.000551,SPEI Stable
4562,Punpun,2,25.375,84.975,True,-0.1236,-0.0909,-0.1657,-0.0748,no trend,0.8503922744984573,0.0157,0.000868,SPEI Stable
4563,Tamasa,2,25.725,84.075,True,-0.3035,-0.0587,-0.6195,-0.5608,decreasing,0.0001378090873462856,-0.3095,-0.018473,SPEI Drying
4564,Ganga,1,25.675,84.075,True,-0.2856,-0.0727,-0.5602,-0.4875,decreasing,0.00031384560270075745,-0.2926,-0.017385,SPEI Drying
4565,Koel,99,24.475,83.825,True,0.1441,0.3519,-0.124,-0.4758,decreasing,0.02422839850368419,-0.1831,-0.011637,SPEI Drying
4566,Son,99,24.525,83.775,True,0.1601,0.3728,-0.1143,-0.4871,decreasing,0.016288026803525035,-0.1952,-0.012506,SPEI Drying
4567,Ganga,1,25.525,83.925,True,-0.2963,-0.159,-0.4735,-0.3144,no trend,0.09340433146380822,-0.1364,-0.010019,SPEI Stable
4568,Ganga,1,25.625,84.025,True,-0.2949,-0.1006,-0.5456,-0.4449,decreasing,0.0006378731280536343,-0.2773,-0.017011,SPEI Drying
4569,Ganga,1,25.725,84.175,True,-0.2815,-0.0691,-0.5556,-0.4866,decreasing,0.00031384560270075745,-0.2926,-0.017529,SPEI Drying
4570,Ganga,1,25.675,84.525,True,-0.1335,-0.0388,-0.2558,-0.217,no trend,0.06062067143372318,-0.1525,-0.009329,SPEI Stable
4571,Gandak,99,25.925,84.925,True,-0.0567,0.1295,-0.2971,-0.4266,no trend,0.10563170957775947,-0.1316,-0.007939,SPEI Stable
4572,Gandak,99,25.775,85.075,True,-0.0884,0.1142,-0.3499,-0.4641,no trend,0.12631452711815294,-0.1243,-0.007703,SPEI Stable
4573,Gandak,99,25.675,85.125,True,-0.1559,0.1028,-0.4896,-0.5924,no trend,0.10997871362766065,-0.13,-0.008322,SPEI Stable
4574,Gandak,2,26.475,84.675,True,-0.0438,0.1637,-0.3117,-0.4754,no trend,0.21833026536228317,-0.1002,-0.007207,SPEI Stable
4575,Baya,99,25.875,85.375,True,-0.1783,-0.1098,-0.2667,-0.1569,no trend,0.5382311014255547,-0.0503,-0.003586,SPEI Stable
4576,Burhi Gandak,99,26.425,85.075,True,-0.0927,-0.1828,0.0236,0.2064,no trend,0.37161442772025643,0.0728,0.004577,SPEI Stable
4577,Gandak,2,26.075,84.975,True,-0.0657,0.1653,-0.3638,-0.529,decreasing,0.0362019558033686,-0.1702,-0.010158,SPEI Drying
4578,Ganga,1,25.625,85.125,True,-0.155,0.1043,-0.4898,-0.5941,no trend,0.12879503408223458,-0.1235,-0.008647,SPEI Stable
4587,Sukri,99,23.825,84.425,True,-0.2862,-0.1157,-0.5063,-0.3905,no trend,0.056645810620146175,-0.1549,-0.008415,SPEI Stable
4588,Auranga,99,23.775,84.425,True,-0.2806,-0.1541,-0.444,-0.2899,no trend,0.15863688474829707,-0.1147,-0.005079,SPEI Stable
4589,Auranga,99,23.875,84.225,True,-0.3492,-0.2236,-0.5112,-0.2876,no trend,0.1528532777368805,-0.1163,-0.007072,SPEI Stable
4590,Koel,99,23.775,84.075,True,-0.3822,-0.2725,-0.5236,-0.2511,no trend,0.06627738005667694,-0.1493,-0.006787,SPEI Stable
4591,Jinjoi,99,24.125,84.075,True,-0.325,-0.1775,-0.5153,-0.3378,decreasing,0.011684771016124973,-0.2048,-0.009943,SPEI Drying
4592,Maila,99,24.025,84.175,True,-0.3082,-0.1636,-0.4948,-0.3313,decreasing,0.03893529923561112,-0.1678,-0.008099,SPEI Drying
4593,Amanat,99,24.025,84.475,True,-0.2698,-0.1566,-0.416,-0.2594,no trend,0.19686192477076325,-0.105,-0.005942,SPEI Stable
4594,Amanat,99,24.075,84.075,True,-0.2826,-0.1598,-0.4411,-0.2812,decreasing,0.029699886817119436,-0.1767,-0.008726,SPEI Drying
4595,Amanat,99,24.125,84.075,True,-0.325,-0.1775,-0.5153,-0.3378,decreasing,0.011684771016124973,-0.2048,-0.009943,SPEI Drying
4596,Koel,99,24.025,84.075,True,-0.2892,-0.1506,-0.4681,-0.3175,decreasing,0.03447204456030617,-0.1718,-0.008581,SPEI Drying
4597,Tahle,99,24.075,83.925,True,-0.2779,-0.1823,-0.4011,-0.2188,no trend,0.08773125988967267,-0.1388,-0.006617,SPEI Stable
4598,Koel,99,24.125,84.025,True,-0.3094,-0.1591,-0.5034,-0.3443,decreasing,0.01201863454296448,-0.204,-0.009715,SPEI Drying
4599,Danru,99,24.175,83.825,True,0.0101,0.1349,-0.1509,-0.2858,decreasing,0.04820863501536232,-0.1606,-0.008496,SPEI Drying
4600,Koel,99,24.175,83.925,True,-0.2723,-0.1494,-0.4309,-0.2815,no trend,0.09148147736076861,-0.1372,-0.006579,SPEI Stable
4601,Koel,99,24.275,83.825,True,0.0981,0.2656,-0.1179,-0.3835,decreasing,0.04493029313581198,-0.163,-0.009643,SPEI Drying
4602,Kanhar,99,24.025,83.475,True,0.1072,0.2717,-0.105,-0.3767,decreasing,0.04285083553529989,-0.1646,-0.009226,SPEI Drying
4603,Banki,99,24.325,83.875,True,0.1278,0.3179,-0.1174,-0.4353,decreasing,0.0336339036033384,-0.1726,-0.010867,SPEI Drying
4604,Barhki,99,24.325,83.725,True,0.1225,0.309,-0.1181,-0.4271,decreasing,0.028962457485572246,-0.1775,-0.011505,SPEI Drying
4605,Koel,99,24.325,83.825,True,0.1058,0.2857,-0.1264,-0.4122,decreasing,0.0362019558033686,-0.1702,-0.010518,SPEI Drying
4607,Kanhar,99,23.725,83.625,True,0.0441,0.0988,-0.0265,-0.1253,no trend,0.40434307377687007,-0.068,-0.00354,SPEI Stable
4608,Kanhar,99,23.825,83.625,True,0.0791,0.1071,0.0429,-0.0642,no trend,0.5252036748407956,-0.0519,-0.002817,SPEI Stable
4610,Kanhar,99,24.025,83.275,True,0.366,0.5821,0.0871,-0.495,decreasing,0.02183666536503792,-0.1863,-0.011988,SPEI Drying
4611,Kanhar,99,24.275,83.225,True,0.3986,0.5774,0.1679,-0.4095,no trend,0.2146399323202448,-0.101,-0.007339,SPEI Stable
4612,Panda,99,24.475,83.575,True,0.1818,0.3792,-0.073,-0.4522,no trend,0.06627738005667694,-0.1493,-0.009638,SPEI Stable
4613,Son,99,24.475,83.075,True,0.1676,0.2882,0.0118,-0.2764,no trend,0.4505660066901904,-0.0616,-0.004742,SPEI Stable
4614,Son,99,24.525,83.425,True,0.1819,0.3702,-0.0611,-0.4313,no trend,0.10142213968013314,-0.1332,-0.008155,SPEI Stable
4615,Chaupat,99,23.625,84.375,True,-0.389,-0.3494,-0.44,-0.0906,no trend,0.11446586964757266,-0.1284,-0.007146,SPEI Stable
4616,Koel,99,23.675,84.225,True,-0.373,-0.3305,-0.4279,-0.0973,no trend,0.35073611533288473,-0.0761,-0.004649,SPEI Stable
4617,Burha,99,23.575,84.075,True,-0.4399,-0.354,-0.5508,-0.1968,decreasing,0.014601862436461,-0.1984,-0.00867,SPEI Drying
4618,Rihand,99,23.775,83.125,True,0.19,0.1985,0.179,-0.0195,no trend,0.33061719220937347,-0.0793,-0.004716,SPEI Stable
4619,Rihand,99,24.075,82.875,True,0.2056,0.3033,0.0796,-0.2237,no trend,0.16159010412375552,-0.1139,-0.007354,SPEI Stable
4620,Mayar,99,24.025,82.625,True,0.1306,0.1469,0.1097,-0.0372,no trend,0.5714931653398074,-0.0463,-0.002989,SPEI Stable
4621,Rihand,99,24.025,82.675,True,0.1613,0.187,0.1282,-0.0587,no trend,0.38776831898796127,-0.0704,-0.004474,SPEI Stable
4622,Rihand,99,24.075,82.775,True,0.2061,0.2646,0.1307,-0.1339,no trend,0.1313132257729941,-0.1227,-0.007184,SPEI Stable
4624,Kanhar,99,23.275,83.725,True,-0.4226,-0.3189,-0.5564,-0.2375,decreasing,0.005277971649664259,-0.2266,-0.010866,SPEI Drying
4644,Bhada,99,28.325,81.525,False,,,,,,,,,No Data
4657,Ghaghara,99,28.975,80.825,False,,,,,,,,,No Data
4658,Ghaghara,99,28.825,81.125,False,,,,,,,,,No Data
4659,Ghaghara,99,28.475,81.225,False,,,,,,,,,No Data
4715,Tamasa,2,25.975,83.575,True,-0.1644,0.1533,-0.5743,-0.7275,decreasing,0.00016826943532244343,-0.3054,-0.019933,SPEI Drying
4716,Tamasa,2,25.825,83.825,True,-0.3509,-0.0766,-0.7049,-0.6283,decreasing,0.0002589604625540254,-0.2966,-0.017654,SPEI Drying
4718,Kuthi Yankti,99,30.225,80.775,True,-0.0259,0.4488,-0.6384,-1.0872,decreasing,1.3343005125232565e-06,-0.3924,-0.025156,SPEI Drying
4719,Ghaghara,99,26.775,82.075,True,0.0077,0.3052,-0.3763,-0.6815,decreasing,0.020719806326624512,-0.1879,-0.012377,SPEI Drying
4720,Manorama,99,26.825,82.475,True,-0.1877,0.117,-0.581,-0.698,decreasing,0.00984896035099081,-0.2097,-0.013268,SPEI Drying
4721,Ghaghara,99,26.875,82.075,True,0.0111,0.2975,-0.3584,-0.656,decreasing,0.03447204456030617,-0.1718,-0.01111,SPEI Drying
4722,Ghaghara,99,26.825,81.925,True,-0.0018,0.3295,-0.4293,-0.7588,decreasing,0.014205156916392347,-0.1992,-0.013765,SPEI Drying
4723,Ghaghara,99,26.825,82.125,True,0.0186,0.2663,-0.3009,-0.5673,no trend,0.07079950853282857,-0.1469,-0.009679,SPEI Stable
4724,Ghaghara,99,26.675,82.425,True,-0.1515,0.0809,-0.4515,-0.5324,no trend,0.05927078933690422,-0.1533,-0.009547,SPEI Stable
4725,Ghaghara,99,26.325,83.175,True,-0.0368,0.1173,-0.2356,-0.3529,no trend,0.10142213968013314,-0.1332,-0.009756,SPEI Stable
4726,Karmanasa,99,25.275,83.575,True,-0.2747,-0.1382,-0.451,-0.3128,no trend,0.0788965087955773,-0.1429,-0.00853,SPEI Stable
4727,Karmanasa,99,25.325,83.675,True,-0.273,-0.1103,-0.4828,-0.3725,decreasing,0.043880164491232776,-0.1638,-0.009129,SPEI Drying
4728,Karmanasa,99,25.375,83.725,True,-0.3002,-0.1066,-0.5499,-0.4433,decreasing,0.010732012688188242,-0.2072,-0.011128,SPEI Drying
4729,Karmanasa,2,25.325,83.775,True,-0.3395,-0.171,-0.5569,-0.386,no trend,0.07395255989959071,-0.1453,-0.007844,SPEI Stable
4730,Karmanasa,2,25.375,83.775,True,-0.3642,-0.1732,-0.6108,-0.4376,decreasing,0.02422839850368419,-0.1831,-0.010398,SPEI Drying
4731,Surai,99,27.425,82.825,True,-0.2378,0.0302,-0.5836,-0.6139,decreasing,0.0065268260328896766,-0.2209,-0.014808,SPEI Drying
4732,Rapti,99,27.225,82.875,True,-0.2604,-0.0765,-0.4977,-0.4212,decreasing,0.009569337582946424,-0.2105,-0.012239,SPEI Drying
4733,Banganga,99,27.575,82.975,False,,,,,,,,,No Data
4734,Banganga,99,27.625,83.075,False,,,,,,,,,No Data
4735,Banganga,99,27.375,82.925,True,-0.2343,0.0163,-0.5577,-0.574,decreasing,0.004249107139573383,-0.2322,-0.015057,SPEI Drying
4736,Sotwa,99,27.425,82.775,True,-0.2386,0.0593,-0.623,-0.6823,decreasing,0.004963169784941934,-0.2282,-0.015118,SPEI Drying
4737,Sotwa,99,27.325,82.875,True,-0.2424,0.031,-0.5952,-0.6262,decreasing,0.001952887995422481,-0.2515,-0.015057,SPEI Drying
4738,Jamwar,99,27.225,83.125,True,-0.1596,0.1193,-0.5195,-0.6388,decreasing,0.001952887995422481,-0.2515,-0.015768,SPEI Drying
4739,Danau,99,27.275,83.175,True,-0.1354,0.2111,-0.5825,-0.7936,decreasing,1.2539276522893772e-05,-0.3545,-0.021063,SPEI Drying
4740,Danau,99,27.225,83.175,True,-0.1523,0.1427,-0.533,-0.6757,decreasing,0.0016498805375433356,-0.2555,-0.016416,SPEI Drying
4741,Danau,99,27.375,83.175,True,-0.1429,0.1774,-0.5562,-0.7336,decreasing,9.563279606239483e-05,-0.3167,-0.019407,SPEI Drying
4742,Jamwar,99,27.325,83.125,True,-0.1502,0.1605,-0.5511,-0.7116,decreasing,0.00031384560270075745,-0.2926,-0.018644,SPEI Drying
4743,Jamwar,99,27.325,83.075,True,-0.1521,0.1612,-0.5563,-0.7175,decreasing,4.132246136712148e-05,-0.3328,-0.019507,SPEI Drying
4747,Rapti,99,28.025,82.775,False,,,,,,,,,No Data
4749,Rapti,99,27.975,82.875,False,,,,,,,,,No Data
4750,Rapti,99,27.925,82.225,False,,,,,,,,,No Data
4751,Rapti,99,27.825,81.875,True,-0.0457,-0.0199,-0.0789,-0.059,no trend,0.7208063353199297,0.0294,0.002621,SPEI Stable
4752,Bhada,99,28.125,82.125,False,,,,,,,,,No Data
4756,Sotwa,99,27.525,82.175,True,-0.0786,0.1201,-0.335,-0.4551,no trend,0.09535947867360162,-0.1356,-0.008536,SPEI Stable
4757,Sarju,99,27.175,81.825,True,-0.0318,0.2157,-0.3512,-0.5669,no trend,0.07721948001899892,-0.1437,-0.009378,SPEI Stable
4759,Sotwa,99,27.425,82.525,True,-0.1765,0.1917,-0.6515,-0.8432,decreasing,0.0020193078379675544,-0.2507,-0.01647,SPEI Drying
4760,Ghaghara,99,26.375,83.025,True,-0.0567,0.0355,-0.1756,-0.211,no trend,0.2454429340961497,-0.0946,-0.007444,SPEI Stable
4761,Ghaghara,99,26.375,83.175,True,-0.0379,0.0944,-0.2086,-0.303,no trend,0.1417692102564545,-0.1195,-0.009047,SPEI Stable
4762,Ghaghara,99,26.375,83.275,True,-0.0691,0.0708,-0.2495,-0.3203,no trend,0.11446586964757266,-0.1284,-0.008865,SPEI Stable
4763,Sarju,99,26.975,81.975,True,-0.0017,0.2866,-0.3737,-0.6602,no trend,0.06627738005667694,-0.1493,-0.010201,SPEI Stable
4765,Ghaghara,99,26.975,82.125,True,-0.0157,0.2684,-0.3822,-0.6506,no trend,0.056645810620146175,-0.1549,-0.010331,SPEI Stable
4766,Manorama,99,26.775,82.675,True,-0.1802,0.0183,-0.4364,-0.4547,no trend,0.06775755635500813,-0.1485,-0.008875,SPEI Stable
4767,Manorama,99,26.725,82.775,True,-0.1083,0.0351,-0.2934,-0.3285,no trend,0.1313132257729941,-0.1227,-0.007852,SPEI Stable
4768,Ghaghara,99,26.925,81.725,True,-0.069,0.2164,-0.4373,-0.6537,decreasing,0.020719806326624512,-0.1879,-0.012295,SPEI Drying
4770,Man,99,28.075,81.475,True,-0.0025,0.0025,-0.0089,-0.0114,no trend,0.18018680964047862,0.1091,0.006464,SPEI Stable
4771,Ghaghara,99,27.725,81.575,True,-0.0387,0.0565,-0.1616,-0.2181,no trend,0.9367000897482891,-0.0068,-0.000409,SPEI Stable
4772,Babai,99,28.025,81.425,True,0.0036,0.0556,-0.0634,-0.119,no trend,0.5187510088374183,0.0527,0.003779,SPEI Stable
4773,Babai,99,27.825,81.375,True,-0.0453,0.1782,-0.3338,-0.512,no trend,0.1900611318167158,-0.1066,-0.006785,SPEI Stable
4774,Ghaghara,99,26.525,82.675,True,-0.1113,0.0418,-0.3088,-0.3505,no trend,0.11446586964757266,-0.1284,-0.008446,SPEI Stable
4775,Babai,99,28.025,81.425,True,0.0036,0.0556,-0.0634,-0.119,no trend,0.5187510088374183,0.0527,0.003779,SPEI Stable
4776,Ghaghara,99,27.975,81.225,True,0.0257,0.1768,-0.1693,-0.346,no trend,0.8581805908972016,-0.0149,-0.001031,SPEI Stable
4777,Sharda,99,27.675,81.275,True,-0.0848,0.1053,-0.3301,-0.4354,no trend,0.18343498976311468,-0.1082,-0.00681,SPEI Stable
4778,Sharda,99,27.825,81.125,True,0.0111,0.2568,-0.3061,-0.5629,no trend,0.0841060449623876,-0.1404,-0.00842,SPEI Stable
4779,Mohana,99,28.525,80.925,False,,,,,,,,,No Data
4780,Sharda,99,27.975,80.875,True,0.0447,0.2652,-0.2397,-0.5048,no trend,0.0841060449623876,-0.1404,-0.007948,SPEI Stable
4781,Mohana,99,28.475,81.025,True,-0.0142,0.075,-0.1291,-0.2041,no trend,0.6126529076996985,0.0414,0.001751,SPEI Stable
4782,Mohana,99,28.525,80.825,True,-0.1011,0.1977,-0.4867,-0.6844,decreasing,8.80843723347624e-05,-0.3183,-0.016511,SPEI Drying
4783,Suheli,99,28.475,80.675,True,-0.062,0.1302,-0.3099,-0.4401,decreasing,0.011359160904444332,-0.2056,-0.010219,SPEI Drying
4784,Mohana,99,28.425,80.975,True,0.0028,0.144,-0.1793,-0.3233,no trend,0.5850664269805577,-0.0447,-0.002763,SPEI Stable
4785,Mohana,99,28.375,81.025,True,0.0499,0.055,0.0434,-0.0117,no trend,0.07236197395720767,0.1461,0.008885,SPEI Stable
4786,Suheli,99,28.275,81.075,True,0.0831,0.0952,0.0675,-0.0277,no trend,0.20032839781821243,0.1042,0.006602,SPEI Stable
4787,Surna,99,29.325,80.425,False,,,,,,,,,No Data
4788,Surna,99,29.425,80.475,False,,,,,,,,,No Data
4789,Surna,99,29.325,80.375,False,,,,,,,,,No Data
4790,Sharda,99,29.525,80.325,True,-0.1771,0.0615,-0.4849,-0.5464,decreasing,0.0017067792579292806,-0.2547,-0.016959,SPEI Drying
4791,Sharda,99,29.225,80.275,True,-0.1152,0.1064,-0.4012,-0.5076,decreasing,0.0015947318689217838,-0.2563,-0.016052,SPEI Drying
4792,Sharda,99,29.375,80.275,True,-0.0917,0.1092,-0.3509,-0.4601,decreasing,0.004963169784941934,-0.2282,-0.015929,SPEI Drying
4793,Mahakali,99,29.175,80.275,True,-0.1152,0.1064,-0.4012,-0.5076,decreasing,0.0015947318689217838,-0.2563,-0.016052,SPEI Drying
4794,Sarju,99,29.475,80.175,True,-0.1297,0.0134,-0.3144,-0.3278,decreasing,0.005277971649664259,-0.2266,-0.016208,SPEI Drying
4795,Mahakali,99,29.125,80.375,False,,,,,,,,,No Data
4796,Sharda,99,28.825,80.075,True,-0.0073,-0.0137,0.0008,0.0145,no trend,0.8503922744984573,0.0157,0.000968,SPEI Stable
4797,Sharda,99,28.825,80.225,True,0.0246,0.111,-0.0869,-0.1979,no trend,0.24143134163124524,-0.0954,-0.004564,SPEI Stable
4798,Mahakali,99,29.025,80.125,True,-0.0844,0.0608,-0.2716,-0.3324,decreasing,0.029699886817119436,-0.1767,-0.009234,SPEI Drying
4799,Mohana,99,28.675,80.675,True,-0.1973,0.2254,-0.7427,-0.9681,decreasing,1.617495759553833e-08,-0.4584,-0.026061,SPEI Drying
4800,Mohana,99,28.675,80.575,True,-0.181,0.2351,-0.718,-0.9532,decreasing,7.997671414017304e-10,-0.4986,-0.026353,SPEI Drying
4801,Darma Yankti,99,30.275,80.575,True,0.042,0.1862,-0.1442,-0.3304,no trend,0.06627738005667694,-0.1493,-0.00893,SPEI Stable
4802,Lassar Yankti,99,30.325,80.475,True,0.0408,0.169,-0.1246,-0.2937,no trend,0.0841060449623876,-0.1404,-0.008907,SPEI Stable
4803,Darma Yankti,99,30.125,80.575,True,0.0283,0.4031,-0.4553,-0.8583,decreasing,0.0006859781461279191,-0.2757,-0.019124,SPEI Drying
4804,Sharda,99,30.025,80.725,True,-0.0715,0.2777,-0.5221,-0.7999,decreasing,0.0003020650627967303,-0.2934,-0.021269,SPEI Drying
4805,Sharda,99,29.825,80.475,True,-0.1389,0.1166,-0.4686,-0.5852,decreasing,0.0015947318689217838,-0.2563,-0.014874,SPEI Drying
4806,Goriganga,99,30.075,80.275,True,-0.0077,0.1327,-0.189,-0.3217,no trend,0.06199593189827901,-0.1517,-0.010299,SPEI Stable
4807,Mahakali,99,29.675,80.375,True,-0.1404,0.1032,-0.4546,-0.5578,decreasing,0.0025454382452223534,-0.2451,-0.017083,SPEI Drying
4808,Ramganga,99,29.725,80.125,True,-0.2212,-0.093,-0.3865,-0.2935,decreasing,0.001090518797528528,-0.2652,-0.018331,SPEI Drying
4809,Sarju,99,29.925,79.825,True,-0.165,-0.1124,-0.2328,-0.1204,decreasing,0.004522732528645879,-0.2306,-0.016201,SPEI Drying
4810,Sarju,99,29.675,79.925,True,-0.1984,-0.0462,-0.3947,-0.3485,decreasing,0.0004751366833488646,-0.2837,-0.018734,SPEI Drying
4811,Panar,99,29.475,80.025,True,-0.1626,0.0008,-0.3735,-0.3742,decreasing,0.0025454382452223534,-0.2451,-0.017307,SPEI Drying
4812,Sarju,99,29.525,80.075,True,-0.2097,-0.0463,-0.4205,-0.3741,decreasing,0.0017654777800719668,-0.2539,-0.018017,SPEI Drying
4813,Mahakali,99,30.125,80.875,True,-0.2066,0.1805,-0.706,-0.8865,decreasing,0.0004409976272403693,-0.2853,-0.016418,SPEI Drying
4814,Jaulaha,99,26.425,87.225,True,0.0065,0.0825,-0.0916,-0.1742,no trend,0.8581805908972016,0.0149,0.00097,SPEI Stable
4815,Keshaliya,99,26.475,87.275,False,,,,,,,,,No Data
4816,Singhyahi,99,26.375,87.325,True,-0.0238,0.0107,-0.0682,-0.0789,no trend,0.7432144452145957,0.027,0.001673,SPEI Stable
4817,Parman,99,26.325,87.475,True,-0.1575,-0.1099,-0.219,-0.1092,no trend,0.647919795360359,0.0374,0.002193,SPEI Stable
4818,Keshaliya,99,26.325,87.275,True,-0.0,0.0721,-0.0931,-0.1652,no trend,0.9920793227943283,0.0012,0.000145,SPEI Stable
4820,Bakra,99,26.375,87.575,True,-0.2539,-0.1049,-0.4462,-0.3413,no trend,1.0,0.0004,2.5e-05,SPEI Stable
4822,Parman,99,26.075,87.575,True,-0.2407,-0.2144,-0.2746,-0.0602,no trend,0.7357197884219144,0.0278,0.001364,SPEI Stable
4823,Keshaliya,99,26.125,87.475,True,-0.1917,-0.1597,-0.2331,-0.0735,no trend,0.7963229756501722,0.0213,0.001681,SPEI Stable
4824,Ratua,99,26.375,87.675,True,-0.2487,-0.0336,-0.5263,-0.4927,no trend,0.34058148871273164,-0.0777,-0.00411,SPEI Stable
4825,Panar,99,25.775,87.675,True,-0.148,-0.2116,-0.066,0.1456,no trend,0.5059696473025264,0.0543,0.003446,SPEI Stable
4826,Kankai,99,25.925,87.775,True,-0.1674,-0.1863,-0.143,0.0433,no trend,0.5850664269805577,0.0447,0.003397,SPEI Stable
4827,Mahananda,99,25.725,87.775,True,-0.1352,-0.2181,-0.0283,0.1898,no trend,0.45654714036538024,0.0608,0.003503,SPEI Stable
4828,Mahananda,99,25.525,87.775,True,-0.1125,-0.2465,0.0604,0.307,no trend,0.4505660066901904,0.0616,0.0041,SPEI Stable
4829,Mahananda,99,25.375,87.725,True,-0.1064,-0.3082,0.154,0.4621,no trend,0.2577573793672574,0.0922,0.005786,SPEI Stable
4830,Sui,99,25.625,87.975,True,-0.102,-0.2051,0.0311,0.2362,no trend,0.41562472802453176,0.0664,0.004825,SPEI Stable
4831,Kalindri,99,25.225,87.825,True,-0.1204,-0.4249,0.2725,0.6974,increasing,0.04934513064229651,0.1598,0.010977,SPEI Wetting
4832,Ganga,1,25.325,87.525,True,-0.0444,-0.2549,0.2271,0.4821,no trend,0.10142213968013314,0.1332,0.007681,SPEI Stable
4833,Kosi,99,25.575,87.525,True,-0.0765,-0.2001,0.083,0.2831,no trend,0.29266673111808905,0.0857,0.005837,SPEI Stable
4834,Ganga,1,25.425,87.475,True,-0.0506,-0.2332,0.1851,0.4183,no trend,0.10350991607723992,0.1324,0.008122,SPEI Stable
4835,Ganga,1,25.325,87.575,True,-0.1074,-0.2998,0.1409,0.4407,no trend,0.27922084058927155,0.0881,0.005789,SPEI Stable
4836,Ganga,1,25.225,87.775,True,-0.1231,-0.4123,0.2501,0.6623,no trend,0.06627738005667694,0.1493,0.010427,SPEI Stable
4837,Ganga,1,25.075,87.825,True,-0.1094,-0.4369,0.3132,0.7501,increasing,0.04285083553529989,0.1646,0.010781,SPEI Wetting
4838,Ganga,1,25.075,87.825,True,-0.1094,-0.4369,0.3132,0.7501,increasing,0.04285083553529989,0.1646,0.010781,SPEI Wetting
4839,Marai,99,24.975,87.625,True,-0.0579,-0.2538,0.1949,0.4487,no trend,0.5987876258427536,0.0431,0.003249,SPEI Stable
4840,Balasan,99,26.725,88.325,True,-0.2189,-0.0548,-0.4307,-0.3759,no trend,0.3257065131987469,-0.0801,-0.004876,SPEI Stable
4841,Mahananda,99,26.475,88.175,True,-0.2546,0.03,-0.6219,-0.6519,decreasing,0.00017507690203300008,-0.3046,-0.016521,SPEI Drying
4842,Mechi,99,26.425,88.075,True,-0.2554,0.0211,-0.6122,-0.6333,decreasing,0.0018884793193247873,-0.2523,-0.015684,SPEI Drying
4843,Mahananda,99,26.525,88.325,True,-0.2653,-0.0442,-0.5505,-0.5063,no trend,0.05794594785727014,-0.1541,-0.00964,SPEI Stable
4844,Mechi,99,26.425,87.925,True,-0.0557,0.3131,-0.5315,-0.8447,decreasing,0.00027973574491002573,-0.295,-0.017509,SPEI Drying
4845,Dahuk,99,26.275,88.125,True,-0.2095,0.0646,-0.5632,-0.6277,decreasing,0.004249107139573383,-0.2322,-0.014796,SPEI Drying
4846,Mechi,99,26.225,87.975,True,-0.0793,0.2236,-0.4702,-0.6938,decreasing,0.0007924634820457577,-0.2724,-0.015381,SPEI Drying
4847,Mahananda,99,26.325,88.075,True,-0.1919,0.1338,-0.6121,-0.7459,decreasing,0.00029069962558136986,-0.2942,-0.018397,SPEI Drying
4848,Mahananda,99,26.225,87.925,True,-0.0788,0.2072,-0.4479,-0.6552,decreasing,0.0022312015331427126,-0.2483,-0.014517,SPEI Drying
4850,Kankai,99,26.425,87.825,True,-0.0728,0.2385,-0.4745,-0.713,decreasing,0.003866748696732092,-0.2346,-0.013841,SPEI Drying
4851,Nagar,99,25.875,88.125,True,-0.08,-0.0572,-0.1094,-0.0522,no trend,0.827117687577857,0.0181,0.001311,SPEI Stable
4852,Sudhani,99,25.825,87.875,True,-0.1668,-0.2055,-0.1169,0.0886,no trend,0.37161442772025643,0.0728,0.004456,SPEI Stable
4853,Mahananda,99,26.025,87.825,True,-0.1627,-0.1036,-0.2389,-0.1353,no trend,0.8116839148720996,-0.0197,-0.001263,SPEI Stable
4854,Kankai,99,26.875,87.775,False,,,,,,,,,No Data
4855,Kankai,99,26.275,87.725,True,-0.2165,-0.0232,-0.4659,-0.4427,no trend,0.14723151128010192,-0.1179,-0.007286,SPEI Stable
4856,Kankai,99,26.125,87.725,True,-0.2319,-0.1935,-0.2814,-0.0878,no trend,0.8973146218766033,0.0109,0.000524,SPEI Stable
4857,Kosi,99,25.625,87.075,True,-0.0629,-0.0394,-0.0932,-0.0538,no trend,0.676718703048607,-0.0342,-0.002308,SPEI Stable
4858,Kosi,99,25.475,87.025,True,0.029,-0.0755,0.1639,0.2394,no trend,0.5316971675813358,0.0511,0.003348,SPEI Stable
4859,Kosi,99,25.475,86.975,True,-0.0876,-0.2228,0.0867,0.3095,no trend,0.23746612922486188,0.0962,0.006223,SPEI Stable
4860,Kosi,99,25.425,87.125,True,0.1163,-0.0671,0.353,0.4201,no trend,0.07557161289482539,0.1445,0.009972,SPEI Stable
4861,Kosi,99,25.775,87.225,True,-0.0992,-0.0855,-0.1167,-0.0312,no trend,0.9130439733339297,0.0093,0.00097,SPEI Stable
4862,Kosi,99,25.425,87.225,True,0.0662,-0.1149,0.2998,0.4147,no trend,0.0788965087955773,0.1429,0.009602,SPEI Stable
4863,Ganga,1,25.425,87.275,True,0.0671,-0.1293,0.3205,0.4498,no trend,0.08773125988967267,0.1388,0.010133,SPEI Stable
4864,Ganga,1,25.325,87.225,True,0.109,-0.1132,0.3958,0.509,increasing,0.017662659709503536,0.1928,0.011826,SPEI Wetting
4865,Ganga,1,25.575,87.325,True,-0.0369,-0.0789,0.0173,0.0961,no trend,0.8503922744984573,0.0157,0.000851,SPEI Stable
4866,Kosi,99,25.775,87.475,True,-0.125,-0.1692,-0.0681,0.1011,no trend,0.5987876258427536,0.0431,0.002705,SPEI Stable
4867,Lohra,99,25.225,87.275,True,0.1202,-0.1143,0.4228,0.5371,increasing,0.03200980884395954,0.1742,0.012314,SPEI Wetting
4868,Balasan,99,26.675,88.375,True,-0.2144,-0.0657,-0.4062,-0.3404,no trend,0.24950104916942317,-0.0938,-0.005622,SPEI Stable
4872,Bagmati,99,26.175,85.825,True,-0.2297,-0.0875,-0.4132,-0.3257,no trend,0.26195584123728466,-0.0913,-0.005493,SPEI Stable
4873,Balan,99,25.675,85.775,True,-0.1255,-0.0762,-0.189,-0.1128,no trend,0.8503922744984573,0.0157,0.000729,SPEI Stable
4875,Kamala,99,26.225,86.275,True,-0.3006,-0.2794,-0.3278,-0.0484,no trend,0.6622568124268424,-0.0358,-0.001661,SPEI Stable
4876,Kosi,99,26.075,86.025,True,-0.2668,-0.1844,-0.3731,-0.1886,no trend,0.6407995334718981,-0.0382,-0.002863,SPEI Stable
4877,Kosi,99,25.975,86.175,True,-0.294,-0.3164,-0.2651,0.0513,no trend,0.5714931653398074,0.0463,0.002893,SPEI Stable
4879,Kosi,99,25.825,86.375,True,-0.3036,-0.2619,-0.3574,-0.0954,no trend,0.803993983918406,0.0205,0.001562,SPEI Stable
4880,Bagmati,99,26.025,85.775,True,-0.2271,-0.0946,-0.3982,-0.3036,no trend,0.37161442772025643,-0.0728,-0.004257,SPEI Stable
4881,Burhi Gandak,99,25.975,85.675,True,-0.2261,-0.0942,-0.3963,-0.302,no trend,0.38776831898796127,-0.0704,-0.005404,SPEI Stable
4882,Bagmati,99,25.825,86.175,True,-0.2327,-0.2601,-0.1973,0.0628,no trend,0.4099608311090899,0.0672,0.003851,SPEI Stable
4883,Kosi,99,26.325,86.675,True,-0.1107,-0.1073,-0.115,-0.0077,no trend,0.8894646599057274,-0.0117,-0.000974,SPEI Stable
4884,Kosi,99,25.875,86.425,True,-0.2912,-0.2506,-0.3437,-0.0932,no trend,0.8894646599057274,0.0117,0.000703,SPEI Stable
4885,Kosi,99,25.725,86.475,True,-0.2159,-0.1858,-0.2549,-0.0691,no trend,0.7208063353199297,0.0294,0.001819,SPEI Stable
4886,Kosi,99,25.725,86.475,True,-0.2159,-0.1858,-0.2549,-0.0691,no trend,0.7208063353199297,0.0294,0.001819,SPEI Stable
4888,Kosi,99,25.825,86.775,True,-0.1479,-0.0416,-0.2851,-0.2434,no trend,0.40434307377687007,-0.068,-0.003971,SPEI Stable
4889,Kosi,99,25.875,86.475,True,-0.2714,-0.2056,-0.3562,-0.1506,no trend,0.7507335153518226,-0.0262,-0.001463,SPEI Stable
4891,Balan,99,26.475,86.525,True,-0.1908,-0.1074,-0.2983,-0.1909,no trend,0.4686422537687691,-0.0592,-0.003368,SPEI Stable
4892,Kosi,99,25.925,86.725,True,-0.1799,-0.0826,-0.3054,-0.2227,no trend,0.7059983246415333,-0.031,-0.001622,SPEI Stable
4893,Kosi,99,25.725,86.675,True,-0.1929,-0.1203,-0.2866,-0.1663,no trend,0.5514186979590701,-0.0487,-0.002964,SPEI Stable
4895,Kosi,99,25.675,86.675,True,-0.1899,-0.114,-0.2877,-0.1736,no trend,0.5448050803429232,-0.0495,-0.003079,SPEI Stable
4896,Kosi,99,25.625,86.575,True,-0.1754,-0.0842,-0.2931,-0.2089,no trend,0.3558846702088707,-0.0753,-0.004577,SPEI Stable
4897,Bagmati,99,25.575,86.575,True,-0.1604,-0.0949,-0.2449,-0.15,no trend,0.5714931653398074,-0.0463,-0.003165,SPEI Stable
4898,Kosi,99,25.575,86.725,True,-0.1358,-0.1024,-0.1788,-0.0764,no trend,0.6057025033624253,-0.0423,-0.002267,SPEI Stable
4900,Kosi,99,25.875,86.925,True,-0.129,-0.0279,-0.2595,-0.2316,no trend,0.49964167063568277,-0.0551,-0.003989,SPEI Stable
4901,Burhi Gandak,99,25.525,86.325,True,-0.1071,-0.1008,-0.1153,-0.0145,no trend,0.5514186979590701,0.0487,0.002523,SPEI Stable
4902,Kosi,99,25.475,86.775,True,-0.0238,-0.0729,0.0397,0.1126,no trend,0.9445989408361049,0.006,0.000208,SPEI Stable
4904,Kosi,99,26.725,87.075,False,,,,,,,,,No Data
4907,Bagmati,99,27.525,85.325,False,,,,,,,,,No Data
4910,Bagmati,99,27.275,85.475,False,,,,,,,,,No Data
4911,Bagmati,99,27.075,85.425,False,,,,,,,,,No Data
4913,Bagmati,99,26.925,85.325,False,,,,,,,,,No Data
4914,Lakhandei,99,26.675,85.475,True,-0.1511,-0.1114,-0.2023,-0.0909,no trend,1.0,-0.0004,-3e-06,SPEI Stable
4915,Jhim,99,26.625,85.625,True,-0.0777,-0.0089,-0.1666,-0.1577,no trend,0.9288074636400747,-0.0076,-0.000647,SPEI Stable
4916,Bagmati,99,26.725,85.325,True,-0.139,-0.1044,-0.1837,-0.0793,no trend,0.6622568124268424,-0.0358,-0.002483,SPEI Stable
4917,Burhi Gandak,99,26.725,85.125,True,-0.0145,-0.0432,0.0225,0.0657,no trend,0.8659827352061573,0.0141,0.0006,SPEI Stable
4918,Bakalya,99,26.975,85.225,False,,,,,,,,,No Data
4919,Bagmati,99,26.525,85.375,True,-0.1229,-0.1386,-0.1026,0.036,no trend,0.8193920555171392,0.0189,0.000762,SPEI Stable
4921,Bagmati,99,26.475,85.325,True,-0.1014,-0.1496,-0.0392,0.1103,no trend,0.5059696473025264,0.0543,0.003056,SPEI Stable
4922,Burhi Gandak,99,26.275,85.125,True,-0.0729,-0.1019,-0.0354,0.0665,no trend,0.676718703048607,0.0342,0.001795,SPEI Stable
4924,Bagmati,99,26.275,85.625,True,-0.146,-0.0465,-0.2744,-0.2278,no trend,0.5187510088374183,-0.0527,-0.004074,SPEI Stable
4925,Bagmati,99,26.175,85.525,True,-0.1773,-0.1042,-0.2717,-0.1674,no trend,0.438737876982112,-0.0632,-0.004581,SPEI Stable
4926,Rato,99,26.625,85.775,True,-0.1723,-0.0869,-0.2824,-0.1954,no trend,0.8348600876973751,0.0173,0.001087,SPEI Stable
4927,Mahara,99,26.675,85.775,True,-0.1723,-0.0869,-0.2824,-0.1954,no trend,0.8348600876973751,0.0173,0.001087,SPEI Stable
4929,Jamuni,99,26.625,85.875,True,-0.1828,-0.0284,-0.382,-0.3536,no trend,0.4505660066901904,-0.0616,-0.003626,SPEI Stable
4930,Jamuni,99,26.625,85.975,True,-0.2409,-0.0794,-0.4492,-0.3698,no trend,0.3456350347359809,-0.0769,-0.003184,SPEI Stable
4931,Kamala,99,26.425,85.975,True,-0.2272,-0.0571,-0.4466,-0.3895,no trend,0.26195584123728466,-0.0913,-0.005875,SPEI Stable
4932,Jamuni,99,26.525,85.825,True,-0.1717,-0.059,-0.3171,-0.2581,no trend,0.7059983246415333,-0.031,-0.001681,SPEI Stable
4933,Kamala,99,26.425,85.825,True,-0.1853,-0.0485,-0.362,-0.3135,no trend,0.5850664269805577,-0.0447,-0.003797,SPEI Stable
4934,Kamala,99,26.375,85.875,True,-0.1994,-0.0381,-0.4076,-0.3695,no trend,0.3932466602479614,-0.0696,-0.004896,SPEI Stable
4935,Kamala,99,26.275,85.875,True,-0.2193,-0.083,-0.3952,-0.3122,no trend,0.5514186979590701,-0.0487,-0.003046,SPEI Stable
4936,Kamala,99,26.775,86.175,False,,,,,,,,,No Data
4937,Kosi,99,26.275,85.975,True,-0.2467,-0.1313,-0.3957,-0.2645,no trend,0.5987876258427536,-0.0431,-0.002633,SPEI Stable
4938,Kamala,99,26.575,86.175,True,-0.3382,-0.1271,-0.6107,-0.4836,no trend,0.10778786193945145,-0.1308,-0.006568,SPEI Stable
4939,Kamala,99,26.525,86.175,True,-0.3287,-0.1217,-0.5958,-0.474,no trend,0.05537004269966195,-0.1557,-0.008028,SPEI Stable
4940,Kamala,99,26.525,86.275,True,-0.3164,-0.166,-0.5103,-0.3443,no trend,0.27922084058927155,-0.0881,-0.004582,SPEI Stable
4941,Kamala,99,26.475,86.225,True,-0.2931,-0.1424,-0.4875,-0.3451,no trend,0.2335471468870569,-0.097,-0.005404,SPEI Stable
4942,Kamala,99,26.475,86.275,True,-0.3068,-0.1875,-0.4607,-0.2732,no trend,0.29266673111808905,-0.0857,-0.005266,SPEI Stable
4946,Iwa,99,27.325,87.825,False,,,,,,,,,No Data
4953,Iwa,99,27.275,87.775,False,,,,,,,,,No Data
4955,Iwa,99,27.275,87.825,False,,,,,,,,,No Data
4965,Kosi,99,26.925,87.175,False,,,,,,,,,No Data
4966,Kosi,99,26.925,86.875,False,,,,,,,,,No Data
4968,Kamala,99,27.025,86.125,False,,,,,,,,,No Data
5077,Tangon,99,25.725,88.425,True,-0.045,-0.0982,0.0238,0.122,no trend,0.8581805908972016,0.0149,0.00126,SPEI Stable
5078,Tangan,99,25.225,88.325,True,-0.0332,-0.1759,0.1509,0.3268,no trend,0.2662013189563792,0.0905,0.00627,SPEI Stable
5080,Kuliki,99,25.725,88.175,True,-0.0969,-0.1095,-0.0807,0.0289,no trend,0.9525032428084219,0.0052,0.000311,SPEI Stable
5081,Mahananda,3,25.075,88.125,True,-0.101,-0.3673,0.2425,0.6098,no trend,0.06627738005667694,0.1493,0.010153,SPEI Stable
5082,Punarbhaba,2,24.875,88.275,True,-0.2285,-0.158,-0.3195,-0.1615,no trend,0.5919087714885272,-0.0439,-0.002565,SPEI Stable
5083,Hooghly,1,24.675,88.175,False,,,,,,,,,No Data
5084,Padma,1,24.275,88.725,True,-0.1543,-0.0966,-0.2287,-0.1321,no trend,0.6986354428998491,-0.0318,-0.001592,SPEI Stable
5085,Nagar,99,25.575,88.025,True,-0.0885,-0.2085,0.0662,0.2747,no trend,0.5123395447588517,0.0535,0.004253,SPEI Stable
5086,Nagri,99,25.425,88.075,True,-0.0444,-0.2287,0.1935,0.4222,no trend,0.1934395790262089,0.1058,0.006693,SPEI Stable
5087,Sudhani,99,25.725,87.875,True,-0.1223,-0.2127,-0.0056,0.2071,no trend,0.3987716292538952,0.0688,0.004878,SPEI Stable
5088,Nagri,4,25.275,88.075,True,-0.0351,-0.2789,0.2793,0.5582,no trend,0.07721948001899892,0.1437,0.008667,SPEI Stable
5089,Nagri,4,25.225,88.125,True,-0.073,-0.3192,0.2446,0.5638,no trend,0.07236197395720767,0.1461,0.011165,SPEI Stable
5090,Burhi Gandak,99,25.575,86.075,True,-0.1349,-0.1197,-0.1546,-0.0348,no trend,0.6407995334718981,0.0382,0.002482,SPEI Stable
5091,Balan,99,25.975,85.375,True,-0.1284,-0.0328,-0.2516,-0.2188,no trend,0.40434307377687007,-0.068,-0.00413,SPEI Stable
5092,Phalgu,99,25.375,85.425,True,-0.0708,0.0377,-0.2109,-0.2486,no trend,0.6986354428998491,-0.0318,-0.0025,SPEI Stable
5093,Phalgu,99,25.425,85.525,True,-0.0772,-0.0658,-0.0919,-0.0261,no trend,0.6266582636866325,0.0398,0.002561,SPEI Stable
5094,Ganga,1,25.525,85.425,True,-0.0822,-0.0052,-0.1817,-0.1765,no trend,0.6839950244742647,-0.0334,-0.001685,SPEI Stable
5095,Ganga,1,25.575,85.425,True,-0.1391,-0.0685,-0.2301,-0.1616,no trend,0.8973146218766033,-0.0109,-0.000695,SPEI Stable
5096,Ganga,1,25.525,85.775,True,-0.0367,-0.001,-0.0828,-0.0817,no trend,0.9367000897482891,0.0068,0.000331,SPEI Stable
5097,Ganga,1,25.375,86.125,True,-0.0018,-0.0061,0.0038,0.0099,no trend,0.36108062910799354,0.0744,0.004445,SPEI Stable
5098,Ganga,1,25.425,86.475,True,-0.1152,-0.1564,-0.062,0.0944,no trend,0.6839950244742647,0.0334,0.001677,SPEI Stable
5099,Ganga,1,25.375,86.575,True,0.0025,-0.0176,0.0285,0.046,no trend,0.5987876258427536,-0.0431,-0.002698,SPEI Stable
5100,Ganga,1,25.125,86.625,True,-0.0488,-0.0172,-0.0894,-0.0722,no trend,0.6337121751995711,-0.039,-0.003061,SPEI Stable
5101,Ganga,1,25.275,86.775,True,-0.0304,-0.0811,0.0351,0.1162,no trend,0.803993983918406,0.0205,0.001444,SPEI Stable
5103,Garkhe,2,25.275,86.275,True,-0.0771,-0.0633,-0.095,-0.0317,no trend,0.6839950244742647,0.0334,0.002178,SPEI Stable
5104,Champa,99,25.225,86.925,True,0.0514,-0.0573,0.1917,0.249,no trend,0.42709019490083033,0.0648,0.004448,SPEI Stable
5105,Ganga,1,25.175,86.775,True,-0.03,-0.0716,0.0238,0.0954,no trend,0.7208063353199297,0.0294,0.001662,SPEI Stable
5106,Ganga,1,25.275,86.875,True,0.0375,-0.0316,0.1266,0.1582,no trend,0.8973146218766033,0.0109,0.000505,SPEI Stable
5107,Ganga,1,25.325,86.975,True,0.0956,-0.0314,0.2595,0.2909,no trend,0.3932466602479614,0.0696,0.004782,SPEI Stable
5108,Ganga,1,25.275,87.125,True,0.13,-0.0855,0.4079,0.4934,increasing,0.03893529923561112,0.1678,0.011382,SPEI Wetting
5109,Chandan,99,25.075,86.975,True,0.0565,-0.0765,0.2283,0.3048,no trend,0.08959056933778209,0.138,0.007851,SPEI Stable
5110,Gahra,2,25.175,87.175,True,0.1743,-0.0806,0.5033,0.584,increasing,0.02183666536503792,0.1863,0.013175,SPEI Wetting
5111,Ganga,1,25.225,87.225,True,0.1424,-0.1023,0.4581,0.5604,increasing,0.023610104895327444,0.1839,0.012885,SPEI Wetting
5112,Ganga,1,25.275,87.225,True,0.1344,-0.0951,0.4306,0.5257,increasing,0.023005549011194892,0.1847,0.011232,SPEI Wetting
5113,Harna,99,24.875,87.175,True,0.0078,-0.0825,0.1244,0.2069,no trend,0.42709019490083033,0.0648,0.004378,SPEI Stable
5114,Tribani,99,24.825,87.075,True,-0.0119,-0.0856,0.0832,0.1688,no trend,0.5647631724211553,0.0471,0.003672,SPEI Stable
5115,Sunder,99,24.975,87.175,True,0.0372,-0.0945,0.2073,0.3018,no trend,0.3257065131987469,0.0801,0.005476,SPEI Stable
5117,Burhi Gandak,99,27.075,84.525,True,0.0982,0.2388,-0.0832,-0.3221,no trend,0.5514186979590701,-0.0487,-0.003714,SPEI Stable
5119,Burhi Gandak,99,26.925,84.925,True,0.0381,0.1002,-0.042,-0.1421,no trend,0.9841594261303772,-0.002,-0.000149,SPEI Stable
5120,Burhi Gandak,99,26.975,84.625,True,0.0715,0.1909,-0.0827,-0.2736,no trend,0.6407995334718981,-0.0382,-0.002356,SPEI Stable
5121,Dhanauti,99,26.625,84.875,True,-0.0345,0.0169,-0.1008,-0.1176,no trend,0.9841594261303772,0.002,0.000193,SPEI Stable
5123,Burhi Gandak,99,26.775,84.925,True,0.026,0.0501,-0.0052,-0.0553,no trend,0.7963229756501722,0.0213,0.001808,SPEI Stable
5124,Burhi Gandak,99,26.875,84.675,True,0.0267,0.161,-0.1465,-0.3075,no trend,0.40434307377687007,-0.068,-0.00507,SPEI Stable
5125,Burhi Gandak,99,26.975,84.475,True,-0.003,0.1953,-0.2589,-0.4542,no trend,0.2146399323202448,-0.101,-0.006965,SPEI Stable
5126,Burhi Gandak,99,26.725,84.925,True,0.0069,-0.0762,0.1141,0.1903,no trend,0.27483372753192903,0.0889,0.007038,SPEI Stable
5127,Burhi Gandak,99,26.925,84.625,True,-0.0148,0.1079,-0.1732,-0.2811,no trend,0.49964167063568277,-0.0551,-0.003291,SPEI Stable
5128,Burhi Gandak,99,26.775,84.825,True,0.0003,0.0208,-0.0263,-0.0471,no trend,0.7208063353199297,0.0294,0.001732,SPEI Stable
5129,Burhi Gandak,99,26.725,84.975,True,0.0159,-0.0477,0.0979,0.1455,no trend,0.438737876982112,0.0632,0.003905,SPEI Stable
5130,Jamni,99,26.825,85.025,True,0.0243,0.0637,-0.0266,-0.0903,no trend,0.9445989408361049,0.006,0.000284,SPEI Stable
5131,Burhi Gandak,99,26.675,85.025,True,-0.0137,-0.0243,-0.0001,0.0242,no trend,0.803993983918406,0.0205,0.001315,SPEI Stable
5132,Burhi Gandak,99,26.575,85.025,True,-0.0404,-0.0836,0.0154,0.0991,no trend,0.7208063353199297,0.0294,0.001601,SPEI Stable
5133,Ganga,1,25.625,85.175,True,-0.1566,0.1122,-0.5035,-0.6157,no trend,0.0841060449623876,-0.1404,-0.01015,SPEI Stable
5134,Kiul,99,24.825,86.175,True,-0.1237,-0.0112,-0.269,-0.2578,no trend,0.6550724087000999,-0.0366,-0.002835,SPEI Stable
5135,Kiul,99,24.925,86.225,True,-0.0799,-0.0182,-0.1594,-0.1411,no trend,0.9051746472382802,-0.0101,-0.000785,SPEI Stable
5136,Ulai,99,24.875,86.275,True,-0.1364,-0.0249,-0.2802,-0.2553,no trend,0.6337121751995711,-0.039,-0.002708,SPEI Stable
5137,Nakti,99,24.975,86.275,True,-0.1149,0.0013,-0.2647,-0.2659,no trend,0.5919087714885272,-0.0439,-0.002724,SPEI Stable
5138,Kiul,99,24.975,86.225,True,-0.1352,-0.0749,-0.213,-0.1382,no trend,0.8116839148720996,0.0197,0.001151,SPEI Stable
5139,Kiul,99,25.125,86.125,True,-0.0923,0.0839,-0.3196,-0.4035,no trend,0.22584723604104706,-0.0986,-0.005936,SPEI Stable
5140,Harohar,3,25.225,86.075,True,-0.0602,0.0388,-0.1879,-0.2267,no trend,0.7886715975821632,-0.0221,-0.0014,SPEI Stable
5141,Burhi Gandak,99,27.175,84.275,True,-0.0799,0.1837,-0.4201,-0.6037,no trend,0.1122046036929909,-0.1292,-0.010111,SPEI Stable
5142,Burhi Gandak,99,27.075,84.425,True,0.0143,0.1966,-0.2208,-0.4174,no trend,0.35073611533288473,-0.0761,-0.005691,SPEI Stable
5144,Paimar,99,24.925,85.375,True,-0.124,0.0931,-0.4042,-0.4974,no trend,0.22967423731825298,-0.0978,-0.007893,SPEI Stable
5145,Tilayia,99,24.875,85.425,True,-0.1187,0.0864,-0.3832,-0.4696,no trend,0.2146399323202448,-0.101,-0.007072,SPEI Stable
5146,Panchane,99,24.825,85.475,True,-0.1133,0.0873,-0.3721,-0.4594,no trend,0.22584723604104706,-0.0986,-0.007607,SPEI Stable
5147,Paimar,99,24.725,85.275,True,-0.2437,-0.0717,-0.4657,-0.394,no trend,0.31602819987913433,-0.0817,-0.005592,SPEI Stable
5148,Panchane,99,24.925,85.475,True,-0.0722,0.1176,-0.3172,-0.4348,no trend,0.33557552767093113,-0.0785,-0.005866,SPEI Stable
5149,Paimar,99,24.975,85.425,True,-0.0813,0.1438,-0.3716,-0.5153,no trend,0.1528532777368805,-0.1163,-0.009381,SPEI Stable
5150,Panchane,99,24.975,85.475,True,-0.0548,0.1416,-0.3082,-0.4498,no trend,0.27922084058927155,-0.0881,-0.006227,SPEI Stable
5151,Harohar,99,25.275,85.675,True,0.026,0.1264,-0.1035,-0.2299,no trend,0.5647631724211553,-0.0471,-0.003267,SPEI Stable
5152,Mohana,99,25.225,85.375,True,-0.0918,0.0769,-0.3095,-0.3864,no trend,0.30654064337907405,-0.0833,-0.006153,SPEI Stable
5153,Phalgu,99,25.075,85.275,True,-0.1228,0.0454,-0.3398,-0.3852,no trend,0.36108062910799354,-0.0744,-0.005238,SPEI Stable
5154,Phalgu,99,25.375,85.525,True,-0.1012,-0.1288,-0.0657,0.0631,no trend,0.6337121751995711,0.039,0.002722,SPEI Stable
5155,Sakri,99,24.925,85.725,True,-0.1198,0.1029,-0.4072,-0.5101,no trend,0.12146527225469161,-0.126,-0.007843,SPEI Stable
5156,Panchane,99,25.175,85.575,True,-0.0533,0.1517,-0.3177,-0.4694,no trend,0.19686192477076325,-0.105,-0.007676,SPEI Stable
5157,Harohar,99,25.325,85.825,True,0.0357,0.121,-0.0744,-0.1955,no trend,0.6550724087000999,-0.0366,-0.001847,SPEI Stable
5158,Phalgu,99,25.375,85.725,True,0.0262,0.0936,-0.0607,-0.1543,no trend,0.676718703048607,-0.0342,-0.002576,SPEI Stable
5159,Panchane,99,24.875,85.525,True,-0.1367,0.0929,-0.4328,-0.5257,no trend,0.12146527225469161,-0.126,-0.009502,SPEI Stable
5160,Harohar,99,25.275,85.925,True,-0.0148,0.0711,-0.1256,-0.1967,no trend,0.9288074636400747,-0.0076,-0.000439,SPEI Stable
5161,Harohar,99,25.175,85.975,True,-0.0915,0.0091,-0.2213,-0.2304,no trend,0.8894646599057274,-0.0117,-0.001066,SPEI Stable
5162,Chalki,99,24.625,85.875,True,-0.1084,0.0784,-0.3495,-0.4279,no trend,0.21833026536228317,-0.1002,-0.006544,SPEI Stable
5163,Kunda,99,24.575,85.925,True,-0.1618,0.0276,-0.4062,-0.4339,no trend,0.1500223115066952,-0.1171,-0.007706,SPEI Stable
5165,Harohar,3,25.025,85.875,True,-0.1412,0.0221,-0.3519,-0.374,no trend,0.45654714036538024,-0.0608,-0.004066,SPEI Stable
5167,Harohar,3,25.075,85.975,True,-0.1489,-0.0169,-0.3191,-0.3022,no trend,0.5714931653398074,-0.0463,-0.002973,SPEI Stable
5168,Harohar,3,25.175,85.975,True,-0.0915,0.0091,-0.2213,-0.2304,no trend,0.8894646599057274,-0.0117,-0.001066,SPEI Stable
5169,Garhi,99,24.325,85.075,True,-0.2772,-0.1758,-0.4079,-0.2321,no trend,0.3257065131987469,-0.0801,-0.004663,SPEI Stable
5170,Punpun,2,25.475,85.175,True,-0.113,0.0731,-0.353,-0.4261,no trend,0.18018680964047862,-0.1091,-0.007144,SPEI Stable
5171,Jam,99,24.275,84.825,True,-0.295,-0.2533,-0.3489,-0.0956,no trend,0.36632391174159107,-0.0736,-0.003551,SPEI Stable
5172,Lilajan,99,24.275,84.775,True,-0.2976,-0.2562,-0.3509,-0.0947,no trend,0.38776831898796127,-0.0704,-0.003886,SPEI Stable
5173,Gandak,99,27.575,84.325,False,,,,,,,,,No Data
5174,Gandak,99,27.575,84.125,False,,,,,,,,,No Data
5177,Gandak,99,27.575,84.475,False,,,,,,,,,No Data
5178,Gandak,99,27.525,84.025,False,,,,,,,,,No Data
5179,Gandak,99,27.575,83.975,False,,,,,,,,,No Data
5180,Gandak,99,27.525,83.925,False,,,,,,,,,No Data
5196,Kosi,99,27.125,86.725,False,,,,,,,,,No Data
5274,Sunder,99,25.025,87.225,True,0.0585,-0.137,0.3107,0.4477,no trend,0.1122046036929909,0.1292,0.008756,SPEI Stable
5275,Sunder,99,25.075,87.225,True,0.1141,-0.1063,0.3986,0.5049,no trend,0.06482394536115721,0.1501,0.01069,SPEI Stable
5276,Gahra,2,25.125,87.175,True,0.1839,-0.0667,0.5072,0.5739,increasing,0.020180292056269256,0.1887,0.013006,SPEI Wetting
5277,Chilkara,99,24.775,86.875,True,-0.0619,-0.1098,-0.0,0.1098,no trend,0.22967423731825298,0.0978,0.005973,SPEI Stable
7668,Mendha,99,26.925,74.925,True,0.0096,-0.0199,0.0476,0.0675,no trend,0.6196383329366708,0.0406,0.002787,SPEI Stable
7669,Mendha,99,26.975,75.025,True,-0.0268,-0.0581,0.0134,0.0715,no trend,0.7507335153518226,0.0262,0.00171,SPEI Stable
7670,Mendha,99,27.025,75.075,True,0.0087,-0.0026,0.0232,0.0259,no trend,0.9445989408361049,-0.006,-0.000381,SPEI Stable
7677,Mendha,99,27.175,75.175,True,0.02,0.008,0.0355,0.0275,no trend,1.0,0.0004,1.3e-05,SPEI Stable
7678,Mendha,99,27.125,75.175,True,-0.0089,-0.0254,0.0125,0.0379,no trend,0.9604122199612644,-0.0044,-0.000227,SPEI Stable
7679,Mendha,99,27.075,75.175,True,0.0121,0.0012,0.0262,0.025,no trend,0.842618527640413,0.0165,0.001093,SPEI Stable
7681,Mendha,99,26.775,74.825,True,0.021,-0.0392,0.0986,0.1378,no trend,0.5580715376134053,0.0479,0.003617,SPEI Stable
