name,state,address,local_river,river_name,seg_id,dist_deg,latitude,longitude,half_m,dam_length_m,capacity_m3,capacity_mcm,reservoir_area_m2,effective_storage_m3,osm_name
Kharagpur Lake Dam,Bihar,"Mani River, Munger, Bihar",Mani,,,,25.1358,86.525,26.53,221.04,16510000.0,16.51,3840000,16280000.0,
Nagi Dam,Bihar,"Nagi. River, Munger, Bihar",Nagi,,,,24.8208,86.3997,24.02,1884.0,10800000.0,10.8,4250000,9300000.0,
Kohira Dam,Bihar,"Kohira. River, Bhabua, Bihar",Kohira,,,,24.9808,83.4908,24.06,236.91,28330000.0,28.33,5260000,27440000.0,
Amrity Dam,Bihar,"Amrity. River, Jamui, Bihar",Amrity,,,,24.8892,86.1022,16.65,166.15,4920000.0,4.92,166000,4348000.0,
Badua Dam,Bihar,"Badua. River, Bhagalpur, Bihar",Badua,,,,24.8878,86.6458,56.66,457.32,128340000.0,128.34,11335000,109830000.0,
Srikhandi Dam,Bihar,"Srikhandi. River, Jamui, Bihar",Srikhandi,,,,24.8925,86.09,16.65,205.8,4920000.0,4.92,166000,4348000.0,
Kolmahadeo Dam,Bihar,"Kolmahadeo. River, Nawada, Bihar",Kolmahadeo,,,,24.7111,85.6617,25.2,152.0,5700000.0,5.7,570000,4700000.0,
Chandan Dam,Bihar,"Chandan. River, Bounsi, Bihar",Chandan,Chandan,2977.0,0.003371,24.6756,86.9225,49.38,1555.0,157230000.0,157.23,10810000,135740000.0,
Jalkund Dam,Bihar,"Jalkund. River, Munger, Bihar",Jalkund,,,,25.235,86.5358,15.99,631.1,3085000.0,3.085,690300,2776500.0,
Morway Dam,Bihar,"Morway. River, Munger, Bihar",Morway,,,,25.1325,86.2192,33.42,533.53,14570000.0,14.57,16200000,12370000.0,
Satgharwa (N.F) Dam,Bihar,"Satgharwa River, Munger, Bihar",Satgharwa,Lilajan,4556.0,0.00065,24.7281,85.0131,19.21,266.72,1830000.0,1.83,360000,1695000.0,
Job Dam,Bihar,"Job. River, Nawada, Bihar",Job,,,,24.68,85.5656,36.6,1616.0,12000000.0,12.0,2130000,11000000.0,
Kailash Ghati Dam,Bihar,"Kailash Ghati. River, Jamui, Bihar",Kailash Ghati,,,,24.8933,85.9256,31.5,183.0,3571000.0,3.571,1020000,3152000.0,
Nakti Dam,Bihar,"Nakti. River, Munger, Bihar",Nakti,,,,24.8531,86.4433,24.99,990.85,13970000.0,13.97,3640000,12870000.0,
Taracol (N.F) Dam,Bihar,"Tarakol River, Jamui, Bihar",Tarakol,,,,24.8361,85.9956,23.155,106.67,1049100.0,1.049,1092000,979000.0,
Baskund Dam,Bihar,"Baskund. River, Jamui, Bihar",Baskund,,,,25.0683,86.2167,17.68,67.07,1230000.0,1.23,600000,928000.0,
Upper Badua (N.F) Dam,Bihar,"Badua. River, Banka, Bihar",Badua,,,,24.8872,86.6458,16.92,1745.0,4520000.0,4.52,1063000,4260000.0,
Belharna Dam,Bihar,"Belharna. River, Bhagalpur, Bihar",Belharna,,,,24.8528,86.5608,30.1,411.58,15560000.0,15.56,2680000,14570000.0,
Phulwaria Dam,Bihar,"Tilaiya. River, Nawada, Bihar",Tilaiya,,,,24.5961,85.4928,32.98,1135.0,59340000.0,59.34,9635600,50740000.0,
Anjan Dam,Bihar,"Anjan. River, Jamui, Bihar",Anjan,,,,25.0339,86.2956,39.02,518.3,26680000.0,26.68,3440000,24710000.0,
Orhni Dam,Bihar,"Orhni. River, Banka, Bihar",Orhni,,,,24.8236,86.8122,32.0,686.0,51560000.0,51.56,2024000,44590000.0,
Bilashi Dam,Bihar,"Bilasi. River, Banka, Bihar",Bilasi,,,,24.9339,86.8547,31.4,168.29,32570000.0,32.57,5830300,28870000.0,
Upper Kiul Dam,Bihar,"Kiul. River, Jamui, Bihar",Kiul,Kiul,5134.0,0.00065,24.8094,86.0711,35.58,3673.0,98103000.0,98.103,12303000,84529000.0,
Barnar Dam,Bihar,"Barnar. River, Jamui, Bihar",Barnar,Barnar,2978.0,0.000165,24.6236,86.3242,76.75,282.7,80210000.0,80.21,3750000,70770000.0,
Durgawati Dam,Bihar,"Durgawati. River, Bhabua, Bihar",Durgawati,Karmanasa,3967.0,0.000354,24.8461,83.7231,46.3,1615.4,287700000.0,287.7,23413000,257500000.0,
Sindhwarni Dam,Bihar,"Mani River, Munger, Bihar",Mani,Ganga,5100.0,0.012935,25.1308,86.625,22.56,125.58,50060000.0,50.06,7000000,34260000.0,
Kharjir (Khajuri) Dam,Chhattisgarh,"Local River, Pal, Chhattisgarh",Local,,,,23.9325,83.5075,12.29,98.0,15130000.0,15.13,783000,14000000.0,
Jagannathpur T. Dam,Chhattisgarh,"Local River, Partabpur, Chhattisgarh",Local,,,,23.3706,83.1953,16.05,840.0,4116000.0,4.116,690000,3881000.0,
Dhab Dam,Chhattisgarh,"Local Nalla River, Pal, Chhattisgarh",Local Nalla,,,,24.0417,83.3822,12.8,504.0,155000.0,0.155,154000,121000.0,
Khunal(Khunsi) T Dam,Chhattisgarh,"Local River, Partabpur, Chhattisgarh",Local,,,,23.5531,83.2125,10.97,274.0,4740000.0,4.74,347000,4410000.0,
Pathargawan Dam,Chhattisgarh,"Local River, Baikunthpur, Chhattisgarh",Local,,,,23.4217,82.5944,15.31,428.0,1030000.0,1.03,230000,960000.0,
Chhota Palgi T. Dam,Chhattisgarh,"Local River, Ambikapur, Chhattisgarh",Local,,,,23.1519,83.0997,17.0,435.0,297000.0,0.297,64000,278000.0,
Ramchandrapur T. Dam,Chhattisgarh,"Local River, Pal, Chhattisgarh",Local,,,,23.9422,83.4931,14.2,355.0,1028000.0,1.028,274000,746000.0,
Chandra Nagar T. Dam,Chhattisgarh,"Local River, Ramchandra, Chhattisgarh",Local,,,,23.9419,83.4931,20.91,285.0,3414000.0,3.414,593000,2785000.0,
Parasrampur T. Dam,Chhattisgarh,"Garasili River, Surajpur, Chhattisgarh",Garasili,,,,23.1194,83.2658,20.7,1260.0,945000.0,0.945,164000,856000.0,
Barnai Reservior Dam,Chhattisgarh,"Barnai River, Ambikapur, Chhattisgarh",Barnai,,,,22.9008,83.1758,24.7,2010.0,1200000.0,1.2,1226000,1150000.0,
Batare Dam,Jharkhand,"Batare. River, Daltonganj, Jharkhand",Batare,,,,24.4297,84.1861,19.33,748.48,3160000.0,3.16,166610,2974700.0,
Baranadi Dam,Jharkhand,"Baranadi. River, Dumka, Jharkhand",Baranadi,,,,24.1178,87.4003,19.51,221.0,5640000.0,5.64,2110000,4555000.0,
Kairabani Dam,Jharkhand,"Dararika. River, Dumka, Jharkhand",Dararika,,,,24.1697,87.44,18.59,295.66,3550000.0,3.55,550000,3260000.0,
Temarain Dam,Jharkhand,"Temarain. River, Daltonganj, Jharkhand",Temarain,,,,23.9981,84.0031,12.8,503.05,1300000.0,1.3,340000,1220000.0,
Sunder Dam,Jharkhand,"Sunder. River, Godda, Jharkhand",Sunder,,,,24.9436,87.3908,35.67,1555.0,30890000.0,30.89,4970000,21623000.0,
Dhankai Dam,Jharkhand,"Dhankai. River, Daltonganj, Jharkhand",Dhankai,,,,24.2233,83.9564,10.55,811.0,855400.0,0.855,248575,790000.0,
Left Banki Dam,Jharkhand,"Left Banki. River, Garhwa, Jharkhand",Left Banki,,,,24.2306,83.4772,14.32,1500.0,5074300.0,5.074,474990,4749700.0,
Chatania Ghat Dam,Jharkhand,"Kuljhiri Nala. River, Garhwa, Jharkhand",Kuljhiri Nala,Panda,4612.0,0.015521,24.4508,83.5644,19.82,365.85,1680000.0,1.68,310000,1176000.0,
Buksa Dam,Jharkhand,"Buksa. River, Chatra, Jharkhand",Buksa,,,,24.2628,85.1553,18.78,2667.67,12340000.0,12.34,3160000,11110000.0,
Hiroo Dam,Jharkhand,"Hiroo. River, Chatra, Jharkhand",Hiroo,,,,24.1492,84.9339,18.3,971.0,6232000.0,6.232,1123810,5345000.0,
Pandarwa Dam,Jharkhand,"Pandarwa. River, Garhwa, Jharkhand",Pandarwa,,,,24.3161,83.4292,21.8,193.6,3814100.0,3.814,1070000,3530200.0,
Butan-Duba Dam,Jharkhand,"Butan-Duba. River, Daltonganj, Jharkhand",Butan-Duba,,,,23.9503,84.0864,22.56,365.85,3480000.0,3.48,630000,3248700.0,
Chirka Dam,Jharkhand,"Dhengura River, Garhwa, Jharkhand",Dhengura,,,,24.0083,83.6306,22.13,1046.34,6171600.0,6.172,1190000,5680300.0,
Danro Dam,Jharkhand,"Danro. River, Garhwa, Jharkhand",Danro,,,,24.0271,83.5543,22.38,1372.0,17218800.0,17.219,3360000,14811800.0,
Malay Dam,Jharkhand,"North Koel River, Daltonganj, Jharkhand",North Koel,,,,23.9186,84.2831,28.8,1714.2,,,3460000,,
Anraj Dam,Jharkhand,"Anraj. River, Garhwa, Jharkhand",Anraj,,,,24.0653,84.8181,27.74,731.71,30426100.0,30.426,3440000,26908300.0,
Babhani Khand Dam,Jharkhand,"Banki River, Garhwa, Jharkhand",Banki,,,,24.3014,83.5136,13.1,822.96,2314300.0,2.314,143631,2156400.0,
Sudhari Nala Dam,Jharkhand,"Sudhari Nala. River, Chatra, Jharkhand",Sudhari Nala,,,,24.3428,84.8786,16.46,396.34,1380000.0,1.38,44174,1110000.0,
Amanat Dam,Jharkhand,"Amanat. River, Daltonganj, Jharkhand",Amanat,Amanat,4593.0,0.001014,24.0075,84.5544,41.0,869.0,107190000.0,107.19,2100000,81450000.0,
Burhi Dam,Jharkhand,"Pathro River, Deoghar, Jharkhand",Pathro,,,,24.3572,86.5414,29.23,5760.0,249228571.0,249.229,71807,174460000.0,
Kanhar Dam,Jharkhand,"Kanhar River, Garhwa, Jharkhand",Kanhar,Kanhar,4611.0,0.000118,24.1228,83.2968,42.98,,574000000.0,574.0,435304,522000000.0,
Punasi Dam,Jharkhand,"Ajay River, Deoghar, Jharkhand",Ajay,,,,24.4783,86.5356,21.54,2133.6,149800000.0,149.8,24180000,113500000.0,
Tahlay Dam,Jharkhand,"Tahlay River, Daltonganj, Jharkhand",Tahlay,Tahle,4597.0,0.001367,24.0436,83.9578,15.0,,190000000.0,190.0,9274,153700000.0,
Torai Dam,Jharkhand,"Torai River, Pakur, Jharkhand",Torai,,,,24.6567,87.6172,24.4,647.7,248000000.0,248.0,4450000,21100000.0,
Batane Dam,Jharkhand,"Batare. River, Daltonganj, Jharkhand",Batare,,,,24.4275,84.2603,24.08,2012.2,678700000.0,678.7,13360000,59970000.0,
North Koel Dam,Jharkhand,"North Koel River, Garhwa, Jharkhand",North Koel,Batane,4543.0,0.000183,24.6044,84.2869,67.86,343.0,702000000.0,702.0,71200000,541500000.0,
Tekanpur Dam,Madhya Pradesh,"Chhachhundar Nadi River, Dabra, Madhya Pradesh",Chhachhundar Nadi,,,,26.005,78.2869,16.47,975.0,8293000.0,8.293,2780000,7438000.0,
Sarra Dam,Madhya Pradesh,"Katni River, Mairwara, Madhya Pradesh",Katni,,,,23.7458,80.4778,13.4,743.71,3378000.0,3.378,1010000,2763000.0,
Jawahargarh Dam,Madhya Pradesh,"Chamberi River, Sabalgarh, Madhya Pradesh",Chamberi,,,,26.1356,77.3083,10.67,1052.0,3823000.0,3.823,2183000,3433000.0,
Khanpura Dam,Madhya Pradesh,"Local River, Chachaura, Madhya Pradesh",Local,,,,24.2322,77.0336,14.45,720.0,4270000.0,4.27,1064500,3850000.0,
Dinora Dam,Madhya Pradesh,"Nanga Nala River, Karera, Madhya Pradesh",Nanga Nala,,,,25.4558,78.32,12.19,3109.0,2050000.0,2.05,1982081,1314000.0,
Antalwasa Dam,Madhya Pradesh,"Local River, Khachrod, Madhya Pradesh",Local,,,,23.33,75.2269,11.89,1560.0,5830000.0,5.83,2160000,4943000.0,
Lokpal Sagar Dam,Madhya Pradesh,"Ranj River, Panna, Madhya Pradesh",Ranj,,,,24.7219,80.21,19.52,2100.0,6340000.0,6.34,1010205,6262000.0,
Kamera Dam,Madhya Pradesh,"Local River, Sabalgarh, Madhya Pradesh",Local,,,,26.2383,77.4369,12.0,1584.0,3370000.0,3.37,1420000,3070000.0,
Jumnera Dam,Madhya Pradesh,"Local River, Javera, Madhya Pradesh",Local,,,,23.7819,79.5789,11.76,1165.0,1312000.0,1.312,90275,1280000.0,
Adner Dam,Madhya Pradesh,"Sino River, Karera, Madhya Pradesh",Sino,,,,25.5456,78.0781,12.2,1280.0,7440000.0,7.44,1880000,7193000.0,
Nagdagajora Dam,Madhya Pradesh,"Nagda Nadi River, Pichor, Madhya Pradesh",Nagda Nadi,,,,25.1539,78.2103,10.98,210.0,3580000.0,3.58,3580000,3191000.0,
Gorkha Bandha Dam,Madhya Pradesh,"Local River, Katni, Madhya Pradesh",Local,,,,23.8553,80.1933,11.74,1280.0,1250000.0,1.25,105430,1052000.0,
Chiraipani Dam,Madhya Pradesh,"Local River, Damoh, Madhya Pradesh",Local,,,,23.9114,79.6139,11.95,1575.0,2700000.0,2.7,460000,2517000.0,
Kheria Dam,Madhya Pradesh,"Local River, Gwalior, Madhya Pradesh",Local,,,,25.4731,78.2586,12.19,660.0,2945000.0,2.945,743900,2384000.0,
Pipreheta Dam,Madhya Pradesh,"Local River, Katni, Madhya Pradesh",Local,,,,23.6961,80.2372,11.9,109.72,2870000.0,2.87,1613000,2800000.0,
Jhaloni Dam,Madhya Pradesh,"Dhamvarsi Nala River, Pichor, Madhya Pradesh",Dhamvarsi Nala,,,,24.9572,78.1375,13.5,540.0,3864000.0,3.864,1730000,3793000.0,
Dhapora Dam,Madhya Pradesh,"Mahuar River, Pichhor, Madhya Pradesh",Mahuar,,,,25.0725,77.9639,12.5,1687.5,6234000.0,6.234,2030000,6154000.0,
Rajgarh Dam,Madhya Pradesh,"Local River, Shivpuri, Madhya Pradesh",Local,,,,25.3447,77.5992,10.37,640.0,2270000.0,2.27,640000,2260000.0,
Majhgawan Dam,Madhya Pradesh,"Local River, Hatta, Madhya Pradesh",Local,,,,23.8433,79.8281,14.88,1112.8,4050000.0,4.05,1022000,3846000.0,
Pillowa Dam,Madhya Pradesh,"Sank River, Morena, Madhya Pradesh",Sank,Sank,3362.0,0.002593,26.4514,78.1444,13.79,658.0,16930000.0,16.93,6712500,9645000.0,
Kotwal Dam,Madhya Pradesh,"Asan River, Morena, Madhya Pradesh",Asan,Asan,3366.0,0.000943,26.4886,78.1256,19.98,1158.0,91550000.0,91.55,18390000,90382000.0,
Khankuria Dam,Madhya Pradesh,"Local River, Chachawa, Madhya Pradesh",Local,,,,24.2753,76.9444,10.28,690.0,703000.0,0.703,220000,635000.0,
Jamakheri Dam,Madhya Pradesh,"Local River, Ashok Ngr., Madhya Pradesh",Local,,,,24.5889,77.7989,12.19,2790.0,4530000.0,4.53,1870000,4361000.0,
Keshopur Dam,Madhya Pradesh,"Local River, Mungawali, Madhya Pradesh",Local,,,,24.4822,77.9267,10.82,1432.0,2410000.0,2.41,107800,2369000.0,
Momanpura Dam,Madhya Pradesh,"Local River, Sonkach, Madhya Pradesh",Local,,,,22.9375,76.3925,11.0,1470.0,4230000.0,4.23,173000,4100000.0,
Bharoli Dam,Madhya Pradesh,"Local River, Ashok Ngr., Madhya Pradesh",Local,,,,24.8358,77.8075,12.19,1676.0,2070000.0,2.07,932000,1816000.0,
Mohari Dam,Madhya Pradesh,"Kenera Nadi River, Guna, Madhya Pradesh",Kenera Nadi,,,,24.6139,77.4089,12.2,1221.0,2670000.0,2.67,1094000,2363000.0,
Narola Dam,Madhya Pradesh,"Local River, Shajapur, Madhya Pradesh",Local,,,,23.4064,76.8108,10.02,2148.0,3240000.0,3.24,1354000,3087200.0,
Siloda Dam,Madhya Pradesh,"Jamdhar River, Shajapur, Madhya Pradesh",Jamdhar,,,,23.3056,76.7981,10.87,2225.0,4280000.0,4.28,2250000,3850000.0,
Govindgarh Dam,Madhya Pradesh,"Bihar Nadi River, Huzur, Madhya Pradesh",Bihar Nadi,,,,24.3797,81.2733,21.34,5230.0,11960000.0,11.96,3073000,9410000.0,
Harduamudar Dam,Madhya Pradesh,"Local River, Damoh, Madhya Pradesh",Local,,,,23.7708,79.5456,12.75,585.0,1590000.0,1.59,498000,1457000.0,
Mausandha Dam,Madhya Pradesh,"Ghatprabha River, Sihora, Madhya Pradesh",Ghatprabha,,,,23.7108,79.9192,11.93,1073.0,1393000.0,1.393,1000000,1236000.0,
Samarsingha Dam,Madhya Pradesh,"Local River, Guna, Madhya Pradesh",Local,,,,24.6553,77.1647,11.88,1380.0,6090000.0,6.09,2140000,5476000.0,
Amahi Dam,Madhya Pradesh,"Akhebarnadi River, Ashok Ngr., Madhya Pradesh",Akhebarnadi,,,,24.5194,77.6825,14.63,2700.0,11270000.0,11.27,3000000,10660000.0,
Rampur Dam,Madhya Pradesh,"Negi River, Guna, Madhya Pradesh",Negi,Parbati,3340.0,0.004973,24.7731,77.1719,24.38,1646.0,15038000.0,15.038,4337000,14184000.0,
Tigra Dam,Madhya Pradesh,"Sankh River, Gwalior, Madhya Pradesh",Sankh,Sank,3362.0,0.000377,26.2225,77.9997,,,,,15410812,,Tighra Dam
Harsi Dam,Madhya Pradesh,"Parwati River, Karera, Madhya Pradesh",Parwati,,,,25.7514,77.2319,29.26,2134.0,19267000.0,19.267,25230000,17902000.0,
Patharhatta Dam,Madhya Pradesh,"Local Nalla River, Sambalpur, Madhya Pradesh",Local Nalla,,,,24.5981,80.6958,17.37,1432.0,2695000.0,2.695,408000,2508000.0,
Chandapatha Dam,Madhya Pradesh,"Local River, Shivpuri, Madhya Pradesh",Local,,,,25.4339,77.7125,13.81,2145.0,7780000.0,7.78,2130000,7380000.0,
Baisly Dam,Madhya Pradesh,"Vaisali River, Gohad, Madhya Pradesh",Vaisali,Vaisali,3370.0,0.001953,26.4289,78.4297,12.19,2134.0,21678000.0,21.678,10700000,15056000.0,
Chhoti Deori Dam,Madhya Pradesh,"Bearona River, Hata, Madhya Pradesh",Bearona,,,,23.5642,79.7233,12.05,445.0,840000.0,0.84,826074,653000.0,
Lower Sakarwara Dam,Madhya Pradesh,"Patpara River, Sihora, Madhya Pradesh",Patpara,,,,23.78,79.8778,11.62,1097.0,3482000.0,3.482,407019,2437400.0,
Jaguwa Dam,Madhya Pradesh,"Bhader River, Murwara, Madhya Pradesh",Bhader,,,,23.7458,80.8744,13.26,1368.0,4810000.0,4.81,1470000,4507000.0,
Ratona Dam,Madhya Pradesh,"Local River, Sagar, Madhya Pradesh",Local,,,,23.8219,78.6617,10.08,1097.0,618000.0,0.618,170297,597000.0,
Chandia Nalla Dam,Madhya Pradesh,"Local River, Sambalpur, Madhya Pradesh",Local,,,,24.31,79.0511,23.0,310.0,6000000.0,6.0,921000,5790000.0,
Narayanpura Dam,Madhya Pradesh,"Local River, Sambalpur, Madhya Pradesh",Local,,,,24.5136,79.0689,10.0,1143.0,1357000.0,1.357,1345000,1281000.0,
Amadi Dam,Madhya Pradesh,"Amadi River, Murwara, Madhya Pradesh",Amadi,,,,23.8231,80.56,14.8,1280.0,6040000.0,6.04,812427,5621000.0,
Mala Dam,Madhya Pradesh,"Sun Nadi River, Damoh, Madhya Pradesh",Sun Nadi,,,,23.6961,79.7375,16.76,2518.0,19960000.0,19.96,2384290,16870000.0,
Godaghat Dam,Madhya Pradesh,"Local River, Hatta, Madhya Pradesh",Local,,,,23.795,79.8156,18.4,1740.0,4630000.0,4.63,1619000,4300000.0,
Depalpur Dam,Madhya Pradesh,"Banaria Nalla River, Depalpur, Madhya Pradesh",Banaria Nalla,,,,22.8711,75.5717,10.05,3240.0,22460000.0,22.46,8340000,13390000.0,
Ramova Dam,Madhya Pradesh,"Londra Nadi River, Gwalior, Madhya Pradesh",Londra Nadi,,,,26.1589,78.2233,21.33,384.0,12960000.0,12.96,8533000,12827000.0,
Aoda Dam,Madhya Pradesh,"Seep River, Sheopur, Madhya Pradesh",Seep,,,,25.515,76.7858,16.7,1158.0,55700000.0,55.7,8185000,45000000.0,
Kaketo Dam,Madhya Pradesh,"Parwati River, Pohri, Madhya Pradesh",Parwati,Parbati,3453.0,0.00297,25.8992,77.695,37.64,1047.0,80510000.0,80.51,8906900,79180000.0,
Jamonia Dam,Madhya Pradesh,"Local River, Sehore, Madhya Pradesh",Local,,,,23.24,77.1092,14.12,2160.0,12496000.0,12.496,3770000,11327000.0,
Lilgi Bund Bela Dam,Madhya Pradesh,"Lilgi Nalla River, Maihar, Madhya Pradesh",Lilgi Nalla,,,,24.2614,80.7369,13.7,2460.0,15150000.0,15.15,378945,14840000.0,
Yashvant Sagar Dam,Madhya Pradesh,"Gambhir River, Sanwer, Madhya Pradesh",Gambhir,Gambhir,3655.0,0.002593,22.8244,75.6939,18.0,1850.0,15963000.0,15.963,485500,14650000.0,
Konajhir Dam,Madhya Pradesh,"Local River, Sehore, Madhya Pradesh",Local,,,,23.1303,77.0481,11.07,1200.0,1035000.0,1.035,1140000,1005000.0,
Noonpani Dam,Madhya Pradesh,"Local River, Damoh, Madhya Pradesh",Local,,,,23.8703,79.5883,12.15,670.0,750000.0,0.75,209194,700000.0,
Sirsa Dam,Madhya Pradesh,"Koil River, Gwalior, Madhya Pradesh",Koil,,,,26.045,77.8831,11.89,780.0,7381000.0,7.381,278900,7206000.0,
Gopalpura Dam,Madhya Pradesh,"Local River, Garot, Madhya Pradesh",Local,Retam,3645.0,0.000817,24.3171,75.1798,18.9,792.48,5657000.0,5.657,2007000,5269000.0,
Poiadonger Dam,Madhya Pradesh,"Local River, Garot, Madhya Pradesh",Local,,,,24.2403,75.7464,19.26,751.0,2197000.0,2.197,107400,2061200.0,
Ghatera Dam,Madhya Pradesh,"Karnari River, Vidisha, Madhya Pradesh",Karnari,,,,23.5419,78.1111,14.6,1560.0,3580000.0,3.58,1041000,3481000.0,
Mola Dam,Madhya Pradesh,"Local River, Mungawali, Madhya Pradesh",Local,,,,24.3747,77.8775,25.0,667.57,13050000.0,13.05,2150000,11700000.0,
Kadodia Dam,Madhya Pradesh,"Local River, Taruna, Madhya Pradesh",Local,,,,23.5114,76.1439,10.06,840.0,1105000.0,1.105,337000,1065000.0,
Banda Bedra Dam,Madhya Pradesh,"Local River, N Garh, Madhya Pradesh",Local,Baen,4198.0,0.009346,23.7453,77.8075,12.2,731.32,2454000.0,2.454,717000,2429000.0,
Raipura Dam,Madhya Pradesh,"Local River, Sehore, Madhya Pradesh",Local,,,,23.2728,77.1147,10.3,1415.38,1307000.0,1.307,550000,1245000.0,
Sudra Dam,Madhya Pradesh,"Kuhynala River, Raisen, Madhya Pradesh",Kuhynala,,,,23.2508,77.7286,11.58,445.0,1646000.0,1.646,657000,1520000.0,
Dhamdhusar Dam,Madhya Pradesh,"Charua River, Goharganj, Madhya Pradesh",Charua,,,,23.0322,77.7014,10.05,1100.0,2577000.0,2.577,1108000,2435000.0,
Dahod Dam,Madhya Pradesh,"Bhoghvi River, Goharganj, Madhya Pradesh",Bhoghvi,,,,23.0322,77.4875,13.73,780.0,19364000.0,19.364,6040000,17665000.0,
Jalheridhana Dam,Madhya Pradesh,"Local River, Damoh, Madhya Pradesh",Local,,,,23.6206,79.6631,14.2,355.0,1000000.0,1.0,130350,720000.0,
Pipariya Jugraj Dam,Madhya Pradesh,"Gahira Nalla River, Damoh, Madhya Pradesh",Gahira Nalla,,,,23.6097,79.6653,11.27,797.0,510000.0,0.51,283000,430000.0,
Moti Nalla Dam,Madhya Pradesh,"Local River, Damoh, Madhya Pradesh",Local,,,,23.8072,79.8228,15.64,732.0,2900000.0,2.9,494000,1693000.0,
Jabera Dam,Madhya Pradesh,"Jamunha Nalla River, Damoh, Madhya Pradesh",Jamunha Nalla,,,,23.5583,79.7161,20.03,1587.0,4050000.0,4.05,1821000,3390000.0,
Morwan Dam,Madhya Pradesh,"Gameri River, Jawad, Madhya Pradesh",Gameri,,,,24.6306,75.0033,31.08,1133.85,16460000.0,16.46,3210000,15760000.0,
Lilgi Reservoir Dam,Madhya Pradesh,"Lilgi River, Maiha, Madhya Pradesh",Lilgi,,,,24.2619,80.7358,13.72,960.0,2209000.0,2.209,460000,2010000.0,
Satak Dam,Madhya Pradesh,"Satak River, Kasrawad, Madhya Pradesh",Satak,Chambal,3658.0,0.015593,23.0542,75.5383,25.0,1650.0,25610000.0,25.61,4530500,19860000.0,
Gandhi Sagar Dam,Madhya Pradesh,"Chambal River, Manasa, Madhya Pradesh",Chambal,,,,24.0828,75.5533,62.17,514.0,73220000.0,73.22,60000000,67974000.0,
Barrach Dam,Madhya Pradesh,"Local River, Panna, Madhya Pradesh",Local,,,,24.6208,80.1533,12.08,497.0,1588000.0,1.588,440000,1481000.0,
Tejgarh Dam,Madhya Pradesh,"Local River, Damoh, Madhya Pradesh",Local,,,,23.6081,79.4056,31.69,747.0,6790000.0,6.79,870000,5720000.0,
Singhpur Dam,Madhya Pradesh,"Local River, Nagod, Madhya Pradesh",Local,,,,24.7572,80.5581,12.2,1010.0,2771000.0,2.771,810000,2113000.0,
Harridih Dam,Madhya Pradesh,"Local River, Sohagpur, Madhya Pradesh",Local,Johilla,4372.0,0.008524,23.2414,81.0789,14.36,630.0,304000.0,0.304,1206000,272000.0,
Daroli Dam,Madhya Pradesh,"Kenkra Nalla River, Damoh, Madhya Pradesh",Kenkra Nalla,,,,23.3522,79.4114,22.08,1341.0,4860000.0,4.86,1433000,4600000.0,
Hathaikheda Dam,Madhya Pradesh,"Ajnar River, Bhopal, Madhya Pradesh",Ajnar,,,,23.2683,77.4978,17.1,1581.0,16277000.0,16.277,3130000,1524000.0,
Ram Sagar Dam,Madhya Pradesh,"Nicholi River, Datia, Madhya Pradesh",Nicholi,,,,25.6742,78.3992,13.41,474.0,5866000.0,5.866,2600000,5744000.0,
Goratal Dam,Madhya Pradesh,"Goratal River, Sambalpur, Madhya Pradesh",Goratal,,,,24.9719,79.4553,21.34,1341.0,11250000.0,11.25,8666000,11006000.0,
Chhuhiya Dam,Madhya Pradesh,"Local River, Mauganj, Madhya Pradesh",Local,,,,24.5783,81.81,12.1,645.0,568000.0,0.568,71165,546000.0,
Pdamasagar Dam,Madhya Pradesh,"Local River, Tikamgarh, Madhya Pradesh",Local,,,,25.0008,78.9519,14.38,137.0,1911000.0,1.911,366386,1341000.0,
Belgaon Dam,Madhya Pradesh,"Local Nalla River, Sambalpur, Madhya Pradesh",Local Nalla,,,,23.7297,79.7531,16.84,625.0,300000.0,0.3,80000,299000.0,
Madarkha Bandhi Dam,Madhya Pradesh,"Manyara River, Chhatarpur, Madhya Pradesh",Manyara,Urmal,4140.0,0.013294,25.0875,79.6,10.0,2130.0,1070000.0,1.07,400000,911000.0,
Chandania Dam,Madhya Pradesh,"Murna Nalla River, Sohagpur, Madhya Pradesh",Murna Nalla,,,,23.1808,81.3392,16.8,72.0,1228000.0,1.228,457200,1110000.0,
Jambar Dam,Madhya Pradesh,"Local River, Vidisha, Madhya Pradesh",Local,Halali,4192.0,0.015235,23.5506,77.755,11.2,330.0,1320000.0,1.32,708000,1260000.0,
Simrar Dam,Madhya Pradesh,"Simrar River, Murwara, Madhya Pradesh",Simrar,,,,23.7225,80.4258,25.6,498.7,12930000.0,12.93,4590000,12360000.0,
Nandanwara Dam,Madhya Pradesh,"Bargi Nadi River, Nivari, Madhya Pradesh",Bargi Nadi,,,,25.0769,78.7583,17.68,250.0,26795000.0,26.795,3196981,23760000.0,
Tehraka Dam,Madhya Pradesh,"Naina Nadi River, Nivari, Madhya Pradesh",Naina Nadi,,,,25.2881,78.9067,12.08,1860.0,5350000.0,5.35,725773,4790000.0,
Nagda Nalla Dam,Madhya Pradesh,"Nagda Nalla River, Tikamgarh, Madhya Pradesh",Nagda Nalla,,,,23.645,78.845,27.24,2866.0,1845000.0,1.845,6780000,1698000.0,
Bhitrigarh Dam,Madhya Pradesh,"Niwar River, Sihora, Madhya Pradesh",Niwar,,,,23.6247,80.4164,19.4,259.0,5250000.0,5.25,1090000,5022000.0,
Ratapani Dam,Madhya Pradesh,"Godmedi River, Goharganj, Madhya Pradesh",Godmedi,,,,22.95,77.6992,20.11,439.0,15146000.0,15.146,2930000,14580000.0,
Loni Dam,Madhya Pradesh,"Loni River, Teontha, Madhya Pradesh",Loni,,,,25.1381,81.5667,11.38,2379.0,4750000.0,4.75,1505678,3800000.0,
Geolari Dam,Madhya Pradesh,"Kalidoha Nadi River, Bijawar, Madhya Pradesh",Kalidoha Nadi,,,,24.2781,79.2356,19.44,579.0,1529000.0,1.529,319000,1435000.0,
Sidhi Dam,Madhya Pradesh,"Hirun River, Gopad Banas, Madhya Pradesh",Hirun,,,,24.36,81.8892,45.5,233.0,6863000.0,6.863,1020000,6367000.0,
Piploda Dam,Madhya Pradesh,"Piprada Nalla River, Pohri, Madhya Pradesh",Piprada Nalla,,,,25.7933,77.5014,21.03,580.18,4758000.0,4.758,1050000,4320000.0,
Sendpa Dam,Madhya Pradesh,"Gurda Nala River, Bijawar, Madhya Pradesh",Gurda Nala,,,,24.6089,79.3347,15.85,442.0,7950000.0,7.95,1741000,7470000.0,
Datla Dam,Madhya Pradesh,"Local River, Katni, Madhya Pradesh",Local,,,,23.7486,80.5689,36.18,408.4,7550000.0,7.55,2208000,7290000.0,
Semrakudri Dam,Madhya Pradesh,"Laipri Nala River, Murwara, Madhya Pradesh",Laipri Nala,,,,23.9719,80.18,10.66,1037.0,1610000.0,1.61,263431,680000.0,
Madan Sagar Dam,Madhya Pradesh,"Kulwara Nala River, Tikamgarh, Madhya Pradesh",Kulwara Nala,,,,25.7408,78.9986,18.28,960.0,12850000.0,12.85,2012354,12230000.0,
Kulwa Dam,Madhya Pradesh,"Local River, Hata, Madhya Pradesh",Local,,,,23.915,79.8197,10.76,585.0,620000.0,0.62,225000,551000.0,
Chhapari Dam,Madhya Pradesh,"Mod Nadi River, Sihora, Madhya Pradesh",Mod Nadi,,,,23.7003,79.9492,12.97,1219.0,1400000.0,1.4,234877,1273000.0,
Dumduma Dam,Madhya Pradesh,"Local River, Nivari, Madhya Pradesh",Local,,,,25.2456,78.7711,24.49,990.0,4160000.0,4.16,250831,1919000.0,
Makhani Dam,Madhya Pradesh,"Local River, Raisen, Madhya Pradesh",Local,Betwa,4194.0,0.018427,23.3911,77.7419,10.05,296.0,1000000.0,1.0,273000,939000.0,
Jawari Dam,Madhya Pradesh,"Jawari River, Sironj, Madhya Pradesh",Jawari,,,,24.0725,77.6728,12.0,450.0,1160000.0,1.16,357000,1059000.0,
Kasturipura Dam,Madhya Pradesh,"Local River, Rajgarh, Madhya Pradesh",Local,Ghora Pachhar,3589.0,0.008329,24.0594,76.9522,11.89,1051.56,999000.0,0.999,372000,932000.0,
Gwal Sagar Dam,Madhya Pradesh,"Local River, Tikamgarh, Madhya Pradesh",Local,,,,24.75,79.0631,20.73,137.0,10248000.0,10.248,2816000,10248000.0,
Anoo Dam,Madhya Pradesh,"Local River, Damoh, Madhya Pradesh",Local,,,,23.8317,79.5264,14.3,667.5,820000.0,0.82,159447,753000.0,
Barana Bamori Dam,Madhya Pradesh,"Local River, Jatara, Madhya Pradesh",Local,,,,25.0522,78.8192,11.9,780.0,1072000.0,1.072,1028762,686000.0,
Balwantpura Dam,Madhya Pradesh,"Local River, Tikamgarh, Madhya Pradesh",Local,,,,24.8383,79.0814,12.05,681.0,1732000.0,1.732,196888,1212400.0,
Jajone Dam,Madhya Pradesh,"Local River, Basoda, Madhya Pradesh",Local,,,,23.9156,78.1514,18.6,480.0,6880000.0,6.88,22590000,6331000.0,
Khurera Dam,Madhya Pradesh,"Burun Nala River, Tikamgarh, Madhya Pradesh",Burun Nala,,,,24.6692,79.1603,17.01,330.0,2666000.0,2.666,1074000,2398000.0,
Moonjwar Dam,Madhya Pradesh,"Local River, Shivpuri, Madhya Pradesh",Local,,,,25.8019,77.7192,13.71,810.0,5870000.0,5.87,1403920,5636000.0,
Burha Dam,Madhya Pradesh,"Burha River, Chhatarpur, Madhya Pradesh",Burha,,,,24.8392,79.6383,15.84,1410.0,10850000.0,10.85,4391000,10377000.0,
Bhonhari Dam,Madhya Pradesh,"Local River, Sagar, Madhya Pradesh",Local,,,,23.8222,78.9194,16.46,767.0,886000.0,0.886,150807,781000.0,
Kakarhai Dam,Madhya Pradesh,"Local River, Panna, Madhya Pradesh",Local,,,,24.4749,80.258,12.67,1440.0,618000.0,0.618,349022,564000.0,
Kanhaiya Dam,Madhya Pradesh,"Local River, Mauganj, Madhya Pradesh",Local,,,,24.5753,81.79,15.52,1200.0,1037000.0,1.037,322785,975000.0,
Padar Dam,Madhya Pradesh,"Local River, Mauganj, Madhya Pradesh",Local,,,,24.6081,81.8239,10.7,1509.0,1285000.0,1.285,408972,1200000.0,
Basia Feeder Dam,Madhya Pradesh,"Local River, Nowgaon, Madhya Pradesh",Local,,,,24.8797,79.0453,11.79,1440.0,1054000.0,1.054,926120,979000.0,
Madan Sagar Dam,Madhya Pradesh,"Ghatprabha River, Sambalpur, Madhya Pradesh",Ghatprabha,,,,25.0092,79.0386,10.7,1158.0,2580000.0,2.58,1801534,2440000.0,
Veer Sagar Dam,Madhya Pradesh,"Local River, Nivari, Madhya Pradesh",Local,,,,25.1864,78.6958,26.83,420.0,26150000.0,26.15,1209959,14460000.0,
Bankuiya Dam,Madhya Pradesh,"Local River, Muzur, Madhya Pradesh",Local,,,,24.5981,81.1875,10.45,1320.0,1290000.0,1.29,820000,1200000.0,
Chhaya Sagar Dam,Madhya Pradesh,"Local River, Satna, Madhya Pradesh",Local,,,,24.3078,81.1311,10.7,858.0,444000.0,0.444,180000,388000.0,
Jamuniya Rao Dam,Madhya Pradesh,"Local River, N Garh, Madhya Pradesh",Local,,,,23.6164,77.0208,10.05,1007.28,776000.0,0.776,300000,749000.0,
Bakiya Dam,Madhya Pradesh,"Local River, Sidhi, Madhya Pradesh",Local,,,,23.9761,81.9844,21.0,630.0,3718000.0,3.718,506000,3478000.0,
Kacheri Feeder Dam,Madhya Pradesh,"Local River, Bijawar, Madhya Pradesh",Local,,,,24.4378,79.3083,10.96,178.0,1105000.0,1.105,523000,975000.0,
Virhana Dam,Madhya Pradesh,"Local River, Satna, Madhya Pradesh",Local,Satna,4070.0,0.00345,24.6953,81.1506,18.3,762.0,3029000.0,3.029,920000,2879000.0,
Mauganj Dam,Madhya Pradesh,"Gora Nalla River, Mauganj, Madhya Pradesh",Gora Nalla,,,,24.6614,81.9178,17.72,1463.0,3819000.0,3.819,1396000,3400000.0,
Banchor Dam,Madhya Pradesh,"Arialkha River, Raisen, Madhya Pradesh",Arialkha,,,,23.2164,77.7636,19.65,310.0,7644000.0,7.644,1635000,7219000.0,
Kulgari Dam,Madhya Pradesh,"Durha River, Satna, Madhya Pradesh",Durha,,,,24.4769,80.7303,18.59,1437.0,9400000.0,9.4,1750000,8761000.0,
Budwa Dam,Madhya Pradesh,"Local River, Beohaei, Madhya Pradesh",Local,,,,24.1839,81.4167,30.45,558.0,9220000.0,9.22,2030000,8610000.0,
Chhapi Dam,Madhya Pradesh,"Chhapi River, Khilchipur, Madhya Pradesh",Chhapi,,,,24.0108,76.3819,17.08,1829.0,15740000.0,15.74,4825000,13530000.0,
Chhilar Dam,Madhya Pradesh,"Chiller River, Shajapur, Madhya Pradesh",Chiller,,,,23.3833,76.3,30.48,2866.0,34790000.0,34.79,8460000,31110000.0,
Dharam Sagar Dam,Madhya Pradesh,"Local River, Jatara, Madhya Pradesh",Local,,,,25.0325,79.1389,13.71,300.0,12090000.0,12.09,2127187,11890000.0,
Sarro Dam,Madhya Pradesh,"Dhonnai River, Gopad Banas, Madhya Pradesh",Dhonnai,,,,24.3656,82.0361,22.62,120.0,2780000.0,2.78,578000,2600000.0,
Akhajhiri Dam,Madhya Pradesh,"Akhajhiri Nalla River, Pichhor, Madhya Pradesh",Akhajhiri Nalla,,,,25.0344,77.8911,15.4,2055.0,11710000.0,11.71,4310000,9870000.0,
Koncha Dam,Madhya Pradesh,"Koncha River, Mungawali, Madhya Pradesh",Koncha,,,,24.3333,77.8544,29.87,3169.93,21650000.0,21.65,5380000,18810000.0,
Bila Dam,Madhya Pradesh,"Bilasi. River, Banda.., Madhya Pradesh",Bilasi,,,,24.2608,79.0283,30.02,1432.56,55700000.0,55.7,10740000,51980000.0,
Rajendra Sagar Dam,Madhya Pradesh,"Local River, Tikamgarh, Madhya Pradesh",Local,,,,24.6439,78.8614,14.02,2724.0,18460000.0,18.46,4597363,16990000.0,
Pondi Dam,Madhya Pradesh,"Local River, Sidhi, Madhya Pradesh",Local,,,,24.2853,82.0,15.34,488.0,2583000.0,2.583,120000,2423000.0,
Burlai Dam,Madhya Pradesh,"Local River, Shajapur, Madhya Pradesh",Local,,,,23.6544,76.2628,20.72,821.6,2860000.0,2.86,673000,2426000.0,
Madhwani (Ncfl) Dam,Madhya Pradesh,"Local River, Sidhi, Madhya Pradesh",Local,,,,24.2314,81.3178,15.43,438.0,3144000.0,3.144,790000,2727000.0,
Belha Dam,Madhya Pradesh,"Local River, Sidhi, Madhya Pradesh",Local,,,,24.1806,81.6617,23.77,312.0,36510000.0,36.51,975000,3396000.0,
Beniganj Dam,Madhya Pradesh,"Beni River, Chhatarpur, Madhya Pradesh",Beni,,,,24.7622,79.8786,22.3,3000.0,27580000.0,27.58,7620000,26220000.0,
Bandri Dam,Madhya Pradesh,"Local River, Sambalpur, Madhya Pradesh",Local,,,,24.0317,78.6181,12.0,1048.0,,,108742,,
Kankarpura Dam,Madhya Pradesh,"Local River, Mhow, Madhya Pradesh",Local,,,,22.5736,75.7275,10.67,810.0,623000.0,0.623,220000,583000.0,
Barodia Dam,Madhya Pradesh,"Local River, N Garh, Madhya Pradesh",Local,,,,23.6531,77.0444,12.19,2506.0,6223000.0,6.223,238000,5827000.0,
Nibuha Dam,Madhya Pradesh,"Local River, Sidhi, Madhya Pradesh",Local,,,,24.3625,82.0789,20.42,82.0,1789000.0,1.789,255000,1636000.0,
Fatehpur Dam,Madhya Pradesh,"Local River, Khilchipur, Madhya Pradesh",Local,,,,24.0361,76.4764,17.1,640.0,808000.0,0.808,257000,736000.0,
Amua Dam,Madhya Pradesh,"Local River, Amarpalan, Madhya Pradesh",Local,,,,24.3392,80.3322,10.36,811.0,1121000.0,1.121,349000,1001000.0,
Bisonia Dam,Madhya Pradesh,"Jwari Nadi River, Sironj, Madhya Pradesh",Jwari Nadi,,,,24.2708,77.7256,12.19,549.0,2094000.0,2.094,607000,1921000.0,
Bamraha Dam,Madhya Pradesh,"Local River, Sidhi, Madhya Pradesh",Local,Gopat,4331.0,0.0,24.0078,81.9303,14.0,298.0,4199000.0,4.199,761000,3954000.0,
Karmodia Dam,Madhya Pradesh,"Barna River, Raisen, Madhya Pradesh",Barna,,,,23.2778,77.7906,16.06,286.5,5288000.0,5.288,770000,4558000.0,
Atari Dam,Madhya Pradesh,"Gora Nalla River, Mauganj, Madhya Pradesh",Gora Nalla,,,,24.6281,81.9344,19.15,720.0,2265000.0,2.265,929000,1982000.0,
Bagha Nalla Dam,Madhya Pradesh,"Local River, Chhatarpur, Madhya Pradesh",Local,,,,24.6419,79.4611,10.82,1220.0,2323000.0,2.323,971000,2150000.0,
Amjhari Dam,Madhya Pradesh,"Local River, Gopad Banas, Madhya Pradesh",Local,,,,24.2425,81.6475,16.56,356.0,1345000.0,1.345,2170000,1246000.0,
Devendra Sagar Dam,Madhya Pradesh,"Sukta Nalla River, Panna, Madhya Pradesh",Sukta Nalla,,,,24.6375,80.36,18.0,3513.0,12850000.0,12.85,2460000,12080000.0,
Kethan Dam,Madhya Pradesh,"Kethan River, Sironj, Madhya Pradesh",Kethan,,,,24.095,77.6664,25.36,900.0,19157000.0,19.157,3690000,17574000.0,
S. Ashok Sagar Dam,Madhya Pradesh,"Halali River, Vidisha, Madhya Pradesh",Halali,Halali,4192.0,0.000424,23.5017,77.5511,29.56,945.0,25270000.0,25.27,52590000,22700000.0,
Hatupur Dam,Madhya Pradesh,"Local River, Panna, Madhya Pradesh",Local,,,,24.7864,80.4367,12.8,705.0,1240000.0,1.24,244244,1073000.0,
Jamunhai Dam,Madhya Pradesh,"Local River, Panna, Madhya Pradesh",Local,,,,24.6814,80.3058,16.02,1185.0,897000.0,0.897,350286,820000.0,
Asrar Dam,Madhya Pradesh,"Local River, Satna, Madhya Pradesh",Local,,,,23.9917,80.2542,10.5,1170.0,696000.0,0.696,192000,649000.0,
Deopur Dam,Madhya Pradesh,"Local River, Khilchipur, Madhya Pradesh",Local,,,,24.1511,77.6161,15.86,381.0,943000.0,0.943,229000,866000.0,
Ratheli Dam,Madhya Pradesh,"Local River, Bandhogarh, Madhya Pradesh",Local,,,,23.5039,80.9256,18.17,1290.0,950000.0,0.95,333000,916000.0,
Barkhedi Dam,Madhya Pradesh,"Sewan River, Sehore, Madhya Pradesh",Sewan,,,,23.1564,77.1239,18.18,792.68,1250000.0,1.25,347000,1158000.0,
Chiraha Dam,Madhya Pradesh,"Local River, Pawai, Madhya Pradesh",Local,,,,24.2711,80.1997,15.46,533.0,1245000.0,1.245,379000,1145000.0,
Sapahi Dam,Madhya Pradesh,"Local River, Gopad Banas, Madhya Pradesh",Local,,,,24.4097,82.0492,17.68,228.0,2200000.0,2.2,383000,2077000.0,
Chita Nalla Dam,Madhya Pradesh,"Local River, Tikamgarh, Madhya Pradesh",Local,,,,25.1267,78.9042,15.71,750.0,1033000.0,1.033,418000,893000.0,
Dhantoli Dam,Madhya Pradesh,"Local River, Dhar, Madhya Pradesh",Local,,,,22.7044,75.6556,14.89,450.0,2410000.0,2.41,558330,1700000.0,
Mau Dam,Madhya Pradesh,"Local River, Beohari, Madhya Pradesh",Local,,,,24.0592,81.3789,15.18,690.0,2089000.0,2.089,985000,1734000.0,
Latar Dam,Madhya Pradesh,"Magrani River, Anuppur, Madhya Pradesh",Magrani,,,,23.1444,81.9125,15.09,1380.0,3080000.0,3.08,1132880,2722000.0,
Kishanpura Dam,Madhya Pradesh,"Nulukhi Nala River, Depalpur, Madhya Pradesh",Nulukhi Nala,,,,22.6714,75.6503,13.3,950.0,2493000.0,2.493,1150000,2158000.0,
Ashok Nagar (Tulsi Sarovar) Dam,Madhya Pradesh,"Local River, Ashok Ngr., Madhya Pradesh",Local,,,,24.5833,77.7408,11.8,911.35,1593000.0,1.593,1181000,1206000.0,
Kerwan Dam,Madhya Pradesh,"Kerwan River, Huzur, Madhya Pradesh",Kerwan,,,,23.165,77.3711,22.6,396.5,25026000.0,25.026,4824000,22600000.0,
Simariya No.1 Dam,Madhya Pradesh,"Jamdiaro Nala River, Dabra, Madhya Pradesh",Jamdiaro Nala,,,,25.9911,77.9958,14.17,2610.0,4308000.0,4.308,9710000,4150000.0,
Ragura Dam,Madhya Pradesh,"Local River, Tikamgarh, Madhya Pradesh",Local,,,,24.7422,78.8147,12.05,1189.0,2840000.0,2.84,193327,2590000.0,
Nagda Dam,Madhya Pradesh,"Shipra River, Dewas, Madhya Pradesh",Shipra,,,,22.9083,76.0583,17.68,1590.0,2586000.0,2.586,80000,2328000.0,
Khitoli Dam,Madhya Pradesh,"Local River, Murwara, Madhya Pradesh",Local,,,,23.7025,80.8403,13.88,686.0,1600000.0,1.6,356000,1588000.0,
Rampa Dam,Madhya Pradesh,"Local River, Singrauli, Madhya Pradesh",Local,Mayar,4336.0,0.018718,23.9669,82.5017,15.83,990.0,1028000.0,1.028,435000,1000000.0,
Pondi Dam,Madhya Pradesh,"Local River, Javera, Madhya Pradesh",Local,Bearma,4290.0,1.7e-05,23.8286,79.6654,15.99,1128.0,3620000.0,3.62,648000,3130000.0,
Karhi Dam,Madhya Pradesh,"Kurali Nala River, Pawai, Madhya Pradesh",Kurali Nala,,,,24.2681,80.23,17.38,540.0,4760000.0,4.76,736000,4528000.0,
Somla Dam,Madhya Pradesh,"Local River, Karera, Madhya Pradesh",Local,,,,23.7831,78.6892,18.58,652.0,1630000.0,1.63,940000,1427000.0,
Datia Dam,Madhya Pradesh,"Kakli Nala River, Hata, Madhya Pradesh",Kakli Nala,,,,23.9339,79.6397,19.45,75.0,2700000.0,2.7,1120000,2440000.0,
Umargarh Dam,Madhya Pradesh,"Local River, Shahdol, Madhya Pradesh",Local,,,,24.0242,81.1642,26.85,180.0,900000.0,0.9,207000,,
Hirawar Dam,Madhya Pradesh,"Local River, Shahdol, Madhya Pradesh",Local,,,,24.0564,81.0942,13.14,575.0,1060000.0,1.06,376000,994100.0,
Kheria Punawali Dam,Madhya Pradesh,"Bahora Nala River, Karera, Madhya Pradesh",Bahora Nala,,,,25.4389,78.2681,10.82,1067.0,1800000.0,1.8,1000000,,
Bardha Dam,Madhya Pradesh,"Local River, Vidisha, Madhya Pradesh",Local,,,,23.8506,77.6061,11.0,1035.0,3010000.0,3.01,1078000,2813000.0,
Johila Dam,Madhya Pradesh,"Johila River, Anuppur, Madhya Pradesh",Johila,,,,22.7806,81.7408,30.28,1234.7,8530000.0,8.53,1420000,8000000.0,
Amrabad Dam,Madhya Pradesh,"Local River, Raisen, Madhya Pradesh",Local,,,,23.3036,77.8858,16.46,894.0,2650000.0,2.65,1466000,2480000.0,
Mansurwari Dam,Madhya Pradesh,"Sukchain Nalla River, Rehli, Madhya Pradesh",Sukchain Nalla,,,,23.4214,78.9731,24.58,945.0,13280000.0,13.28,1800000,12160000.0,
Bhaisawar Dam,Madhya Pradesh,"Khatiari River, Satna, Madhya Pradesh",Khatiari,,,,24.8164,80.7056,16.92,2165.0,9980000.0,9.98,1980000,9388000.0,
Kazikhedi Dam,Madhya Pradesh,"Kharkhara River, Ujjain, Madhya Pradesh",Kharkhara,,,,23.4925,75.6889,22.78,1419.0,7547000.0,7.547,6854000,6862000.0,
Imalia Dam,Madhya Pradesh,"Local River, Katni, Madhya Pradesh",Local,,,,23.9925,80.1875,10.28,899.0,616000.0,0.616,244000,518000.0,
Chitron Dam,Madhya Pradesh,"Local River, Shahdol, Madhya Pradesh",Local,,,,23.7319,81.4975,16.6,480.0,1110000.0,1.11,306460,932000.0,
Chikhali Dam,Madhya Pradesh,"Local River, Bhainsdehi, Madhya Pradesh",Local,,,,22.9492,77.5917,19.2,160.0,1682000.0,1.682,335000,1531000.0,
Sher Dam,Madhya Pradesh,"Local River, Sidhi, Madhya Pradesh",Local,,,,24.1642,81.82,17.0,180.0,3270000.0,3.27,506000,2997000.0,
Gyaraspura Dam,Madhya Pradesh,"Local River, Sehore, Madhya Pradesh",Local,,,,23.4342,77.1733,12.8,1127.76,3164000.0,3.164,787800,3114000.0,
Hedapura Dam,Madhya Pradesh,"Local River, N Garh, Madhya Pradesh",Local,,,,23.755,77.1211,13.8,953.0,2134000.0,2.134,862000,2060000.0,
Basni Dam,Madhya Pradesh,"Local River, Damoh, Madhya Pradesh",Local,,,,23.7628,79.3575,15.0,676.0,857000.0,0.857,1030000,793000.0,
Putliwar Dam,Madhya Pradesh,"Pihutiwar Nadi River, Shivpuri, Madhya Pradesh",Pihutiwar Nadi,,,,25.1508,78.1725,13.51,129.57,5250000.0,5.25,1494400,4950000.0,
Gonda Dam,Madhya Pradesh,"Local River, Nagod, Madhya Pradesh",Local,,,,24.7528,80.5136,11.0,823.0,480000.0,0.48,1620000,387000.0,
Bhaisakhedi Dam,Madhya Pradesh,"Kalisindh River, Ujjain, Madhya Pradesh",Kalisindh,,,,23.41,75.9469,17.72,1275.0,7560000.0,7.56,2510000,5110000.0,
Kanchan Dam,Madhya Pradesh,"Kancham River, Sidhi, Madhya Pradesh",Kancham,,,,24.1547,82.4531,,,,,2241561,,
Chhapani Dam,Madhya Pradesh,"Local River, Pushprajgarh, Madhya Pradesh",Local,,,,22.8828,81.5978,18.78,645.0,495000.0,0.495,140000,420000.0,
Gadaghat Dam,Madhya Pradesh,"Local River, Hatta, Madhya Pradesh",Local,,,,23.8075,79.8225,16.78,450.0,710000.0,0.71,240000,660000.0,
Buchki Dam,Madhya Pradesh,"Local River, Shahdol, Madhya Pradesh",Local,Johilla,4373.0,0.00558,23.5075,81.1639,17.15,432.0,960000.0,0.96,242000,875000.0,
Ambabarod Dam,Madhya Pradesh,"Local River, Agar, Madhya Pradesh",Local,,,,23.8397,75.4461,17.84,289.156,1017000.0,1.017,277000,911000.0,
Moliyakhedi Dam,Madhya Pradesh,"Local River, Susner, Madhya Pradesh",Local,Lakundar,3595.0,0.008438,23.9164,76.25,12.25,930.0,565000.0,0.565,300000,499210.0,
Sidoli Dam,Madhya Pradesh,"Local River, Shahdol, Madhya Pradesh",Local,,,,23.1872,81.7131,11.0,930.0,4825000.0,4.825,450000,3377500.0,
Katkiya Dam,Madhya Pradesh,"Local River, Indore, Madhya Pradesh",Local,Gambhir,3655.0,0.000778,22.8822,75.6908,12.46,1966.5,567000.0,0.567,464800,534000.0,
Gopaldas Dam,Madhya Pradesh,"Local River, Sidhi, Madhya Pradesh",Local,,,,24.3939,81.8706,12.2,870.0,1646000.0,1.646,836000,1459000.0,
Koyalkhedi Dam,Madhya Pradesh,"Local River, Ujjain, Madhya Pradesh",Local,,,,23.4489,75.9194,13.1,960.0,2675000.0,2.675,951000,2360000.0,
Naktora Dam,Madhya Pradesh,"Amra River, Maihar, Madhya Pradesh",Amra,,,,24.3272,80.7081,14.8,1290.0,3495000.0,3.495,1071000,3001000.0,
Chapper Dam,Madhya Pradesh,"Local River, Ashta, Madhya Pradesh",Local,,,,22.9897,76.8019,14.1,743.9,3794000.0,3.794,1160000,3544000.0,
Naharkheda Dam,Madhya Pradesh,"Local River, Susner, Madhya Pradesh",Local,,,,23.9097,76.0564,11.4,1425.0,1694320.0,1.694,1424500,1497000.0,
Pipliyakumar Dam,Madhya Pradesh,"Ban Ganga River, Agar, Madhya Pradesh",Ban Ganga,,,,23.7211,76.1031,25.87,894.0,11210000.0,11.21,2632000,10120000.0,
Amiya Bahadurpur Dam,Madhya Pradesh,"Gandhi River, Mahidpur, Madhya Pradesh",Gandhi,,,,23.6528,75.6914,18.9,1859.0,25230000.0,25.23,8146000,22350000.0,
Makroda Dam,Madhya Pradesh,"Negri River, Guna, Madhya Pradesh",Negri,,,,24.7267,77.2722,30.5,825.39,46593000.0,46.593,8470000,40983000.0,
Paronch Dam,Madhya Pradesh,"Paronch River, Pichhor, Madhya Pradesh",Paronch,,,,25.2694,78.1008,22.7,243.84,18980000.0,18.98,343530000,15710000.0,
Dudiyankhera Dam,Madhya Pradesh,"Local River, Banda.., Madhya Pradesh",Local,,,,24.3353,79.0836,21.09,801.0,2600000.0,2.6,190950,2450000.0,
Chidua Dam,Madhya Pradesh,"Local River, Satna, Madhya Pradesh",Local,,,,24.7794,80.5933,12.0,1060.0,1450000.0,1.45,116000,1392000.0,
Kalrewa Dam,Madhya Pradesh,"Local River, Damoh, Madhya Pradesh",Local,,,,23.8036,79.4875,11.68,570.0,1360000.0,1.36,220000,1275000.0,
Deopur Dam,Madhya Pradesh,"Local River, Khilchipur, Madhya Pradesh",Local,,,,24.0444,76.4722,15.31,603.0,920000.0,0.92,281000,817000.0,
Pongri Dam,Madhya Pradesh,"Local River, Sohagpur, Madhya Pradesh",Local,,,,23.3169,81.4308,15.65,570.0,906000.0,0.906,295000,815000.0,
Amanpura Dam,Madhya Pradesh,"Local River, Sambalpur, Madhya Pradesh",Local,,,,24.0578,76.4794,14.33,490.0,1001000.0,1.001,317500,882000.0,
Chithara Dam,Madhya Pradesh,"Local River, Raghuraj Nagar, Madhya Pradesh",Local,,,,24.8761,80.8544,13.02,720.0,1462000.0,1.462,417000,1370000.0,
Harithone Dam,Madhya Pradesh,"Local River, Pichhor, Madhya Pradesh",Local,,,,24.9822,78.0022,12.19,732.0,1000000.0,1.0,460000,992900.0,
Parshukhedi Dam,Madhya Pradesh,"Local River, Agar, Madhya Pradesh",Local,,,,23.7114,76.0378,14.24,510.0,1370000.0,1.37,505600,1212000.0,
Ichhawar Dam,Madhya Pradesh,"Ajnal River, Ichhwar, Madhya Pradesh",Ajnal,,,,23.0033,77.0194,14.47,1890.0,2090000.0,2.09,650000,1840000.0,
Marhi Dam,Madhya Pradesh,"Semra Nadi River, Devsar, Madhya Pradesh",Semra Nadi,,,,24.3322,82.3586,29.0,285.0,14243000.0,14.243,1470000,12770000.0,
Belhara Dam,Madhya Pradesh,"Mod Nadi River, Damoh, Madhya Pradesh",Mod Nadi,Bearma,4285.0,0.018061,23.4672,79.5078,12.53,1188.0,3500000.0,3.5,915000,3320000.0,
Jamunia Dam,Madhya Pradesh,"Modar Nala River, Damoh, Madhya Pradesh",Modar Nala,,,,23.7517,79.4089,14.06,1740.0,4210000.0,4.21,1620000,3920000.0,
Sahibkhedi Dam,Madhya Pradesh,"Surasa River, Ujjain, Madhya Pradesh",Surasa,,,,23.2478,75.8264,17.72,3450.0,12460000.0,12.46,3980000,10320000.0,
Jarmora Dam,Madhya Pradesh,"Jarmora Nalla River, Sirmaur, Madhya Pradesh",Jarmora Nalla,,,,24.8686,81.1681,17.54,2130.0,18770000.0,18.77,5000000,17550000.0,
Naren Dam,Madhya Pradesh,"Naren River, Basoda, Madhya Pradesh",Naren,,,,24.0228,77.7561,29.85,3567.0,18820000.0,18.82,8217000,18328000.0,
Bhawanipur Dam,Madhya Pradesh,"Chipaha Nadi River, Panna, Madhya Pradesh",Chipaha Nadi,,,,24.8383,80.5778,12.93,1116.0,250000.0,0.25,411636,210000.0,
Amlabardia Dam,Madhya Pradesh,"Local River, Agar, Madhya Pradesh",Local,,,,23.8661,75.9019,16.6,175.5,441000.0,0.441,141700,389400.0,
Amkoi Dam,Madhya Pradesh,"Murgwa Nalla River, Nagod, Madhya Pradesh",Murgwa Nalla,,,,24.4428,80.4992,14.3,1680.0,6290000.0,6.29,147000,5615000.0,
Kuari Dam,Madhya Pradesh,"Local River, Satna, Madhya Pradesh",Local,Tons,4066.0,0.001099,25.0344,81.7275,10.0,1110.0,1198000.0,1.198,198000,1102000.0,
Semarwar Dam,Madhya Pradesh,"Paniha River, Anuppur, Madhya Pradesh",Paniha,,,,24.065,81.8156,21.1,150.0,779000.0,0.779,205800,708000.0,
Sawsara Dam,Madhya Pradesh,"Local River, Rajgarh, Madhya Pradesh",Local,Ghora Pachhar,3589.0,0.0132,24.0828,76.9178,15.32,555.0,1226000.0,1.226,276840,1179000.0,
Malavar Dam,Madhya Pradesh,"Local River, Biaora, Madhya Pradesh",Local,,,,23.8353,77.0589,11.58,762.0,1081000.0,1.081,290000,1006000.0,
Deori Dam,Madhya Pradesh,"Local River, Khilchipur, Madhya Pradesh",Local,,,,23.9956,76.4997,14.97,556.0,1109000.0,1.109,355000,986000.0,
Charkhari Dam,Madhya Pradesh,"Shadol River, Beohari, Madhya Pradesh",Shadol,,,,24.0642,81.4014,20.34,465.0,1400000.0,1.4,480000,1279000.0,
Surkhi Dam,Madhya Pradesh,"Local River, Sagar, Madhya Pradesh",Local,,,,23.6375,78.8075,20.33,1170.0,3830000.0,3.83,627000,3470000.0,
Kudri Dam,Madhya Pradesh,"Local River, Shahdol, Madhya Pradesh",Local,,,,23.6722,81.5803,19.5,855.0,1700000.0,1.7,675000,1310000.0,
Dhabla Dewan Dam,Madhya Pradesh,"Local River, Sitamau, Madhya Pradesh",Local,,,,24.1367,75.7069,16.23,1249.68,2660000.0,2.66,891000,2300000.0,
Machhariya Dam,Madhya Pradesh,"Natyan Nalla River, Rehli, Madhya Pradesh",Natyan Nalla,,,,23.4231,78.2781,18.68,384.0,3270000.0,3.27,939000,3250000.0,
Devikheda Dam,Madhya Pradesh,"Local River, Tarana, Madhya Pradesh",Local,,,,23.4119,76.1422,21.33,701.0,6450000.0,6.45,1874000,5550000.0,
Kuda Dam,Madhya Pradesh,"Local River, Shivpuri, Madhya Pradesh",Local,,,,25.4997,77.3733,11.68,763.0,2330000.0,2.33,10290000,1973000.0,
Matuwa Dam,Madhya Pradesh,"Local River, Panna, Madhya Pradesh",Local,,,,24.6817,80.3061,12.35,660.0,1720000.0,1.72,350286,1568000.0,
Nando Dam,Madhya Pradesh,"Local River, Singrauli, Madhya Pradesh",Local,,,,23.9453,82.4511,30.72,878.0,800000.0,0.8,186000,730000.0,
Tikara Dam,Madhya Pradesh,"Masandhar River, Dindori, Madhya Pradesh",Masandhar,,,,23.0967,81.1342,20.76,518.0,889000.0,0.889,234000,824000.0,
Balua Dam,Madhya Pradesh,"Local River, Sidhi, Madhya Pradesh",Local,,,,24.0533,82.4739,18.98,780.0,1190000.0,1.19,235000,1081000.0,
Padrai Dam,Madhya Pradesh,"Local River, Sagar, Madhya Pradesh",Local,,,,23.7075,79.5022,16.54,630.0,1024000.0,1.024,240000,964000.0,
Bagan Dam,Madhya Pradesh,"Bagan River, Pushpraj Garh, Madhya Pradesh",Bagan,,,,22.98,81.6125,22.29,570.0,917000.0,0.917,280000,892000.0,
Godhanpattan Dam,Madhya Pradesh,"Local River, Anuppur, Madhya Pradesh",Local,,,,22.8647,81.8172,17.12,330.0,1240000.0,1.24,309000,1175000.0,
Akhetpur Dam,Madhya Pradesh,"Local River, Sheohari, Madhya Pradesh",Local,,,,24.0475,81.4517,16.05,358.0,1571428.0,1.571,315000,1100000.0,
Bahniakhedi Dam,Madhya Pradesh,"Berawari River, Shujal Pur, Madhya Pradesh",Berawari,,,,23.3672,76.8444,14.0,1050.0,1226000.0,1.226,371000,1112000.0,
Kumharwara Dam,Madhya Pradesh,"Local River, Katni, Madhya Pradesh",Local,,,,23.8142,80.1925,17.22,657.0,653000.0,0.653,372000,532000.0,
Lakhnoute Dam,Madhya Pradesh,"Local River, Jaisingh Nagar, Madhya Pradesh",Local,,,,23.6842,81.4778,17.1,420.0,1470000.0,1.47,464700,1340000.0,
Barkhedi Siloki Dam,Madhya Pradesh,"Local River, Susner, Madhya Pradesh",Local,,,,23.8428,76.1286,21.65,1410.0,3742000.0,3.742,1102000,3372000.0,
Doraha Dam,Madhya Pradesh,"Utawali River, Sehore, Madhya Pradesh",Utawali,,,,23.3967,77.1869,25.0,875.0,18060000.0,18.06,4959000,15580000.0,
Khameri Bagsari Dam,Madhya Pradesh,"Local River, Hata, Madhya Pradesh",Local,,,,23.845,79.7839,17.15,780.0,1480000.0,1.48,6315000,1378000.0,
Karmai Dam,Madhya Pradesh,"Local River, Sidhi, Madhya Pradesh",Local,Son,4374.0,0.009043,24.1386,81.3411,17.0,110.0,1408000.0,1.408,24684,1260000.0,
Khaikheda Dam,Madhya Pradesh,"Local River, Sehore, Madhya Pradesh",Local,,,,23.4567,77.1864,12.5,675.0,736000.0,0.736,232000,685000.0,
Shukhar Dam,Madhya Pradesh,"Local River, Sidhi, Madhya Pradesh",Local,,,,24.6378,82.4461,24.27,112.0,2099000.0,2.099,255000,1883000.0,
Motipura Dam,Madhya Pradesh,"Local River, Ujjain, Madhya Pradesh",Local,,,,23.34,75.7431,11.8,840.0,850000.0,0.85,269000,776000.0,
Dunguna Dam,Madhya Pradesh,"Narhikhar Nala River, Karera, Madhya Pradesh",Narhikhar Nala,,,,25.4586,78.0844,14.08,206.0,2350000.0,2.35,300000,1830000.0,
Lapti Dam,Madhya Pradesh,"Local River, Pushprajgarh, Madhya Pradesh",Local,,,,22.8458,81.7553,17.13,960.0,1508000.0,1.508,312000,1442000.0,
Tildha Dam,Madhya Pradesh,"Local River, Sidhi, Madhya Pradesh",Local,,,,24.1728,81.7314,20.84,609.6,1146000.0,1.146,320000,1026000.0,
Harratola Dam,Madhya Pradesh,"Butti River, Pushprajgarh, Madhya Pradesh",Butti,,,,22.9369,81.5656,21.03,405.0,1420000.0,1.42,372300,1230000.0,
Longerpura Dam,Madhya Pradesh,"Local River, Berasia, Madhya Pradesh",Local,,,,23.5972,77.5364,11.26,253.44,1316000.0,1.316,387000,1222000.0,
Guradia Roopchand Dam,Madhya Pradesh,"Local River, Ashta, Madhya Pradesh",Local,,,,22.9603,76.5683,10.97,1050.0,1725000.0,1.725,631000,1608000.0,
Moondla Dam,Madhya Pradesh,"Local River, Ichhwar, Madhya Pradesh",Local,,,,22.9369,76.9378,10.97,1127.76,1727000.0,1.727,650000,1589000.0,
Garra Dam,Madhya Pradesh,"Local River, Sidhi, Madhya Pradesh",Local,,,,23.9708,82.5922,15.8,465.0,1689000.0,1.689,685000,1655000.0,
Hirapur Dam,Madhya Pradesh,"Dehar Nadi River, Sagar, Madhya Pradesh",Dehar Nadi,,,,23.6153,78.7828,15.68,762.19,1588000.0,1.588,742000,1488000.0,
Bharra Dam,Madhya Pradesh,"Local River, Devsar, Madhya Pradesh",Local,Gopat,4335.0,0.010224,24.3847,82.2628,10.2,210.0,6210000.0,6.21,890000,5270000.0,
Sukha Nalla Dam,Madhya Pradesh,"Local River, Guna, Madhya Pradesh",Local,,,,24.7992,77.2806,15.61,450.0,2582000.0,2.582,1034000,2422000.0,
Pehsari Dam,Madhya Pradesh,"Mowar River, Gwalior, Madhya Pradesh",Mowar,,,,25.9656,77.7606,24.05,2150.0,44250000.0,44.25,4118922,16920000.0,
Dhangaon Dam,Madhya Pradesh,"Local River, Mandla, Madhya Pradesh",Local,,,,23.8472,80.6158,15.02,335.0,920000.0,0.92,170000,870000.0,
Silkheda Dam,Madhya Pradesh,"Local River, Sehore, Madhya Pradesh",Local,,,,23.5614,77.25,12.31,870.0,3070000.0,3.07,233000,2830000.0,
Chhewla Dam,Madhya Pradesh,"Mod Nadi River, Rehli, Madhya Pradesh",Mod Nadi,,,,23.4414,79.0019,18.0,465.0,1267000.0,1.267,277000,1207000.0,
Kandra Dam,Madhya Pradesh,"Local River, Mandla, Madhya Pradesh",Local,,,,23.6592,80.6167,14.17,500.0,1100000.0,1.1,278000,930000.0,
Majholi Dam,Madhya Pradesh,"Local River, Sidhi, Madhya Pradesh",Local,,,,24.045,82.6994,13.1,838.0,1029000.0,1.029,316000,970000.0,
Bharla Dam,Madhya Pradesh,"Local River, Ujjain, Madhya Pradesh",Local,,,,23.1208,75.8797,10.44,1320.0,1555000.0,1.555,478000,1113000.0,
Koka Dam,Madhya Pradesh,"Local River, Amarpatan, Madhya Pradesh",Local,,,,24.3033,81.2,22.9,222.0,3190000.0,3.19,492000,3058000.0,
Lolki Dam,Madhya Pradesh,"Local River, Susner, Madhya Pradesh",Local,,,,23.8858,76.1178,10.1,576.0,1350000.0,1.35,564000,1186000.0,
Harduapondi Dam,Madhya Pradesh,"Local River, Javera, Madhya Pradesh",Local,,,,23.6406,79.3686,12.98,616.0,2250000.0,2.25,5375000,2029000.0,
Bhouri Dam,Madhya Pradesh,"Local River, Sehore, Madhya Pradesh",Local,,,,23.2747,77.2794,13.35,1071.68,2430680.0,2.431,759000,2269680.0,
Kalyanpura Dam,Madhya Pradesh,"Mawal River, Berasia, Madhya Pradesh",Mawal,,,,23.7667,77.3261,11.33,900.0,2680000.0,2.68,934000,2440000.0,
Sanjay Sagar Dam,Madhya Pradesh,"Gomukh River, Guna, Madhya Pradesh",Gomukh,,,,24.3742,77.2383,31.82,630.0,37500000.0,37.5,4870000,35150000.0,
Gidwasan Dam,Madhya Pradesh,"Local River, Tikamgarh, Madhya Pradesh",Local,Pahuj,3363.0,0.003959,25.9192,78.6144,12.15,97.0,1530000.0,1.53,3404,1530000.0,
Ruthai (Gopi Krishna Sagar) Dam,Madhya Pradesh,"Chopan Nadi River, Guna, Madhya Pradesh",Chopan Nadi,Chopani,3779.0,0.000212,24.5472,77.2325,,,,,7140920,,
Hinouta Dam,Madhya Pradesh,"Local River, Satna, Madhya Pradesh",Local,,,,24.2922,81.2086,10.88,800.0,488000.0,0.488,132000,452000.0,
Basaura Dam,Madhya Pradesh,"Local River, Singrauli, Madhya Pradesh",Local,Mayar,4336.0,0.013216,23.9667,82.5403,12.8,516.0,866000.0,0.866,226000,818000.0,
Deora Malhani Dam,Madhya Pradesh,"Local River, Satna, Madhya Pradesh",Local,,,,24.3253,81.2414,12.0,890.0,1074000.0,1.074,260000,1045000.0,
Kodia Dam,Madhya Pradesh,"Local River, Niwas, Madhya Pradesh",Local,,,,23.1614,80.525,31.38,225.0,1250000.0,1.25,270000,1165000.0,
Kanari Dam,Madhya Pradesh,"Local River, Jaisinghnagar, Madhya Pradesh",Local,,,,23.7744,81.3528,14.41,1005.0,600000.0,0.6,320000,428000.0,
Barod Dam,Madhya Pradesh,"Local River, Raghogarh, Madhya Pradesh",Local,,,,24.2678,77.2847,15.93,680.0,1530000.0,1.53,397300,1448000.0,
Bhirata Dam,Madhya Pradesh,"Local River, Chhatarpur, Madhya Pradesh",Local,,,,24.9514,79.3819,10.56,950.0,881000.0,0.881,477000,813000.0,
Sohira Dam,Madhya Pradesh,"Local River, Sidhi, Madhya Pradesh",Local,,,,24.5028,82.3814,15.85,1020.0,2297000.0,2.297,754000,2097000.0,
Baliya Dam,Madhya Pradesh,"Local River, Singrauli, Madhya Pradesh",Local,,,,24.0869,82.5025,14.02,640.0,2554000.0,2.554,1022000,2330000.0,
Chanderi Dam,Madhya Pradesh,"Chamari River, Huzur, Madhya Pradesh",Chamari,,,,23.4083,77.3364,17.14,1954.5,7179000.0,7.179,1904000,5415000.0,
Ghorapachhar Dam,Madhya Pradesh,"Ghorapachhar Nalla River, Huzur, Madhya Pradesh",Ghorapachhar Nalla,,,,23.2772,77.5303,23.42,1841.0,12410000.0,12.41,2059000,11570000.0,
Barchar Dam,Madhya Pradesh,"Barchar River, Gopad Banas, Madhya Pradesh",Barchar,,,,24.0461,81.8967,28.4,546.0,17180000.0,17.18,3570000,16560000.0,
Sidhkhad Dam,Madhya Pradesh,"Local River, Tikamgarh, Madhya Pradesh",Local,,,,25.7228,78.7375,12.42,236.0,1825000.0,1.825,20880,1277500.0,
Vindhya Wasini Dam,Madhya Pradesh,"Local River, Tikamgarh, Madhya Pradesh",Local,,,,24.1744,79.1228,19.29,660.0,2580000.0,2.58,458112,1806000.0,
Karanpather Dam,Madhya Pradesh,"Local River, Pushprajgarh, Madhya Pradesh",Local,,,,22.9403,81.3294,19.42,450.0,410000.0,0.41,104500,360000.0,
Sarai Dam,Madhya Pradesh,"Local River, Niwas, Madhya Pradesh",Local,,,,23.2486,80.6061,14.32,640.0,680000.0,0.68,206000,648000.0,
Nainawad Dam,Madhya Pradesh,"Local River, Tarana, Madhya Pradesh",Local,,,,23.3731,76.2358,12.19,570.0,830000.0,0.83,234000,742000.0,
Tora Dam,Madhya Pradesh,"Local River, Pohri, Madhya Pradesh",Local,,,,25.6633,77.4742,15.24,1050.0,1450000.0,1.45,656000,1276000.0,
Tillar Dam,Madhya Pradesh,"Tillar River, Agar Malwa, Madhya Pradesh",Tillar,,,,23.5997,76.1092,26.54,2220.0,52197000.0,52.197,9752000,45270000.0,
Bhaijiya Dam,Madhya Pradesh,"Local River, Murwara, Madhya Pradesh",Local,,,,23.6311,80.5625,11.9,630.0,626000.0,0.626,51618,568000.0,
Silpari Dam,Madhya Pradesh,"Local River, Shahdol, Madhya Pradesh",Local,,,,23.4461,81.4419,17.21,1110.0,1357000.0,1.357,135000,1086000.0,
Kantoor Nalla Dam,Madhya Pradesh,"Mod Nadi River, Anuppur, Madhya Pradesh",Mod Nadi,,,,23.0758,81.6789,18.9,565.0,1028000.0,1.028,218000,982000.0,
Gurtara Dam,Madhya Pradesh,"Local River, Sohagpur, Madhya Pradesh",Local,,,,23.2683,81.4156,15.6,633.0,650000.0,0.65,229400,600000.0,
Butki Dam,Madhya Pradesh,"Local River, Anuppur, Madhya Pradesh",Local,Tipan,4378.0,0.001579,23.1261,81.71,13.9,535.0,980000.0,0.98,242000,875000.0,
Asawati Dam,Madhya Pradesh,"Local River, Garot, Madhya Pradesh",Local,,,,24.1772,75.5183,15.79,412.5,1035000.0,1.035,342890,879580.0,
Amjhar Dam,Madhya Pradesh,"Local River, Jaisinghnagar, Madhya Pradesh",Local,,,,23.6967,81.5592,13.94,768.0,1840000.0,1.84,345000,1579000.0,
Chateni Dam,Madhya Pradesh,"Local River, Shahdol, Madhya Pradesh",Local,Son,4375.0,0.017466,24.1639,81.2786,16.15,283.0,2700000.0,2.7,674000,2451000.0,
Laduna Dam,Madhya Pradesh,"Local River, Sitamau, Madhya Pradesh",Local,,,,23.9839,75.3439,15.85,1410.0,2963000.0,2.963,1164000,1812000.0,
Kankerkheda Dam,Madhya Pradesh,"Utawali River, Ichhwar, Madhya Pradesh",Utawali,,,,23.0931,77.0394,12.8,2040.0,4259000.0,4.259,1602000,4015000.0,
Kaliasote Dam,Madhya Pradesh,"Kaliasot River, Huzur, Madhya Pradesh",Kaliasot,Ajmar,4191.0,0.000377,23.1972,77.4075,67.08,1080.0,35887000.0,35.887,5295000,34410000.0,kaliasot dam
Birsinghpur Dam,Madhya Pradesh,"Johila River, Bandhogarh, Madhya Pradesh",Johila,Johilla,4372.0,0.000401,23.3244,81.0333,42.0,47.5,171000000.0,171.0,18500000,9000000.0,
Keeratwari Dam,Madhya Pradesh,"Ghatprabha River, Sambalpur, Madhya Pradesh",Ghatprabha,,,,25.8667,78.9667,11.58,2550.0,960000.0,0.96,7355,672000.0,
Tanda Dam,Madhya Pradesh,"Local River, Shujalpur, Madhya Pradesh",Local,,,,23.1928,76.4936,14.59,720.0,976200.0,0.976,350500,894200.0,
Baorikheda Dam,Madhya Pradesh,"Local River, Shajapur, Madhya Pradesh",Local,,,,24.246,76.0929,14.39,1545.0,1900000.0,1.9,817000,1740000.0,
Rampura Dam,Madhya Pradesh,"Local River, Panna, Madhya Pradesh",Local,,,,24.5789,80.0739,12.02,656.0,1627000.0,1.627,1498000,1498000.0,
Laxmikheda Dam,Madhya Pradesh,"Local River, Susner, Madhya Pradesh",Local,,,,23.805,76.1319,22.29,1230.0,4080000.0,4.08,1540000,3560000.0,
Mohini Pick-Up Weir Dam,Madhya Pradesh,"Sindh River, Narwar, Madhya Pradesh",Sindh,Sindh,3469.0,0.002224,25.6708,77.8861,36.0,2569.0,108810000.0,108.81,16243000,107110000.0,
Bachhlon Dam,Madhya Pradesh,"Ghatprabha River, Sambalpur, Madhya Pradesh",Ghatprabha,Bina,4174.0,0.000377,23.9228,78.29,15.32,1289.0,,,24611,,
Barnai Dam,Madhya Pradesh,"Local River, Sidhi, Madhya Pradesh",Local,,,,24.3786,81.8167,18.26,170.0,1661000.0,1.661,120000,1501000.0,
Johilli Dam,Madhya Pradesh,"Johilli River, Anuppur, Madhya Pradesh",Johilli,Johilla,4372.0,0.00015,23.38,81.0014,16.23,385.0,687000.0,0.687,150000,670000.0,
Girbi Dam,Madhya Pradesh,"Dhupsara River, Anuppur, Madhya Pradesh",Dhupsara,,,,22.9656,81.6658,17.24,342.0,1450000.0,1.45,271000,1338000.0,
Barbaspur Dam,Madhya Pradesh,"Mod Nadi River, Sohagpur, Madhya Pradesh",Mod Nadi,Johilla,4372.0,0.013135,23.3936,81.025,11.72,450.0,3110000.0,3.11,281000,2685000.0,
Maratha Dam,Madhya Pradesh,"Local River, Sidhi, Madhya Pradesh",Local,,,,24.1658,81.7178,16.6,315.0,1254000.0,1.254,313000,1173000.0,
Bohita Dam,Madhya Pradesh,"Kantoor River, Pushprajgarh, Madhya Pradesh",Kantoor,,,,22.895,81.6239,16.92,390.0,1796000.0,1.796,390000,1746000.0,
Bansichikhli Dam,Madhya Pradesh,"Local River, Damoh, Madhya Pradesh",Local,,,,23.3261,79.3181,16.07,579.0,2560000.0,2.56,601000,2360000.0,
Mehroi Dam,Madhya Pradesh,"Sone River, Bandhogarh, Madhya Pradesh",Sone,,,,23.9228,80.9381,20.79,808.25,5206000.0,5.206,1420000,4706000.0,
Jhirgiri Dam,Madhya Pradesh,"Jhirgiri Nalla River, Murwara, Madhya Pradesh",Jhirgiri Nalla,,,,23.6431,80.5731,14.35,1396.0,4690000.0,4.69,1475000,3930000.0,
Umrar Dam,Madhya Pradesh,"Umrar River, Umaria, Madhya Pradesh",Umrar,,,,23.4922,80.8239,27.76,995.0,18900000.0,18.9,3430000,16700000.0,
Mahuagaon Dam,Madhya Pradesh,"Local River, Sidhi, Madhya Pradesh",Local,,,,24.1131,81.9411,10.52,810.0,520000.0,0.52,100000,489000.0,
Purwa Dam,Madhya Pradesh,"Local River, Sidhi, Madhya Pradesh",Local,Tons,4074.0,0.014959,24.7936,81.2483,16.0,540.0,768000.0,0.768,119000,712000.0,
Nalajhiri Dam,Madhya Pradesh,"Local River, Biaora, Madhya Pradesh",Local,,,,24.0211,77.1117,13.41,604.0,1062000.0,1.062,336000,1030000.0,
Kalyanpur Dam,Madhya Pradesh,"Mawal River, Berasia, Madhya Pradesh",Mawal,,,,23.7658,77.3272,11.19,690.0,802000.0,0.802,405000,642000.0,
Agar Agari Dam,Madhya Pradesh,"Ajnar Nadi River, Biaora, Madhya Pradesh",Ajnar Nadi,,,,23.8022,77.0758,11.5,1676.0,2301000.0,2.301,855000,2108000.0,
Chinnod Dam,Madhya Pradesh,"Local River, Karera, Madhya Pradesh",Local,,,,25.4769,78.1889,15.51,465.0,2013000.0,2.013,920000,1668000.0,
Bhawanikheda Dam,Madhya Pradesh,"Local River, Basoda, Madhya Pradesh",Local,,,,23.8544,78.155,11.37,330.0,2450000.0,2.45,955000,2282000.0,
Garethia Dam,Madhya Pradesh,"Local River, Berasia, Madhya Pradesh",Local,,,,23.6711,77.5131,14.9,2438.42,14822000.0,14.822,5340000,12680000.0,
Gambhir (Phe) Dam,Madhya Pradesh,"Gambhir River, Bar Nagar, Madhya Pradesh",Gambhir,Gambhir,3655.0,0.000424,23.2081,75.635,32.0,1230.0,63720000.0,63.72,9900000,63720000.0,
Tons Barrage(Mpseb) Dam,Madhya Pradesh,"Tons. River, Satna, Madhya Pradesh",Tons,Asrawal,4069.0,0.001483,24.7036,81.1506,20.5,4855.0,35427000.0,35.427,22050000,31600000.0,
Umarhar Dam,Madhya Pradesh,"Local River, Sidhi, Madhya Pradesh",Local,,,,24.2117,82.3644,18.1,230.0,1225000.0,1.225,125000,1110000.0,
Govindpura Dam,Madhya Pradesh,"Local River, Raghogarh, Madhya Pradesh",Local,,,,24.0867,77.2767,16.43,526.0,797000.0,0.797,243100,760000.0,
Bori Dam,Madhya Pradesh,"Local River, Shajapur, Madhya Pradesh",Local,Lakundar,3594.0,0.016022,23.4039,76.2297,15.63,703.0,1147000.0,1.147,380000,1054000.0,
Jhamdhar Dam,Madhya Pradesh,"Local River, Gopad Banas, Madhya Pradesh",Local,,,,24.0639,81.8161,17.37,235.0,1522000.0,1.522,430000,1399000.0,
Korar Dam,Madhya Pradesh,"Local River, Sidhi, Madhya Pradesh",Local,,,,24.3558,81.9658,14.8,420.0,2019000.0,2.019,499000,1888000.0,
Bishanda Dam,Madhya Pradesh,"Bisandha River, Gopad Banas, Madhya Pradesh",Bisandha,,,,24.3806,81.9253,23.5,141.0,6539000.0,6.539,1020000,5983000.0,
Manikheda Dam,Madhya Pradesh,"Local River, Sehore, Madhya Pradesh",Local,,,,23.6611,77.2056,13.71,108.0,3808000.0,3.808,1156000,3502000.0,
Sahmsherpura Dam,Madhya Pradesh,"Puchi River, Biaora, Madhya Pradesh",Puchi,,,,23.8731,77.0892,16.1,915.0,7264000.0,7.264,1865000,6520000.0,
Shankarpur Dam,Madhya Pradesh,"Local River, Khandwa, Madhya Pradesh",Local,Lakundar,3594.0,0.00045,23.4958,76.2444,11.63,585.0,600000.0,0.6,274000,560000.0,
Mungatola Dam,Madhya Pradesh,"Local River, Anuppur, Madhya Pradesh",Local,Son,4105.0,0.009317,23.8939,81.2011,17.3,510.0,1457000.0,1.457,234000,1418000.0,
Upper Chraipani Dam,Madhya Pradesh,"Local River, Damoh, Madhya Pradesh",Local,,,,23.9036,79.6022,16.16,568.0,1280000.0,1.28,443000,1224000.0,
Larpur Dam,Madhya Pradesh,"Larpur Nalla River, Bhopal, Madhya Pradesh",Larpur Nalla,,,,23.1942,77.4786,16.1,93.0,6130000.0,6.13,3560000,6100000.0,
Thara Dam,Madhya Pradesh,"Local River, Chhatarpur, Madhya Pradesh",Local,,,,24.9022,79.685,12.05,396.0,135000.0,0.135,487000,94500.0,
Ganjari Dam,Madhya Pradesh,"Local River, Sidhi, Madhya Pradesh",Local,,,,24.0753,81.6569,15.8,450.0,2840000.0,2.84,520000,2547000.0,
Renjhai Dam,Madhya Pradesh,"Local River, Guna, Madhya Pradesh",Local,,,,25.7181,77.4639,17.68,1800.0,1910000.0,1.91,866700,1690000.0,
Budhna Nalla Dam,Madhya Pradesh,"Budhna River, Pichor, Madhya Pradesh",Budhna,,,,25.0131,78.0556,33.8,1980.0,15110000.0,15.11,2550000,13840000.0,
Bandia Nalla Dam,Madhya Pradesh,"Negri River, Guna, Madhya Pradesh",Negri,Parbati,3340.0,0.012742,24.7578,77.1847,25.55,1285.0,14760000.0,14.76,3104000,13430000.0,
Bairar Dam,Madhya Pradesh,"Local River, Pohri, Madhya Pradesh",Local,,,,25.7186,77.4653,11.33,1950.0,6450000.0,6.45,913036,5850000.0,
Guradiat Project Dam,Madhya Pradesh,"Local River, Sonkach, Madhya Pradesh",Local,,,,23.1669,76.3125,13.98,267.0,1031000.0,1.031,240000,811000.0,
Rupaniyakhal Dam,Madhya Pradesh,"Local River, Joura, Madhya Pradesh",Local,,,,23.795,75.1714,18.3,820.0,13570000.0,13.57,395980,11305000.0,
Guradia Surdas Dam,Madhya Pradesh,"Kalisindh River, Sonkach, Madhya Pradesh",Kalisindh,,,,23.1567,76.3036,16.58,425.0,3180000.0,3.18,532000,2911000.0,
Piplai Dam,Madhya Pradesh,"Local River, Raisen, Madhya Pradesh",Local,,,,23.2933,77.8247,17.04,418.0,1920000.0,1.92,347000,1800000.0,
Bamera Dam,Madhya Pradesh,"Halphal River, Bandhogarh, Madhya Pradesh",Halphal,,,,23.7775,80.9869,23.7,225.0,2830000.0,2.83,559000,2749000.0,
Mahuwa Khera Dam,Madhya Pradesh,"Local River, Sagar, Madhya Pradesh",Local,,,,23.7644,78.6492,11.8,1280.0,,,135021,,
Imlikheda Dam,Madhya Pradesh,"Local River, Shujalpur, Madhya Pradesh",Local,,,,23.3883,76.8592,11.7,1020.0,1519000.0,1.519,546000,1394000.0,
Jojharpur Dam,Madhya Pradesh,"Local River, Gairatganj, Madhya Pradesh",Local,,,,23.3544,78.1708,11.95,927.0,2730000.0,2.73,830000,2576000.0,
Mundri Dam,Madhya Pradesh,"Local River, Malhargarh, Madhya Pradesh",Local,,,,24.1875,75.1253,12.75,960.0,3554000.0,3.554,998000,2421000.0,
Lakhundar Dam,Madhya Pradesh,"Lakhunder River, Shajapur, Madhya Pradesh",Lakhunder,,,,23.2436,76.2578,20.42,2385.0,32150000.0,32.15,7800000,30650000.0,
Kathotia Dam,Madhya Pradesh,"Local River, Shahdol, Madhya Pradesh",Local,,,,23.4461,81.4419,10.6,600.0,1115000.0,1.115,96000,926000.0,
Pondi Dam,Madhya Pradesh,"Local River, Pushprajgarh, Madhya Pradesh",Local,,,,22.8717,81.7583,12.0,930.0,740000.0,0.74,106000,670000.0,
Ahilo Dam,Madhya Pradesh,"Local River, Sidhi, Madhya Pradesh",Local,,,,24.1753,82.0575,17.0,202.0,1460000.0,1.46,229000,1330000.0,
Deorikheda Dam,Madhya Pradesh,"Local River, Biaora, Madhya Pradesh",Local,,,,24.0175,77.1125,13.21,845.0,1330000.0,1.33,415000,1225000.0,
Sarwankheda Dam,Madhya Pradesh,"Local River, Mahidpur, Madhya Pradesh",Local,,,,23.5731,75.5506,12.19,870.0,1884000.0,1.884,828000,1760000.0,
Bagla Dam,Madhya Pradesh,"Local River, Khachrod, Madhya Pradesh",Local,Chambal,3658.0,0.019684,23.3592,75.4561,13.88,990.0,3500000.0,3.5,1023000,2950000.0,
Dudhi Dam,Madhya Pradesh,"Dudhi River, Narsinghgarh, Madhya Pradesh",Dudhi,,,,23.6647,76.9194,,1603.0,30770000.0,30.77,5700000,20810000.0,
Teergarh Dam,Madhya Pradesh,"Local River, Hatta, Madhya Pradesh",Local,,,,23.9642,79.7222,14.85,,7915000.0,7.915,354975,5540500.0,
Khadda Dam,Madhya Pradesh,"Kevatmara River, Beohari, Madhya Pradesh",Kevatmara,,,,23.9661,81.4672,26.13,1100.0,1625000.0,1.625,100000,1486000.0,
Semariya Dam,Madhya Pradesh,"Utaila River, Sohagpur, Madhya Pradesh",Utaila,,,,23.1828,81.3919,11.62,620.0,1008000.0,1.008,113000,980000.0,
Manki Dam,Madhya Pradesh,"Ghorapachhar Nalla River, Biaora, Madhya Pradesh",Ghorapachhar Nalla,,,,23.9083,77.0431,13.21,655.0,789000.0,0.789,260000,728000.0,
Phoodra Dam,Madhya Pradesh,"Local River, Ashta, Madhya Pradesh",Local,Newaj,3577.0,0.010573,23.1361,76.6083,11.43,892.0,1038000.0,1.038,365000,950000.0,
Tandikhurd Dam,Madhya Pradesh,"Local River, Rajgarh, Madhya Pradesh",Local,,,,24.0361,76.8294,18.79,718.0,1407000.0,1.407,620000,1256000.0,
Banskheda Dam,Madhya Pradesh,"Local River, Rajgarh, Madhya Pradesh",Local,,,,23.8319,76.7242,19.75,915.0,3484000.0,3.484,966800,3071000.0,
Piplyakala Dam,Madhya Pradesh,"Gunjari River, Khilchipur, Madhya Pradesh",Gunjari,,,,23.9744,76.4714,20.38,975.0,4824000.0,4.824,1200000,4174000.0,
Rajiv Sagar (Maksudangarh) Dam,Madhya Pradesh,"Bhader River, Leteri, Madhya Pradesh",Bhader,,,,24.0681,77.3114,27.19,700.0,17675000.0,17.675,2475000,16140000.0,
Bhaisatori Dam,Madhya Pradesh,"Sukait River, Guna, Madhya Pradesh",Sukait,,,,24.8717,77.1961,18.46,1350.0,8860000.0,8.86,2810000,8250000.0,
Chambleshwar Dam,Madhya Pradesh,"Rupa Nadi River, Manasa, Madhya Pradesh",Rupa Nadi,,,,24.6569,75.1697,16.01,2820.0,2030000.0,2.03,4085000,1310000.0,
Rajli Dam,Madhya Pradesh,"Rajali Nala River, Satna, Madhya Pradesh",Rajali Nala,,,,24.2733,81.1789,10.38,790.0,1468000.0,1.468,259000,1430000.0,
Deori Dam,Madhya Pradesh,"Local River, Shahdol, Madhya Pradesh",Local,Son,4374.0,0.003584,24.1475,81.3375,16.89,242.5,1400000.0,1.4,317000,980000.0,
Junapani Dam,Madhya Pradesh,"Local River, Garot, Madhya Pradesh",Local,,,,24.1625,75.6592,12.01,815.0,1580000.0,1.58,418000,1350000.0,
Ganeshpura Dam,Madhya Pradesh,"Local River, Rajgarh, Madhya Pradesh",Local,,,,24.1158,76.7781,16.4,536.0,2148000.0,2.148,719000,1787000.0,
Ghoghatpur Dam,Madhya Pradesh,"Local River, Khilchipur, Madhya Pradesh",Local,,,,24.1819,76.2733,20.3,435.0,3881000.0,3.881,730000,3358000.0,
Rajghat Sagar Dam,Madhya Pradesh,"Bebus River, Sagar, Madhya Pradesh",Bebus,Bewas,4147.0,0.000675,23.7244,78.7544,25.5,1680.0,96000000.0,96.0,17000000,80000000.0,
Madhar Dam,Madhya Pradesh,"Ghataprabha River, Kolaras, Madhya Pradesh",Ghataprabha,,,,25.0833,77.8178,16.11,690.0,12542856.0,12.543,1365939,8780000.0,
Parariya Dam,Madhya Pradesh,"Bijauri River, Chhatarpur, Madhya Pradesh",Bijauri,,,,24.7914,79.6103,11.15,,3580000.0,3.58,499594,2506000.0,
Padaria Dam,Madhya Pradesh,"Local River, Gairatganj, Madhya Pradesh",Local,,,,23.4231,78.2783,12.19,720.0,942000.0,0.942,276000,863000.0,
Sagonikala Dam,Madhya Pradesh,"Local River, Berasia, Madhya Pradesh",Local,,,,23.5681,77.4594,18.8,1005.0,2370000.0,2.37,733727,1659000.0,
Amalya Dam,Madhya Pradesh,"Local River, Sambalpur, Madhya Pradesh",Local,,,,24.0303,82.4142,21.0,288.0,3553000.0,3.553,399000,3217000.0,
Sehra Dam,Madhya Pradesh,"Local River, Sidhi, Madhya Pradesh",Local,,,,23.8317,81.7672,25.24,165.0,7730000.0,7.73,1263000,6969000.0,
Bhensrod Dam,Madhya Pradesh,"Local River, Shajapur, Madhya Pradesh",Local,,,,23.4158,76.5369,10.06,1860.0,2550000.0,2.55,1705000,2311000.0,
Mahendra Sagar Dam,Madhya Pradesh,"Local River, Tikamgarh, Madhya Pradesh",Local,,,,25.5069,76.7836,12.0,1210.0,,,2945000,,
Nanukhedi Dam,Madhya Pradesh,"Local River, Agar, Madhya Pradesh",Local,,,,23.6525,76.1367,22.18,808.0,1473000.0,1.473,476335,1473000.0,
Ghoora Dam,Madhya Pradesh,"Local River, Jatara, Madhya Pradesh",Local,,,,24.9683,79.9594,10.97,854.0,3499000.0,3.499,17264387,3123000.0,
Deep Sagar Dam,Madhya Pradesh,"Local River, Tikamgarh, Madhya Pradesh",Local,,,,24.9136,78.8661,12.02,400.0,1560000.0,1.56,436850,410000.0,
Deri Dam,Madhya Pradesh,"Gorar River, Tikamgarh, Madhya Pradesh",Gorar,,,,24.9022,79.2494,10.07,750.0,2370000.0,2.37,235078,1470000.0,
Katra Dam,Madhya Pradesh,"Ghatprabha River, Sambalpur, Madhya Pradesh",Ghatprabha,,,,24.19,80.2569,15.81,,2570000.0,2.57,117438,1799000.0,
Sadwa Dam,Madhya Pradesh,"Ghataprabha River, Bijawar, Madhya Pradesh",Ghataprabha,,,,24.4664,79.2797,20.48,387.0,1960000.0,1.96,69687,1372000.0,
Bagadih Dam,Madhya Pradesh,"Local River, Devsar, Madhya Pradesh",Local,,,,24.2275,82.3367,15.55,330.0,2005000.0,2.005,112000,1766000.0,
Pokharidul Dam,Madhya Pradesh,"Local River, Sidhi, Madhya Pradesh",Local,Gopat,4335.0,0.00065,24.2006,82.265,19.99,120.0,113000000.0,113.0,164000,79100000.0,
Lashuna Dam,Madhya Pradesh,"Local River, Shahdol, Madhya Pradesh",Local,,,,24.0583,81.0833,19.16,595.0,1579000.0,1.579,267000,1449000.0,
Chhotakidhar Dam,Madhya Pradesh,"Local River, Gopad Banas, Madhya Pradesh",Local,,,,23.9642,82.1303,14.17,1020.0,1070000.0,1.07,675000,695000.0,
Deori Dam,Madhya Pradesh,"Local River, Sidhi, Madhya Pradesh",Local,,,,24.1958,82.1347,18.25,360.0,4760000.0,4.76,1220000,4000000.0,
Jhirrya Dam,Madhya Pradesh,"Local River, Sidhi, Madhya Pradesh",Local,,,,24.0761,82.1372,23.57,560.0,9800000.0,9.8,1664000,8400000.0,
Haridi Dam,Madhya Pradesh,"Local River, Shahdol, Madhya Pradesh",Local,,,,23.2989,81.4447,13.0,691.0,2182000.0,2.182,6165000,2006000.0,
Kuni Dam,Madhya Pradesh,"Local River, Shahdol, Madhya Pradesh",Local,,,,23.4847,81.4522,10.2,870.0,2014000.0,2.014,7043000,1720000.0,
Barka Dam,Madhya Pradesh,"Local River, Sidhi, Madhya Pradesh",Local,,,,24.1736,82.1369,12.3,830.0,3770000.0,3.77,9475000,3450000.0,
Mithori Dam,Madhya Pradesh,"Local River, Shahdol, Madhya Pradesh",Local,,,,23.1825,81.3925,18.06,930.0,3599000.0,3.599,9730000,3259000.0,
Mahan Dam,Madhya Pradesh,"Mahan River, Gopad Banas, Madhya Pradesh",Mahan,Banas,4354.0,0.002917,24.22,81.5447,46.0,182.5,104000000.0,104.0,16885000,100000000.0,
Ban Sagar Dam,Madhya Pradesh,"Sone. River, Amarpatan, Madhya Pradesh",Sone,Son,4375.0,0.00232,24.1856,81.2878,67.5,405.0,6370000000.0,6370.0,519874041,5430000000.0,Bansagar Dam
Mudiakheri Dam,Madhya Pradesh,"Local River, Gairatganj, Madhya Pradesh",Local,,,,23.3494,78.1086,18.1,716.0,4736000.0,4.736,815000,4408000.0,
Nandkho Dam,Madhya Pradesh,"Local River, Raisen, Madhya Pradesh",Local,,,,23.2508,77.7286,15.41,273.0,920000.0,0.92,265000,854000.0,
Jhikri Dam,Madhya Pradesh,"Local River, Sehore, Madhya Pradesh",Local,,,,22.9378,76.3928,11.43,782.0,1327000.0,1.327,420000,1225000.0,
Rajsamand Dam,Rajasthan,"Chambal River, Rajsamand, Rajasthan",Chambal,Gomti,3708.0,0.005691,25.0611,73.9006,39.2,5585.05,107150000.0,107.15,18144000,98650000.0,
Swaroop Sagar Dam,Rajasthan,"Sisarma River, Girwa, Rajasthan",Sisarma,Ahar,3750.0,0.016908,24.5917,73.6853,22.0,660.0,136800000.0,136.8,4180000,9000000.0,
Hingonia Dam,Rajasthan,"Bandi River, Dudu, Rajasthan",Bandi,Mashi,3399.0,2.4e-05,26.7814,75.4603,19.2,1950.0,7500000.0,7.5,52638,7500000.0,
Chandrana Dam,Rajasthan,"Banganga River, Dausa, Rajasthan",Banganga,Banganga,3398.0,0.001155,26.9814,76.2306,18.3,3791.0,4920000.0,4.92,4380000,4920000.0,
Kharad Dam,Rajasthan,"Banganga River, Jamwaramgarh, Rajasthan",Banganga,,,,27.0986,76.1303,29.5,327.8,9190000.0,9.19,2790000,9190000.0,
Kalakh Sagar Dam,Rajasthan,"Bandi River River, Phulera, Rajasthan",Bandi River,Mashi,3417.0,0.001517,26.9764,75.4522,18.85,274.0,20660000.0,20.66,5595000,16500000.0,
Tordi Sagar Dam,Rajasthan,"Sohadra River, Todaraisingh, Rajasthan",Sohadra,Sohadra,3428.0,4.7e-05,26.2115,75.4169,14.1,1722.0,47140000.0,47.14,15000000,47100000.0,
Madho Sagar Dam,Rajasthan,"Banganga River, Sakrai, Rajasthan",Banganga,,,,26.8422,76.6506,23.77,274.0,22610000.0,22.61,7084000,22500000.0,madho sagar bandh
Fateh Sagar Dam,Rajasthan,"Berach River, Girwa, Rajasthan",Berach,Ahar,3750.0,0.017407,24.6011,73.6794,21.0,793.0,12090000.0,12.09,2420000,6990000.0,
Buchara Dam,Rajasthan,"Sabi River, Kot-Putli, Rajasthan",Sabi,Sota,3244.0,0.001283,27.5908,75.9686,19.0,1297.0,16360000.0,16.36,12200000,16360000.0,
Chaparwara Dam,Rajasthan,"Banas River, Dudu, Rajasthan",Banas,Mashi,3445.0,0.009829,26.6214,75.2575,,,35000000.0,35.0,13980000,35000000.0,Chhaparwara Dam
Sainthal Sagar Dam,Rajasthan,"Banganga River, Dausa, Rajasthan",Banganga,Sanwan,3519.0,0.004525,27.0303,76.2608,21.94,4180.0,13730000.0,13.73,5222600,12800000.0,
Sheel Ki Dungri Dam,Rajasthan,"Dhudh River, Chaksu, Rajasthan",Dhudh,Dhund,3396.0,0.01417,26.6375,75.9528,19.8,1980.0,4170000.0,4.17,989743,4160000.0,
Ram Garh Dam,Rajasthan,"Banganga River, Jamwaramgarh, Rajasthan",Banganga,Banganga,3398.0,0.000165,27.0456,76.06,26.0,1143.0,75000000.0,75.0,10350000,74300000.0,
Mandal Dam,Rajasthan,"Local Nalla River, Mandal, Rajasthan",Local Nalla,,,,25.4514,74.5672,26.0,1825.0,13800000.0,13.8,3950000,11870000.0,
Dheel Dam,Rajasthan,"Morel River, Sawai Madhopur, Rajasthan",Morel,Dhil,3406.0,0.00045,26.2233,76.1172,27.62,1631.3,27730000.0,27.73,17700000,27730000.0,
Bhopal Sagar Dam,Rajasthan,"Berach River, Kapasan, Rajasthan",Berach,Jashma,3728.0,0.000778,24.8522,74.1992,28.0,2073.0,18540000.0,18.54,8190000,18420000.0,
Chittoli Dam,Rajasthan,"Sabi River, Kot-Putli, Rajasthan",Sabi,,,,27.4931,76.1319,19.5,533.0,24536000.0,24.536,4450000,22310000.0,
Govta Dam,Rajasthan,"Manali River, Mandal Garh, Rajasthan",Manali,Menali,3716.0,0.001367,25.1692,75.0522,18.0,335.0,10480000.0,10.48,2415000,10080000.0,
Needar Dam,Rajasthan,"Odher River, Mandrayal, Rajasthan",Odher,,,,26.3197,77.1883,12.96,2713.0,9795000.0,9.795,1290000,8848000.0,
Patan (Deosagar) Dam,Rajasthan,"Local Nalla River, Asind, Rajasthan",Local Nalla,,,,25.9158,74.3625,13.4,503.53,6940000.0,6.94,21800000,6850000.0,
Surwal Dam,Rajasthan,"Gambhir River, S.Madhopur, Rajasthan",Gambhir,Gambhir,3413.0,0.006293,26.0803,76.3417,32.0,3390.0,25983000.0,25.983,9850000,25540000.0,
Bagolia Dam,Rajasthan,"Berach River, Vallabhnagar, Rajasthan",Berach,Berach,3752.0,0.000966,24.8142,73.9536,12.7,3079.0,19420000.0,19.42,3500000,18850000.0,
Kalisil Dam,Rajasthan,"Kalisil Banas River, Sapotra, Rajasthan",Kalisil Banas,Karisil,3338.0,0.001483,26.2706,76.7672,24.39,2560.0,41700000.0,41.7,9370000,37250000.0,
Man Sarowar Dam,Rajasthan,"Chambal River, Sawai Madhopur, Rajasthan",Chambal,,,,25.9228,76.4397,26.0,1355.0,17487000.0,17.487,8000000,16180000.0,
Paibala Pura Dam,Rajasthan,"Mej River River, Nanwa, Rajasthan",Mej River,,,,25.6989,75.8739,14.63,3644.52,12960000.0,12.96,9400000,10000000.0,
Juggar Dam,Rajasthan,"Juggar Banas River, Hindaun, Rajasthan",Juggar Banas,,,,26.72,77.0961,21.0,1585.0,34970000.0,34.97,8210000,31510000.0,
Bundika Gothra Dam,Rajasthan,"Mej River River, Hindoli, Rajasthan",Mej River,Bajyan,3441.0,0.003088,25.6917,75.6481,20.14,2613.94,28400000.0,28.4,6700000,18970000.0,
Sareri Dam,Rajasthan,"Mansi River, Hurara, Rajasthan",Mansi,Mansi,3695.0,0.003559,25.6936,74.5694,13.1,6336.0,55770000.0,55.77,18000000,55100000.0,
Khari Dam,Rajasthan,"Khari River, Asind, Rajasthan",Khari,Khari,3691.0,0.001721,25.7058,74.2817,17.67,2391.0,38960000.0,38.96,8840000,33300000.0,
Arwar Dam,Rajasthan,"Khari River, Shahpura, Rajasthan",Khari,Mansi,3695.0,0.005728,25.8144,74.8075,18.28,5250.0,47910000.0,47.91,18800000,47800000.0,
Pgachki Bawri Dam,Rajasthan,"Began River, Hindoli, Rajasthan",Began,,,,25.6367,75.4456,19.0,954.0,5620000.0,5.62,782000,5100000.0,
Kala Bhata Dam,Rajasthan,"Khari River, Dergarh, Rajasthan",Khari,Khari,3691.0,0.018517,25.6206,74.0817,14.06,979.0,4250000.0,4.25,1450000,3870000.0,
Bhimlat Dam,Rajasthan,"Bhimlat River, Hindoli, Rajasthan",Bhimlat,,,,25.2986,75.4014,13.42,624.0,11690000.0,11.69,2507000,10700000.0,
Chandrabhaga Dam,Rajasthan,"Chandrabhaga River, Gangapur, Rajasthan",Chandrabhaga,Chandrabhaga,3709.0,0.00205,25.1717,74.0736,10.52,488.0,9960000.0,9.96,5760000,9854000.0,
Nandsamand Dam,Rajasthan,"Banas River, Nathdwara, Rajasthan",Banas,Banas,3741.0,2.4e-05,24.9272,73.7811,18.38,1292.0,21220000.0,21.22,4400000,20630000.0,
Meja Dam,Rajasthan,"Kothari River, Bhilwara, Rajasthan",Kothari,Kothari,3718.0,0.001014,25.3931,74.54,19.2,2850.0,84000000.0,84.0,23980000,83552000.0,
Gudha Dam,Rajasthan,"Mejchambal River, Hindoli, Rajasthan",Mejchambal,Mej,3727.0,0.003158,25.4933,75.4586,25.0,2760.0,95580000.0,95.58,18590000,93700000.0,
Matrikundiya Dam,Rajasthan,"Banas River, Rashmi, Rajasthan",Banas,Banas,3712.0,0.001344,25.0372,74.3147,,,50670000.0,50.67,14200000,49970000.0,
Gambhiri Dam,Rajasthan,"Gambhiri River, Nimbahera, Rajasthan",Gambhiri,Gambhiri,3738.0,0.000165,24.7025,74.7306,21.0,3840.0,54980000.0,54.98,20570000,53440000.0,
Nagdi Dam,Rajasthan,"Nagdi River, Jahazpur, Rajasthan",Nagdi,,,,25.6156,75.2856,15.08,1165.0,5150000.0,5.15,1602000,5090000.0,
Morel Dam,Rajasthan,"Morel River, Bonali, Rajasthan",Morel,Morel,3402.0,0.003559,26.4467,76.3375,22.5,805.0,76635000.0,76.635,15670000,70710000.0,
Galwa Dam,Rajasthan,"Galwa River, Uniara, Rajasthan",Galwa,Galwa,3435.0,0.007943,25.8822,76.0176,16.35,6068.0,48730000.0,48.73,17743000,48360000.0,
Mashi Dam,Rajasthan,"Mashi River, Newai, Rajasthan",Mashi,Mashi,3424.0,0.00722,26.4167,75.7667,13.44,2103.0,48127000.0,48.127,10620000,35117000.0,
Kota Barrage Dam,Rajasthan,"Chambal River, Kota, Rajasthan",Chambal,Chambal,3618.0,0.000778,25.1764,75.8253,37.35,551.68,112060000.0,112.06,5820000,69830000.0,Kota Barrage
Atawara Dam,Rajasthan,"Banas River, Raipur., Rajasthan",Banas,,,,25.3507,74.1797,10.36,2671.0,5235000.0,5.235,510000,5094000.0,
Banakiya Dam,Rajasthan,"Local Nalla River, Gangar, Rajasthan",Local Nalla,,,,24.905,74.4956,12.92,2555.0,9430000.0,9.43,5500000,9269000.0,
Alnia Dam,Rajasthan,"Alnia River, Ladpura, Rajasthan",Alnia,,,,25.0039,75.8772,14.63,1753.0,43720000.0,43.72,12800000,43700000.0,
Parbati Dam,Rajasthan,"Parbati River, Baseri, Rajasthan",Parbati,Parbati,3358.0,0.003206,26.6281,77.4469,27.24,7985.76,115167000.0,115.167,23000000,10829000.0,
Gadola Dam,Rajasthan,"Local Nalla River, Pratapgarh, Rajasthan",Local Nalla,,,,24.1306,74.8325,10.97,1650.0,5070000.0,5.07,2150000,4980000.0,
Kaladeh Dam,Rajasthan,"Local Nallah River, Relmagra, Rajasthan",Local Nallah,,,,24.98,74.0789,15.75,526.0,2040000.0,2.04,550000,1550000.0,
Berach/Vallabh Nagar Dam,Rajasthan,"Berach River, Udaipur, Rajasthan",Berach,Berach,3751.0,0.001626,24.6556,73.9883,22.2,5822.0,30460000.0,30.46,5500000,28780000.0,
Ladki Dam,Rajasthan,"Kothari River, Mandal, Rajasthan",Kothari,,,,25.4122,74.0786,12.28,581.0,3795000.0,3.795,1190000,2775000.0,
Ranapratap Sager Dam,Rajasthan,"Chambal River, Begun, Rajasthan",Chambal,Chambal,3615.0,0.000566,24.9169,75.5814,,,2898690000.0,2898.69,198260000,1566530000.0,Rana Pratap Sagar Dam
Orai Dam,Rajasthan,"Orai River, Begun, Rajasthan",Orai,,,,25.0361,74.8456,24.38,1365.0,35280000.0,35.28,6230000,32820000.0,
Badgaon Dam,Rajasthan,"Berach River, Vallabhnagar, Rajasthan",Berach,Berach,3731.0,0.00065,24.7081,74.0892,18.75,5202.0,31520000.0,31.52,9790000,30190000.0,
Jawaharsagar Dam,Rajasthan,"Chambal River, Bundi, Rajasthan",Chambal,Chambal,3618.0,0.000424,25.0372,75.6778,44.8,219.46,67070000.0,67.07,9472000,13200000.0,Jawahar Sagar Dam
Panchana Dam,Rajasthan,"Gambhiri River, Karauli, Rajasthan",Gambhiri,Gambhir,3365.0,0.0,26.5625,77.005,33.19,1207.8,54950000.0,54.95,9240000,52650000.0,
Morasagar Dam,Rajasthan,"Banas River, Sawai Madhopur, Rajasthan",Banas,,,,26.6644,76.5394,25.0,5273.0,12930000.0,12.93,5850000,12870000.0,
Abhaya Pura Dam,Rajasthan,"Bhimlat River, Bundi, Rajasthan",Bhimlat,,,,25.3031,75.4469,17.75,1340.0,7440000.0,7.44,1840000,7440000.0,
Jetpura Dam,Rajasthan,"Unli River, Mandal Garh, Rajasthan",Unli,,,,25.25,75.2061,21.8,585.0,18540000.0,18.54,3370000,16390000.0,
Borda Dam,Rajasthan,"Local Nallah River, Gangrar, Rajasthan",Local Nallah,,,,24.9983,74.5639,11.7,1580.0,5040000.0,5.04,225000,1000000.0,
Gopalpura Dam,Rajasthan,"Chambal River, Kishanganj., Rajasthan",Chambal,,,,25.1644,76.7317,17.43,1880.0,32650000.0,32.65,6290000,31900000.0,
Kanyakheri Dam,Rajasthan,"Local Nalla River, Bhilwara, Rajasthan",Local Nalla,Banas,3714.0,0.019143,25.2536,74.6242,10.5,3656.0,4330000.0,4.33,2376000,3790000.0,
Modia Mahadev Dam,Rajasthan,"Local Nalla River, Begun, Rajasthan",Local Nalla,,,,24.8447,74.7842,16.53,625.0,3885000.0,3.885,1150000,3648000.0,
Jhadol Dam,Rajasthan,"Banas River, Kotri, Rajasthan",Banas,,,,25.4431,74.9111,16.5,870.0,10335000.0,10.335,4430000,9287000.0,
Titora Dam,Rajasthan,"Local Nalla River, Jahazpur, Rajasthan",Local Nalla,,,,25.375,75.2294,12.0,749.0,1358000.0,1.358,145000,1231000.0,
Anwasa Dam,Rajasthan,"Local Nallah River, Mandalgarh, Rajasthan",Local Nallah,,,,25.2453,75.1219,13.84,860.0,2820000.0,2.82,953000,2820000.0,
Devliya Dam,Rajasthan,"Local Nallah River, Mandalgarh, Rajasthan",Local Nallah,,,,25.2781,74.1433,16.1,250.0,2380000.0,2.38,2400000,2380000.0,
Mandol Dam,Rajasthan,"Banas River, Bhilwara, Rajasthan",Banas,,,,25.4522,74.5656,13.8,633.0,6800000.0,6.8,2194000,6260000.0,
Damti Kokra Dam,Rajasthan,"Local Nalla River, Mandalgarh, Rajasthan",Local Nalla,,,,25.1519,75.1397,27.31,998.0,4730000.0,4.73,6377000,4304000.0,
Saran Kheri Dam,Rajasthan,"Jahugiya River, Jhalra Patan, Rajasthan",Jahugiya,,,,24.4669,76.145,14.83,1143.0,6230000.0,6.23,2020000,5720000.0,
Wagon Dam,Rajasthan,"Wagon River, Dungla, Rajasthan",Wagon,,,,24.4947,74.4078,,,40650000.0,40.65,9600000,37580000.0,
Panghatiya Dam,Rajasthan,"Local Nalla River, Mandalgarh, Rajasthan",Local Nalla,,,,25.8775,74.4194,13.9,210.0,1274000.0,1.274,1130000,1133000.0,
Luharia Dam,Rajasthan,"Local Nalla River, Begun, Rajasthan",Local Nalla,,,,24.7086,74.3339,11.6,1950.0,2917000.0,2.917,1547000,2832000.0,
Kothari Stage 1 Dam,Rajasthan,"Kothari River, Kotri, Rajasthan",Kothari,Kothari,3718.0,0.000778,25.3169,74.9958,25.4,4326.0,26050000.0,26.05,7600000,21520000.0,
Barkheri Dam,Rajasthan,"Local River, Begun, Rajasthan",Local,,,,24.8714,74.7278,25.44,889.0,1598000.0,1.598,520440,1473000.0,
Bassi Dam,Rajasthan,"Col Nala River, Gangrar, Rajasthan",Col Nala,Berach,3717.0,0.001532,25.0317,74.8228,36.0,1044.0,23200000.0,23.2,2800000,20240000.0,
Pachanpura Dam,Rajasthan,"Local Nalla River, Mandal Garh, Rajasthan",Local Nalla,,,,25.07,75.2872,14.7,905.0,10050000.0,10.05,2515000,9280000.0,
Bhimsagar Dam,Rajasthan,"Kalisindh River, Khanpur, Rajasthan",Kalisindh,Ujar,3566.0,0.000183,24.5625,76.3344,31.4,161.58,76550000.0,76.55,18020000,75730000.0,
Sawan Bhado Dam,Rajasthan,"Local River, Sangod, Rajasthan",Local,,,,24.8217,76.0958,29.8,4285.0,29820000.0,29.82,4125000,27850000.0,
Patiyal Dam,Rajasthan,"Banas River, Mandalgarh, Rajasthan",Banas,,,,25.21,75.2406,13.9,765.0,1708000.0,1.708,380000,1529000.0,
Sushil Sagar Dam,Rajasthan,"Local Nallah River, Mandalgarh, Rajasthan",Local Nallah,,,,25.3219,75.3297,12.84,430.0,2202000.0,2.202,690000,1982000.0,
Shiv-Sagar Dam,Rajasthan,"Mej River River, Mandalgarh, Rajasthan",Mej River,,,,25.2519,75.3281,22.7,299.0,2095000.0,2.095,313000,2038000.0,
Dorai Dam,Rajasthan,"Brahmani River, Begun, Rajasthan",Brahmani,,,,24.9378,74.9572,14.83,1050.0,8500000.0,8.5,1950000,8260000.0,
Bilas Dam,Rajasthan,"Bilas River, Kishanganj., Rajasthan",Bilas,,,,25.0472,76.8283,19.7,4650.0,28900000.0,28.9,6500000,26700000.0,
Pitha Ka Mund Dam,Rajasthan,"Banas River, Mandalgarh, Rajasthan",Banas,,,,25.2433,75.1225,11.7,871.0,1890000.0,1.89,4430000,1019000.0,
Sanwariya Sarowar Dam,Rajasthan,"Erau River, Dungla, Rajasthan",Erau,,,,24.5861,74.4011,11.08,2362.0,5180000.0,5.18,3024000,3140000.0,
Jude Ka Naka Dam,Rajasthan,"Local Nalla River, Bhilwara, Rajasthan",Local Nalla,Kothari,3718.0,0.000117,25.3697,74.7125,18.7,1010.0,1780000.0,1.78,500000,1720000.0,
Motipura Dam,Rajasthan,"Local Nallah River, Asind, Rajasthan",Local Nallah,,,,25.7078,74.4742,14.65,940.0,1160000.0,1.16,430000,1110000.0,
Bari Mansarowar Dam,Rajasthan,"Local Nalla River, Nimbahera, Rajasthan",Local Nalla,,,,24.5164,74.6564,14.75,363.25,9482000.0,9.482,3740000,8419000.0,
Bisalpur Dam,Rajasthan,"Banas River, Devli, Rajasthan",Banas,Banas,3432.0,0.002003,25.9247,75.4558,39.5,574.0,1095840000.0,1095.84,212300000,1075650000.0,
Navratan Sagar Dam,Rajasthan,"Local Nallah River, Jahazpur, Rajasthan",Local Nallah,,,,25.5178,75.3422,13.26,1160.0,2270000.0,2.27,6382000,2040000.0,
Kanota Dam,Rajasthan,"Dhoond River, Jaipur, Rajasthan",Dhoond,Dhund,3397.0,0.000212,26.9128,75.9325,18.75,2499.36,14130000.0,14.13,2476550,12430000.0,
Ruparel Dam,Rajasthan,"Ruparel River, Begun, Rajasthan",Ruparel,,,,25.0592,74.9506,16.42,955.0,9710000.0,9.71,1950000,8740000.0,
Chauli Dam,Rajasthan,"Chauli River, Pirawa, Rajasthan",Chauli,,,,24.2458,76.0928,21.25,2075.0,53500000.0,53.5,12270000,48220000.0,
Chhapi Dam,Rajasthan,"Chhapi River, Aklera, Rajasthan",Chhapi,Chhapi,3572.0,0.000589,24.3419,76.4719,34.4,312.0,82570000.0,82.57,10250000,73500000.0,
Lassaria Dam,Rajasthan,"Dai River, Sarwar, Rajasthan",Dai,Dai,3430.0,0.000377,26.0483,75.1814,20.15,4325.0,11490000.0,11.49,2640000,10650000.0,
Udai Sagar Dam,Rajasthan,"Berach River, Girwa, Rajasthan",Berach,Ahar,3750.0,0.001217,24.5783,73.8228,24.4,315.0,31140000.0,31.14,7700000,27590000.0,
Uncha Dam,Rajasthan,"Local Nalla River, Nimbahera, Rajasthan",Local Nalla,,,,24.5836,74.6225,14.0,1800.0,2605000.0,2.605,1175000,2515000.0,
Mundliya Kheri Dam,Rajasthan,"Local Nallah River, Jhalra Patan, Rajasthan",Local Nallah,,,,24.525,76.1556,12.5,1893.0,4420000.0,4.42,2340000,4370000.0,
Jaisamand Dam,Rajasthan,"Ruparail River, Alwar, Rajasthan",Ruparail,,,,27.4919,76.5864,10.6,1671.0,26950000.0,26.95,10000000,23510000.0,
Soniyana Dam,Rajasthan,"Local Nallah River, Gangrar, Rajasthan",Local Nallah,,,,25.1406,74.6686,11.7,3060.0,6800000.0,6.8,2920000,6226000.0,
Nahar Sagar Dam,Rajasthan,"Sameliya River, Shahpura, Rajasthan",Sameliya,Sameliya,3699.0,0.002381,25.7361,74.9519,12.11,4685.0,24630000.0,24.63,15500000,24520000.0,
Kukas Dam,Rajasthan,"Local River, Jaipur, Rajasthan",Local,,,,27.0339,75.8871,13.0,480.0,43750000.0,43.75,1509,4375000.0,
Sankal Khera Dam,Rajasthan,"Local Nallah River, Begun, Rajasthan",Local Nallah,,,,24.8147,74.75,20.9,1700.0,3150000.0,3.15,616000,3080000.0,
Lhasi Dam,Rajasthan,"Lhasi River, Chhipa Barod, Rajasthan",Lhasi,,,,24.5828,76.7,17.58,2223.0,30800000.0,30.8,8450000,28300000.0,
Piplad Dam,Rajasthan,"Piplad River, Pachpahar, Rajasthan",Piplad,,,,24.4067,75.8892,15.77,4277.0,24140000.0,24.14,8035000,21500000.0,
Takli Dam,Rajasthan,"Takli River, Ramganjmandi, Rajasthan",Takli,Amjar,3560.0,0.000183,24.7017,75.8794,16.68,5385.0,33740000.0,33.74,11250000,29900000.0,
Gagrin Dam,Rajasthan,"Ahu River, Pirawa, Rajasthan",Ahu,Ahu,3600.0,0.011517,24.1264,75.9006,25.48,2535.0,52600000.0,52.6,12570000,47100000.0,
Benthali Dam,Rajasthan,"Benthali River, Chhabra, Rajasthan",Benthali,,,,24.6211,76.9722,22.66,3000.0,37280000.0,37.28,6630000,34670000.0,
Chakan Dam,Rajasthan,"Chakan River, Bundi, Rajasthan",Chakan,Chakan,3437.0,0.00065,25.8006,76.2322,15.0,3270.0,12890000.0,12.89,3740000,10110000.0,
Gararda Dam,Rajasthan,"Gararda River, Bundi, Rajasthan",Gararda,Manoli,3783.0,0.000183,25.2839,75.5081,31.76,4271.0,44380000.0,44.38,4309000,41940000.0,
Gulandi Dam,Rajasthan,"Gulandi River, Aklera, Rajasthan",Gulandi,,,,24.3686,76.5817,17.14,2220.0,13370000.0,13.37,5560000,9310000.0,
Hindlot Dam,Rajasthan,"Retri Nadi River, Chhabra, Rajasthan",Retri Nadi,,,,24.5603,76.9433,19.7,1830.0,16180000.0,16.18,3878800,13920000.0,
Deopura Dam,Rajasthan,"Nahari River, S.Madhopur, Rajasthan",Nahari,,,,25.8018,76.3431,23.0,1127.0,8188000.0,8.188,1814000,7600000.0,
Silibari Dam,Rajasthan,"Roop Rail River, Alwar, Rajasthan",Roop Rail,,,,27.3342,76.5469,15.0,4024.0,5634000.0,5.634,102679,5400000.0,
Reriya Dam,Rajasthan,"Sawa River, Baswa, Rajasthan",Sawa,,,,27.1269,76.5883,18.0,792.0,5295000.0,5.295,1840000,4530000.0,
Baretha Bund Dam,Rajasthan,"Gambhiri River, Bayana, Rajasthan",Gambhiri,,,,26.8975,77.3725,16.31,1200.0,52638000.0,52.638,13560000,50640000.0,
Basundni Dam,Rajasthan,"Khari River, Kekri, Rajasthan",Khari,Khari,3698.0,0.002381,25.7169,75.1086,15.59,6615.0,7780000.0,7.78,11420000,7210000.0,
Gosunda Dam,Rajasthan,"Banas River, Begun, Rajasthan",Banas,Berach,3734.0,0.000165,24.8264,74.5233,23.0,639.5,75470000.0,75.47,23390000,67050000.0,
Bishan Samand Dam,Rajasthan,"Gambhir River, Sambalpur, Rajasthan",Gambhir,,,,26.8256,76.8294,11.08,122.0,115500000.0,115.5,3040000,11550000.0,
Murliya Dam,Rajasthan,"Local Nalla River, Bhadesar, Rajasthan",Local Nalla,,,,24.7044,74.6406,24.65,2280.0,9620000.0,9.62,5490000,8470000.0,
Shakargarh Dam,Rajasthan,"Local Nalla River, Jahazpur, Rajasthan",Local Nalla,,,,25.4639,75.2831,15.97,2156.0,4306000.0,4.306,193000,3811000.0,
Machlana Dam,Rajasthan,"Local River, Pratapgarh, Rajasthan",Local,,,,24.0394,74.93,22.3,383.0,4200000.0,4.2,665000,4110000.0,
Umed Sagar Dam,Rajasthan,"Khari River, Kishanganj., Rajasthan",Khari,Khul,3770.0,0.015929,25.2006,76.7569,10.67,4800.0,18600000.0,18.6,11655000,17772000.0,
Kalisindh Dam Phase-I Dam,Rajasthan,"Kalisindh River, Jhalawar, Rajasthan",Kalisindh,Kali Sindh,3563.0,0.002498,24.4815,76.2242,30.5,955.0,5437000000.0,5437.0,18340000,5395000000.0,
Barwa Sagar Dam,Uttar Pradesh,"Barwa Nala River, Jhansi, Uttar Pradesh",Barwa Nala,,,,25.3803,78.7478,21.3,1067.0,24500000.0,24.5,52000000,10200000.0,
Magar Pur Dam,Uttar Pradesh,"Local Stream River, Jhansi, Uttar Pradesh",Local Stream,,,,25.2875,78.8611,10.2,739.1,2460000.0,2.46,18130000,1722000.0,
Pachwara Lake Dam,Uttar Pradesh,"Local River, Jhansi, Uttar Pradesh",Local,,,,25.3669,79.0453,13.72,208.0,6150000.0,6.15,21093000,5850000.0,
Parichha Dam,Uttar Pradesh,"Betwa River, Jhansi, Uttar Pradesh",Betwa,Betwa,3464.0,0.001179,25.5167,78.7792,16.77,1174.59,78760000.0,78.76,80200000,77170000.0,Pariccha dam
Dhekwan Dam,Uttar Pradesh,"Betwa River, Jhansi, Uttar Pradesh",Betwa,Betwa,4159.0,0.000943,25.1878,78.5458,18.97,2970.0,57800000.0,57.8,194300000,57800000.0,
Pahuj Dam,Uttar Pradesh,"Pahuj River, Jhansi, Uttar Pradesh",Pahuj,Pahuj,3459.0,0.002522,25.5031,78.535,10.67,2040.0,18250000.0,18.25,402000000,18210000.0,
Sukhra Dam,Uttar Pradesh,"Sukhara Nala River, Mirzapur, Uttar Pradesh",Sukhara Nala,,,,24.795,82.2767,12.2,1158.0,7360000.0,7.36,23067000,7260000.0,
Lachura Dam,Uttar Pradesh,"Sunhari River, Hamirpur., Uttar Pradesh",Sunhari,Dhasan,4133.0,0.002617,25.3192,79.2794,14.94,542.3,20640000.0,20.64,218500000,10560000.0,
Siori Lake Dam,Uttar Pradesh,"Lakheri River, Hamirpur., Uttar Pradesh",Lakheri,,,,25.3142,79.0917,13.94,2306.0,7820000.0,7.82,19900000,7600000.0,
Pahari Dam,Uttar Pradesh,"Dhasan River, Mau Ranipur, Uttar Pradesh",Dhasan,Kurai,4130.0,0.01655,25.2322,79.135,10.0,580.95,47800000.0,47.8,80300000,46000000.0,
Gangau Dam,Madhya Pradesh,"Ken River, Chhatar Pur, Madhya Pradesh",Ken,Ken,4274.0,0.001217,24.6261,79.8592,16.15,826.0,58472000.0,58.472,149900000,56490000.0,
Ghori Dam,Uttar Pradesh,"Ghori River, Mirzapur, Uttar Pradesh",Ghori,,,,24.9364,82.4281,13.87,1584.0,13790000.0,13.79,314196000,9653000.0,
Kotra Khambha Dam,Uttar Pradesh,"Harai River, Chitrakoot, Uttar Pradesh",Harai,,,,25.2233,81.4247,18.0,806.0,3750000.0,3.75,34000000,3030000.0,
Khapatia Dam,Uttar Pradesh,"Borega River, Chitrakoot, Uttar Pradesh",Borega,,,,25.2136,81.3717,16.0,806.0,8080000.0,8.08,12600000,5047000.0,
Dhandhraul Dam,Uttar Pradesh,"Ghaghar River, Robertsganj, Uttar Pradesh",Ghaghar,Son,3964.0,0.002779,24.6094,83.1664,21.0,7305.0,144144000.0,144.144,314196000,139504000.0,
Majhgawan Dam,Uttar Pradesh,"Gunchi Nala River, Hamirpur., Uttar Pradesh",Gunchi Nala,,,,25.1853,79.5406,19.43,1402.0,25460000.0,25.46,2430747,25050000.0,
Dongia Dam,Uttar Pradesh,"Garai River, Mirzapur, Uttar Pradesh",Garai,,,,24.9033,83.0089,15.3,2012.0,28330000.0,28.33,70850000,20250000.0,
Barwar Dam,Uttar Pradesh,"Bora River, Jhansi, Uttar Pradesh",Bora,Lakheri,4137.0,0.016308,25.5147,79.1494,20.4,2233.0,33780000.0,33.78,100640000,31650000.0,
Rampur Kalyangarh Dam,Uttar Pradesh,"Local River, Chitrakoot, Uttar Pradesh",Local,,,,25.0239,81.0361,13.0,1000.0,1850000.0,1.85,356116,1170000.0,
Bhainsora Dam,Uttar Pradesh,"Marhwa Nala River, Varanasi, Uttar Pradesh",Marhwa Nala,,,,24.7806,83.2203,11.26,1850.61,19830000.0,19.83,3688223,13881000.0,
Jaiwanti Dam,Uttar Pradesh,"Jaiwanti River, Chitrakoot, Uttar Pradesh",Jaiwanti,,,,25.1856,81.2178,15.0,3352.0,9430000.0,9.43,81000000,9146000.0,
Khandeha Dam,Uttar Pradesh,"Dashrath Nala River, Chitrakoot, Uttar Pradesh",Dashrath Nala,,,,25.1839,81.2672,19.9,1200.0,26940000.0,26.94,1080000,25400000.0,
Aunjhar Dam,Uttar Pradesh,"Aunjhar River, Chitrakoot, Uttar Pradesh",Aunjhar,,,,25.1872,81.3244,17.6,1056.0,6116000.0,6.116,81000000,5947000.0,
Bardha Dam,Uttar Pradesh,"Bardha Nala River, Chitrakoot, Uttar Pradesh",Bardha Nala,,,,25.2203,81.1522,14.1,2800.0,7800000.0,7.8,24300000,7325000.0,
Kohar Gaddi Dam,Uttar Pradesh,"Bhabhar Nala River, Balrampur., Uttar Pradesh",Bhabhar Nala,,,,27.6153,82.6542,10.5,2820.0,12543000.0,12.543,3107000,10980000.0,
Raipura Dam,Uttar Pradesh,"Arjun Nala River, Mahoba, Uttar Pradesh",Arjun Nala,,,,25.2908,79.7922,13.0,3509.0,12453000.0,12.453,880954,6289000.0,
Nagwa Dam,Uttar Pradesh,"Karmnasa River, Robertsganj, Uttar Pradesh",Karmnasa,,,,24.6722,83.3797,20.31,2810.19,154480000.0,154.48,54390000,104110000.0,
Bhonka Dam,Uttar Pradesh,"Bhonka River, Mirzapur, Uttar Pradesh",Bhonka,,,,25.0683,82.575,15.3,2012.0,8500000.0,8.5,231522,2300000.0,
Saprar Dam,Uttar Pradesh,"Saprar River, Jhansi, Uttar Pradesh",Saprar,Kurai,4128.0,0.011549,25.2089,79.0994,16.76,3000.0,76200000.0,76.2,200500000,65700000.0,
Govind Sagar Dam,Uttar Pradesh,"Shahjad River, Lalitpur, Uttar Pradesh",Shahjad,Jamni,4160.0,0.003677,24.6742,78.4194,18.29,3606.0,96884000.0,96.884,247880000,50110000.0,
Ahraura Dam,Uttar Pradesh,"Garai River, Mirzapur, Uttar Pradesh",Garai,,,,25.0,83.0319,22.87,1219.5,60240000.0,60.24,101200000,58300000.0,
Kabrai Dam,Uttar Pradesh,"Magaria River, Mahoba, Uttar Pradesh",Magaria,,,,25.4086,79.9731,18.24,2440.0,14617000.0,14.617,50500000,11944000.0,
Naugarh Dam,Uttar Pradesh,"Karmnasa River, Chakia, Uttar Pradesh",Karmnasa,,,,24.8622,83.3461,18.9,5975.0,173396000.0,173.396,83870000,101940000.0,
Arjun Dam,Uttar Pradesh,"Arjun River, Mahoba, Uttar Pradesh",Arjun,,,,25.3864,79.6761,25.88,4206.0,69206000.0,69.206,180000000,63826000.0,
Baghel Khand Dam,Uttar Pradesh,"Jamunahwa River, Balrampur., Uttar Pradesh",Jamunahwa,,,,27.6214,82.4158,15.0,3200.0,2720000.0,2.72,1610000,2490000.0,
Barwatola Dam,Uttar Pradesh,"Local Stream River, Mirzapur, Uttar Pradesh",Local Stream,,,,24.0614,83.1142,16.77,1050.0,2058000.0,2.058,77000000,1270000.0,
Rajkhar Dam,Uttar Pradesh,"Local Stream River, Mirzapur, Uttar Pradesh",Local Stream,,,,24.2286,83.1927,14.94,970.0,1700000.0,1.7,138266,1190000.0,
Rangawan Dam,Madhya Pradesh,"Bannel Nala River, Chhatar Pur, Madhya Pradesh",Bannel Nala,Banne,4276.0,0.002923,24.6869,79.8586,27.4,2073.0,164238000.0,164.238,25900000,155177000.0,
Banghoghwa Dam,Uttar Pradesh,"Dagwara River, Bahraich, Uttar Pradesh",Dagwara,,,,27.7936,82.1375,14.1,2920.0,2809000.0,2.809,26480000,1141000.0,
Dhartidolwa Dam,Uttar Pradesh,"Local River, Robertsganj, Uttar Pradesh",Local,,,,24.45,83.3358,12.19,838.0,793000.0,0.793,40964,555100.0,
Jirgo Dam,Uttar Pradesh,"Jirgo River, Mirzapur, Uttar Pradesh",Jirgo,Ganga,4039.0,0.007166,25.0492,82.9533,29.88,6704.0,150850000.0,150.85,307200000,132720000.0,Jargo Dam
Khairman Dam,Uttar Pradesh,"Henga Nala River, Gonda, Uttar Pradesh",Henga Nala,,,,27.7686,82.2242,10.6,3020.0,5051000.0,5.051,4994000,1447000.0,
Rampur Dam,Uttar Pradesh,"Goinghawa Nala River, Bahraich, Uttar Pradesh",Goinghawa Nala,,,,27.8539,82.0575,10.5,3820.0,10500000.0,10.5,9933000,9227000.0,
Sirsi Dam,Uttar Pradesh,"Bakhar Nala River, Mirzapur, Uttar Pradesh",Bakhar Nala,Belan,4051.0,0.0,24.8428,82.5003,21.34,3808.0,215000000.0,215.0,30149000,195000000.0,
Upper Khajuri Dam,Uttar Pradesh,"Khajuri River, Mirzapur, Uttar Pradesh",Khajuri,,,,24.9978,82.6081,24.88,2313.0,44740000.0,44.74,113172000,37834000.0,
Kota Dam,Uttar Pradesh,"Local River, Robertsganj, Uttar Pradesh",Local,Son,4613.0,0.011333,24.4539,83.1117,14.63,549.0,1983000.0,1.983,119269,1133000.0,Kota Bandh
Lakra Dam,Uttar Pradesh,"Local River, Robertsganj, Uttar Pradesh",Local,,,,24.6411,83.0553,10.36,1026.0,1345000.0,1.345,344611,977000.0,
Salar Pur Dam,Uttar Pradesh,"Kardia River, Mahoba, Uttar Pradesh",Kardia,,,,25.2008,79.8381,11.0,2975.0,4020000.0,4.02,819630,3483000.0,
Dhora Dam,Uttar Pradesh,"Kichha River, Udhamsingh, Uttar Pradesh",Kichha,,,,28.9389,79.5814,14.63,9610.0,45640000.0,45.64,55400000,44890000.0,
Ohen (Balmiki) Dam,Uttar Pradesh,"Ohen River, Chitrakoot, Uttar Pradesh",Ohen,,,,25.1353,81.0314,23.5,2401.0,38340000.0,38.34,64850000,37775000.0,
Rihand Dam,Uttar Pradesh,"Rihand River, Dudhi, Uttar Pradesh",Rihand,Rihand,4340.0,0.001155,24.2028,83.0061,91.46,934.45,10600000000.0,10600.0,466000000,8900000000.0,
Sarda Sagar Dam,Uttar Pradesh,"Chauba River, Pilibhit, Uttar Pradesh",Chauba,,,,28.7833,80.0897,16.15,22200.0,406260000.0,406.26,57650000,330100000.0,
Silhata Dam,Uttar Pradesh,"Local River, Robertsganj, Uttar Pradesh",Local,,,,24.6749,83.3409,16.2,990.0,1288000.0,1.288,94768,1138000.0,
Sukhra Dam,Uttar Pradesh,"Local River, Robertsganj, Uttar Pradesh",Local,,,,24.7936,82.2722,10.36,1896.0,1699000.0,1.699,1687278,1416000.0,
Nanauti Dam,Uttar Pradesh,"Local River, Mirzapur, Uttar Pradesh",Local,,,,24.9864,82.7806,13.71,1400.0,340280000.0,340.28,196293,340280000.0,
Hinauti Dam,Uttar Pradesh,"Col Nala River, Mirzapur, Uttar Pradesh",Col Nala,,,,25.0519,82.7875,10.66,995.0,6147000.0,6.147,4921000,4380000.0,
Matatila Dam,Uttar Pradesh,"Betwa River, Jhansi, Uttar Pradesh",Betwa,Betwa,4159.0,0.000377,25.0972,78.3725,45.72,6300.0,1132000000.0,1132.0,138850000,1019400000.0,Mata Tila Dam
Bhagwan Pur Dam,Uttar Pradesh,"Nakti Nala River, Gonda, Uttar Pradesh",Nakti Nala,,,,27.5931,82.4489,14.52,4400.0,9770000.0,9.77,401044000,8836000.0,
Chandraprabha Dam,Uttar Pradesh,"Chandra Prabha River, Chakia, Uttar Pradesh",Chandra Prabha,,,,24.9317,83.1736,22.25,1600.0,113257000.0,113.257,53364000,93445000.0,
Girgitahi Dam,Uttar Pradesh,"Ramsutia Nala River, Balrampur., Uttar Pradesh",Ramsutia Nala,,,,27.6764,82.32,15.18,4800.0,9250000.0,9.25,257380000,6475000.0,
Gularia Dam,Uttar Pradesh,"Gularia Stream River, Allahabad, Uttar Pradesh",Gularia Stream,,,,25.0781,82.1786,11.2,3200.0,330000.0,0.33,3050000,329000.0,
Keolari Dam,Uttar Pradesh,"Keolari River, Hamirpur., Uttar Pradesh",Keolari,,,,25.3114,79.3672,11.73,23000.0,7570000.0,7.57,25667000,7230000.0,
Moosakhand Dam,Uttar Pradesh,"Karmnasa River, Chakia, Uttar Pradesh",Karmnasa,,,,24.9781,83.3008,33.53,2967.0,155771000.0,155.771,1154515000,110440000.0,
Pili Dam,Uttar Pradesh,"Pili River, Nagina, Uttar Pradesh",Pili,,,,29.3561,78.7914,19.0,1540.0,55300000.0,55.3,1150000000,54275000.0,
Barwatola Dam,Uttar Pradesh,"Barwa River, Chitrakoot, Uttar Pradesh",Barwa,,,,25.1822,80.7942,19.0,3815.0,24500000.0,24.5,91050000,17630000.0,
Jogendra Dam,Uttar Pradesh,"Jogendra River, Robertsganj, Uttar Pradesh",Jogendra,,,,24.6089,82.3936,10.04,1313.0,1422000.0,1.422,439205,995400.0,
Lali Dam,Uttar Pradesh,"Local River, Robertsganj, Uttar Pradesh",Local,,,,24.7267,82.6131,10.69,1030.0,776000.0,0.776,5065,543200.0,
Obra Dam,Uttar Pradesh,"Rihand River, Robertsganj, Uttar Pradesh",Rihand,Rihand,4340.0,0.001202,24.4394,82.9661,29.23,1956.76,211050000.0,211.05,9403873,211000000.0,
Rajban Dam,Uttar Pradesh,"Local River, Robertsganj, Uttar Pradesh",Local,,,,24.5992,83.0372,11.35,1023.0,736000.0,0.736,810814,515200.0,
Sarai Garh Dam,Uttar Pradesh,"Local River, Robertsganj, Uttar Pradesh",Local,,,,24.7664,83.4047,10.82,735.0,735000.0,0.735,156045,514500.0,
Chandrawal Dam,Uttar Pradesh,"Chandrawal River, Charkhari, Uttar Pradesh",Chandrawal,,,,25.4472,79.8958,10.0,5765.0,34731000.0,34.731,119200000,30665000.0,
Jamni Dam,Uttar Pradesh,"Jamni River, Mahrauni, Uttar Pradesh",Jamni,Jamni,4163.0,0.00685,24.3697,78.6844,19.18,6400.0,92490000.0,92.49,247235000,84020000.0,
Rampur Pindaria Dam,Uttar Pradesh,"Local River, Mirzapur, Uttar Pradesh",Local,,,,25.0533,82.5178,10.3,1260.0,1212000.0,1.212,1606887,848400.0,
Barkachha Dam,Uttar Pradesh,"Local River, Mirzapur, Uttar Pradesh",Local,,,,24.9375,82.4261,14.56,570.0,1742000.0,1.742,1481110,1219400.0,
Garhwa Dam,Uttar Pradesh,"Garhwa River, Mau, Uttar Pradesh",Garhwa,,,,25.2131,81.4464,13.0,980.0,2255000.0,2.255,120087,1841000.0,
Maro Dam,Uttar Pradesh,"Maro River, Chitrakoot, Uttar Pradesh",Maro,Paisuni,4247.0,0.003323,25.2189,80.9136,16.0,568.0,6754000.0,6.754,13900000,5471000.0,
Murta Dam,Uttar Pradesh,"Local River, Robertsganj, Uttar Pradesh",Local,,,,24.7853,82.6128,15.8,585.0,1042000.0,1.042,258912,760000.0,
Adwa Dam,Uttar Pradesh,"Adwa River, Mirzapur, Uttar Pradesh",Adwa,Belan,4053.0,2.4e-05,24.7858,82.3125,20.48,7906.0,88100000.0,88.1,166700000,83700000.0,
Deori Dam,Uttar Pradesh,"Local River, Robertsganj, Uttar Pradesh",Local,,,,24.705,83.3547,12.26,930.0,2227000.0,2.227,380619,2011000.0,
Kargara Dam,Uttar Pradesh,"Local River, Robertsganj, Uttar Pradesh",Local,,,,24.6083,82.9842,16.84,1410.0,1515000.0,1.515,101924,1195000.0,
Berbeta Dam,Uttar Pradesh,"Bhatwa Nala River, Mirzapur, Uttar Pradesh",Bhatwa Nala,,,,25.1086,82.3089,10.5,535.0,30760000.0,30.76,153404,2947000.0,
Chigauri Dam,Uttar Pradesh,"Local River, Robertsganj, Uttar Pradesh",Local,,,,24.6667,82.8031,10.0,1750.0,1535000.0,1.535,39087,1237000.0,
Bachara Dam,Uttar Pradesh,"Bachara Nala River, Allahabad, Uttar Pradesh",Bachara Nala,,,,25.1311,82.0558,18.5,660.0,7390000.0,7.39,1440000,7390000.0,
Khabhwa Dam,Uttar Pradesh,"Local River, Mirzapur, Uttar Pradesh",Local,,,,24.6647,82.7983,10.3,1250.0,530000.0,0.53,39087,371000.0,
Rohini Dam,Uttar Pradesh,"Rohini River, Lalitpur, Uttar Pradesh",Rohini,,,,24.3556,78.7914,17.82,650.0,12110000.0,12.11,1801627,8477000.0,
Vijai Pur Dam,Uttar Pradesh,"Local River, Mirzapur, Uttar Pradesh",Local,,,,25.1239,82.385,14.3,570.0,559000.0,0.559,39937,391300.0,
Chittaurgarh Dam,Uttar Pradesh,"Bharushan Nala River, Gonda, Uttar Pradesh",Bharushan Nala,,,,27.5775,82.5997,15.3,11000.0,424750000.0,424.75,920000000,387940000.0,
Dhekwan Dam,Uttar Pradesh,"Phatidari Nala River, Mirzapur, Uttar Pradesh",Phatidari Nala,Betwa,4159.0,0.002807,25.1903,78.5406,20.85,1700.0,9900000.0,9.9,13500000,8330000.0,
Khaprar Dam,Uttar Pradesh,"Khaprar River, Jhansi, Uttar Pradesh",Khaprar,,,,25.9932,78.8705,11.2,1100.0,3500000.0,3.5,15000000,2980000.0,
Dongari Dam,Uttar Pradesh,"Pahuj River, Jhansi, Uttar Pradesh",Pahuj,,,,25.3853,78.4617,15.3,2760.0,9920000.0,9.92,19200000,8320000.0,
Meja Dam,Uttar Pradesh,"Belan River, Mirzapur, Uttar Pradesh",Belan,Belan,4055.0,0.002917,24.865,82.3989,40.0,2000.0,303120000.0,303.12,47400000,267340000.0,
Kuba Khurd Dam,Uttar Pradesh,"Local River, Mirzapur, Uttar Pradesh",Local,,,,25.0278,82.8106,10.33,1675.0,1201000.0,1.201,86421,840700.0,
Narson Dam,Uttar Pradesh,"Narson River, Robertsganj, Uttar Pradesh",Narson,,,,24.6211,83.28,14.33,2340.0,2860000.0,2.86,121737,2002000.0,
Saktesh Garh Dam,Uttar Pradesh,"Local River, Robertsganj, Uttar Pradesh",Local,,,,24.9814,82.8192,15.66,880.0,3286000.0,3.286,4827,2341000.0,
Semri Dam,Uttar Pradesh,"Local River, Mirzapur, Uttar Pradesh",Local,,,,24.9322,82.8444,14.8,666.0,1983000.0,1.983,81893,1388100.0,
Rexahawa Dam,Uttar Pradesh,"Bakhar River, Robertsganj, Uttar Pradesh",Bakhar,,,,24.7986,82.62,10.79,690.0,1700000.0,1.7,54954,849000.0,
Sajnam Dam,Uttar Pradesh,"Sajnam River, Mahrauni, Uttar Pradesh",Sajnam,Sajnam,4164.0,0.000183,24.5247,78.5919,22.34,4524.0,83500000.0,83.5,237500000,74250000.0,
Bajiya Dam,Uttar Pradesh,"Local River, Robertsganj, Uttar Pradesh",Local,,,,23.9153,83.1258,15.45,710.0,1546000.0,1.546,303150,1429000.0,
Bakia Dam,Uttar Pradesh,"Local River, Robertsganj, Uttar Pradesh",Local,,,,23.9122,83.3319,13.72,570.0,699000.0,0.699,70803,489300.0,
Gointha Dam,Uttar Pradesh,"Local River, Robertsganj, Uttar Pradesh",Local,,,,25.6081,83.4939,13.55,500.0,885000.0,0.885,14127,619500.0,
Jharia Dam,Uttar Pradesh,"Local River, Robertsganj, Uttar Pradesh",Local,Rihand,4340.0,0.001619,24.2031,83.0069,12.74,770.0,715000.0,0.715,395198026,470500.0,Rihand Dam
Khairatia Dam,Uttar Pradesh,"Local River, Robertsganj, Uttar Pradesh",Local,Son,3964.0,0.015226,24.5861,83.1639,10.77,155.0,2120000.0,2.12,30123352,1581000.0,
Lodhighat Dam,Uttar Pradesh,"Local River, Robertsganj, Uttar Pradesh",Local,,,,24.7853,83.1061,10.66,750.0,854000.0,0.854,572379,597800.0,
Muirpur Dam,Uttar Pradesh,"Local River, Robertsganj, Uttar Pradesh",Local,,,,24.1103,83.0564,15.3,581.0,1454000.0,1.454,1329101,1183000.0,
Pokhar Dam,Uttar Pradesh,"Local River, Robertsganj, Uttar Pradesh",Local,,,,24.7683,83.1533,12.0,508.0,1533000.0,1.533,46740,1292000.0,
Shahjad Dam,Uttar Pradesh,"Shahjad River, Lalitpur, Uttar Pradesh",Shahjad,Jamni,4160.0,0.000966,24.9486,78.5214,18.0,4160.0,130000000.0,130.0,299300000,96060000.0,
Tanakpur Dam,Uttar Pradesh,"Sarda. River, Tanakpur., Uttar Pradesh",Sarda,Mahakali,4798.0,0.000731,29.0556,80.1208,26.3,475.0,10285715.0,10.286,2350000,7200000.0,
Urmil Dam,Uttar Pradesh,"Urmil River, Mahoba, Uttar Pradesh",Urmil,Urmal,4140.0,0.000613,25.1311,79.7019,25.56,4799.0,86157143.0,86.157,250300000,60310000.0,
Gunta Dam,Uttar Pradesh,"Gunta Nala River, Chitrakoot, Uttar Pradesh",Gunta Nala,,,,25.2233,81.1425,28.5,5700.0,28800000.0,28.8,7142950,24500000.0,
Maudaha Dam,Uttar Pradesh,"Birma River, Rath, Uttar Pradesh",Birma,Betwa,4109.0,0.001744,25.5886,79.7078,32.6,3480.0,200000000.0,200.0,54390000,179000000.0,
Virat Sagar Dam,Uttar Pradesh,"Dhasan River, Mahoba, Uttar Pradesh",Dhasan,,,,25.3069,79.9469,180.5,1550.0,,,12423,,
Ghoghwa Dam,Uttar Pradesh,"Local River, Bahraich, Uttar Pradesh",Local,,,,27.7939,82.1378,16.0,520.0,3596000.0,3.596,301437,1100000.0,
Jamathua Dam,Uttar Pradesh,"Jamathua Nala River, Mirzapur, Uttar Pradesh",Jamathua Nala,,,,25.0528,82.5222,20.2,600.0,2125000.0,2.125,1606887,1889000.0,
Kanhar Dam,Uttar Pradesh,"Kanhar River, Robertsganj, Uttar Pradesh",Kanhar,Kanhar,4611.0,2.4e-05,24.1225,83.2967,39.9,3240.0,323450000.0,323.45,922316,127540000.0,
Newari Dam,Uttar Pradesh,"Local River, Robertsganj, Uttar Pradesh",Local,,,,24.6514,83.3067,15.44,1218.0,1250000.0,1.25,67444,980000.0,
Pathrai Dam,Uttar Pradesh,"Pathrai River, Mau Ranipur, Uttar Pradesh",Pathrai,,,,25.4236,79.0278,18.0,3800.0,123770000.0,123.77,59400000,78500000.0,Pathrai Reservoir
Patkhauli Dam,Uttar Pradesh,"Ghataprabha River, Bahraich, Uttar Pradesh",Ghataprabha,,,,26.9619,82.6278,18.0,4721.0,163000000.0,163.0,181770,114100000.0,
Rajghat Dam,Uttar Pradesh,"Betwa River, Lalitpur, Uttar Pradesh",Betwa,Betwa,4157.0,0.001579,24.7628,78.2342,43.5,11200.0,2172000000.0,2172.0,242100000,1945000000.0,
Rasin Dam,Uttar Pradesh,"Ban Ganga River, Chitrakoot, Uttar Pradesh",Ban Ganga,,,,25.1706,80.6681,16.34,2600.0,16230000.0,16.23,4130000,13120000.0,Rasin Dam Gate
Sapehara Dam,Uttar Pradesh,"Local River, Mirzapur, Uttar Pradesh",Local,,,,24.9953,82.6067,15.44,1620.0,7932000.0,7.932,2223440,7847000.0,
Balui Dam,Uttar Pradesh,"Local River, Robertsganj, Uttar Pradesh",Local,,,,24.5435,83.1261,14.1,2900.0,6034000.0,6.034,294270,5784000.0,
Banjari Kalan Dam,Uttar Pradesh,"Local River, Mirzapur, Uttar Pradesh",Local,,,,24.8197,82.2136,14.1,1470.0,1105000.0,1.105,157154,978000.0,
Khirihata Dam,Uttar Pradesh,"Local River, Dudhi, Uttar Pradesh",Local,,,,24.1161,82.6981,10.77,178.0,2120000.0,2.12,395198026,1610000.0,
Sijar Dam,Uttar Pradesh,"Sijar River, Jhansi, Uttar Pradesh",Sijar,,,,25.4269,78.505,13.8,1900.0,55850000.0,55.85,22500000,54800000.0,
Suswar Dam,Uttar Pradesh,"Local River, Mirzapur, Uttar Pradesh",Local,,,,24.8156,82.36,14.03,1400.0,3030000.0,3.03,293892,2607000.0,
Tumaria Dam,Uttarakhand,"Dhela. River, Kashipur, Uttarakhand",Dhela,,,,29.3067,78.9194,23.32,10400.0,91050000.0,91.05,21040000,81774000.0,
Nanak Sagar Dam,Uttarakhand,"Deoha. River, Khatima, Uttarakhand",Deoha,Deoha,3839.0,0.00783,28.9389,79.8372,16.5,19200.0,209000000.0,209.0,50000000,200550000.0,
Bour Dam,Uttarakhand,"Baur Kakrala. River, Kichha, Uttarakhand",Baur Kakrala,,,,29.1322,79.26,17.98,9500.0,103368000.0,103.368,16258000,102510000.0,Haripura Dam
Baigul Dam,Uttarakhand,"Baigul. River, Sitarganj, Uttarakhand",Baigul,,,,28.8831,79.6308,13.7,15300.0,70725000.0,70.725,21700000,66225000.0,
Tumria Extension Dam,Uttarakhand,"Phika River, Kashipur, Uttarakhand",Phika,,,,29.3067,78.9194,15.29,10000.0,80820000.0,80.82,6090000,69924000.0,
Ichari Dam,Uttarakhand,"Yamuna. River, Chakrata, Uttarakhand",Yamuna,Tons,3319.0,0.000683,30.6139,77.7911,59.25,155.0,8930000.0,8.93,812500,5110000.0,
Ram Ganga Dam,Uttarakhand,"Ram Ganga. River, Lansdowne, Uttarakhand",Ram Ganga,Ramganga,3882.0,0.00095,29.5203,78.7597,128.0,715.0,244960000.0,244.96,55000000,219600000.0,Ramganga Dam
Ram Ganga Saddle Dam,Uttarakhand,"Chuisot. River, Kichha, Uttarakhand",Chuisot,Ramganga,3882.0,0.00095,29.5203,78.7597,72.0,552.0,,,66275891,,Ramganga Dam
Haripura Dam,Uttarakhand,"Bhakhara Khazia. River, Gaderpur Bazpur, Uttarakhand",Bhakhara Khazia,Bhakra,3849.0,0.017683,29.1231,79.3186,10.97,7980.0,28320000.0,28.32,11613000,27600000.0,
Maneri Stage I Dam,Uttarakhand,"Bhagirathi. River, Bhatwari, Uttarakhand",Bhagirathi,Bhagirathi,3323.0,0.000377,30.7392,78.5286,39.0,127.0,600000.0,0.6,180000,510000.0,
Jamrani Phase I Dam,Uttarakhand,"Gola. River, Nainital, Uttarakhand",Gola,Gaula,3842.0,0.00015,29.2669,79.6161,130.6,365.0,206600000.0,206.6,625731,144300000.0,
Tehri Dam,Uttarakhand,"Bhagirathi. River, Pratabnagar, Uttarakhand",Bhagirathi,Bhagirathi,4205.0,0.00099,30.3786,78.48,260.5,575.0,3540000000.0,3540.0,52000000,2615000000.0,
"Vishnuprayag
 (Jaypee) Dam",Uttarakhand,"Alaknanda. River, Joshimath, Uttarakhand",Alaknanda,Dhauli Ganga,4237.0,0.001131,30.5628,79.5756,23.0,69.75,148180.0,0.148,21170,75600.0,
Koteshwar Hep Dam,Uttarakhand,"Bhagirathi. River, Pratabnagar, Uttarakhand",Bhagirathi,Bhagirathi,4205.0,0.000377,30.2603,78.4975,97.5,300.5,88900000.0,88.9,29000000,35000000.0,Koteshwar Dam
Lakhwar (Ujvn) Dam,Uttarakhand,"Yamuna. River, Dehradun, Uttarakhand",Yamuna,Yamuna,3320.0,0.001017,30.5208,77.9144,204.0,451.0,580000000.0,580.0,9570000,333000000.0,Lakhwar Dam
Srinagar Dam,Uttarakhand,"Alaknanda. River, Srinagar., Uttarakhand",Alaknanda,Alaknanda,4212.0,0.000801,30.2403,78.8319,90.0,248.0,78000000.0,78.0,4500000,8000000.0,Shrinagar Dam
Vyasi (Ujvn) Dam,Uttarakhand,"Yamuna. River, Dehradun, Uttarakhand",Yamuna,Yamuna,3320.0,0.000849,30.5244,77.8856,86.0,207.2,13690000.0,13.69,729000,3710000.0,
Lata Tapovan (Ntpc) Dam,Uttarakhand,"Dhauliganga. River, Joshimath, Uttarakhand",Dhauliganga,Dhauli Ganga,4237.0,0.000383,30.4942,79.6275,24.5,85.5,1540000.0,1.54,384309,1540000.0,
Dhauliganga Dam,Uttarakhand,"Dhauliganga. River, Pithoragarh, Uttarakhand",Dhauliganga,Darma Yankti,4803.0,0.001037,29.9783,80.5719,56.0,270.0,6200000.0,6.2,226000,1540000.0,
Tanakpur Barrage Dam,Uttarakhand,"Sarda. River, Tanakpur, Uttarakhand",Sarda,Mahakali,4798.0,0.002951,29.0583,80.125,22.5,475.3,3150000.0,3.15,1311000,2205000.0,
Bogudiyaar Sirkari Bhyol Dam,Uttarakhand,"Goriganga. River, Tanakpur, Uttarakhand",Goriganga,Goriganga,4806.0,0.010717,30.3086,80.2078,86.0,136.0,1220000.0,1.22,59200,840000.0,
Phata Bhyung Dam,Uttarakhand,"Mandakini. River, Sitapur, Uttarakhand",Mandakini,Mandakini,4208.0,0.011148,30.6239,78.9997,26.0,,49920.0,0.05,71306,41420.0,Phata Byung
Rambara Dam,Uttarakhand,"Mandakini. River, Gaurikund, Uttarakhand",Mandakini,,,,30.6947,79.0556,31.0,75.0,74000.0,0.074,65000000,73000.0,
Vishnu Gad Pipalkoti Hep Dam,Uttarakhand,"Alaknanda. River, Joshimath, Uttarakhand",Alaknanda,Alaknanda,4240.0,0.011997,30.5139,79.4917,65.0,89.55,363000000.0,363.0,245000,2470000.0,
Massanjore Dam,West Bengal,"Mayurakshi. River, Suri, West Bengal",Mayurakshi,,,,24.1072,87.3086,47.25,661.58,617000000.0,617.0,69920000,549130000.0,
Hinglow Dam,West Bengal,"Hinglow. River, Suri, West Bengal",Hinglow,,,,23.8221,87.1934,12.0,1158.0,17069000.0,17.069,6480000,14150000.0,
Nachan Dam,West Bengal,"Nachankandar. River, Durgapur, West Bengal",Nachankandar,,,,23.6173,87.3215,14.0,853.0,961000.0,0.961,174000,886000.0,
Bara Mandira Dam,West Bengal,"Baramandira. River, Burdwan, West Bengal",Baramandira,,,,23.8329,86.9544,17.0,853.0,1419000.0,1.419,243000,1219000.0,
Bajrag Garh Dam,Rajasthan,"Sivani River, Pratapgarh, Rajasthan",Sivani,,,,23.9792,74.8733,12.3,1590.0,2010000.0,2.01,22530000,1850000.0,
