seg_id,river_name,tier,n_upstream_dams,total_upstream_capacity_mcm,nearest_upstream_dam,nearest_dam_dist_km,nearest_dam_year,dams_before_1991,dams_after_1991,category,severity,pct_change,early_mean,late_mean,tau,p_value,sens_slope_m3s_yr,norm_slope_pct_yr,min_year,min_flow_m3s
1429,Padma,1,32,2481.03,Torai Dam,325.84,,24,4,Drying,Mild Drying,-8.7962928754183,28389.549558806822,25892.32163360215,-0.1729264475743349,0.0320481165907566,-49.75678315750211,-0.1833080784306641,2022,16109.842
1445,Padma,1,32,2481.03,Torai Dam,268.56,,24,4,Drying,Mild Drying,-8.798185538801851,28292.052967670457,25802.86565483871,-0.1729264475743349,0.0320481165907566,-48.78308393464057,-0.1803447818956273,2022,16021.877
1495,Padma,1,0,0.0,,,,0,0,Stable,Stable,-7.46517675237002,17.775532533598486,16.448557611290322,-0.1369327073552425,0.0897769955648337,-0.040542718079922,-0.2374281047408394,2022,8.530096
1496,Padma,1,0,0.0,,,,0,0,Stable,Stable,-7.191632950680135,59.81659937984848,55.51480910887097,-0.0758998435054773,0.3481310090480654,-0.0978948429643361,-0.1701408868555551,2012,23.56328016666667
1497,Padma,1,32,2481.03,Torai Dam,304.33,,24,4,Drying,Mild Drying,-8.795145749669572,28356.399783901514,25862.413093548388,-0.1729264475743349,0.0320481165907566,-49.27084367753627,-0.1817322255206226,2022,16057.462
1523,Padma,1,32,2481.03,Torai Dam,178.24,,24,4,Stable,Stable,-8.080689762590291,12861.499447386364,11822.201578225808,-0.149452269170579,0.0640064196823606,-27.91210390394092,-0.2258101428264621,2014,7012.4120416666665
1525,Padma,1,0,0.0,,,,0,0,Drying,Mild Drying,-9.403836414466682,15380.35927155303,13934.015445698924,-0.1807511737089202,0.0250238140282939,-30.124371466920095,-0.2057730746349624,2022,6882.9253
1526,Padma,1,0,0.0,,,,0,0,Stable,Stable,-5.076335973449964,16.244498937632578,15.419873594354838,-0.0610328638497652,0.4511535370128277,-0.0165691194351119,-0.1049456548720081,2012,7.41813345
1527,Padma,1,32,2481.03,Torai Dam,237.77,,24,4,Drying,Mild Drying,-8.801253914811547,28241.927314280307,25756.28358091398,-0.1729264475743349,0.0320481165907566,-48.66480808558576,-0.1802362621762037,2022,15918.755
1528,Padma,1,0,0.0,,,,0,0,Stable,Stable,-4.133162081346923,43.70418428772727,41.89781951478495,-0.0093896713615023,0.9109751026871792,-0.0076584951804916,-0.017970483188422,2012,17.2870404
1530,Padma,1,0,0.0,,,,0,0,Stable,Stable,-2.9904808790227597,50.25851544804924,48.755544153494625,0.0086071987480438,0.9186882634841276,0.0093048060515874,0.0188909683789152,2012,22.148099116666668
1548,Punarbhaba,99,0,0.0,,,,0,0,Stable,Stable,-6.718061374696455,57.37974613195075,53.52493957016129,-0.069640062597809,0.3895461398198647,-0.0635996202931109,-0.1151798723019373,2022,21.207924
1549,Punarbhaba,99,0,0.0,,,,0,0,Stable,Stable,-8.423253827721263,87.08914056950758,79.75340120295698,-0.1150234741784037,0.1543465124436378,-0.1605868567612948,-0.1929866784927206,2022,35.297493
1551,Padma,1,32,2481.03,Torai Dam,96.2,,24,4,Stable,Stable,-8.093116178530936,12799.646398352274,11763.756144892472,-0.1486697965571205,0.0654148135012158,-28.21889278846156,-0.2294105030348498,2014,6961.537958333333
1552,Padma,1,0,0.0,,,,0,0,Stable,Stable,-6.632793039726352,5.397827665344697,5.0398009276612905,-0.0446009389671361,0.5827852327137752,-0.0044140995033842,-0.0848646648424572,2022,2.349523
1553,Padma,1,32,2481.03,Torai Dam,121.8,,24,4,Stable,Stable,-8.093031747183172,12807.739893295457,11771.20543763441,-0.1486697965571205,0.0654148135012158,-28.04489497835499,-0.2278518724967065,2014,6967.190616666667
1560,Tangan,99,0,0.0,,,,0,0,Stable,Stable,-7.2006656781023235,13.233757986458333,12.280839317204302,-0.0516431924882629,0.5242399029172564,-0.0102322556060605,-0.0804878670845715,1994,4.722216566666667
1562,Punarbhaba,99,0,0.0,,,,0,0,Stable,Stable,-5.870253982369123,19.497075750643937,18.352547884946237,-0.0023474178403755,0.9806083394501892,-0.0014002541246499,-0.0074342893372736,2022,7.313533
2480,Kevai,99,1,3.08,Latar Dam,14.92,1976.0,1,0,Stable,Stable,14.580991710367933,21.367267045606063,24.482826482258066,0.1197183098591549,0.1380817350932224,0.0670812288958772,0.2926136765179793,1979,10.063292725
2481,Son,99,0,0.0,,,,0,0,Stable,Stable,-5.05205838917515,14.631629942272728,13.892431454301075,-0.0798122065727699,0.3237244365109479,-0.0161167505137949,-0.112776169716927,2015,8.446695216666667
2807,Mohana,99,1,12.34,Buksa Dam,4.8,1982.0,1,0,Stable,Stable,1.7284371472614035,11.615904817329543,11.816678431182796,-0.0156494522691705,0.8496314926030792,-0.004277494625506,-0.0366683571955257,2010,3.2421887166666665
2910,Padma,1,0,0.0,,,,0,0,Stable,Stable,-2.111613526195468,7.632378872518939,7.471212527876344,0.0250391236306729,0.7594077836691946,0.0057077600990675,0.0758509824619651,2012,1.3598442708333334
2912,Padma,1,0,0.0,,,,0,0,Stable,Stable,-4.860338895191385,19.344053311155303,18.403866764166665,-0.0039123630672926,0.965102707616436,-0.002510858530983,-0.0133256014229218,2012,3.4287417916666665
2913,Ichamati,99,0,0.0,,,,0,0,Stable,Stable,-3.07407370892239,20.82325188492424,20.183129773387098,0.0258215962441314,0.7520168837093886,0.0152779541447224,0.0746356605022085,2012,5.447207691666667
2914,Kalindi,99,0,0.0,,,,0,0,Stable,Stable,-2.0249956252596792,41.9970846382197,41.14664551155914,0.0211267605633802,0.796680051274133,0.0267388065619968,0.0645995865085477,2012,7.130886733333333
2915,Ichamati,99,0,0.0,,,,0,0,Stable,Stable,1.117953657391929,70.98950768579546,71.78313748333333,0.0649452269170579,0.4224917781104891,0.1180993625,0.1663039248202657,2012,25.438560750000004
2916,Ichamati,99,0,0.0,,,,0,0,Stable,Stable,3.934791170735077,9.13633091534091,9.495826457526883,0.1111111111111111,0.16890433439895,0.0223971325367646,0.2423788122751191,1958,3.013111783333333
2918,Ichamati,99,0,0.0,,,,0,0,Stable,Stable,0.2028946786474682,12.025613290719695,12.05001262016129,0.0297339593114241,0.7154148441443793,0.0115420406635802,0.0963579281652201,2012,3.452169083333333
2919,Mathabanga,99,0,0.0,,,,0,0,Stable,Stable,-2.482421614610195,49.46630910922349,48.23834675994623,0.0187793427230046,0.8192741807890083,0.016708087601626,0.0343671116167694,1972,22.20445666666667
2920,Padma,1,0,0.0,,,,0,0,Stable,Stable,0.9758456905649628,7.672715292234848,7.747589153763441,0.0555555555555555,0.4930689350662878,0.009411610813492,0.1228614876491165,1958,2.108182975
2921,Padma,1,0,0.0,,,,0,0,Stable,Stable,0.0861055740456833,92.34719571808712,92.42671180107529,0.0524256651017214,0.5179259057262735,0.1161464901041669,0.1265306397841885,1972,39.76964725
2922,Ichamati,99,0,0.0,,,,0,0,Stable,Stable,2.9341202225631107,29.502949228655304,30.36860122822581,0.0892018779342723,0.2698087511110099,0.0677624558712119,0.2278566995016803,1958,11.746961858333334
2928,Padma,1,0,0.0,,,,0,0,Stable,Stable,4.78252968333534,11.892116142651515,12.460860127150536,0.1040688575899843,0.1976657456561186,0.0308508014112903,0.255850377284302,1972,4.892732316666667
2929,Padma,1,0,0.0,,,,0,0,Stable,Stable,0.6112221398140996,110.54293784526514,111.21860075537634,0.0571205007824726,0.4808844025592613,0.1487050047313801,0.1350224321696019,1972,46.94511574999999
2930,Mathabanga,99,0,0.0,,,,0,0,Stable,Stable,-3.618827383835016,13.451688451117423,12.964895065860215,-0.0125195618153364,0.8802134306063019,-0.0033445967447917,-0.0254415682814801,1972,5.841205775
2931,Bhairab,99,0,0.0,,,,0,0,Stable,Stable,-4.492443606038267,17.539975856950758,16.752002333064517,-0.0117370892018779,0.8878887714688604,-0.0035515392818428,-0.020791865860675,1972,7.740773291666667
2933,Padma,1,0,0.0,,,,0,0,Stable,Stable,-0.8001664696186199,13.93596749909091,13.824456559946237,0.0359937402190923,0.6582189629917612,0.0125197979949874,0.0907177918609344,1958,4.685606383333334
2954,Gumani,99,2,278.89,Sunder Dam,18.92,1976.0,1,0,Stable,Stable,8.531364149790747,12.134168334848486,13.16937842204301,-0.0453834115805946,0.5761320910860721,-0.0179731755122438,-0.143971105632106,2018,4.169355524999999
2957,Gumani,99,2,278.89,Torai Dam,25.81,,1,0,Stable,Stable,20.009370592951907,31.281054402007577,37.54019650268817,0.0352112676056338,0.6652683394768646,0.0345212409013041,0.1021995820300528,1972,10.679482141666668
2959,Ganga,1,30,2202.14,Chandan Dam,106.31,1968.0,23,4,Stable,Stable,-8.251494214560324,12360.476447916666,11340.552448924733,-0.137715179968701,0.0879526610876704,-26.4347697185062,-0.22267936011658,2014,6643.542591666667
2960,Ganga,1,32,2481.03,Torai Dam,43.42,,24,4,Stable,Stable,-8.181800362486413,12400.252140435605,11385.688265860215,-0.136150234741784,0.0916316716494531,-26.22916774193549,-0.2201663749754268,2014,6685.967316666666
2971,Padma,1,0,0.0,,,,0,0,Stable,Stable,-4.890178882581242,374.0540550859848,355.7621426747312,-0.0649452269170579,0.4224917781104891,-0.4460326052083332,-0.1228121869594208,2022,158.36511
2973,Padma,1,32,2481.03,Torai Dam,62.08,,24,4,Stable,Stable,-8.187964617187875,12414.208037121212,11397.737075537634,-0.1384976525821596,0.086158341462019,-26.385611065227824,-0.2212360029059318,2014,6695.2622249999995
2977,Chandan,99,1,157.23,Chandan Dam,3.6,1968.0,1,0,Stable,Stable,3.927699455615989,11.328503807670456,11.773453390053763,-0.0086071987480438,0.9186882634841276,-0.0020608196043025,-0.0179973344348651,1965,4.155901358333334
2978,Barnar,99,1,80.21,Barnar Dam,14.26,2005.0,0,1,Stable,Stable,-2.2314351215378245,11.036607054810606,10.79033232876344,-0.0172143974960876,0.8344219897000891,-0.0049630829269254,-0.0457366162445457,1966,3.3216263500000003
3217,Koel,99,0,0.0,,,,0,0,Drying,Moderate Drying,-11.016476844562757,18.31996137030303,16.301747068010755,-0.1924882629107981,0.0169923916291623,-0.0735350727449223,-0.4249611127297645,1992,7.653408741666667
3244,Sota,99,1,16.36,Buchara Dam,23.34,1889.0,1,0,Stable,Stable,13.386397228708743,2.175606765484848,2.4668421292473117,0.0602503912363067,0.4570151459561868,0.0041940575304259,0.1827715868616479,2002,0.5703869733333333
3245,Sota,99,1,24.54,Chittoli Dam,6.66,1950.0,1,0,Stable,Stable,5.785062704550193,3.2743640283238635,3.4637880405376347,0.0125195618153364,0.8802134306063019,0.0016784133401863,0.0502328477046554,2002,0.7411553008333334
3246,Sota,99,1,24.54,Chittoli Dam,31.4,1950.0,1,0,Stable,Stable,1.0871296136328217,6.503260099626894,6.573958966021506,-0.0375586854460093,0.6442115023036941,-0.0074924311440678,-0.1151829225648437,2002,1.4678310333333335
3247,Chalak,99,0,0.0,,,,0,0,Stable,Stable,2.139006966016098,2.2869228738352274,2.3358403134139785,-0.041471048513302,0.6097495826361756,-0.0039424301686508,-0.1717908540983516,1987,0.5264514883333333
3248,Sota,99,2,40.9,Chittoli Dam,53.44,1950.0,2,0,Stable,Stable,4.473044014412992,10.265638170416668,10.724824684139785,-0.0133020344287949,0.8725493270758475,-0.0049844252532679,-0.0478065490207531,2002,2.4540743416666664
3260,Yamuna,99,0,0.0,,,,0,0,Drying,Severe Drying,-37.336940522858576,1.379726059206439,0.8645785611021506,-0.3028169014084507,0.0001714521556526,-0.0110553682725694,-0.9487890922734912,2007,0.19998005
3261,Yamuna,99,3,602.62,Vyasi (Ujvn) Dam,184.34,,1,1,Drying,Moderate Drying,-21.84221075021571,270.9625138130682,211.77831049193549,-0.2910798122065727,0.0003039540655975,-2.161406077807647,-0.889361848821463,1987,76.0401055
3262,Yamuna,99,3,602.62,Vyasi (Ujvn) Dam,203.01,,1,1,Drying,Moderate Drying,-22.005926773928135,273.93329000321967,213.65173079569897,-0.2887323943661972,0.000340010156226,-2.1854209072802195,-0.890041403087361,1987,76.57404708333333
3263,Yamuna,99,0,0.0,,,,0,0,Drying,Moderate Drying,-21.24921887761276,60.10017424816287,47.32935667634408,-0.2112676056338028,0.0087875073390921,-0.3996679356944445,-0.7312264077786598,2002,11.864100791666669
3264,Yamuna,99,3,602.62,Vyasi (Ujvn) Dam,225.3,,1,1,Drying,Moderate Drying,-22.23855471185186,339.9008870602273,264.31184232526886,-0.310641627543036,0.0001157443236667,-2.65272149550456,-0.8698880712597171,1987,91.06260758333332
3279,Yamuna,99,0,0.0,,,,0,0,Drying,Severe Drying,-43.61191772553246,2.5314602428598487,1.4274418844892474,-0.3043818466353677,0.0001586083806017,-0.0224532826774691,-1.0872831157552905,2007,0.3682193291666666
3281,Yamuna,99,0,0.0,,,,0,0,Drying,Severe Drying,-42.88608855112191,4.941058987642045,2.82203205483871,-0.2848200312989045,0.0004091250147599,-0.0427300111650641,-1.0559038451220228,2007,0.6975466016666667
3284,Bata,99,0,0.0,,,,0,0,Drying,Mild Drying,-9.865032882826249,6.838020969098485,6.1634479519623655,-0.1901408450704225,0.0183883073144981,-0.0437665238462216,-0.675571910866575,1974,1.4895136775
3285,Tons,99,0,0.0,,,,0,0,Drying,Moderate Drying,-16.996183864394254,21.616297678162876,17.942351980107528,-0.2527386541471048,0.0017155887229374,-0.1610158317150276,-0.8116263411296747,1987,5.728434808333334
3286,Giri,99,0,0.0,,,,0,0,Drying,Moderate Drying,-21.96435179113548,46.21882805630682,36.067162068279565,-0.2910798122065727,0.0003039540655975,-0.361244438047757,-0.8737080775457027,2022,10.085888
3287,Yamuna,99,3,602.62,Ichari Dam,23.34,1972.0,1,1,Drying,Moderate Drying,-25.005531772382877,168.12751181875,126.0863334327957,-0.3082942097026604,0.0001303473158864,-1.4021616558340724,-0.9451363093545204,2022,47.818874
3288,Yamuna,99,3,602.62,Ichari Dam,27.26,1972.0,1,1,Drying,Moderate Drying,-24.04011290557827,190.14189822339017,144.43157120967743,-0.3145539906103286,9.477964913395807e-05,-1.5755380260802472,-0.934530761549792,1987,53.73470699999999
3289,Yamuna,99,3,602.62,Vyasi (Ujvn) Dam,44.5,,1,1,Drying,Moderate Drying,-22.94044354844645,203.06038359886364,156.47743093010752,-0.310641627543036,0.0001157443236667,-1.635041875964507,-0.903277755847262,1987,57.95085783333334
3290,Yamuna,99,0,0.0,,,,0,0,Drying,Mild Drying,-2.7406436867189843,12.185368290189391,11.85141076344086,-0.1643192488262911,0.0416638200835364,-0.0630087438683711,-0.5281950560281259,1982,3.2376629416666667
3291,Yamuna,99,0,0.0,,,,0,0,Stable,Stable,-6.1646414072700475,12.278750542954544,11.521809602688172,-0.1541471048513302,0.0560727120207502,-0.0652551625261643,-0.5505698515983906,1981,2.514249216666667
3292,Yamuna,99,3,602.62,Vyasi (Ujvn) Dam,64.53,,1,1,Drying,Moderate Drying,-21.79515257893981,215.61096836553028,168.61822883333332,-0.3059467918622848,0.0001466741095625,-1.6731911443376066,-0.8657239067628911,1987,61.9344605
3293,Yamuna,99,3,602.62,Vyasi (Ujvn) Dam,99.49,,1,1,Drying,Moderate Drying,-20.818379906745296,237.6427649102273,188.16939129032255,-0.2895148669796557,0.0003275689414186,-1.813244931964574,-0.8470045498705772,1987,68.38836041666667
3295,Yamuna,99,0,0.0,,,,0,0,Drying,Moderate Drying,-24.389618858470023,8.419366104469697,6.365914801290323,-0.2934272300469484,0.0002715030076816,-0.0773747691467304,-1.0385385987172702,1987,1.6437312225000005
3296,Yamuna,99,0,0.0,,,,0,0,Stable,Stable,-11.540124525344348,6.238821628255682,5.51885384344086,-0.1267605633802817,0.1163725878670813,-0.0295439770129504,-0.5007642805161537,1982,0.8658665308333333
3297,Yamuna,99,0,0.0,,,,0,0,Drying,Moderate Drying,-23.453765860808502,15.001693895208334,11.483231733870968,-0.2754303599374021,0.0006320914766573,-0.1318952725992064,-0.9872591633036162,1987,3.160533975
3298,Yamuna,99,3,602.62,Vyasi (Ujvn) Dam,135.45,,1,1,Drying,Moderate Drying,-21.015381591796153,254.02123702405305,200.6377047392473,-0.2863849765258216,0.0003800377024256,-1.9759544404633615,-0.8642325874607164,1987,71.89428516666666
3300,Yamuna,99,3,602.62,Vyasi (Ujvn) Dam,148.31,,1,1,Drying,Moderate Drying,-20.94943043695473,261.6997986340909,206.8751813655914,-0.2809076682316119,0.0004911922251926,-2.0477257480971893,-0.868944131564474,1987,73.85829566666666
3301,Hindon,99,0,0.0,,,,0,0,Drying,Moderate Drying,-28.90865017010369,8.087718936443181,5.749668562365591,-0.1948356807511737,0.0156903461366171,-0.0509544429012345,-0.7222823059519016,1982,1.0158606666666663
3302,Hindon,99,0,0.0,,,,0,0,Stable,Stable,-9.034954840048648,21.386404090757576,19.454152139247313,-0.1431924882629108,0.0760044175506724,-0.0946625211640211,-0.4640194147945196,1982,4.679176808333334
3303,Yamuna,99,0,0.0,,,,0,0,Drying,Severe Drying,-51.08774577923643,2.03646773077841,0.9960822736021506,-0.3888888888888889,1.3845329056572098e-06,-0.0227320762581699,-1.4390833019226354,2017,0.2574867108333333
3304,Yamuna,99,3,602.62,Vyasi (Ujvn) Dam,164.97,,1,1,Drying,Moderate Drying,-21.337289643174127,265.27298995681815,208.67092374462365,-0.284037558685446,0.0004244363613015,-2.0902923621794836,-0.8766043801832207,1987,74.70548108333334
3305,Yamuna,99,0,0.0,,,,0,0,Drying,Severe Drying,-49.8488436129812,1.5476964796022727,0.7761876818817204,-0.4217527386541471,1.6448260775625556e-07,-0.0188857179248366,-1.5569546393944471,2017,0.1832225783333333
3308,Rupin,99,0,0.0,,,,0,0,Stable,Stable,-16.173766010705286,3.750720368511364,3.144087632392473,0.0250391236306729,0.7594077836691946,0.0034680633564815,0.0997177720730455,2009,0.2802331833333333
3309,Tons,99,0,0.0,,,,0,0,Stable,Stable,23.278222255709657,7.19189712553788,8.866042922822581,0.1275430359937402,0.1141285546765966,0.0391794476466049,0.4936504549507685,2009,0.8289407291666667
3310,Pabbar,99,0,0.0,,,,0,0,Drying,Severe Drying,-33.09937511857838,15.105631314071973,10.105761741397847,-0.1877934272300469,0.0198835881588574,-0.0858811422922775,-0.6700663465814304,2004,1.8154302108333331
3311,Tons,99,0,0.0,,,,0,0,Stable,Stable,-6.538394964944805,17.449764812727274,16.308830268817204,-0.0140845070422535,0.864897167788448,-0.009656712112403,-0.057111111529364,2009,1.579447325
3312,Tons,99,0,0.0,,,,0,0,Stable,Stable,-22.9067530781164,38.06994002662879,29.349352867741935,-0.1353677621283255,0.0935170157483709,-0.1654885477150538,-0.4857828802848373,2009,4.651191133333334
3316,Shallu,99,0,0.0,,,,0,0,Drying,Severe Drying,-36.83231552668161,8.487319888176136,5.361243447204301,-0.3732394366197183,3.608079779171547e-06,-0.0948425011453488,-1.3466092547930184,2022,1.4089956
3317,Tons,99,0,0.0,,,,0,0,Drying,Moderate Drying,-25.729095573425298,47.48099100520834,35.264561450268815,-0.1823161189358372,0.0237914828636334,-0.2828826005819059,-0.675727619292063,2009,8.186685291666667
3318,Sainj,99,0,0.0,,,,0,0,Drying,Severe Drying,-31.390611724738033,6.302054350700757,4.323800938790322,-0.3583724569640062,8.665695803600215e-06,-0.0680062715044967,-1.264968210899979,2022,0.96099275
3319,Tons,99,1,8.93,Ichari Dam,2.73,1972.0,1,0,Drying,Moderate Drying,-26.86886693072359,66.04733716361741,48.301166029838704,-0.2652582159624413,0.0009980910481652,-0.4986564622499999,-0.8622890029746999,2009,13.812208708333335
3320,Yamuna,99,2,593.69,Lakhwar (Ujvn) Dam,0.82,2024.0,0,1,Drying,Moderate Drying,-26.164543975170723,51.327278590776515,37.89773021263441,-0.3348982785602504,3.233493130805343e-05,-0.4861838062260537,-1.0804938795841683,2009,6.9359231333333335
3321,Aglad,99,0,0.0,,,,0,0,Drying,Moderate Drying,-22.842179289145054,7.630021842960227,5.887158573790322,-0.2918622848200313,0.0002927536719805,-0.0661137805400697,-0.972952767222802,1987,1.2339051108333334
3322,Yamuna,99,0,0.0,,,,0,0,Drying,Moderate Drying,-25.251444857674898,36.40084258861742,27.209103894623656,-0.3200312989045383,7.137987113781108e-05,-0.3329846706281566,-1.0385839902527376,2009,3.6788289666666665
3323,Bhagirathi,99,1,0.6,Maneri Stage I Dam,4.23,1984.0,1,0,Stable,Stable,-2.8681055683161394,75.47107114782196,73.30648115376344,-0.0391236306729264,0.6303292623489334,-0.0866396741976352,-0.1167495618024938,2009,9.1300964
3324,Yamuna,99,3,602.62,Vyasi (Ujvn) Dam,14.2,,1,1,Drying,Moderate Drying,-26.297094955372614,121.1948387849432,89.32411694865591,-0.3176838810641627,8.064627420267811e-05,-1.0189123117035042,-0.9584375073090672,2009,22.1809145
3325,Ashmi,99,0,0.0,,,,0,0,Drying,Moderate Drying,-15.446290063564112,3.772464066598485,3.189758324327957,-0.1971830985915492,0.0144768911150616,-0.0216925604367689,-0.6220320584992315,1972,0.9994001766666668
3326,Giri,99,0,0.0,,,,0,0,Drying,Moderate Drying,-25.81666740350541,16.039070559583333,11.898317058602151,-0.2863849765258216,0.0003800377024256,-0.1309658838643792,-0.930263063737822,2022,3.232049
3328,Sarai,99,0,0.0,,,,0,0,Stable,Stable,23.365112610751975,2.943961224710227,3.6318210800806447,0.056338028169014,0.4869560812360789,0.0076234827039141,0.2370466532396372,2015,0.6773803666666667
3329,Chambal,99,0,0.0,,,,0,0,Stable,Stable,10.640488684469208,3.254378981755682,3.6006608090591397,0.0133020344287949,0.8725493270758475,0.0016863531229982,0.0499256242835665,2015,0.7389918733333333
3330,Kadwal,99,2,55.7,Aoda Dam,22.84,1934.0,1,0,Stable,Stable,20.8880768870532,10.322515594848486,12.478690588978496,0.054773082942097,0.4992226615640707,0.0209709729166667,0.1878025185445942,2017,2.658133558333333
3331,Chambal,99,2,55.7,Aoda Dam,41.91,1934.0,1,0,Stable,Stable,21.33862380991351,13.390347311666668,16.247663151344085,0.0579029733959311,0.4748541917264841,0.0313058692760942,0.2157322078332379,2017,3.4115650416666665
3332,Banas,99,72,2740.48,Kalisil Dam,25.4,1956.0,53,9,Stable,Stable,2.118537283711821,215.0274493581439,219.58288604301077,-0.0211267605633802,0.796680051274133,-0.1562849501050418,-0.0724150741019305,2002,42.71260591666667
3333,Chambal,99,152,10195.82,Man Sarowar Dam,21.1,1957.0,96,45,Stable,Stable,4.129535852174566,808.417581107197,841.801474954301,-0.0234741784037558,0.7742550657745815,-0.865949776388888,-0.106034351625299,1951,236.26304545454548
3334,Chambal,99,154,10251.52,Man Sarowar Dam,30.23,1957.0,97,45,Stable,Stable,4.409887010312255,821.8092387645833,858.0500976344086,-0.0179968701095461,0.826840031012408,-0.819254871031748,-0.0985650591244469,1951,239.88977999999997
3335,Chambal,99,226,12992.0,Man Sarowar Dam,34.27,1957.0,150,54,Stable,Stable,3.954381002902755,1039.2422681628789,1080.3378669892477,-0.0258215962441314,0.7520168837093886,-0.7582684564345434,-0.0722490860703651,2002,322.530075
3336,Chambal,99,226,12992.0,Kalisil Dam,25.99,1956.0,150,54,Stable,Stable,3.841544618288121,1050.0710113598484,1090.4099577849463,-0.0219092331768388,0.7891853811696212,-0.8604837360646616,-0.0811820228874055,2002,325.664105
3337,Kuno,99,2,21.6,Harsi Dam,7.8,1917.0,2,0,Stable,Stable,-0.7769442826784413,44.44594091564394,44.1006207188172,-0.041471048513302,0.6097495826361756,-0.0721046258614418,-0.1641359377545344,2002,10.885390208333334
3338,Karisil,99,1,41.7,Kalisil Dam,6.81,1956.0,1,0,Stable,Stable,-17.78763476359367,4.554129063806818,3.7440572192741937,-0.1259780907668231,0.1186511412291453,-0.0226463183928571,-0.5436317261436823,2002,0.6557689125
3339,Chambal,99,229,13023.39,Needar Dam,106.31,1990.0,153,54,Stable,Stable,2.697687700958066,1121.4680526079546,1151.7217583333334,-0.0320813771517996,0.6937574902034176,-1.1739764043209844,-0.1042097499413771,2002,344.45194583333335
3340,Parbati,99,6,93.92,Rampur Dam,6.33,1958.0,4,2,Stable,Stable,-2.639310444318196,4.931994050899621,4.801823416801075,-0.0610328638497652,0.4511535370128277,-0.0121690224873737,-0.2517867361778512,1979,0.9691589008333332
3341,Karai,99,0,0.0,,,,0,0,Stable,Stable,6.123009293535153,5.554153747979166,5.8942350981451614,0.0289514866979655,0.7226862070785358,0.0048899526177156,0.0864736256770848,2007,1.1520838375
3342,Kuno,99,0,0.0,,,,0,0,Stable,Stable,3.5127670936634137,10.142260137632576,10.498534114301076,0.0023474178403755,0.9806083394501892,0.0013439832839262,0.0131634226584263,2002,2.1814870166666664
3343,Kuno,99,0,0.0,,,,0,0,Stable,Stable,5.193710340212292,18.62267025064394,19.58987780107527,0.0070422535211267,0.9341368400799536,0.0079551513495808,0.0421285972168287,2002,4.073038483333334
3344,Sindh,99,2,3.61,Mohari Dam,11.37,1916.0,2,0,Stable,Stable,-1.1279009522785637,29.56338465810606,29.229938961021507,-0.0532081377151799,0.5116514737677185,-0.050607858522263,-0.1734051951547907,1979,6.026048408333334
3345,Sindh,99,3,5.68,Bharoli Dam,30.36,1916.0,3,0,Stable,Stable,-1.0012033883034717,39.461258457007574,39.066171000268824,-0.0446009389671361,0.5827852327137752,-0.0567156261936936,-0.1455180860734873,1979,8.348344016666667
3346,Kendar,99,0,0.0,,,,0,0,Stable,Stable,-1.4491951456011465,3.2444137974166667,3.1973959101612905,-0.0375586854460093,0.6442115023036941,-0.0043998823473869,-0.1375873386871837,2002,0.7006421975
3347,Manki,99,1,2.33,Kuda Dam,11.58,1982.0,1,0,Stable,Stable,-8.535380785770567,4.565872246371212,4.176157663951613,-0.0954616588419405,0.2374903017794887,-0.0155738116454736,-0.3570134149353124,2002,1.031098903333333
3348,Kuno,99,1,2.33,Kuda Dam,19.13,1982.0,1,0,Stable,Stable,-5.240953104729042,9.044432112089016,8.570417666505376,-0.069640062597809,0.3895461398198647,-0.0233673411574074,-0.2664982823359326,2002,2.0108095833333333
3349,Kunwari,99,2,7.19,Kamera Dam,8.46,1910.0,2,0,Drying,Severe Drying,-32.95484858213673,15.472361683390153,10.373468318548388,-0.2394366197183098,0.0029758464158153,-0.1215842967697335,-0.9248388317720356,2007,2.3170151249999997
3350,Kunwari,99,0,0.0,,,,0,0,Drying,Severe Drying,-32.01983072167117,1.815637145022727,1.234273204666667,-0.2934272300469484,0.0002715030076816,-0.0166458514476799,-1.0669902875818318,2007,0.1734928083333333
3351,Bamni,99,0,0.0,,,,0,0,Drying,Moderate Drying,-25.691147356966233,1.8087047137443184,1.344027720483871,-0.2300469483568075,0.0043233446411865,-0.0134346108333333,-0.8390675237418235,1980,0.3318888325
3352,Parbati,99,0,0.0,,,,0,0,Drying,Moderate Drying,-28.917547815333982,1.6715927343295456,1.1882091061021505,-0.1830985915492957,0.0231953061378926,-0.0105093502556818,-0.7205277248802783,2007,0.2953819991666667
3353,Vaisali,99,0,0.0,,,,0,0,Drying,Moderate Drying,-26.41344050999912,2.2737397156912875,1.673166828534946,-0.2683881064162754,0.0008686025351922,-0.0207942089848484,-1.0358273783220886,2007,0.1899657308333333
3354,Sengur,99,0,0.0,,,,0,0,Drying,Severe Drying,-52.65912885105914,2.476587319185606,1.1724380116666666,-0.4859154929577465,1.6113519407667811e-09,-0.031532915136916,-1.6692950933392885,2016,0.1661288983333333
3355,Sesar,99,1,34.97,Juggar Dam,11.32,1957.0,1,0,Drying,Moderate Drying,-26.96942815402422,1.9402476327859848,1.416973941451613,-0.2097026604068857,0.0093015553668744,-0.0141823350773631,-0.8298735920256354,1987,0.3216226541666666
3356,Vaisali,99,1,12.96,Ramova Dam,20.92,1931.0,1,0,Drying,Severe Drying,-31.30624048186621,4.5477844916496215,3.1240441420967744,-0.2949921752738654,0.0002517048330354,-0.0428453871502976,-1.0951867337408665,2007,0.9322503625
3357,Kunwari,99,0,0.0,,,,0,0,Drying,Severe Drying,-31.04731923484171,4.018690296367424,2.7709946909946237,-0.2910798122065727,0.0003039540655975,-0.0383557898153594,-1.1141283376945077,2007,0.5146209583333333
3358,Parbati,99,1,115.17,Parbati Dam,9.06,1963.0,1,0,Drying,Severe Drying,-32.746199732265154,3.2769735765189396,2.203889263978495,-0.2323943661971831,0.0039425831766191,-0.0247031144020206,-0.8823811055791492,2007,0.4339372358333333
3359,Gambhir,99,0,0.0,,,,0,0,Drying,Severe Drying,-31.23300442965836,2.9314147768693184,2.0158458697580643,-0.270735524256651,0.0007819061466807,-0.0251610259366582,-0.993930360167938,2007,0.52359807
3360,Vaisali,99,0,0.0,,,,0,0,Drying,Severe Drying,-30.90342123642608,4.969638089808712,3.4338498969892473,-0.3153364632237871,9.104183740804572e-05,-0.0482325263194444,-1.1252947377093354,2007,1.0394087175
3361,Jhilmil,99,0,0.0,,,,0,0,Drying,Severe Drying,-30.46248345528488,4.974202267539773,3.458936724758064,-0.2996870109546166,0.0002001286618467,-0.0490681921859903,-1.140689097648964,2007,0.6337655733333333
3362,Sank,99,3,24.31,Tigra Dam,11.91,1917.0,3,0,Drying,Severe Drying,-31.595864460719948,8.177830661854166,5.593974370107527,-0.2942097026604069,0.0002614282568833,-0.0759792686609686,-1.0831964741176647,2007,1.3423752333333334
3363,Pahuj,99,2,5.03,Khaprar Dam,6.75,1985.0,2,0,Drying,Severe Drying,-43.969599086759295,8.959174743759469,5.019861527446237,-0.4100156494522691,3.585818360019033e-07,-0.1066313515822285,-1.4793460042425923,2007,1.0176707491666666
3364,Parbati,99,1,115.17,Parbati Dam,10.33,1963.0,1,0,Drying,Severe Drying,-30.778988347663955,5.803134605467803,4.016988481451613,-0.2128325508607198,0.0082989932510908,-0.0405900828958333,-0.8099865991226757,2007,0.8901039416666667
3365,Gambhir,99,1,54.95,Panchana Dam,11.05,2006.0,0,1,Drying,Moderate Drying,-28.76080234672525,6.190618565683712,4.410146995967742,-0.2206572769953051,0.0062024516095879,-0.0423215446382429,-0.7857482997750939,2007,0.8832003016666666
3366,Asan,99,1,91.55,Kotwal Dam,26.14,1914.0,1,0,Drying,Severe Drying,-31.02365908395001,9.643527225592804,6.651752215456989,-0.3020344287949921,0.0001782349772427,-0.090102742774024,-1.0894361018523182,2007,1.3717492291666666
3367,Non,99,0,0.0,,,,0,0,Drying,Severe Drying,-55.61882196822565,12.483752546515152,5.540436442715054,-0.460093896713615,1.1167884617080404e-08,-0.1588728668730985,-1.6954279782111823,2007,0.9568897683333332
3368,Sengur,99,0,0.0,,,,0,0,Drying,Severe Drying,-31.873406049538804,9.141345949564396,6.2276876366666665,-0.3348982785602504,3.233493130805343e-05,-0.0835214198797678,-1.0701201370512063,2015,1.4298367166666666
3369,Parbati,99,1,115.17,Parbati Dam,37.38,1963.0,1,0,Drying,Moderate Drying,-28.916487233480947,11.362098003996213,8.076578385215054,-0.2378716744913928,0.0031697569802613,-0.091171335,-0.9212177861211236,2007,1.938570725
3370,Vaisali,99,2,34.64,Baisly Dam,15.02,1919.0,2,0,Drying,Moderate Drying,-29.86993843769306,17.23401233695076,12.08622346155914,-0.3043818466353677,0.0001586083806017,-0.1630989802951389,-1.090740299156923,2007,2.8501096083333333
3371,Sengur,99,0,0.0,,,,0,0,Drying,Severe Drying,-32.09513953597794,13.061997771401517,8.86973136048387,-0.2981220657276995,0.0002161020793332,-0.1068827113744589,-0.9559400753261162,2007,2.262892733333333
3372,Asan,99,4,115.86,Kotwal Dam,17.6,1914.0,4,0,Drying,Severe Drying,-31.19666872428691,19.86201126723485,13.665725410215051,-0.3028169014084507,0.0001714521556526,-0.190616157907197,-1.1176579141110417,2007,2.93846235
3373,Gambhir,99,2,170.45,Bishan Samand Dam,15.34,,0,1,Drying,Moderate Drying,-25.88814014950223,13.15969730530303,9.752896423655914,-0.1956181533646322,0.0152762722967985,-0.0878094501821095,-0.7560406696447982,2002,2.075919125
3374,Vaisali,99,2,34.64,Baisly Dam,33.56,1919.0,2,0,Drying,Severe Drying,-30.01066968173089,22.43824246823863,15.704375638709678,-0.3270735524256651,4.925350085827063e-05,-0.2138333861882717,-1.0991691384057578,2007,3.505041933333333
3375,Pahuj,99,4,76.89,Keeratwari Dam,13.22,1988.0,4,0,Drying,Severe Drying,-37.3121951660979,28.349182405189396,17.77148013817204,-0.3419405320813771,2.1969892461726204e-05,-0.2916145624780701,-1.2371905349972383,2007,2.820625833333333
3376,Kunwari,99,2,7.19,Kamera Dam,72.75,1910.0,2,0,Drying,Severe Drying,-31.563304747363212,23.88841972842803,16.348445010215055,-0.272300469483568,0.0007286474767398,-0.2002505363027904,-0.9791880919363932,2007,3.481774458333333
3377,Vaisali,99,2,34.64,Baisly Dam,40.49,1919.0,2,0,Drying,Moderate Drying,-29.98305249190764,26.033434735151513,18.227816333064517,-0.3169014084507042,8.39799529983587e-05,-0.2509717216346158,-1.1116193650735888,2007,3.795668475
3378,Gambhir,99,3,205.42,Juggar Dam,22.41,1957.0,1,1,Drying,Moderate Drying,-25.473717105189657,17.761611461988636,13.23706880483871,-0.2050078247261345,0.0110083948201196,-0.1248227581935818,-0.7938903273407514,1987,3.038623466666667
3379,Sengur,99,0,0.0,,,,0,0,Drying,Severe Drying,-32.95375320655556,23.100848052272728,15.488251596505377,-0.3403755868544601,2.395529740906177e-05,-0.204544506625817,-1.0406326259686236,2015,5.046887458333333
3380,Sengur,99,0,0.0,,,,0,0,Drying,Severe Drying,-36.51444709782836,27.140558571136363,17.230333669623654,-0.3661971830985915,5.486591412084962e-06,-0.2567737077836378,-1.1326755831293234,2015,5.476561575000001
3381,Pahuj,99,6,81.92,Khaprar Dam,41.43,1985.0,6,0,Drying,Severe Drying,-40.70128695692027,42.17114592878788,25.006946811290323,-0.3794992175273865,2.470510877650156e-06,-0.4835708293181818,-1.403268335018954,2007,4.126087225
3382,Gambhir,99,4,258.06,Baretha Bund Dam,43.06,1897.0,2,1,Drying,Moderate Drying,-27.370013144444023,28.377307509318182,20.610434713978496,-0.244131455399061,0.0024572477071083,-0.2352936894994837,-0.9447262271496129,1987,5.471343524999999
3383,Kunwari,99,6,123.05,Kotwal Dam,34.78,1914.0,6,0,Drying,Severe Drying,-31.39835745536307,44.36689071481061,30.436415776344088,-0.2996870109546166,0.0002001286618467,-0.4137807623090278,-1.0877649963315594,2007,6.483609358333333
3384,Kunwari,99,6,123.05,Pillowa Dam,71.42,1914.0,6,0,Drying,Severe Drying,-32.55763410794803,54.520280828882576,36.76976728198925,-0.3051643192488263,0.0001525314086863,-0.53059675,-1.1407260297685131,2007,7.263566425
3385,Gambhir,99,5,373.23,Parbati Dam,63.37,1963.0,3,1,Drying,Moderate Drying,-28.0335741509381,42.66427691183712,30.703955207795698,-0.2644757433489828,0.0010331446907021,-0.3671591394489246,-0.9839836347897436,2007,7.985756666666667
3386,Sindh,99,26,356.27,Tekanpur Dam,52.47,1895.0,21,4,Drying,Moderate Drying,-14.71390668851894,138.65134015719698,118.25031134408604,-0.1674491392801252,0.0379168470815372,-0.6751220534722221,-0.5240815107961201,2007,31.443215916666663
3387,Sindh,99,28,390.91,Baisly Dam,58.81,1919.0,23,4,Drying,Moderate Drying,-17.58264178685933,167.52882103541668,138.07282854301073,-0.2097026604068857,0.0093015553668744,-0.985070115027455,-0.6409320753486943,2007,35.45151666666667
3388,Sindh,99,34,472.83,Khaprar Dam,56.55,1985.0,29,4,Drying,Moderate Drying,-22.241021752439632,209.75940127159092,163.10676720698925,-0.2527386541471048,0.0017155887229374,-1.4758846334033615,-0.7842151231402821,2007,39.582192166666665
3389,Yamuna,99,13,536.55,Parbati Dam,91.94,1963.0,9,2,Drying,Moderate Drying,-24.337241540643262,119.10739615814391,90.1199414623656,-0.2949921752738654,0.0002517048330354,-1.0013487307504871,-0.9447059390022275,1987,26.3596005
3390,Sindh,99,40,595.88,Khaprar Dam,59.04,1985.0,35,4,Drying,Moderate Drying,-24.381256183871574,264.38356899621215,199.9235337311828,-0.2644757433489828,0.0010331446907021,-2.006730343073593,-0.8546849389497094,2007,46.85314483333334
3391,Yamuna,99,16,1139.17,Parbati Dam,142.74,1963.0,10,3,Drying,Moderate Drying,-24.985292211746103,582.4138783104166,436.8960689327957,-0.338810641627543,2.611067123825528e-05,-4.775366519097222,-0.925767718595188,1987,152.43211258333335
3392,Yamuna,99,245,14162.57,Parbati Dam,180.11,1963.0,163,57,Stable,Stable,-6.774592675133056,1704.2260665,1588.771692231183,-0.1424100156494522,0.0776255173837277,-6.834830876436814,-0.4160876097841252,2002,643.0128316666667
3393,Yamuna,99,285,14758.45,Khaprar Dam,72.67,1985.0,198,61,Drying,Mild Drying,-9.401339115470943,1979.719378340909,1793.5992460483872,-0.1682316118935837,0.0370262051879124,-8.917951802777779,-0.4728899617703621,2002,740.0832925
3394,Supin,99,0,0.0,,,,0,0,Stable,Stable,16.51713379288396,2.2041278217064395,2.568186562983871,0.0931142410015649,0.2492735902518126,0.0103281854313794,0.4366324813458615,2009,0.2264850358333333
3395,Tons,99,0,0.0,,,,0,0,Stable,Stable,29.51994253558481,4.577640838217803,5.928957783145162,0.1408450704225352,0.080952200937586,0.0310603321206896,0.5996169185800597,2009,0.5754475333333333
3396,Dhund,99,1,4.17,Sheel Ki Dungri Dam,4.5,1900.0,1,0,Stable,Stable,-7.847053643113814,1.911386573543561,1.7613990437903224,-0.0289514866979655,0.7226862070785358,-0.0021320801193019,-0.1162688738341808,2002,0.2305238091666666
3397,Dhund,99,2,57.88,Kanota Dam,18.83,2001.0,1,1,Stable,Stable,3.319248586840673,4.94487708817803,5.109009851048388,-0.0007824726134585,0.996121301281044,-0.0001505000137578,-0.0030201881844344,2002,0.7297614041666667
3398,Banganga,99,3,89.11,Chandrana Dam,5.99,1976.0,3,0,Stable,Stable,0.8276596183616839,5.442336771755682,5.487380795510752,-0.0078247261345852,0.9264090835829736,-0.0011030989390571,-0.0203060180668761,2002,1.0503546
3399,Mashi,99,2,28.16,Hingonia Dam,25.74,1862.0,2,0,Stable,Stable,-19.078564813795214,10.299736946950755,8.334694957876344,-0.0586854460093896,0.468865731616952,-0.0192317684343434,-0.2044788631252241,2002,1.2538495458333332
3400,Dhund,99,3,62.05,Sheel Ki Dungri Dam,15.38,1900.0,2,1,Stable,Stable,0.7459735375482186,8.259100846151515,8.320711552903227,-0.0062597809076682,0.9418708081099778,-0.0024675405714285,-0.0299803291955168,2002,1.17742268
3401,Morel,99,0,0.0,,,,0,0,Stable,Stable,0.689768909063254,5.849287270810605,5.8896338358064515,-0.0242566510172143,0.7668207233743265,-0.0063746235918306,-0.1094721426686636,1987,0.9766742608333332
3402,Morel,99,4,138.69,Morel Dam,8.21,1959.0,3,1,Stable,Stable,-2.8094156422938137,19.7091747767803,19.15546213763441,-0.0328638497652582,0.6865925646666557,-0.023880260087286,-0.1235957338068414,2002,2.9926077
3403,Kareli,99,1,12.93,Morasagar Dam,20.17,1934.0,1,0,Stable,Stable,-17.931912997962485,1.8904741642670455,1.5514759818817203,-0.1283255086071987,0.1119187275720738,-0.0081772053611111,-0.473128057304745,2002,0.2939422366666667
3404,Kareli,99,0,0.0,,,,0,0,Stable,Stable,-12.245928403639208,2.057478838829545,1.8055214533064516,-0.0931142410015649,0.2492735902518126,-0.0068566129330065,-0.3553334895146053,2002,0.3163885083333333
3405,Kareli,99,1,12.93,Morasagar Dam,26.89,1934.0,1,0,Stable,Stable,-15.007157273629655,3.982195094070076,3.3845808133602153,-0.107981220657277,0.1812739066944027,-0.0154112532619046,-0.4177484723293112,2002,0.61628642
3406,Dhil,99,1,27.73,Dheel Dam,5.73,1911.0,1,0,Stable,Stable,-15.995993474041247,4.867972382339015,4.089291837741936,-0.0735524256651017,0.3633220419285234,-0.012958727824074,-0.2887383908399045,2002,0.5517444483333334
3407,Kareli,99,1,12.93,Morasagar Dam,33.69,1934.0,1,0,Stable,Stable,-17.540933045354546,8.477178282306818,6.990202115672043,-0.122848200312989,0.1281167746084108,-0.0389188892959767,-0.501311338018702,2002,1.2428695941666663
3408,Morel,99,5,151.62,Morel Dam,30.67,1959.0,4,1,Stable,Stable,-7.264459631213681,28.251898493939393,26.1995507327957,-0.056338028169014,0.4869560812360789,-0.0511404379901959,-0.18839876655291,2002,4.245960541666666
3409,Kareli,99,0,0.0,,,,0,0,Stable,Stable,-20.48696423152143,3.513665084441288,2.793821775376344,-0.1392801251956181,0.0843937096804527,-0.0172352289433037,-0.5429274679871662,2002,0.4955487316666667
3410,Morel,99,0,0.0,,,,0,0,Stable,Stable,-20.0459376926829,2.297924876157197,1.8372842872580648,-0.1244131455399061,0.1233130559725113,-0.0103984622764085,-0.5001342889439021,2002,0.278130995
3411,Morel,99,5,151.62,Morel Dam,33.19,1959.0,4,1,Stable,Stable,-8.287392197981564,30.753590629867425,28.204919959408603,-0.0665101721439749,0.411332624869805,-0.0674822768954248,-0.22944857255723,2002,4.552095958333333
3412,Morel,99,6,193.31,Kalisil Dam,18.03,1956.0,5,1,Stable,Stable,-9.518216271649155,35.452281453124996,32.0778566311828,-0.0688575899843505,0.3949258884499005,-0.0936513957351116,-0.2777889480412441,2002,5.233297383333333
3413,Gambhir,99,1,25.98,Surwal Dam,10.6,1958.0,1,0,Stable,Stable,-0.3820304178105722,3.800936405704545,3.786415672473118,-0.0571205007824726,0.4808844025592613,-0.0089425853552064,-0.2378509524047116,2002,0.6655884575000001
3414,Banas,99,65,2521.18,Dheel Dam,25.43,1911.0,47,8,Stable,Stable,4.7638448750485365,171.499754536553,179.6697368037634,-0.0062597809076682,0.9418708081099778,-0.0155022480158728,-0.0088992556458376,2002,35.85881083333333
3415,Banas,99,66,2547.16,Surwal Dam,25.54,1958.0,48,8,Stable,Stable,4.613395377070186,175.85220097727273,183.9649582876344,-0.0078247261345852,0.9264090835829736,-0.0289796575487016,-0.0162363174072029,2002,36.63200475
3417,Mashi,99,1,20.66,Kalakh Sagar Dam,8.13,1883.0,1,0,Stable,Stable,-15.456353779076055,4.2738696687462125,3.613285252688172,-0.0477308294209702,0.5563907438061542,-0.0059902077548808,-0.1507997989587514,2002,0.54993467
3418,Mashi,99,0,0.0,,,,0,0,Stable,Stable,-25.454219242319297,1.1112263734450758,0.8283723760698924,-0.0915492957746478,0.2573526206385808,-0.0029907548318713,-0.3020923218829385,2003,0.1422384848333333
3419,Mashi,99,0,0.0,,,,0,0,Stable,Stable,-12.671928447439257,1.215492523354167,1.0614661805107528,-0.056338028169014,0.4869560812360789,-0.0022872375892957,-0.200415481782594,2002,0.1026605301666666
3420,Mashi,99,1,35.0,Chaparwara Dam,9.62,1894.0,1,0,Stable,Stable,-18.655100002807824,3.770171667579546,3.0668423727150538,-0.0907668231611893,0.2614595472698988,-0.0107167946762356,-0.310973709114595,2003,0.5029298525
3421,Mashi,99,1,35.0,Chaparwara Dam,26.35,1894.0,1,0,Stable,Stable,-21.841266854807216,6.478678250797349,5.063652845376343,-0.0837245696400626,0.3004608457455244,-0.0173673919026806,-0.2971068960906974,2003,0.8937587966666668
3422,Mashi,99,1,35.0,Chaparwara Dam,45.92,1894.0,1,0,Stable,Stable,-21.287729847005817,8.577284787202652,6.751375573494624,-0.0876369327073552,0.2783390390292886,-0.0236893592324178,-0.3054787657053458,2002,1.1089013583333334
3423,Mashi,99,0,0.0,,,,0,0,Stable,Stable,-27.72436671830042,1.4565644446723485,1.0527411765430106,-0.1431924882629108,0.0760044175506724,-0.0066910025270061,-0.525119238771507,2002,0.0836709628333333
3424,Mashi,99,4,111.29,Mashi Dam,8.27,1960.0,4,0,Stable,Stable,-20.568537019491025,21.090355031022728,16.75237754892473,-0.0743348982785602,0.3582129056046694,-0.0519678916732542,-0.2718010463772698,2002,2.5070131333333334
3425,Mashi,99,4,111.29,Mashi Dam,18.97,1960.0,4,0,Stable,Stable,-21.035187456671355,22.560367811723484,17.814752151612904,-0.0798122065727699,0.3237244365109479,-0.0562052895502645,-0.2754368236752403,2002,2.592126425
3426,Sohadra,99,0,0.0,,,,0,0,Stable,Stable,-13.145329991061066,1.2096986028090908,1.0506797295725807,-0.0618153364632237,0.4453347120023703,-0.0027396226203002,-0.2416527623473399,2002,0.0912268961666666
3428,Sohadra,99,1,47.14,Tordi Sagar Dam,4.19,1887.0,1,0,Stable,Stable,-2.9734280269133726,2.933271620496212,2.8460529000268817,-0.0618153364632237,0.4453347120023703,-0.0055852229205246,-0.1944958374747146,2002,0.30610611
3429,Dai,99,0,0.0,,,,0,0,Stable,Stable,38.17331632457547,1.92183871350947,2.6554682848655915,0.0665101721439749,0.411332624869805,0.0056765857695754,0.2542464508613835,1987,0.4181971025
3430,Dai,99,1,11.49,Lassaria Dam,8.02,1981.0,1,0,Stable,Stable,16.116374502936434,6.612830046412879,7.678578501935483,-0.0203442879499217,0.8041935186327291,-0.0054227928639846,-0.0771323059424549,2002,1.2322807583333333
3431,Sohadra,99,1,47.14,Tordi Sagar Dam,21.59,1887.0,1,0,Stable,Stable,-9.550287408547186,5.18092116969697,4.686128307580645,-0.0884194053208137,0.2740512171046538,-0.0142600817168889,-0.2893842854584518,2002,0.46106269
3432,Banas,99,58,2286.29,Bisalpur Dam,18.84,1999.0,40,8,Stable,Stable,13.235613162384738,122.79298647310608,139.0453911532258,0.0312989045383411,0.7009498978605979,0.142360634334538,0.1100943781895164,2002,29.9396525
3433,Mashi,99,5,158.43,Mashi Dam,21.17,1960.0,5,0,Stable,Stable,-18.92743538217112,27.912139770113633,22.62908755134409,-0.082942097026604,0.3050221061741585,-0.0792806426164216,-0.311092697200759,2002,3.0648363916666668
3434,Banas,99,63,2444.72,Mashi Dam,34.47,1960.0,45,8,Stable,Stable,6.284329356999978,155.9503677820076,165.75080252688173,0.014866979655712,0.8572576562971361,0.0859207874819625,0.0538731486514934,2002,33.52391775
3435,Galwa,99,1,48.73,Galwa Dam,15.31,1960.0,1,0,Stable,Stable,-8.473298425664513,6.038142930839015,5.52651306094086,-0.0868544600938967,0.2826722921571671,-0.017933686882411,-0.3111025927083214,2002,1.017388765
3436,Banas,99,64,2472.45,Dheel Dam,8.96,1911.0,46,8,Stable,Stable,5.578272800607054,161.15074116401516,170.1401691263441,0.0086071987480438,0.9186882634841276,0.0520343114898972,0.0316719548239451,2002,34.134144166666665
3437,Chakan,99,2,21.08,Chakan Dam,5.2,1849.0,2,0,Stable,Stable,8.903485538618197,4.968087834852272,5.410420816774194,-0.0297339593114241,0.7154148441443793,-0.003971551708221,-0.077646785506647,2002,1.0189993616666666
3438,Dai,99,0,0.0,,,,0,0,Stable,Stable,20.099532854091372,0.3770748839077651,0.4528651740833333,0.0469483568075117,0.5629344246630752,0.0006734804179292,0.1645247941306702,1987,0.0865998565833333
3439,Dai,99,0,0.0,,,,0,0,Stable,Stable,58.49743441199272,0.65189938051875,1.0332437930698926,0.1298904538341158,0.1076004272446888,0.0036406918358876,0.4469887934417859,1987,0.1350958708333333
3440,Banas,99,56,1178.96,Nagdi Dam,31.23,1959.0,39,7,Stable,Stable,14.759745875208964,109.6698355842803,125.85682461827956,0.0524256651017214,0.5179259057262735,0.2195399260620903,0.1888505976801271,2002,27.867510166666666
3441,Bajyan,99,1,28.4,Bundika Gothra Dam,6.63,,0,0,Stable,Stable,-15.040843909418754,3.3172123883333335,2.818275650860215,-0.1134585289514867,0.1600508953506154,-0.0138785858531746,-0.4505500613389482,2009,0.5898199016666666
3442,Mashi,99,0,0.0,,,,0,0,Stable,Stable,-13.083438921756873,0.6120061818861743,0.5319347268817204,-0.0782472613458529,0.3333500217009937,-0.0013548445943452,-0.2369333768938216,2002,0.0714504673333333
3443,Mashi,99,0,0.0,,,,0,0,Stable,Stable,-22.24048559331079,0.7065024168623106,0.5493728486236559,-0.1040688575899843,0.1976657456561186,-0.0023046230032894,-0.3639244135020882,2003,0.0885890870833333
3444,Mashi,99,0,0.0,,,,0,0,Stable,Stable,-17.603959461849172,2.114757748348485,1.742476651612903,-0.0852895148669796,0.2914753538276562,-0.0062604575324074,-0.3229198864601864,2003,0.2852742241666666
3445,Mashi,99,1,35.0,Chaparwara Dam,1.9,1894.0,1,0,Stable,Stable,-19.16240960153705,1.4748948132670454,1.1922694279569892,-0.0735524256651017,0.3633220419285234,-0.0037991461440058,-0.2819090635494325,2003,0.1939960425
3447,Mendha,99,0,0.0,,,,0,0,Stable,Stable,13.063625980321827,0.976341388564394,1.103886975857527,0.0798122065727699,0.3237244365109479,0.0026705540689964,0.2593130318208734,2002,0.1782549741666666
3448,Mendha,99,0,0.0,,,,0,0,Stable,Stable,14.80086788985781,0.9806847120075756,1.1258345606478497,0.054773082942097,0.4992226615640707,0.0020825634031531,0.19963209171432,2002,0.1677041908333333
3449,Mendha,99,0,0.0,,,,0,0,Stable,Stable,-22.921029214763173,1.2799663732878788,0.9865849069274194,-0.109546165884194,0.1750075721504624,-0.004904661176879,-0.4258560003448751,2007,0.1267064008333333
3450,Mendha,99,0,0.0,,,,0,0,Stable,Stable,-2.1330921527215745,3.681937465982955,3.603398346827957,-0.0054773082942097,0.9496102610505924,-0.0006097146262219,-0.0167422113662667,2002,0.5363520908333334
3451,Sindh,99,0,0.0,,,,0,0,Drying,Severe Drying,-31.57879596859069,3.164782846804924,2.165382528763441,-0.3262910798122065,5.134498404757437e-05,-0.030929602620614,-1.138824521976919,2007,0.7498828783333332
3452,Non,99,2,12.6,Tekanpur Dam,18.73,1895.0,2,0,Drying,Moderate Drying,-26.334822714448848,10.277985952992424,7.571296573655913,-0.2613458528951486,0.0011850598945115,-0.079445690258431,-0.8783744262118707,2007,2.29788595
3453,Parbati,99,7,145.2,Moonjwar Dam,12.62,1969.0,5,2,Drying,Moderate Drying,-21.949297228707714,20.450662232803033,15.961885594086022,-0.2120500782472613,0.0085401277215746,-0.1431099049999999,-0.7796743747062913,2007,4.191628049999999
3454,Sindh,99,24,343.67,Ram Sagar Dam,15.77,1963.0,19,4,Stable,Stable,-11.338364992256816,115.2145963844697,102.151144922043,-0.1416275430359937,0.0792746695613286,-0.4266027938866117,-0.3925525425809781,2007,26.78492675
3455,Sindh,99,26,356.27,Tekanpur Dam,19.75,1895.0,21,4,Stable,Stable,-13.11805318003091,129.0165573857955,112.09209677688172,-0.1525821596244131,0.0586209915547202,-0.5832185099439777,-0.4831009512518423,2007,29.849075666666668
3456,Pahuj,99,0,0.0,,,,0,0,Drying,Severe Drying,-33.764333474217466,3.8935535034829543,2.5789211145698925,-0.2942097026604069,0.0002614282568833,-0.0354766899379396,-1.075112610704667,2007,0.4975711308333333
3457,Betwa,99,2,7.81,Magar Pur Dam,19.92,1694.0,2,0,Drying,Moderate Drying,-16.803928782754976,3.700068477488637,3.07831160561828,-0.2003129890453834,0.0129880329076426,-0.0288541616130146,-0.8483363700725176,2007,0.4055985391666667
3458,Ghurari,99,1,9.92,Dongari Dam,12.62,1986.0,1,0,Stable,Stable,-10.98267492355307,5.435409063566288,4.838455755349463,-0.1447574334898278,0.0728450690975885,-0.0265787736963276,-0.51682200597878,2007,0.9334340091666666
3459,Pahuj,99,3,75.92,Sidhkhad Dam,11.12,1986.0,3,0,Drying,Moderate Drying,-29.36849799883111,15.19410618251894,10.731825412365591,-0.2636932707355242,0.001069334664268,-0.136013255348212,-1.0334375386195118,2007,1.581501533333333
3460,Mahuar,99,7,37.58,Adner Dam,28.36,1911.0,6,1,Drying,Moderate Drying,-18.89914588793952,18.50253533753788,15.005714191129032,-0.1885758998435054,0.0193737725524369,-0.1078346562281468,-0.6396894795609971,2007,3.4568028500000003
3461,Sindh,99,16,300.23,Mohini Pick-Up Weir Dam,41.1,,12,3,Stable,Stable,-9.464188312491263,94.75294008295457,85.78534340188172,-0.1205007824726134,0.1355935669871892,-0.3483050364145658,-0.3864590821155178,2007,23.00250558333333
3462,Betwa,99,64,4232.59,Veer Sagar Dam,14.04,1970.0,48,10,Drying,Mild Drying,-6.43069662605593,390.7574421655303,365.629016516129,-0.1611893583724569,0.0457196359547174,-1.6179091005329431,-0.4300661805679928,1979,94.36243766666666
3463,Betwa,99,66,4267.01,Barwa Sagar Dam,7.73,1694.0,50,10,Drying,Mild Drying,-6.5210866070376845,400.78448339905304,374.6489801290322,-0.1588419405320813,0.0489754799236963,-1.7099619223698457,-0.4433019606633713,1979,97.16761441666668
3464,Betwa,99,70,4366.43,Madan Sagar Dam,8.75,1966.0,54,10,Drying,Mild Drying,-8.056119439667125,420.74269119318177,386.8471574569893,-0.1737089201877934,0.0312768559508613,-1.917422094753086,-0.4767944318524438,1979,104.01689791666666
3465,Sindh,99,1,7.78,Chandapatha Dam,13.49,1918.0,1,0,Stable,Stable,-13.931679484931966,3.1438199355530303,2.705833018548387,-0.137715179968701,0.0879526610876704,-0.0144861977457501,-0.49429706897621,2007,0.63841663
3466,Sindh,99,0,0.0,,,,0,0,Drying,Moderate Drying,-18.00569009485434,3.3018552761780304,2.7073334477688173,-0.1713615023474178,0.0336396362882374,-0.0189122240972222,-0.6259481491396223,2015,0.7283644758333333
3467,Sindh,99,7,38.44,Rajgarh Dam,30.79,1914.0,6,1,Stable,Stable,-2.9598098372444324,59.08131623073864,57.33262162096774,-0.054773082942097,0.4992226615640707,-0.097395950429459,-0.1683698739786237,1979,13.33843125
3468,Sindh,99,8,46.22,Chandapatha Dam,22.46,1918.0,7,1,Stable,Stable,-3.7156564608871534,63.218930665094696,60.869932383333335,-0.0649452269170579,0.4224917781104891,-0.1315003397489854,-0.2131534974458708,1979,14.597362916666668
3469,Sindh,99,9,155.03,Mohini Pick-Up Weir Dam,16.97,,7,1,Stable,Stable,-5.9845783360745735,74.18155248068182,69.74209936155914,-0.0923317683881064,0.2532906725868418,-0.1998499482920421,-0.2788528679677583,1979,17.814353999999998
3470,Mahuar,99,0,0.0,,,,0,0,Drying,Moderate Drying,-22.793330321995334,3.1127472163125,2.403248461209677,-0.1964006259780907,0.014871849830208,-0.020168800659188,-0.7242498312874258,2007,0.4159216833333333
3471,Bilrai,99,4,8.81,Chinnod Dam,6.88,1991.0,3,1,Drying,Moderate Drying,-18.03989928168851,2.9642740229602276,2.4295219747849464,-0.1721439749608763,0.0328356213281932,-0.0158157867527056,-0.5829061623930425,2007,0.5400517058333333
3472,Mahuar,99,3,28.77,Dunguna Dam,6.41,1984.0,3,0,Drying,Moderate Drying,-17.227101784886276,10.771546090219696,8.915920881451612,-0.1721439749608763,0.0328356213281932,-0.059741662639311,-0.6041343079548767,2007,2.2230484166666664
3473,Mahuar,99,7,37.58,Adner Dam,15.52,1911.0,6,1,Drying,Moderate Drying,-17.675025665269246,14.68250085064394,12.087365056989247,-0.1744913928012519,0.0305215757337165,-0.0850284067205152,-0.632035239000262,2007,2.928329858333333
3474,Non,99,0,0.0,,,,0,0,Drying,Moderate Drying,-23.289401505938205,2.5242773187954546,1.9363882388978495,-0.2386541471048513,0.0030714064521351,-0.0184385227766504,-0.8182640352971289,2007,0.5450884641666667
3475,Non,99,1,8.29,Tekanpur Dam,18.12,1895.0,1,0,Drying,Moderate Drying,-26.964182748766653,2.6267380721780302,1.918459618064516,-0.2597809076682316,0.0012685253445046,-0.0204461982053571,-0.886781515669131,2007,0.614994165
3476,Non,99,1,4.31,Simariya No.1 Dam,15.37,1976.0,1,0,Drying,Moderate Drying,-27.54502494501177,3.617683072787879,2.62119136795699,-0.2550860719874804,0.0015525794457502,-0.0297602760856227,-0.9406797794509558,2007,0.7854079708333334
3477,Non,99,1,4.31,Simariya No.1 Dam,24.03,1976.0,1,0,Drying,Moderate Drying,-25.742441715052493,6.421101775196969,4.768153393252688,-0.2550860719874804,0.0015525794457502,-0.049178722583061,-0.8681051889473141,2007,1.3978435083333334
3478,Betwa,99,3,23.94,Nagdagajora Dam,8.4,1911.0,2,1,Drying,Moderate Drying,-16.8880067312403,6.030932608607954,5.012428303709677,-0.1901408450704225,0.0183883073144981,-0.0364548765597148,-0.6573525649806418,1979,1.4612956675
3479,Khari,99,8,163.33,Madho Sagar Dam,137.3,1887.0,6,1,Drying,Moderate Drying,-21.72690217873289,73.23250003039773,57.32134638575268,-0.2629107981220657,0.0011066942735853,-0.612424482473545,-0.9282040107386776,1987,16.386001166666667
3480,Yamuna,99,3,602.62,Lakhwar (Ujvn) Dam,381.52,2024.0,1,1,Drying,Moderate Drying,-24.722379311667016,453.8165600441288,341.62230869086017,-0.3403755868544601,2.395529740906177e-05,-3.663064169569671,-0.9106278251677312,1987,122.83687833333332
3481,Sengur,99,0,0.0,,,,0,0,Drying,Severe Drying,-56.4735270775564,2.8618404481988637,1.2456582077688172,-0.4749608763693271,3.7085956527960207e-09,-0.0366215311413043,-1.7152176535668855,2017,0.1544432108333333
3482,Ganga,1,0,0.0,,,,0,0,Drying,Severe Drying,-49.568400310400165,16.202278502443182,8.171068234946237,-0.4342723004694835,7.001871904499525e-08,-0.1732363179669832,-1.3769222504521594,2016,1.3353856750000002
3483,Rihand,99,0,0.0,,,,0,0,Drying,Severe Drying,-37.15316750549054,20.24605095746212,12.724001731989247,-0.3810641627543036,2.2452712074017e-06,-0.1892897149481566,-1.1227551338736728,2017,4.2620758
3484,Sengur,99,0,0.0,,,,0,0,Drying,Severe Drying,-46.76654314888509,44.00670622653409,23.42629097069893,-0.4389671361502347,5.052355733781155e-08,-0.4917665317676768,-1.4141145658737406,2007,7.259619283333333
3485,Sindh,99,1,2.07,Bharoli Dam,15.17,1916.0,1,0,Stable,Stable,-1.105037778964046,7.370446443159091,7.289000225483871,-0.0485133020344287,0.5498843783585525,-0.0151594780163043,-0.2084046401690649,1979,1.6372563916666667
3486,Indar,99,0,0.0,,,,0,0,Stable,Stable,-0.7267913157117265,3.640726613403409,3.6142661285483872,-0.0446009389671361,0.5827852327137752,-0.0062875471944444,-0.1747496480573768,2007,0.720969565
3487,Sindh,99,4,7.95,Rajgarh Dam,18.76,1914.0,4,0,Stable,Stable,-1.860596880574316,51.545628163390155,50.58657181370968,-0.0446009389671361,0.5827852327137752,-0.0790821518153611,-0.1559283897629847,1979,11.696301391666664
3488,Aerma,99,3,30.49,Madhar Dam,17.41,2003.0,2,1,Stable,Stable,-7.823173007603831,5.1879905071306816,4.782125034139785,-0.0892018779342723,0.2698087511110099,-0.0147267216789215,-0.2965560587487145,2007,0.9648763225
3489,Kakund,99,1,52.64,Baretha Bund Dam,8.77,1897.0,1,0,Drying,Moderate Drying,-28.92824772015547,1.436851981151515,1.0211958806720431,-0.2206572769953051,0.0062024516095879,-0.0110886772379807,-0.8823943579839436,1987,0.2637907341666667
3490,Banganga,99,0,0.0,,,,0,0,Drying,Moderate Drying,-26.012500450207295,1.8627295550492424,1.378187021155914,-0.2699530516431925,0.0008098700573617,-0.0164755372531512,-1.0021585968394202,1987,0.3633893475
3491,Banganga,99,6,130.75,Reriya Dam,39.43,1992.0,4,1,Stable,Stable,-12.063496826847878,19.262953014659093,16.939167288978496,-0.122848200312989,0.1281167746084108,-0.0885498827861953,-0.4876123658912158,2002,3.70293555
3492,Gambhir,99,4,258.06,Baretha Bund Dam,20.72,1897.0,2,1,Drying,Moderate Drying,-26.369553578344966,23.241131173958333,17.112548636827956,-0.2261345852895148,0.0050326014329802,-0.1864925306775068,-0.9100192513384872,1987,4.208466791666667
3493,Banganga,99,6,130.75,Madho Sagar Dam,79.38,1887.0,4,1,Stable,Stable,-14.687796313795824,23.364547446041662,19.93281030752688,-0.1517996870109546,0.0599307645519324,-0.1294728597701157,-0.5950018671788592,2002,4.763974941666667
3494,Khari,99,2,32.58,Jaisamand Dam,99.15,1910.0,2,0,Drying,Moderate Drying,-23.184351872426827,41.984177540776514,32.25041808897849,-0.2777777777777778,0.000567637615072,-0.3719021617187499,-0.9896872214111267,1987,9.53855785
3495,Khari,99,0,0.0,,,,0,0,Drying,Severe Drying,-34.97276721751481,5.125798718763258,3.3331650648118276,-0.3153364632237871,9.104183740804572e-05,-0.0515174520833333,-1.193379474227795,2007,0.9680527225
3496,Khari,99,8,163.33,Madho Sagar Dam,118.05,1887.0,6,1,Drying,Moderate Drying,-20.525342488079698,67.04223086496212,53.28158336827957,-0.257433489827856,0.0014039422890037,-0.5671501406695159,-0.933414784963532,1987,14.79723675
3497,Yamuna,99,0,0.0,,,,0,0,Drying,Severe Drying,-50.048274816570206,1.2227271720397728,0.6107733167204301,-0.4021909233176838,5.960248015135505e-07,-0.0134622605118255,-1.4211844038933965,2020,0.1768261383333333
3498,Karwan,99,0,0.0,,,,0,0,Drying,Severe Drying,-44.36949195811992,2.30591279725,1.2827910041129031,-0.3270735524256651,4.925350085827063e-05,-0.0209773827212051,-1.1349866593445757,2015,0.3794557066666666
3502,Karwan,99,0,0.0,,,,0,0,Drying,Severe Drying,-48.60163137878056,11.660358888011364,5.993234243817204,-0.4507042253521127,2.2024644996676557e-08,-0.1507577761061507,-1.657477901593655,2015,1.591473183333333
3503,Karwan,99,0,0.0,,,,0,0,Drying,Severe Drying,-47.02659851125206,16.289507703655303,8.629106316397849,-0.4350547730829421,6.632752858060087e-08,-0.1873639524232456,-1.4602957538987391,2015,2.4669599166666667
3504,Khari,99,2,32.58,Jaisamand Dam,82.58,1910.0,2,0,Drying,Moderate Drying,-22.782030737617433,37.60603832454545,29.03861911424731,-0.2777777777777778,0.000567637615072,-0.3261559490155677,-0.9669948593701128,1987,8.620487516666666
3505,Yamuna,99,3,602.62,Lakhwar (Ujvn) Dam,314.83,2024.0,1,1,Drying,Moderate Drying,-23.003771445135495,414.1125241583333,318.8510255752688,-0.3208137715179969,6.852168310755857e-05,-3.215807793604651,-0.8686985135750818,1987,110.66902108333332
3506,Yamuna,99,3,602.62,Lakhwar (Ujvn) Dam,354.18,2024.0,1,1,Drying,Moderate Drying,-23.36157694546913,421.7432321719697,323.21736247580645,-0.3223787167449139,6.312700303490182e-05,-3.278768097410759,-0.8711844849088376,1987,112.97293783333332
3508,Gambhir,99,0,0.0,,,,0,0,Stable,Stable,-22.3387280764992,1.8989058539280304,1.4747144387903226,-0.151017214397496,0.061264714794432,-0.0101845827557692,-0.5985091300028071,2002,0.2787555091666666
3509,Gambhir,99,1,115.5,Bishan Samand Dam,5.76,,0,0,Drying,Moderate Drying,-23.484500332598092,4.462505968399621,3.4145087394086024,-0.1791862284820031,0.0263110318424979,-0.0276910850497818,-0.6958089362977503,2002,0.6707631433333333
3510,Banganga,99,1,5.29,Reriya Dam,11.96,1992.0,0,1,Drying,Moderate Drying,-23.92219500540695,1.660433195125,1.2632211282526882,-0.204225352112676,0.0113184636489049,-0.0123943146405058,-0.8349935898613627,1988,0.296728685
3514,Khari,99,2,32.58,Jaisamand Dam,79.45,1910.0,2,0,Drying,Moderate Drying,-22.854701953509153,34.03689293020834,26.25786249677419,-0.2816901408450704,0.0004736415939812,-0.2917733983230135,-0.9560320927716516,1987,7.856200916666666
3515,Khari,99,2,32.58,Jaisamand Dam,76.65,1910.0,2,0,Drying,Moderate Drying,-24.59103701154145,28.489068586685608,21.48331118629032,-0.272300469483568,0.0007286474767398,-0.2503156722364777,-0.987254886829384,1987,6.488292
3516,Sanwan,99,0,0.0,,,,0,0,Stable,Stable,-13.653206733241484,1.337945666354167,1.155273178548387,-0.1557120500782472,0.0536173590173576,-0.0077212098564369,-0.6170334269214297,2002,0.235081835
3517,Sanwan,99,0,0.0,,,,0,0,Drying,Moderate Drying,-15.292245250755736,1.4215231875378789,1.2041403754032258,-0.1799687010954616,0.0256604420634742,-0.0097775444444444,-0.7414955734804053,2002,0.2478262108333333
3518,Banganga,99,0,0.0,,,,0,0,Stable,Stable,-11.30923609491137,2.0191784320530304,1.7908247759946236,-0.0907668231611893,0.2614595472698988,-0.0060468338937451,-0.3169608047228734,1988,0.3365567683333333
3519,Sanwan,99,1,13.73,Sainthal Sagar Dam,6.18,,0,0,Stable,Stable,-3.5098286838520294,2.449370409229167,2.363401704032258,-0.0539906103286385,0.5054169484685467,-0.0047259333730158,-0.1968002036951903,2002,0.4762008966666666
3520,Barah,99,2,32.58,Jaisamand Dam,6.17,1910.0,2,0,Drying,Moderate Drying,-11.369183461145017,3.1893039397234846,2.8267061236827957,-0.1705790297339593,0.0344604300214632,-0.0192401898249158,-0.638933473683997,2002,0.6190341291666667
3521,Sanwan,99,1,13.73,Sainthal Sagar Dam,14.84,,0,0,Stable,Stable,-7.077716279620487,3.7874128689204545,3.51935053172043,-0.0915492957746478,0.2573526206385808,-0.0121108038108766,-0.3315152661950892,2002,0.7124603158333334
3522,Sanwan,99,1,13.73,Sainthal Sagar Dam,31.51,,0,0,Stable,Stable,-11.485459721186633,6.36304245051894,5.63221777282258,-0.1338028169014084,0.0973810112748194,-0.0326375123636071,-0.5424578705318374,2002,1.1819012083333331
3523,Banganga,99,4,111.72,Madho Sagar Dam,16.15,1887.0,4,0,Stable,Stable,-9.2722707928501,10.43418249344697,9.466696837634409,-0.0719874804381846,0.3736762927138684,-0.0275204371872797,-0.2763812612061747,2002,1.9705953166666668
3524,Banganga,99,5,125.45,Madho Sagar Dam,28.13,1887.0,4,0,Stable,Stable,-10.222095222594495,16.90330380806818,15.17543199704301,-0.0993740219092331,0.2187362348479968,-0.0645169277192345,-0.4015563850736056,2002,3.1829496583333334
3526,Khari,99,0,0.0,,,,0,0,Drying,Moderate Drying,-11.67752519495759,1.489529137433712,1.3155889971236558,-0.2128325508607198,0.0082989932510908,-0.0103408015744329,-0.7302909491642037,1987,0.28395275
3527,Khari,99,0,0.0,,,,0,0,Drying,Moderate Drying,-23.27669904473765,10.914632529772728,8.374066363978494,-0.257433489827856,0.0014039422890037,-0.082688401727724,-0.8436087476115914,2002,2.497732675
3528,Barah,99,2,32.58,Jaisamand Dam,52.37,1910.0,2,0,Drying,Mild Drying,-8.747434630370279,9.610568772897729,8.76989055188172,-0.1799687010954616,0.0256604420634742,-0.0583456173445974,-0.6345143875881851,2002,2.17332005
3530,Khari,99,0,0.0,,,,0,0,Drying,Severe Drying,-32.95918525912469,18.63475183337121,12.49288945403226,-0.3153364632237871,9.104183740804572e-05,-0.1779217105084528,-1.1172063339807163,1987,4.175936208333334
3531,Barah,99,0,0.0,,,,0,0,Stable,Stable,-0.7789809258241346,2.576875146789773,2.556801780913978,-0.1463223787167449,0.069794016954328,-0.0125740328839869,-0.4916532072471609,2002,0.532597655
3532,Barah,99,2,32.58,Jaisamand Dam,22.05,1910.0,2,0,Drying,Moderate Drying,-11.502699226643212,5.3600432154602276,4.743493565967742,-0.1690140845070422,0.0361534399785727,-0.0313849972697368,-0.6203793600975981,2002,1.0695546941666667
3533,Yamuna,99,0,0.0,,,,0,0,Drying,Severe Drying,-60.27223571311615,3.8118624515132575,1.5143677296774192,-0.4593114241001565,1.1824122125858594e-08,-0.0516971260197055,-1.8605211620697268,2015,0.4625573775
3534,Hindon,99,0,0.0,,,,0,0,Drying,Moderate Drying,-19.90564633556913,61.29141067068182,49.09095922849462,-0.1971830985915492,0.0144768911150616,-0.337531622829862,-0.6064609834930367,1982,14.434167
3535,Yamuna,99,3,602.62,Lakhwar (Ujvn) Dam,275.09,2024.0,1,1,Drying,Moderate Drying,-22.56494607346184,408.9533880278409,316.67327655376346,-0.3161189358372457,8.744356600076664e-05,-3.1518443078703746,-0.8602999400657882,1987,108.92634741666666
3536,Karwan,99,0,0.0,,,,0,0,Drying,Severe Drying,-42.08607407490307,1.5536702707651515,0.8997914497311827,-0.3051643192488263,0.0001525314086863,-0.0147899346428571,-1.1763032674831522,2009,0.1335656329166666
3537,Karwan,99,0,0.0,,,,0,0,Drying,Severe Drying,-39.52798760656301,7.14001260874053,4.317709309650537,-0.3575899843505477,9.066435339821766e-06,-0.073597296321839,-1.2550282067850516,2007,1.2253466975
3538,Karwan,99,0,0.0,,,,0,0,Drying,Severe Drying,-44.3808361177565,24.369831684772727,13.554296622580646,-0.3865414710485133,1.6021709046132315e-06,-0.2750173467132505,-1.4115866735561478,2007,4.247252275
3539,Karwan,99,0,0.0,,,,0,0,Drying,Severe Drying,-44.197419228402374,26.027665771893936,14.524109215322582,-0.3841940532081377,1.8524984579659789e-06,-0.2866813213967338,-1.376378504170182,2007,4.4437440666666665
3541,Karwan,99,0,0.0,,,,0,0,Drying,Severe Drying,-47.998508341482584,2.472679423939394,1.2858301843817206,-0.4303599374021909,9.166803605076269e-08,-0.0311610647794117,-1.6084686275476594,2020,0.2177255325
3543,Kali,99,0,0.0,,,,0,0,Drying,Severe Drying,-31.264445368081542,3.7626432885795458,2.5862737332258066,-0.3435054773082942,2.014174430287063e-05,-0.0390534863024231,-1.2147745690894454,2021,0.5877196441666667
3544,Kali,99,0,0.0,,,,0,0,Drying,Severe Drying,-35.42225651951014,7.332718774178031,4.735304320134409,-0.2660406885758998,0.0009641412662289,-0.061263655625,-0.9936187790950566,2009,0.8653157616666666
3545,Kali,99,0,0.0,,,,0,0,Drying,Severe Drying,-39.14160408275029,7.547507949575757,4.5932922698387095,-0.3161189358372457,8.744356600076664e-05,-0.0750199928123627,-1.2058217324370766,2009,0.6786707399999999
3547,Kali,99,0,0.0,,,,0,0,Drying,Moderate Drying,-28.45841945576683,12.433141797859848,8.894866153494624,-0.2214397496087637,0.0060215680573103,-0.0825741391975308,-0.7615844869977365,2009,2.820631483333333
3548,Kali,99,0,0.0,,,,0,0,Drying,Severe Drying,-39.40214498470455,12.167906216590907,7.373490167526882,-0.3341158059467918,3.373843693799117e-05,-0.1289031581140351,-1.288794715247653,2009,1.0507650316666666
3549,Kali,99,0,0.0,,,,0,0,Drying,Severe Drying,-30.843310409233705,19.926346550795454,13.780401630913978,-0.2410015649452269,0.0027928177228158,-0.1416096916985951,-0.8250679610970421,2009,3.732632583333333
3550,Kali,99,0,0.0,,,,0,0,Drying,Severe Drying,-34.54235777810929,35.40394823570075,23.174589768548387,-0.3051643192488263,0.0001525314086863,-0.31058258640023,-1.039367529987436,2009,5.625001008333334
3551,Hindon,99,0,0.0,,,,0,0,Drying,Severe Drying,-38.41696046658029,1.971731426407197,1.2142521438172045,-0.3129890453834116,0.0001026942381767,-0.0188670624134199,-1.1522461328768845,2009,0.1574593816666666
3552,Hindon,99,0,0.0,,,,0,0,Drying,Moderate Drying,-16.83403435181276,53.527153765624995,44.51637431317205,-0.1697965571205008,0.0352982734777433,-0.2468034565277778,-0.5004243652544126,1982,12.52944025
3553,Kali,99,0,0.0,,,,0,0,Stable,Stable,-6.061020607592062,4.36099689988447,4.096675979086021,-0.0931142410015649,0.2492735902518126,-0.012428880289855,-0.2953904103219401,1987,1.0692773691666666
3554,Kali,99,0,0.0,,,,0,0,Stable,Stable,-5.521513373803465,5.366384109494318,5.070078493198925,-0.1009389671361502,0.2115405604429467,-0.0178911894645225,-0.3439149703029981,1987,1.2828854533333334
3555,Solani,99,0,0.0,,,,0,0,Stable,Stable,-5.858199129075792,13.33304703564394,12.55197059032258,-0.1291079812206572,0.1097427908383938,-0.0526726748299319,-0.4093883002320334,2021,3.627093
3556,Kali,99,0,0.0,,,,0,0,Stable,Stable,-14.806199532743408,19.591524923257573,16.690764651612902,-0.1212832550860719,0.1330647393021264,-0.0822243609677419,-0.4515228665194805,1987,4.69466105
3558,Kali,99,0,0.0,,,,0,0,Drying,Moderate Drying,-20.896879379781236,3.4935333219299247,2.763493877553764,-0.1604068857589984,0.0467840412182611,-0.0170613680544354,-0.5395774626814285,1987,0.8178964674999999
3559,Hindon,99,0,0.0,,,,0,0,Stable,Stable,-13.12561010807859,42.82678171037879,37.20550532123656,-0.1564945226917058,0.0524237495324275,-0.1989525512837839,-0.4959502810624011,1982,10.554087441666669
3560,Amjar,99,2,63.56,Takli Dam,10.7,,0,1,Stable,Stable,11.733380379005489,8.174446729903408,9.13358565860215,0.0039123630672926,0.965102707616436,0.0008501472901002,0.0099661075092328,1965,1.6692657666666666
3561,Ahu,99,7,85.31,Piplad Dam,29.76,2011.0,5,2,Stable,Stable,10.190232658019957,32.22761132212121,35.511679895967745,0.0532081377151799,0.5116514737677185,0.0604544228170731,0.1811503170707028,1981,7.910741616666666
3562,Ahu,99,9,148.87,Sawan Bhado Dam,19.28,2001.0,5,3,Stable,Stable,10.50160798834384,41.077146325719696,45.39090720564516,0.0485133020344287,0.5498843783585525,0.07666269375,0.1799505480006325,1965,10.131082133333331
3563,Kali Sindh,99,28,5676.14,Kalisindh Dam Phase-I Dam,1.61,2004.0,18,7,Stable,Stable,1.0390556064972658,90.95233126458334,91.89737656182795,-0.0305164319248826,0.7081692106038104,-0.0916428079322634,-0.1010663539330166,1951,23.250082
3564,Kali Sindh,99,37,5825.02,Sawan Bhado Dam,10.57,2001.0,23,10,Stable,Stable,4.096585353938897,136.81007311950756,142.4146145376344,-0.0172143974960876,0.8344219897000891,-0.0931124042487681,-0.0673916898068947,1951,35.273255363636366
3565,Kali Sindh,99,0,0.0,,,,0,0,Stable,Stable,6.929923343699384,5.308637705952652,5.676522229569892,-0.0320813771517996,0.6937574902034176,-0.0082535424305556,-0.1520719702156283,1965,1.0953754641666666
3566,Ujar,99,1,76.55,Bhimsagar Dam,27.28,1997.0,0,1,Stable,Stable,12.542161625121942,13.13786377248106,14.785635880913976,0.0195618153364632,0.8117251184237138,0.0114857994047619,0.0837149066045783,1965,2.8182939416666666
3567,Parvan,99,21,174.25,Gulandi Dam,55.45,,11,9,Stable,Stable,3.211672426405526,116.82613667225378,120.5782094905914,-0.0250391236306729,0.7594077836691946,-0.1616159616263444,-0.1376309732788986,1951,26.175163181818185
3568,Kali Sindh,99,37,5825.02,Sawan Bhado Dam,27.99,2001.0,23,10,Stable,Stable,4.200842209525408,142.1240132337121,148.09441877150536,-0.0140845070422535,0.864897167788448,-0.1186029356060606,-0.0825936733587611,1951,36.739408181818185
3569,Kali Sindh,99,38,5901.57,Sawan Bhado Dam,32.24,2001.0,23,11,Stable,Stable,4.912920679356221,156.0804758943182,163.74858587096776,-0.0117370892018779,0.8878887714688604,-0.0922988970588235,-0.0583604960214142,1965,39.87660983333333
3570,Chauli,99,2,55.4,Baorikheda Dam,6.99,1989.0,1,1,Stable,Stable,18.386887304544093,3.5500058977992426,4.202741481532258,0.0743348982785602,0.3582129056046694,0.0117245147098765,0.3081780452988997,1981,0.8073234724999999
3571,Ghar Ganga,99,2,5.93,Deori Dam,20.86,1978.0,1,1,Stable,Stable,3.2438519096210796,9.365818077672348,9.669631346236558,-0.0101721439749608,0.9032703219315256,-0.0052885448739035,-0.0561326620178448,1951,1.9462650727272728
3572,Chhapi,99,5,101.04,Chhapi Dam,12.05,2005.0,3,2,Stable,Stable,21.17941760001754,4.961364158143939,6.012152191854839,0.0868544600938967,0.2826722921571671,0.0179767724768518,0.3344931473362422,1951,0.913786519090909
3573,Chhapi,99,7,106.97,Chhapi Dam,12.53,2005.0,4,3,Stable,Stable,9.9061731113532,16.845699872518942,18.51446406370967,0.0352112676056338,0.6652683394768646,0.0181802516666663,0.1043241685106887,1951,3.480543809090909
3574,Kali Sindh,99,23,173.09,Ghoghatpur Dam,12.3,2003.0,16,5,Stable,Stable,-0.8867588967998309,80.47128786770834,79.75770156317203,-0.0297339593114241,0.7154148441443793,-0.1018556308361632,-0.1280089884416786,1951,20.70533
3575,Kali Sindh,99,59,6075.81,Sawan Bhado Dam,50.57,2001.0,34,20,Stable,Stable,4.217132648252581,275.057879942803,286.65743559946236,-0.0187793427230046,0.8192741807890083,-0.1997179003496502,-0.0718943750433785,1951,67.21864254545454
3576,Baleti,99,0,0.0,,,,0,0,Stable,Stable,-13.80327319274732,6.149137753551136,5.300355470430107,-0.1165884194053208,0.1487979476229255,-0.0232049712406629,-0.4048512405680793,1951,1.2447626245454546
3577,Newaj,99,1,1.04,Phoodra Dam,6.72,2002.0,0,1,Stable,Stable,-10.52901438844204,9.00807935684659,8.059617385241935,-0.0876369327073552,0.2783390390292886,-0.028570478910883,-0.3351013751419421,1951,1.9283429363636364
3578,Kali Sindh,99,6,13.29,Bhensrod Dam,19.21,1860.0,3,2,Stable,Stable,-4.872695279657643,45.27242270013257,43.06643549623656,-0.0735524256651017,0.3633220419285234,-0.1374491899310426,-0.3124902187976996,1951,12.141219063636363
3579,Parbati,99,2,5.52,Chapper Dam,14.87,1980.0,1,1,Stable,Stable,-12.426884259493512,15.714368551401517,13.761562159408602,-0.1009389671361502,0.2115405604429467,-0.0571156362209302,-0.3873252414772277,1951,3.407707372727273
3580,Newaj,99,1,1.04,Phoodra Dam,25.01,2002.0,0,1,Stable,Stable,-11.130999901767971,17.10517819375,15.20120082580645,-0.0938967136150234,0.2453012535825112,-0.0569273000207039,-0.3526442968027707,1951,3.6208257
3581,Newaj,99,3,8.75,Narola Dam,11.28,1916.0,3,0,Stable,Stable,-14.939605052353397,4.393505122535985,3.737132809274194,-0.1345852895148669,0.0954333538202147,-0.0199801598946747,-0.4908356395664239,1951,0.8058367672727272
3582,Newaj,99,5,13.27,Banskheda Dam,18.25,2002.0,3,2,Stable,Stable,-8.02546302502308,41.48052081284091,38.15151695241936,-0.0845070422535211,0.295945273327078,-0.1234012070683568,-0.3108569881459622,1951,8.604480163636364
3583,Dudhi,99,3,34.15,Dudhi Dam,13.93,2001.0,1,2,Stable,Stable,1.7008027508745336,12.255611893996212,12.464055678225806,-0.0328638497652582,0.6865925646666557,-0.0144307353918919,-0.1179081940418654,1951,2.442864518181818
3584,Newaj,99,8,47.42,Banskheda Dam,30.92,2002.0,4,4,Stable,Stable,-3.925694860750759,63.18937712719698,60.70875499677419,-0.069640062597809,0.3895461398198647,-0.1423157029352226,-0.2310796890797452,1951,13.102058454545457
3585,Paru,99,3,31.86,Doraha Dam,12.84,1983.0,3,0,Stable,Stable,-11.56429600031436,7.072178809448863,6.254331118252688,-0.0774647887323943,0.338231370166147,-0.0159470089049796,-0.2397367406352206,1951,1.4050944654545454
3586,Parbati,99,8,17.4,Imlikheda Dam,13.58,2000.0,6,2,Stable,Stable,-14.35973114145086,37.350852873125,31.987370821505376,-0.1111111111111111,0.16890433439895,-0.1430946321384803,-0.4121921354551105,1951,7.990685099999999
3587,Parbati,99,24,83.1,Hedapura Dam,4.82,1979.0,17,7,Stable,Stable,-8.359802591964476,68.73618314460228,62.98997392446237,-0.0751173708920187,0.3531492045378603,-0.1828224029388083,-0.2784514339619897,1951,15.227441909090908
3588,Ghora Pachhar,99,2,3.56,Ganeshpura Dam,5.16,2003.0,0,2,Stable,Stable,14.018347095940154,7.407338608880681,8.44572504564516,0.0101721439749608,0.9032703219315256,0.0042133750571187,0.0540839505209933,1966,1.5565480216666667
3589,Ghora Pachhar,99,3,2.93,Sawsara Dam,6.09,1982.0,3,0,Stable,Stable,15.875034042037592,7.427148940721591,8.606211363413978,0.0117370892018779,0.8878887714688604,0.0058425272403383,0.0742345217636497,1966,1.3270400541666667
3590,Ghora Pachhar,99,5,6.48,Khankuria Dam,22.53,1915.0,3,2,Stable,Stable,13.672939989424718,21.501171436969695,24.44101370456989,0.0031298904538341,0.972854241056627,0.0040763444931403,0.0180559512991818,1966,4.069647166666667
3591,Parvan,99,14,67.27,Gulandi Dam,10.28,,7,6,Stable,Stable,0.8711832614599195,87.67033214431818,88.4341014032258,-0.043035993740219,0.5961979541459173,-0.1637924656309815,-0.1877360555057224,1951,19.132959272727273
3592,Londri,99,0,0.0,,,,0,0,Stable,Stable,-8.851817290632342,5.876668915556818,5.356476920376344,-0.0884194053208137,0.2740512171046538,-0.0200769137165178,-0.3581349788650825,1980,1.6044006916666669
3593,Kali Sindh,99,2,5.56,Momanpura Dam,5.54,1916.0,1,0,Stable,Stable,-3.2566371428498235,12.198639277026516,11.801373859408605,-0.0625978090766823,0.4395589046351571,-0.0273296966987179,-0.2289883122559867,1951,3.7015810727272727
3594,Lakundar,99,7,77.07,Shankarpur Dam,1.68,1993.0,5,2,Stable,Stable,-4.865589015922831,13.32003319348485,12.671935121505376,-0.0453834115805946,0.5761320910860721,-0.0269907403631468,-0.2085734044655255,1951,3.368582972727273
3595,Lakundar,99,16,155.92,Laxmikheda Dam,9.71,1989.0,13,2,Stable,Stable,-1.3777078381981114,25.245269773617427,24.89746371317204,-0.0234741784037558,0.7742550657745815,-0.0275433646739131,-0.1105868742054378,1951,6.220443236363637
3596,Kali Sindh,99,23,173.09,Ghoghatpur Dam,10.06,2003.0,16,5,Stable,Stable,-2.6792549654833575,72.98690779617424,71.03140244489248,-0.0508607198748043,0.5305931142576203,-0.1543497604861111,-0.215565444050195,1951,18.901040863636364
3597,Tila,99,2,53.67,Nanukhedi Dam,8.17,,1,0,Stable,Stable,1.1243553892172742,3.655460992863637,3.6965613655376344,-0.0078247261345852,0.9264090835829736,-0.0007886170864479,-0.0216346384430253,2002,0.7654844024999999
3598,Chhoti Kali Sindh,99,0,0.0,,,,0,0,Stable,Stable,-7.828341666252428,4.345995009339015,4.005775671209678,-0.0602503912363067,0.4570151459561868,-0.0089900348331168,-0.2158273778192287,1980,1.0441133508333331
3599,Kanthali,99,0,0.0,,,,0,0,Stable,Stable,16.198039977791804,6.101451465185606,7.089767012741935,0.0610328638497652,0.4511535370128277,0.0123330333105288,0.190198147896724,2002,1.151037503333333
3600,Ahu,99,3,54.73,Gagrin Dam,3.55,1956.0,3,0,Stable,Stable,7.524326146871878,10.543261568598483,11.336570955537637,0.0492957746478873,0.5434157270143498,0.0173129038594469,0.1602882015313264,2002,2.0380702416666665
3601,Ahu,99,0,0.0,,,,0,0,Stable,Stable,11.90015767411638,4.0834321757670455,4.569367043198925,0.0453834115805946,0.5761320910860721,0.0069066022859745,0.162135342151602,1981,0.9286351808333334
3602,Ahu,99,7,85.31,Piplad Dam,7.16,2011.0,5,2,Stable,Stable,9.459789987159354,23.925937222329544,26.189280636021508,0.0610328638497652,0.4511535370128277,0.0442823970833333,0.1792782609385208,1981,5.892673491666667
3603,Dudhaliya,99,0,0.0,,,,0,0,Stable,Stable,5.76059088844934,2.9524177603522728,3.122494468844086,0.0477308294209702,0.5563907438061542,0.0054461109278233,0.1812890471939565,2002,0.5984114991666667
3604,Ahu,99,3,6.44,Poiadonger Dam,7.63,1956.0,2,1,Stable,Stable,8.95736314409538,4.2672540847064395,4.649487529354839,0.0446009389671361,0.5827852327137752,0.0069342995833332,0.1578361485375617,1981,0.9466260183333332
3605,Chhoti Kali Sindh,99,2,10.23,Koyalkhedi Dam,7.35,1980.0,2,0,Stable,Stable,-2.402194087640491,24.676806670700756,24.08402187983871,-0.0133020344287949,0.8725493270758475,-0.0178841111673133,-0.073786740619808,1965,6.764533133333333
3606,Ansar,99,0,0.0,,,,0,0,Stable,Stable,8.590180903704344,5.439370388522727,5.906622144919355,0.0273865414710485,0.737303720794612,0.0060343760879629,0.1078175475400511,2003,1.1324910558333334
3607,Chambal,99,29,317.82,Asawati Dam,25.32,1988.0,21,7,Stable,Stable,5.672868967689616,227.41682738030303,240.3178860080645,0.0242566510172143,0.7668207233743265,0.1966535120967737,0.0849841311812835,2002,67.95821441666666
3608,Chambal,99,29,317.82,Asawati Dam,51.33,1988.0,21,7,Stable,Stable,5.8265936543653964,236.8143878282197,250.61259992204305,0.0179968701095461,0.826840031012408,0.1616883597449898,0.0670586448671571,2002,70.11258883333333
3609,Khoki,99,1,2.03,Chambleshwar Dam,13.01,2002.0,0,1,Stable,Stable,19.12822816249122,2.7144417290246214,3.233666336290322,0.0125195618153364,0.8802134306063019,0.0022044053200104,0.0752741581569602,1981,0.6745655216666666
3610,Gunjali,99,0,0.0,,,,0,0,Stable,Stable,22.85297865967381,5.3884300070833335,6.619846766693548,0.0516431924882629,0.5242399029172564,0.0110112644220779,0.1862778741044418,1981,1.2973849033333331
3611,Gunjali,99,0,0.0,,,,0,0,Stable,Stable,11.4606887858881,4.222336862435606,4.706245749731183,-0.0023474178403755,0.9806083394501892,-0.0005207160326867,-0.0117928822389204,2003,0.8967662041666666
3612,Gunjali,99,1,2.03,Chambleshwar Dam,23.26,2002.0,0,1,Stable,Stable,20.783944878497447,8.583796646685606,10.367848210215056,0.0359937402190923,0.6582189629917612,0.0122655316602316,0.131404415908665,1981,2.059592933333333
3613,Gunjali,99,1,2.03,Chambleshwar Dam,32.35,2002.0,0,1,Stable,Stable,17.34154224715955,13.21510250964015,15.50680509435484,0.0164319248826291,0.8420193729632897,0.0106157221801346,0.0749257433924099,1981,3.0473684750000003
3614,Chambal,99,2,18.55,Pachanpura Dam,12.42,1990.0,1,1,Stable,Stable,19.083204516261834,11.107437055189394,13.227091984946236,0.0446009389671361,0.5827852327137752,0.0186010821503831,0.1549355940958728,1981,1.9936583083333332
3615,Chambal,99,31,3218.54,Ranapratap Sager Dam,7.91,1970.0,22,8,Stable,Stable,6.433310308846625,256.10193220909093,272.5777642150538,0.0117370892018779,0.8878887714688604,0.1411261551978113,0.0539715647827759,2002,75.00872825
3616,Chambal,99,33,3237.09,Ranapratap Sager Dam,7.8,1970.0,23,9,Stable,Stable,6.941787036898593,268.727858283144,287.3823739139785,0.0179968701095461,0.826840031012408,0.16729165467033,0.0608282489131569,2002,77.99797825
3617,Chambal,99,0,0.0,,,,0,0,Stable,Stable,8.598554785241996,2.585056976723485,2.8073345170967743,0.0007824726134585,0.996121301281044,0.0002013450039845,0.0075431395597899,1981,0.4610468575
3618,Chambal,99,35,3416.22,Kota Barrage Dam,2.08,,24,9,Stable,Stable,6.917514031864782,274.49253057613635,293.4805898951613,0.014866979655712,0.8572576562971361,0.1479039574175832,0.0526528731589763,2002,79.43687075000001
3619,Chandloi,99,0,0.0,,,,0,0,Stable,Stable,6.300756529035545,1.920465622570076,2.0414694856720432,-0.0179968701095461,0.826840031012408,-0.0011811632061688,-0.0602383170980668,1966,0.3680315091666666
3620,Thalera,99,0,0.0,,,,0,0,Stable,Stable,-0.756481440833698,2.560743753202652,2.5413722019623655,-0.0375586854460093,0.6442115023036941,-0.0032495460450191,-0.1280844326105288,1981,0.5098566050000001
3621,Alnia,99,1,43.72,Alnia Dam,17.69,1960.0,1,0,Stable,Stable,8.95267248882861,2.898931759909091,3.158463626048387,-0.0078247261345852,0.9264090835829736,-0.0010611275894644,-0.0354456755132108,1966,0.55484763
3622,Chandloi,99,1,43.72,Alnia Dam,24.19,1960.0,1,0,Stable,Stable,7.557088959682423,5.85284791786553,6.2951528416935485,-0.014866979655712,0.8572576562971361,-0.003459809675838,-0.0575857526705336,1966,1.1140089675
3623,Chambal,99,36,3459.94,Kota Barrage Dam,38.85,,25,9,Stable,Stable,7.052953127244662,286.12536958560605,306.3056577876344,0.014866979655712,0.8572576562971361,0.2132489437321937,0.0727874625937272,2002,82.66723850000001
3624,Kural,99,3,63.51,Gararda Dam,40.73,2010.0,2,1,Stable,Stable,-1.5096979773278976,14.697892475738636,14.47599869032258,-0.0399061032863849,0.6234363808595347,-0.02074405,-0.1428450050049606,2002,3.34576225
3625,Mej,99,9,154.79,Paibala Pura Dam,21.22,1957.0,4,3,Stable,Stable,-6.972605675006991,18.006787222897728,16.751244955107527,-0.0782472613458529,0.3333500217009937,-0.053372098204023,-0.3073985672385816,2009,4.018765191666667
3626,Mej,99,12,218.3,Paibala Pura Dam,29.51,1957.0,6,4,Stable,Stable,-3.024693030665974,36.21011919053031,35.114874238978494,-0.0539906103286385,0.5054169484685467,-0.0700672965041128,-0.1972005110861348,2002,8.224326083333333
3627,Kali Sindh,99,59,6075.81,Sawan Bhado Dam,75.31,2001.0,34,20,Stable,Stable,4.307188398121117,281.1904556431818,293.3018583252688,-0.0187793427230046,0.8192741807890083,-0.2123553622685187,-0.0747478037891331,1951,68.94445572727273
3628,Chambal,99,95,9535.75,Kota Barrage Dam,68.16,,59,29,Stable,Stable,5.690028010241256,568.0923363566287,600.4169494193549,-0.0109546165884194,0.8955746395901789,-0.1905077523148008,-0.0329679125488632,1965,163.17284375
3629,Shipra,99,0,0.0,,,,0,0,Stable,Stable,7.090482887972567,2.4705910832973483,2.645767921290323,-0.0039123630672926,0.965102707616436,-0.0003821121805555,-0.0150979869320335,2002,0.4775206908333333
3630,Chhoti Kali Sindh,99,2,10.23,Koyalkhedi Dam,57.22,1980.0,2,0,Stable,Stable,-0.2247784572513704,36.13280810221591,36.05158933360215,-0.0046948356807511,0.9573544707267698,-0.0087441765225788,-0.0244079510552306,1965,10.001979141666666
3631,Shipra,99,13,137.89,Amiya Bahadurpur Dam,8.84,1983.0,10,3,Stable,Stable,-0.6571635020336817,59.395507360738634,59.00518176451613,-0.0211267605633802,0.796680051274133,-0.0529086258557301,-0.0899875007357094,1965,17.255441166666667
3632,Shipra,99,13,137.89,Amiya Bahadurpur Dam,33.5,1983.0,10,3,Stable,Stable,-0.2854600288648858,62.8080982675947,62.62880625215054,-0.0219092331768388,0.7891853811696212,-0.0402062288744687,-0.0645600182704411,1965,18.363695
3633,Chambal,99,20,212.84,Laduna Dam,14.14,1988.0,15,5,Stable,Stable,3.1770505747966657,134.75086377613636,139.03196686827957,0.0125195618153364,0.8802134306063019,0.0429367905228758,0.0316489862402992,1965,41.149747
3634,Chambal,99,24,297.33,Asawati Dam,7.32,1988.0,19,5,Stable,Stable,2.869288918408933,177.1250079943182,182.2072362204301,0.0062597809076682,0.9418708081099778,0.0195165667735043,0.0109609007832206,1965,53.39189183333334
3635,Sau,99,3,9.76,Mundri Dam,11.37,2000.0,0,2,Stable,Stable,18.007002250270656,22.132413157897727,26.11779729327957,0.0641627543035993,0.4281372285321034,0.060850481822771,0.256715957409763,2002,4.424192266666666
3636,Chambal,99,27,307.09,Asawati Dam,19.84,1988.0,19,7,Stable,Stable,4.564545575537024,200.18589717064395,209.32347368279568,0.0203442879499217,0.8041935186327291,0.1042567035538079,0.0514305146213502,1965,60.48238408333333
3637,Somli,99,0,0.0,,,,0,0,Stable,Stable,13.567314647212624,3.4245987737462125,3.8892248647849463,0.0438184663536776,0.5894740020112736,0.0062563357380952,0.1735191340878893,2002,0.66068147
3638,Sau,99,2,6.21,Bajrag Garh Dam,10.71,2006.0,0,1,Stable,Stable,18.35335093918117,11.874073969829546,14.053364436290323,0.0868544600938967,0.2826722921571671,0.038037180555555,0.2986710948469607,1966,2.0717075416666666
3639,Retam,99,2,10.73,Gopalpura Dam,12.78,1980.0,2,0,Stable,Stable,16.23056337287254,16.690179397045455,19.399089541129033,0.0289514866979655,0.7226862070785358,0.0241705728031715,0.1361266132020763,2002,3.9529310333333334
3640,Idar,99,2,10.73,Gopalpura Dam,18.74,1980.0,2,0,Stable,Stable,15.674080948489276,21.073896877253787,24.3770365327957,0.0250391236306729,0.7594077836691946,0.02384216327227,0.1065760085772692,2002,5.0827847083333335
3641,Retam,99,0,0.0,,,,0,0,Stable,Stable,17.19197148087624,3.0286909787992427,3.54938266811828,0.0399061032863849,0.6234363808595347,0.0048794808809523,0.1506097650221455,2003,0.7397138641666667
3642,Retam,99,1,5.07,Gadola Dam,21.77,1964.0,1,0,Stable,Stable,17.01617905708779,7.7620434296875,9.082846638172043,0.0352112676056338,0.6652683394768646,0.013919614232568,0.1681030885768364,2003,1.710566391666667
3643,Retam,99,0,0.0,,,,0,0,Stable,Stable,18.322611786713157,2.502723009060606,2.961287230107527,0.014866979655712,0.8572576562971361,0.0015089417346813,0.0562155687719362,2002,0.5869275375
3644,Idar,99,0,0.0,,,,0,0,Stable,Stable,13.788407440994888,4.356673767861742,4.957389697849463,-0.0007824726134585,0.996121301281044,-0.0004968427846211,-0.010822545008653,2003,1.08334013
3645,Retam,99,2,10.73,Gopalpura Dam,4.49,1980.0,2,0,Stable,Stable,16.31374989286241,13.601696494848486,15.820643242204302,0.0328638497652582,0.6865925646666557,0.0192084007530663,0.132687433305342,2003,3.2037121749999997
3646,Maleni,99,1,5.83,Antalwasa Dam,16.22,1908.0,1,0,Stable,Stable,12.492074447696316,5.061140755314394,5.693382226370968,0.0821596244131455,0.3096290813784828,0.0163611357961703,0.3083795783716456,2002,0.7349916841666667
3647,Maleni,99,0,0.0,,,,0,0,Stable,Stable,10.111339790691025,5.334130722231061,5.8734828044354845,0.0735524256651017,0.3633220419285234,0.0132004049892473,0.2383634071215139,2002,0.8717336225
3648,Maleni,99,1,5.83,Antalwasa Dam,34.83,1908.0,1,0,Stable,Stable,9.412691587929254,15.860239275492424,17.35311468360215,0.0649452269170579,0.4224917781104891,0.0364821077209595,0.2222120746078497,2002,2.450729166666666
3649,Pingla,99,1,13.57,Rupaniyakhal Dam,8.58,1997.0,0,1,Stable,Stable,8.048561259205638,3.5496243547651516,3.835318045430108,0.0266040688575899,0.7446486544907949,0.0036415612083333,0.0996749342419225,2002,0.6002894175
3650,Chambal,99,3,51.57,Bagla Dam,31.79,2001.0,2,1,Stable,Stable,4.575792650147717,45.77565247515152,47.87025141666666,0.0258215962441314,0.7520168837093886,0.0409591636115344,0.0883668980245376,1982,13.279192625
3651,Chambal,99,2,19.4,Rupaniyakhal Dam,10.3,1997.0,1,1,Stable,Stable,9.14672457477619,19.41311960320076,21.188784184677417,0.0485133020344287,0.5498843783585525,0.0326326324029157,0.1625668855482225,2002,3.0515258833333334
3652,Chambal,99,7,74.95,Ambabarod Dam,9.19,1980.0,5,2,Stable,Stable,6.15221132417814,70.62607935482956,74.97114500672042,0.0406885758998435,0.6165763246166498,0.0830806090367965,0.1153393907222808,2002,20.589695833333337
3653,Kanh,99,0,0.0,,,,0,0,Stable,Stable,-6.056474355583711,10.040079636931818,9.43200478844086,-0.0641627543035993,0.4281372285321034,-0.0172071905460857,-0.1774635933820884,2018,2.6271285583333333
3654,Ashamati,99,2,4.14,Nagda Dam,15.06,1964.0,2,0,Stable,Stable,-7.146724539504171,13.853221901628787,12.863170292473118,-0.0672926447574334,0.4058192816973955,-0.032241337855297,-0.2420510236626977,1982,4.121559675
3655,Gambhir,99,6,85.78,Gambhir (Phe) Dam,16.55,1991.0,5,1,Stable,Stable,2.4618386486965025,17.158124641401514,17.580529985215055,-0.0086071987480438,0.9186882634841276,-0.0042223994600258,-0.0245303395488161,1982,4.362775516666667
3656,Shipra,99,4,17.45,Motipura Dam,6.28,1999.0,3,1,Stable,Stable,-4.734727274973852,32.506578569090905,30.967480727419353,-0.0485133020344287,0.5498843783585525,-0.0550881863206627,-0.1743508608062155,2018,9.25084655
3657,Chambal,99,0,0.0,,,,0,0,Stable,Stable,-3.720321927243443,9.189456269659091,8.847578913064517,-0.0179968701095461,0.826840031012408,-0.0051964073313632,-0.0579866511887819,1992,2.04983715
3658,Chambal,99,3,51.57,Satak Dam,6.95,1961.0,2,1,Stable,Stable,0.8058370091758076,20.936396561666665,21.105109793548387,-0.0007824726134585,0.996121301281044,-0.0004809728151075,-0.0023080216122802,1982,5.701423166666667
3659,Chhoti Kali Sindh,99,0,0.0,,,,0,0,Stable,Stable,-7.20503418379272,4.9716787404166665,4.61346758766129,-0.0579029733959311,0.4748541917264841,-0.0110064076783986,-0.2303318711117253,1957,1.3458468333333335
3661,Padma,1,0,0.0,,,,0,0,Stable,Stable,-6.809444964929688,70.49545395719697,65.6951048172043,-0.0492957746478873,0.5434157270143498,-0.0697073169696969,-0.1026969556903825,2022,30.756865
3664,Baveri,99,0,0.0,,,,0,0,Stable,Stable,-0.7964109596442189,3.9779757758844694,3.9462947408333338,0.0125195618153364,0.8802134306063019,0.0015416925765931,0.039258956443318,1992,1.01813013
3665,Chamla,99,0,0.0,,,,0,0,Stable,Stable,6.219190268735975,14.286117696098485,15.174598537634408,0.0375586854460093,0.6442115023036941,0.0201952404655835,0.1386280401819034,1985,3.7066138416666665
3666,Chambal,99,3,51.57,Bagla Dam,7.31,2001.0,2,1,Stable,Stable,3.362129236215204,36.72771613912879,37.96254942123657,0.0164319248826291,0.8420193729632897,0.0264347151207194,0.0714816743027211,1965,10.645878375
3667,Chambal,99,0,0.0,,,,0,0,Stable,Stable,12.932362616528104,2.553121863081439,2.883300840456989,0.0586854460093896,0.468865731616952,0.0043081609428571,0.1606618198860444,2002,0.5097313375
3668,Padma,1,0,0.0,,,,0,0,Stable,Stable,0.9992691557796816,8.385927599704546,8.469725587634409,0.0438184663536776,0.5894740020112736,0.0094684640376984,0.1132356897749791,1972,3.1859865416666664
3669,Padma,1,0,0.0,,,,0,0,Stable,Stable,-0.2625548541165158,24.334762515814393,24.270870415591396,0.0359937402190923,0.6582189629917612,0.0211899166666665,0.0877357978486509,1958,8.899243541666666
3670,Padma,1,0,0.0,,,,0,0,Stable,Stable,0.040003502104106,32.71882826693182,32.731916944086024,0.0422535211267605,0.6029566352766689,0.030359629229798,0.0933874505275832,1972,13.325719575
3671,Padma,1,0,0.0,,,,0,0,Stable,Stable,-1.288264176771266,38.85893907981061,38.35833328817204,0.0273865414710485,0.737303720794612,0.0208619829434698,0.054333690167465,1958,12.82421625
3672,Padma,1,0,0.0,,,,0,0,Stable,Stable,-3.037174568946709,138.96058848219698,134.740112827957,0.0,1.0,-0.0002145110426929,-0.000157502699098,1958,56.16209258333333
3673,Padma,1,0,0.0,,,,0,0,Stable,Stable,-8.236608141297122,7.734048855770834,7.097025558064517,-0.0195618153364632,0.8117251184237138,-0.0045108921874999,-0.0609011750928347,1972,2.4933791083333334
3674,Padma,1,0,0.0,,,,0,0,Stable,Stable,-2.462828209828999,171.8938794541667,167.6604285,0.0093896713615023,0.9109751026871792,0.0297900692810442,0.0176369767084605,1958,70.34397366666667
3675,Padma,1,0,0.0,,,,0,0,Stable,Stable,-2.8078035742924428,182.30427459128788,177.1855286532258,0.0007824726134585,0.996121301281044,0.0027270944444471,0.0015246307503188,1958,73.74913933333333
3677,Padma,1,0,0.0,,,,0,0,Stable,Stable,-7.450418093169399,20.325878327821968,18.811515411290323,-0.0704225352112676,0.3842112081012248,-0.0247976836776377,-0.1270543842459498,2022,9.059062
3678,Padma,1,0,0.0,,,,0,0,Stable,Stable,-7.671633201793483,37.49200448564394,34.615755421505376,-0.0821596244131455,0.3096290813784828,-0.0500177953995153,-0.1391170878641957,2022,15.900648
3679,Padma,1,0,0.0,,,,0,0,Stable,Stable,-3.5974531456674517,98.71508646723484,95.16385748387096,-0.0046948356807511,0.9573544707267698,-0.0183368167813637,-0.0190036057514795,2012,41.42452975
3683,Padma,1,0,0.0,,,,0,0,Stable,Stable,-7.508207495939027,9.684729427329549,8.957579846505377,-0.0688575899843505,0.3949258884499005,-0.0138817613235294,-0.1493755760810937,2012,3.8881783333333337
3684,Padma,1,0,0.0,,,,0,0,Stable,Stable,0.6180177627057897,5.292091629223485,5.324797695510752,0.0688575899843505,0.3949258884499005,0.0103345289885992,0.1959222083714233,1973,1.8612500625
3685,Padma,1,0,0.0,,,,0,0,Stable,Stable,0.6191916330038113,104.28427159905304,104.92999108333332,0.0579029733959311,0.4748541917264841,0.1534551188500468,0.147700508572816,1972,44.70231616666666
3686,Padma,1,0,0.0,,,,0,0,Stable,Stable,-3.0526698575922375,8.567691221496212,8.30614789408602,-0.0093896713615023,0.9109751026871792,-0.0021197071350762,-0.0252526561922823,1972,3.655555266666666
3687,Padma,1,0,0.0,,,,0,0,Stable,Stable,-3.852146781895512,9.046245764564391,8.697771099462367,-0.0140845070422535,0.864897167788448,-0.0043439994019607,-0.0492064229162916,1972,3.9078034
3688,Padma,1,0,0.0,,,,0,0,Stable,Stable,-1.1889364314906363,17.02576590373106,16.82334037016129,0.0383411580594679,0.637254471508776,0.0130396898803649,0.0774826423486144,1958,5.5583167499999995
3689,Nekhadi,99,0,0.0,,,,0,0,Stable,Stable,19.75900086703052,0.5614825462441287,0.6724258874247312,0.094679186228482,0.2413735354534252,0.0024407496304824,0.4013778003124235,1987,0.1166988493333333
3690,Kothari,99,1,3.79,Ladki Dam,17.17,1966.0,1,0,Stable,Stable,17.742470953723473,2.0443769557253786,2.40709994327957,0.0892018779342723,0.2698087511110099,0.007581840540366,0.3464688753248838,1987,0.4978373241666666
3691,Khari,99,2,43.21,Khari Dam,10.03,1957.0,2,0,Stable,Stable,22.33529488981817,1.5752265219469697,1.9270580108064517,0.1032863849765258,0.2010703716465964,0.0069228367702991,0.4014704846828507,1987,0.3444412858333334
3692,Khari,99,0,0.0,,,,0,0,Stable,Stable,24.443918625586956,0.5301647485340909,0.6597577882473118,0.0876369327073552,0.2783390390292886,0.001795139963141,0.3074455964799899,1987,0.1029678524166666
3693,Khari,99,4,51.42,Panghatiya Dam,4.25,1984.0,3,0,Stable,Stable,21.700608485981924,2.553620012011364,3.1077710930376345,0.0938967136150234,0.2453012535825112,0.0106761135558804,0.3830472730805496,1987,0.5418437758333333
3694,Khari,99,0,0.0,,,,0,0,Wetting,Significant Wetting,55.19383204353835,0.8559081808598485,1.3283167046505375,0.1596244131455399,0.047869222228202,0.0059278354285206,0.5603324910263255,1968,0.2055718875
3695,Mansi,99,3,104.84,Arwar Dam,13.67,1957.0,2,1,Stable,Stable,25.322573524595697,3.8225981672992426,4.790578398763441,0.0469483568075117,0.5629344246630752,0.007025476845238,0.1664137770379616,2009,0.8784668933333334
3696,Khari,99,4,51.42,Panghatiya Dam,19.73,1984.0,3,0,Stable,Stable,23.940248886067028,3.388088875225379,4.199205784435484,0.0915492957746478,0.2573526206385808,0.014386345,0.385787875126494,1987,0.7283000108333333
3697,Khari,99,4,51.42,Panghatiya Dam,43.01,1984.0,3,0,Stable,Stable,32.837802936432766,5.049634562395833,6.707823609005376,0.0978090766823161,0.2261060646956731,0.0219206102913943,0.3811966870206132,1987,1.1868617916666666
3698,Khari,99,1,7.78,Basundni Dam,10.88,1981.0,1,0,Stable,Stable,16.00924247171786,2.7465936996193183,3.186302544704301,0.014866979655712,0.8572576562971361,0.0015235763686853,0.0521398621595701,2009,0.603745185
3699,Sameliya,99,1,24.63,Nahar Sagar Dam,2.54,1909.0,1,0,Stable,Stable,23.48234738904835,2.568092879316288,3.1711413705107527,0.0266040688575899,0.7446486544907949,0.0025853257642124,0.0918181688249191,2009,0.585200955
3700,Khari,99,2,32.41,Basundni Dam,6.37,1981.0,2,0,Stable,Stable,19.52187697883549,5.356136785128788,6.401755219139784,0.0164319248826291,0.8420193729632897,0.0030260518423202,0.0523492716048097,2009,1.1975609508333334
3701,Khari,99,7,156.26,Arwar Dam,27.52,1957.0,5,1,Stable,Stable,29.646041028711295,9.145974152234848,11.85739340188172,0.0727699530516431,0.3684765339307223,0.0296369748015871,0.2882715448057079,1987,2.321532133333333
3702,Banas,99,47,990.29,Nagdi Dam,6.84,1959.0,32,6,Stable,Stable,12.92485586838045,92.6546126999053,104.6300878467742,0.0453834115805946,0.5761320910860721,0.1831397126262626,0.1878444270669736,2002,22.560653083333335
3703,Banas,99,1,10.34,Jhadol Dam,10.4,1980.0,1,0,Stable,Stable,15.93699224935892,2.169349302280303,2.5150783324462367,0.0273865414710485,0.737303720794612,0.0025491154506802,0.1105799131291394,1981,0.4619417983333333
3704,Banas,99,45,974.81,Kothari Stage 1 Dam,11.4,,30,6,Stable,Stable,13.555982508761495,85.78694116657196,97.41620390591396,0.0500782472613458,0.5369851790476614,0.1603597583333331,0.1771672483565318,2002,20.700586666666663
3705,Khari,99,9,188.67,Basundni Dam,17.15,1981.0,7,1,Stable,Stable,25.837088386002662,14.830977552234849,18.66287033091398,0.069640062597809,0.3895461398198647,0.0389737185833332,0.2373541586633083,2009,3.6328166416666665
3706,Khari,99,0,0.0,,,,0,0,Stable,Stable,26.029607931116967,1.3904975888901514,1.7524386595698924,-0.0046948356807511,0.9573544707267698,-0.0003066184560185,-0.0199683388757325,2009,0.3228667808333333
3707,Khari,99,9,188.67,Basundni Dam,25.97,1981.0,7,1,Stable,Stable,25.76154909263754,16.287893343920455,20.48390698387097,0.054773082942097,0.4992226615640707,0.036828031055964,0.2043460291021989,2009,3.9694166416666663
3708,Gomti,99,1,107.15,Rajsamand Dam,7.13,1676.0,1,0,Stable,Stable,25.94462707771327,1.6580390612973486,2.0882111125537635,0.0884194053208137,0.2740512171046538,0.0058233615458702,0.3170201593226137,2000,0.355917175
3709,Chandrabhaga,99,2,12.34,Chandrabhaga Dam,5.33,,1,0,Stable,Stable,11.509105547299388,2.271735072532197,2.533191459784946,0.0618153364632237,0.4453347120023703,0.004906380455586,0.2071396270629812,2002,0.5282576474999999
3710,Banas,99,1,21.22,Nandsamand Dam,14.03,1958.0,1,0,Stable,Stable,31.150721326423053,4.802613379272727,6.298662089435483,0.0954616588419405,0.2374903017794887,0.0167355260714285,0.3085061004572058,2000,0.6758801916666667
3711,Banas,99,3,130.41,Kaladeh Dam,7.57,1964.0,3,0,Stable,Stable,25.45468201101992,8.265741304924243,10.369759469946237,0.0892018779342723,0.2698087511110099,0.0281745148740053,0.3084650186689839,2000,1.4179284166666666
3712,Banas,99,6,193.42,Matrikundiya Dam,7.24,1991.0,4,1,Stable,Stable,20.97405639464044,12.750344029602273,15.42460837688172,0.0798122065727699,0.3237244365109479,0.0388382378472222,0.2808157846750916,2000,2.598426825
3713,Banas,99,0,0.0,,,,0,0,Stable,Stable,15.067033923417942,1.3663457375227273,1.5722135133064516,0.0156494522691705,0.8496314926030792,0.0007234153386372,0.050112135803084,1981,0.2977195483333333
3714,Banas,99,8,204.55,Kanyakheri Dam,13.34,1987.0,5,1,Stable,Stable,19.271343211588547,18.39279899977273,21.937338421236557,0.0641627543035993,0.4281372285321034,0.0508348144180779,0.2565838606605649,2000,4.414711425
3715,Berach,99,1,9.71,Ruparel Dam,13.44,2004.0,0,1,Stable,Stable,27.712376029948505,1.7118911986041667,2.186296924784946,0.0665101721439749,0.411332624869805,0.0051011054302455,0.2661694334813025,1981,0.2618444783333333
3716,Menali,99,2,15.21,Govta Dam,2.56,1955.0,2,0,Stable,Stable,33.44238659872029,2.571267963863636,3.431161336827957,0.1212832550860719,0.1330647393021264,0.0132979955202546,0.4510187814277744,1981,0.5148172533333334
3717,Berach,99,2,58.48,Bassi Dam,4.29,1986.0,2,0,Stable,Stable,24.249413277942185,3.30235825234659,4.103160752876344,0.0446009389671361,0.5827852327137752,0.0065510277483388,0.1798368103159865,1981,0.6391361108333333
3718,Kothari,99,7,141.46,Jude Ka Naka Dam,1.61,1999.0,4,1,Stable,Stable,13.876858141907933,8.57791828089015,9.768263832258064,0.0461658841940532,0.5695150128741793,0.0113662158735795,0.1258588526193564,2009,1.8773620333333332
3719,Berach,99,21,520.44,Borda Dam,14.75,1979.0,15,1,Stable,Stable,7.469072182497173,44.485536238390154,47.80819305080645,0.0344287949921752,0.6723474310081521,0.0745873294437619,0.1628290515677569,2000,9.643680558333331
3720,Berach,99,23,578.92,Orai Dam,11.85,1973.0,17,1,Stable,Stable,9.235444096675202,50.09321043693181,54.71954088306452,0.0422535211267605,0.6029566352766689,0.0994420379534085,0.1913561031625155,2000,11.323791875
3721,Berach,99,24,588.63,Ruparel Dam,17.12,2004.0,17,2,Stable,Stable,10.168441928281649,52.764885529280306,58.13025227284946,0.0375586854460093,0.6442115023036941,0.0954548735910938,0.1736847158403632,2000,12.25875825
3722,Banas,99,32,793.18,Ruparel Dam,22.27,2004.0,22,3,Stable,Stable,12.52140053699897,71.15993688910984,80.07015760887097,0.0469483568075117,0.5629344246630752,0.1263087246893274,0.1689215304279598,2000,16.67542225
3723,Unli,99,3,23.07,Anwasa Dam,6.11,1981.0,2,1,Stable,Stable,23.648211029245733,1.7837597488787875,2.2055870185483872,0.0766823161189358,0.3431583802594415,0.0055052409920634,0.2802489248303243,1981,0.3768313033333333
3724,Banas,99,35,810.28,Pitha Ka Mund Dam,7.47,1997.0,24,4,Stable,Stable,13.280153859569433,74.01939108664773,83.84928010887097,0.0539906103286385,0.5054169484685467,0.1290065788584936,0.1653165946367081,2002,17.627226916666668
3725,Banas,99,38,833.35,Anwasa Dam,9.37,1981.0,26,5,Stable,Stable,13.522627596777056,76.1487460499053,86.44605739784947,0.0492957746478873,0.5434157270143498,0.1482991525044508,0.18453262253087,2002,18.22779775
3726,Bahmnai,99,1,5.24,Atawara Dam,11.77,1961.0,1,0,Stable,Stable,12.545233582639014,1.5672787475416663,1.7638975273118278,0.0798122065727699,0.3237244365109479,0.004410887183415,0.2686659432581925,2009,0.3583695925
3727,Mej,99,7,113.43,Gudha Dam,7.11,1958.0,3,3,Stable,Stable,-5.321091843464022,8.62546638277841,8.166497394623656,-0.0766823161189358,0.3431583802594415,-0.0222465621660453,-0.2653802160161222,2009,1.86715515
3728,Jashma,99,1,18.54,Bhopal Sagar Dam,6.76,1936.0,1,0,Stable,Stable,3.915750374837136,2.7699522427367422,2.878416658064516,0.0211267605633802,0.796680051274133,0.0014718844510109,0.0524859868368252,2000,0.4512188883333333
3729,Berach,99,1,2.92,Luharia Dam,3.59,1984.0,1,0,Stable,Stable,-2.531283944727648,4.063135713583334,3.960286211612904,-0.0046948356807511,0.9573544707267698,-0.0008056888136898,-0.0201334669048189,2000,0.5476528566666666
3730,Berach,99,2,45.83,Sanwariya Sarowar Dam,11.44,,1,0,Stable,Stable,-5.34980326436486,9.331645145511365,8.832420488897851,-0.0093896713615023,0.9109751026871792,-0.0027150181818181,-0.0299355132747365,2000,1.73988995
3731,Berach,99,6,261.43,Badgaon Dam,11.9,1973.0,5,0,Stable,Stable,15.481505621664898,8.775738439943181,10.134354879865592,0.0383411580594679,0.637254471508776,0.0195975609567901,0.2095340302477805,2000,0.94830891
3732,Berach,99,7,279.97,Bhopal Sagar Dam,18.72,1936.0,6,0,Stable,Stable,12.145100900578292,12.67944388751894,14.21937514129032,0.0383411580594679,0.637254471508776,0.0208251556576065,0.1563560880129029,2000,1.6803986666666668
3733,Berach,99,8,282.89,Luharia Dam,15.74,1984.0,7,0,Stable,Stable,8.534287042499153,17.05531537604167,18.51086494623656,0.0242566510172143,0.7668207233743265,0.0197036728185386,0.1116931527375672,2000,2.305713341666667
3734,Berach,99,11,404.19,Gosunda Dam,1.78,,8,0,Stable,Stable,3.676501785617756,26.55239487221591,27.528594143817205,0.0179968701095461,0.826840031012408,0.0225100852083333,0.0837279136264583,2000,4.094132241666666
3735,Berach,99,1,9.43,Banakiya Dam,5.53,1962.0,1,0,Stable,Stable,9.086898869837038,2.4531581662954545,2.676074167983871,0.0156494522691705,0.8496314926030792,0.0014535426609848,0.057220082170785,1981,0.5638860758333334
3736,Berach,99,13,418.66,Gosunda Dam,8.81,,10,0,Stable,Stable,4.6286693917761985,30.381949409734847,31.788229402688177,0.0211267605633802,0.796680051274133,0.0237476170375632,0.0768734269178321,2000,5.154980283333333
3737,Gambhiri,99,8,101.78,Sankal Khera Dam,8.1,2008.0,5,1,Stable,Stable,12.303428609690574,11.005932582954546,12.360039641129031,0.0375586854460093,0.6442115023036941,0.018740685245098,0.1618589473588196,2003,2.597802025
3738,Gambhiri,99,2,71.44,Gambhiri Dam,6.11,1958.0,2,0,Stable,Stable,18.065785861465468,3.873383096753788,4.573140192607527,0.0461658841940532,0.5695150128741793,0.0058679661875332,0.1407404829292076,2003,0.9321071416666666
3739,Kadmali,99,2,12.09,Uncha Dam,12.04,1984.0,1,0,Stable,Stable,9.088652683654216,4.299117647089015,4.689849518494623,0.0594679186228482,0.4629192952859549,0.0084134589429012,0.1884998029426489,2003,1.0418635108333334
3740,Khan,99,0,0.0,,,,0,0,Stable,Stable,32.18519069363852,1.2995610748314397,1.7178272849462366,0.096244131455399,0.2336514116323842,0.0047557094916666,0.3231067077853163,2000,0.24246932
3741,Banas,99,1,21.22,Nandsamand Dam,10.64,1958.0,1,0,Stable,Stable,31.245882687108928,3.2931524316496215,4.322126977150537,0.0837245696400626,0.3004608457455244,0.0120448135763068,0.3236226763481229,2000,0.3978208841666666
3742,Sukni,99,0,0.0,,,,0,0,Stable,Stable,7.315123651697496,2.146571152683712,2.303595486774194,-0.0438184663536776,0.5894740020112736,-0.0041505528523809,-0.1889261008762252,1998,0.3661811666666666
3743,Khari,99,0,0.0,,,,0,0,Stable,Stable,7.876492285989549,4.562039935882575,4.921368659516129,-0.0367762128325508,0.6511998403435748,-0.0084054823026316,-0.1796874340737583,1965,1.0650951691666666
3744,Parbati,99,42,403.2,Umed Sagar Dam,42.68,1917.0,28,12,Stable,Stable,0.0791742995363352,182.0634695823864,182.20761705913975,-0.0492957746478873,0.5434157270143498,-0.3588649817129622,-0.1987900129028658,1951,46.89955954545455
3745,Parbati,99,42,403.2,Umed Sagar Dam,53.51,1917.0,28,12,Stable,Stable,0.4596702348663979,187.68689295757576,188.5496337392473,-0.0579029733959311,0.4748541917264841,-0.3778154486093354,-0.2026746076682899,1951,48.43153363636364
3746,Parbati,99,42,403.2,Umed Sagar Dam,65.48,1917.0,28,12,Stable,Stable,0.580389031516042,191.5108680753788,192.62237614784945,-0.0571205007824726,0.4808844025592613,-0.3901298026175195,-0.2049899060815293,1951,49.60913218181818
3747,Chambal,99,110,9792.62,Deopura Dam,12.24,1981.0,68,33,Stable,Stable,5.23278248532939,613.651226430303,645.7622603279569,-0.0070422535211267,0.9341368400799536,-0.1843318435623146,-0.0295855592393754,1965,176.58435208333333
3748,Aheli,99,0,0.0,,,,0,0,Stable,Stable,14.198637260095756,4.6822845653446965,5.347105166263441,0.0086071987480438,0.9186882634841276,0.0019573260119048,0.0396781370365945,1951,1.2697110454545455
3749,Gadela,99,0,0.0,,,,0,0,Stable,Stable,21.984254900137383,1.5088964089715908,1.8406160416989248,0.0555555555555555,0.4930689350662878,0.0046322939146289,0.2807825700864007,1999,0.1164500765
3750,Ahar,99,3,180.03,Udai Sagar Dam,3.22,1585.0,2,0,Stable,Stable,18.548437338629192,3.1747755637310604,3.763646819811828,0.054773082942097,0.4992226615640707,0.0085910987615186,0.2504819810642684,1999,0.2358311758333333
3751,Berach,99,4,210.49,Berach/Vallabh Nagar Dam,2.97,1972.0,3,0,Stable,Stable,17.982081614074293,5.488711075763257,6.4756955809677414,0.0477308294209702,0.5563907438061542,0.0145478897996031,0.2460376659361953,1999,0.4128950083333333
3752,Berach,99,1,19.42,Bagolia Dam,8.53,1956.0,1,0,Stable,Stable,19.62350546589975,1.615908773282197,1.9330067197311829,0.0625978090766823,0.4395589046351571,0.0042370751220538,0.2420088728174691,2000,0.1700113075
3753,Andheri,99,0,0.0,,,,0,0,Stable,Stable,5.5831441122914915,4.578510465422348,4.834135302903226,-0.0320813771517996,0.6937574902034176,-0.0068093360195578,-0.1466778915388983,1979,0.8980306583333334
3754,Retili,99,0,0.0,,,,0,0,Stable,Stable,4.945438024354071,4.793329353410985,5.030380485887097,-0.0234741784037558,0.7742550657745815,-0.0063255736493014,-0.1305732050433583,1979,0.8919496050000001
3755,Andheri,99,1,30.8,Lhasi Dam,13.93,1619.0,1,0,Stable,Stable,11.580003273433416,4.567732782539773,5.09667638827957,0.0031298904538341,0.972854241056627,0.0003165132494588,0.0066699098272839,2002,0.8459801391666667
3756,Upreni,99,0,0.0,,,,0,0,Stable,Stable,0.5876562613079911,5.680471025005682,5.713852668655914,-0.0226917057902973,0.7817101679285825,-0.0064862955238095,-0.115056038682844,2002,1.1186840958333333
3757,Garni,99,0,0.0,,,,0,0,Stable,Stable,4.037046551230781,5.983471997371212,6.225027547284946,-0.0140845070422535,0.864897167788448,-0.0031558123658594,-0.0523557501674812,2002,1.141227450833333
3758,Andheri,99,0,0.0,,,,0,0,Stable,Stable,5.209073614428562,10.089184213308712,10.614737246075268,-0.0289514866979655,0.7226862070785358,-0.0136370269717261,-0.1335568665072325,1979,1.9277296416666667
3759,Andheri,99,1,30.8,Lhasi Dam,30.85,1619.0,1,0,Stable,Stable,7.175496251802476,16.425438788958335,17.60404553360215,-0.0297339593114241,0.7154148441443793,-0.0204720558928571,-0.1221506879383179,1979,3.2463598583333333
3760,Parbati,99,38,292.25,Benthali Dam,14.76,1965.0,25,11,Stable,Stable,-4.575072733950284,117.96484655596592,112.56786902553765,-0.0845070422535211,0.295945273327078,-0.352244879370629,-0.307295303382238,1951,27.927568363636365
3761,Parbati,99,38,292.25,Benthali Dam,35.16,1965.0,25,11,Stable,Stable,-4.0675355435047935,128.15360261486742,122.9409092782258,-0.0751173708920187,0.3531492045378603,-0.3644017757867133,-0.2920053270483617,1951,30.909080636363637
3762,Parbati,99,38,292.25,Benthali Dam,46.71,1965.0,25,11,Stable,Stable,-3.705882845073019,134.14762237660983,129.1762686518817,-0.069640062597809,0.3895461398198647,-0.3645492003968253,-0.2786413897340465,1951,32.62857327272727
3763,Bilas,99,1,28.9,Bilas Dam,12.08,1996.0,0,1,Stable,Stable,11.735132486031604,3.74359964661553,4.1829160248924735,0.0070422535211267,0.9341368400799536,0.0007884705902777,0.0202102442463646,2002,0.7523802258333333
3764,Parbati,99,39,323.06,Lhasi Dam,46.94,1619.0,26,11,Stable,Stable,-2.326324719531273,152.9362317376894,149.3784383736559,-0.0633802816901408,0.4338263387916083,-0.3844783355978259,-0.2562628182172525,1951,38.74305509090909
3765,Parbati,99,40,351.95,Bilas Dam,30.89,1996.0,26,12,Stable,Stable,-1.619765216755288,161.58860454015152,158.9712485295699,-0.0602503912363067,0.4570151459561868,-0.3533129513888874,-0.2221756810678711,1951,41.07164727272727
3766,Khul,99,1,32.65,Gopalpura Dam,10.8,1980.0,1,0,Stable,Stable,12.259005047765346,2.768901631342803,3.108341422096774,0.014866979655712,0.8572576562971361,0.0021956516186399,0.0759118458153864,2002,0.5559267691666666
3767,Bamnidai,99,0,0.0,,,,0,0,Stable,Stable,16.531042295816672,3.0029583442405303,3.4993786582526885,0.0203442879499217,0.8041935186327291,0.0029743116235632,0.0931770477064315,2017,0.8240260591666666
3769,Banganga,99,0,0.0,,,,0,0,Stable,Stable,9.122877602031387,3.89644310861553,4.251910844247312,-0.0328638497652582,0.6865925646666557,-0.0044473702169312,-0.1106737112846122,1965,0.9450867458333332
3770,Khul,99,1,18.6,Umed Sagar Dam,2.79,1917.0,1,0,Stable,Stable,12.629876572733451,5.587996370753788,6.293753415268816,0.0187793427230046,0.8192741807890083,0.0049071975912698,0.083965255771912,2002,1.177491265
3771,Khul,99,1,18.6,Umed Sagar Dam,11.83,1917.0,1,0,Stable,Stable,15.476261371390745,9.021516797897728,10.417710317204302,0.0226917057902973,0.7817101679285825,0.0118502705295139,0.1241229211835449,2002,2.2261931833333333
3772,Khul,99,2,51.25,Umed Sagar Dam,19.34,1917.0,2,0,Stable,Stable,14.644457225871935,12.136428089848485,13.913742110215052,0.0226917057902973,0.7817101679285825,0.0130635076994509,0.1020468689379594,2002,2.889212166666667
3773,Khul,99,2,51.25,Umed Sagar Dam,25.14,1917.0,2,0,Stable,Stable,14.997988454243904,15.23561689308712,17.52065295564516,0.0187793427230046,0.8192741807890083,0.0144002413352713,0.0894750087071826,2002,3.8050139833333336
3774,Parbati,99,42,403.2,Umed Sagar Dam,30.46,1917.0,28,12,Stable,Stable,-0.1649815824836568,177.2286246594697,176.93623006989247,-0.0516431924882629,0.5242399029172564,-0.385125715632992,-0.2193960699487572,1951,45.60115154545454
3775,Parbati,99,1,17.68,Rajiv Sagar (Maksudangarh) Dam,14.59,,0,0,Stable,Stable,4.814508157702757,5.965556494136363,6.252768698198925,0.0195618153364632,0.8117251184237138,0.0041169637979055,0.0681428689305285,1951,1.2071498954545454
3776,Parbati,99,27,105.84,Govindpura Dam,14.63,1992.0,18,8,Stable,Stable,-6.146601673757436,83.73822996761365,78.59117452284946,-0.0719874804381846,0.3736762927138684,-0.2156428842054266,-0.266891644494023,1951,18.341961954545457
3777,Parbati,99,2,39.03,Sanjay Sagar Dam,13.1,1985.0,2,0,Stable,Stable,-1.876787146593362,3.5070964402632576,3.4412757050537635,-0.0657276995305164,0.4168901819911785,-0.0090607627586207,-0.2625537501801981,1979,0.6683472441666667
3778,Parbati,99,30,161.05,Sanjay Sagar Dam,16.08,1985.0,20,9,Stable,Stable,-5.091465197701819,98.12555370738636,93.12952529032258,-0.0782472613458529,0.3333500217009937,-0.2588780916860917,-0.2721103689523488,1951,22.013994545454544
3779,Chopani,99,1,0.0,Ruthai (Gopi Krishna Sagar) Dam,8.5,,0,0,Stable,Stable,-3.0208049598565183,6.069338948852272,5.8859960568548395,-0.069640062597809,0.3895461398198647,-0.0175903222299382,-0.2961185764276394,1979,1.1516544283333332
3780,Parbati,99,32,198.33,Benthali Dam,8.94,1965.0,21,9,Stable,Stable,-4.9528304921569895,108.30611740501897,102.94189899731182,-0.0845070422535211,0.295945273327078,-0.3097674268048126,-0.2948128893960631,1951,24.93129840909091
3781,Ghora Pachhar,99,0,0.0,,,,0,0,Stable,Stable,-5.045401988885401,1.829787140375,1.7374670236021506,-0.0688575899843505,0.3949258884499005,-0.0040342873016934,-0.2268606550797819,1981,0.34086089
3782,Manoli,99,0,0.0,,,,0,0,Stable,Stable,-2.1775440214386603,2.010917110119318,1.967128504811828,-0.0524256651017214,0.5179259057262735,-0.0036474830860071,-0.1840242422317358,1981,0.39757138
3783,Manoli,99,3,63.51,Gararda Dam,3.8,2010.0,2,1,Stable,Stable,5.756604749198218,2.709327001443182,2.86529224827957,-0.0172143974960876,0.8344219897000891,-0.0021530814338575,-0.0779197150979021,1981,0.4883174741666667
3784,Thalera,99,0,0.0,,,,0,0,Stable,Stable,-1.874501655972556,5.0975416874034085,5.00198818405914,-0.0485133020344287,0.5498843783585525,-0.0085047272676161,-0.1692178237640507,2002,1.0612575158333333
3785,Manoli,99,3,63.51,Gararda Dam,20.22,2010.0,2,1,Stable,Stable,-1.6824941764154029,6.490866739022726,6.381658284139784,-0.0500782472613458,0.5369851790476614,-0.0101216881186867,-0.1579374408673756,1981,1.248884885
3786,Machhli,99,1,12.96,Paibala Pura Dam,11.05,1957.0,1,0,Stable,Stable,-3.2011521308282513,2.837807664721591,2.746965124193548,-0.0625978090766823,0.4395589046351571,-0.0083731403857347,-0.3012065519225937,1998,0.4633487666666667
3787,Chambal,99,107,9754.05,Paibala Pura Dam,45.83,1957.0,65,33,Stable,Stable,5.163818960023356,605.0223526592803,636.2646116182796,-0.0062597809076682,0.9418708081099778,-0.166041303921568,-0.0270374217020909,1965,174.25992083333333
3788,Papras,99,1,3.79,Chapper Dam,7.69,1980.0,1,0,Stable,Stable,-8.892687157792727,3.489987412168561,3.1796337497580645,-0.069640062597809,0.3895461398198647,-0.0087362862433155,-0.2621140457495068,1951,0.9665347309090908
3789,Parbati,99,1,1.73,Guradia Roopchand Dam,13.57,1997.0,0,1,Stable,Stable,-8.975932280573614,6.297499205655303,5.7322399415860215,-0.0743348982785602,0.3582129056046694,-0.0179999340204678,-0.2999335724377881,1951,1.2719578945454546
3790,Ajnal,99,5,10.36,Konajhir Dam,13.24,1940.0,5,0,Stable,Stable,-15.81823267109635,8.049502190587122,6.776213205215053,-0.1291079812206572,0.1097427908383938,-0.034542042095295,-0.4648271698486384,1951,1.862572381818182
3791,Mej,99,8,141.83,Bundika Gothra Dam,22.64,,3,3,Stable,Stable,-8.177735866702553,13.39534885153409,12.299912604032258,-0.0837245696400626,0.3004608457455244,-0.038214025335249,-0.2974190960079264,2009,2.7889856749999997
3792,Garra,99,0,0.0,,,,0,0,Drying,Moderate Drying,-29.227327837560207,7.566676438267045,5.355139109247312,-0.2934272300469484,0.0002715030076816,-0.0623027699214168,-0.9504589449334342,2015,1.8084520666666664
3793,Khaimua,99,0,0.0,,,,0,0,Drying,Moderate Drying,-21.325421733580587,18.440289472575756,14.507819973655913,-0.1964006259780907,0.014871849830208,-0.0998043448035714,-0.6014551898008119,1987,5.7382097666666665
3794,Deoha,99,1,209.0,Nanak Sagar Dam,132.12,1962.0,1,0,Drying,Moderate Drying,-17.710475096585974,85.07653209244317,70.00907406317205,-0.1666666666666666,0.0388256459148681,-0.3831375048295454,-0.4923345077509934,1987,24.932455166666667
3795,Garra,2,1,209.0,Nanak Sagar Dam,157.9,1962.0,1,0,Drying,Moderate Drying,-19.148899220604953,94.37274981742424,76.30140706317204,-0.189358372456964,0.0188754161116084,-0.4664069113325286,-0.5441524666363683,1987,27.780149749999996
3796,Garra,99,0,0.0,,,,0,0,Drying,Severe Drying,-50.97005236337922,4.872332525128789,2.3889020857526884,-0.3669796557120501,5.238843956867356e-06,-0.0526775139409722,-1.4057237304741566,2021,0.6946245000000001
3797,Garra,2,1,209.0,Nanak Sagar Dam,187.52,1962.0,1,0,Drying,Moderate Drying,-20.24117539091718,103.06776875350378,82.20564090860215,-0.2097026604068857,0.0093015553668744,-0.5302919163204627,-0.5693752649592777,1987,30.361181166666668
3798,Ganga,1,1,209.0,Nanak Sagar Dam,198.46,1962.0,1,0,Drying,Moderate Drying,-21.645448843859647,107.99647473664773,84.62015304435484,-0.2269170579029734,0.0048828550685269,-0.5946378667800454,-0.6134971134074977,1987,31.833607583333333
3799,Ramganga,99,10,926.78,Baigul Dam,163.0,1968.0,10,0,Drying,Moderate Drying,-23.805311861415884,403.2245044181818,307.23565363978497,-0.2730829420970266,0.0007033006170711,-2.8336293590949824,-0.7908373602078517,1997,114.28807958333334
3800,Ganga,1,9,4072.31,Srinagar Dam,350.06,2014.0,1,8,Stable,Stable,-8.825956167135287,659.0801421308712,600.9100176801076,-0.1541471048513302,0.0560727120207502,-2.0310607381221724,-0.3226385065241049,2009,232.7633475
3801,Ganga,1,19,4999.1,Baigul Dam,193.42,1968.0,11,8,Drying,Moderate Drying,-14.51828031132672,1062.475374035985,908.2222209946236,-0.2230046948356807,0.0056739905461642,-5.220796493055554,-0.5284421680753264,1997,348.06493
3802,Ganga,1,0,0.0,,,,0,0,Drying,Severe Drying,-42.19443767100303,7.515717481289772,4.34450275311828,-0.3380281690140845,2.725632818467716e-05,-0.0677432742424242,-1.114951292942292,2007,1.69886655
3803,Ganga,1,20,5208.1,Baigul Dam,213.57,1968.0,12,8,Drying,Moderate Drying,-15.319689673945945,1175.9146657083334,995.768188091398,-0.2269170579029734,0.0048828550685269,-5.714949241666663,-0.5246852424215693,1997,395.8256733333333
3804,Ganga,1,20,5208.1,Baigul Dam,243.62,1968.0,12,8,Drying,Moderate Drying,-15.839274559198923,1194.733468875,1005.4963544892472,-0.2331768388106416,0.0038225973447996,-5.892193796863188,-0.5337403764203472,1997,403.96642833333334
3805,Kali,99,0,0.0,,,,0,0,Drying,Severe Drying,-42.977536878863006,2.802527700780303,1.5980703246370969,-0.3630672926447574,6.594417740757308e-06,-0.0317017571769919,-1.406647462227857,2016,0.1575210466666666
3806,Ganga,1,0,0.0,,,,0,0,Drying,Severe Drying,-44.0385941997439,5.38760263714394,3.0149781746774194,-0.3912363067292644,1.1954765215538288e-06,-0.0602618205201465,-1.3985286335717793,2016,0.3614723941666666
3807,Pandu,99,0,0.0,,,,0,0,Drying,Severe Drying,-52.048343810575695,18.07575592195076,8.667624333333332,-0.3317683881064163,3.8304393702892625e-05,-0.1772906949032738,-1.272757371057487,2016,1.991382675
3808,Kali,99,0,0.0,,,,0,0,Drying,Severe Drying,-33.63306387504699,79.78104838380682,52.94823742069892,-0.3341158059467918,3.373843693799117e-05,-0.7657938170175445,-1.13267436817723,2015,19.929745
3809,Kali,99,0,0.0,,,,0,0,Drying,Severe Drying,-34.60116399423428,85.19446478873105,55.71618831317205,-0.3435054773082942,2.014174430287063e-05,-0.8428028223684212,-1.173413632312112,2015,20.420827291666665
3810,Ganga,1,9,4072.31,Srinagar Dam,322.75,2014.0,1,8,Stable,Stable,-4.339906603791074,565.1124704395834,540.587117016129,-0.0938967136150234,0.2453012535825112,-1.2540973868055547,-0.2276926137036321,1997,193.62734133333333
3811,Ganga,1,9,4072.31,Srinagar Dam,340.89,2014.0,1,8,Stable,Stable,-4.773298990471383,571.2686914140152,544.0003287338709,-0.1025039123630672,0.2045175818967932,-1.351166789021164,-0.2431460863512456,1997,196.55744333333337
3812,Ganga,1,20,5208.1,Baigul Dam,254.19,1968.0,12,8,Drying,Moderate Drying,-16.017834664843438,1202.8498378655304,1010.1793395698924,-0.2347417840375587,0.0035925256892277,-5.93407882034632,-0.5343580003886153,1997,407.0730541666667
3813,Sai,99,0,0.0,,,,0,0,Drying,Severe Drying,-41.093712127418094,30.333601583617423,17.868398670967743,-0.3302034428794992,4.1667895961605694e-05,-0.2703139962499999,-1.0951157550015236,2015,7.217677716666667
3814,Ganga,1,0,0.0,,,,0,0,Drying,Severe Drying,-40.85714903028096,2.8492331145265153,1.6851176947043012,-0.2496087636932707,0.0019574431999858,-0.0224713130772375,-0.966226322297042,2007,0.3995979783333334
3815,Ganga,1,0,0.0,,,,0,0,Drying,Severe Drying,-46.00073320890949,4.641296832683713,2.5062662592473117,-0.2856025039123631,0.0003943308341316,-0.0392048524027035,-1.0636030041174849,2007,0.7244627591666667
3816,Ganga,1,20,5208.1,Baigul Dam,260.0,1968.0,12,8,Drying,Moderate Drying,-16.08042057113214,1205.8628404166666,1011.9550241666666,-0.2323943661971831,0.0039425831766191,-5.993749957482992,-0.5385376531656232,1997,408.20938916666665
3817,Ganga,1,0,0.0,,,,0,0,Drying,Severe Drying,-46.050392927994785,2.360525473564394,1.2734942178225808,-0.2957746478873239,0.0002423213716806,-0.0203106784281517,-1.08063516287759,1999,0.2935536108333333
3818,Ganga,1,20,5208.1,Baigul Dam,263.14,1968.0,12,8,Drying,Moderate Drying,-16.198188351526632,1210.634128378788,1014.5333320161292,-0.2339593114241001,0.0037059386960418,-5.986021223672141,-0.5360157129903366,1997,409.8060991666667
3819,Ganga,1,20,5208.1,Baigul Dam,286.21,1968.0,12,8,Drying,Moderate Drying,-16.48298677285591,1220.99180175,1019.7358845698924,-0.2378716744913928,0.0031697569802613,-5.992650777777778,-0.532738334584954,1997,412.6930475
3820,Rihand,99,0,0.0,,,,0,0,Drying,Severe Drying,-45.076111269997895,40.74844917168561,22.380632882258062,-0.3967136150234742,8.460085512140836e-07,-0.4124807118131869,-1.26470647300924,2015,7.256975233333333
3821,Sengur,99,0,0.0,,,,0,0,Drying,Severe Drying,-69.33132466918764,2.9780739726022727,0.9133358377688172,-0.528169014084507,5.459921403883072e-11,-0.0419554907869202,-2.0363529084928613,2007,0.2629894941666666
3822,Rihand,99,0,0.0,,,,0,0,Drying,Severe Drying,-62.11039327298455,2.839434556123106,1.0758505865860215,-0.4827856025039123,2.0484511864538035e-09,-0.0382206149856085,-1.8630117768992236,2017,0.1283376758333333
3823,Non,99,0,0.0,,,,0,0,Drying,Severe Drying,-47.71749080724192,8.945987223636363,4.677186592580646,-0.4248826291079812,1.3315257252344281e-07,-0.1055793409874349,-1.5034720497015033,2012,0.8056610033333333
3824,Yamuna,99,0,0.0,,,,0,0,Drying,Severe Drying,-58.59126308072376,10.256523520757575,4.247096841774193,-0.4107981220657277,3.406450872489586e-07,-0.123916420625,-1.6277464750772008,2007,1.2202064133333332
3825,Non,99,0,0.0,,,,0,0,Drying,Severe Drying,-52.41465898158102,22.01730723626894,10.477010731451614,-0.44679186228482,2.9114001653951505e-08,-0.2733233971212121,-1.6235069368757582,2012,1.91664455
3826,Sengur,99,0,0.0,,,,0,0,Drying,Severe Drying,-48.20109821983841,46.99427824335227,24.34252002956989,-0.4514866979655712,2.082334549236009e-08,-0.5418279520299145,-1.470655454227537,2007,7.524118108333333
3827,Ganga,1,20,5208.1,Nanak Sagar Dam,328.77,1962.0,12,8,Drying,Moderate Drying,-17.113624475207317,1247.7716194488637,1034.232670188172,-0.2402190923317683,0.0028830064731146,-6.199964595200123,-0.5407807976135827,1997,420.38535583333334
3828,Yamuna,99,285,14758.45,Keeratwari Dam,90.88,1988.0,198,61,Drying,Moderate Drying,-10.053921340045804,2008.3915878333332,1806.469477392473,-0.1752738654147105,0.0297820147381433,-9.308740891176472,-0.4880173756634526,2002,750.9178525000001
3829,Yamuna,99,285,14758.45,Keeratwari Dam,112.07,1988.0,198,61,Drying,Moderate Drying,-11.010636895321896,2058.827958376894,1832.1378875806452,-0.1838810641627543,0.0226121439825603,-9.8011039351852,-0.5034353384416315,2002,764.1038883333334
3830,East Bahgul,99,0,0.0,,,,0,0,Drying,Moderate Drying,-27.73613050575593,9.850440738929924,7.118309640188172,-0.1799687010954616,0.0256604420634742,-0.0586161065277778,-0.6828875620300738,2006,1.9667387333333333
3831,Afsarha,99,0,0.0,,,,0,0,Stable,Stable,-25.48621518366867,10.814398562992425,8.058217674408603,-0.1564945226917058,0.0524237495324275,-0.0549815859068627,-0.5766830780038436,2006,2.1371516583333334
3832,East Bahgul,99,0,0.0,,,,0,0,Drying,Severe Drying,-32.9979060375151,30.090117675378785,20.16100891827957,-0.2519561815336463,0.0017733303062426,-0.2162578785879629,-0.8472707626851268,2006,8.0022362
3833,Deoha,99,1,209.0,Nanak Sagar Dam,60.4,1962.0,1,0,Stable,Stable,-11.709531157840807,45.08390841757576,39.80479411424731,-0.1142410015649452,0.1571790903208918,-0.1487138860337116,-0.3506657173497385,1987,12.656539366666664
3834,Ramganga,99,10,926.78,Baigul Dam,81.72,1968.0,10,0,Drying,Moderate Drying,-21.4672246512822,334.499812575947,262.69198635215054,-0.2629107981220657,0.0011066942735853,-2.346754112037038,-0.7804750678174003,1997,89.68874108333334
3835,Ramganga,99,10,926.78,Baigul Dam,120.17,1968.0,10,0,Drying,Moderate Drying,-22.748112763726013,366.3697790619318,283.0275685887097,-0.2636932707355242,0.001069334664268,-2.606058342500001,-0.7963261565844377,1997,101.87060866666668
3836,Garra,2,0,0.0,,,,0,0,Drying,Moderate Drying,-26.825576135788825,4.493262815954545,3.28791917827957,-0.2785602503912363,0.0005475506067189,-0.0371744213504464,-0.9476803958633572,2015,0.7335059691666667
3838,Nandhaur,99,0,0.0,,,,0,0,Stable,Stable,-3.670138780557588,10.507682447446973,10.122035919005375,-0.0579029733959311,0.4748541917264841,-0.022850831359649,-0.2229851339912834,1970,1.895879275
3839,Deoha,99,1,209.0,Nanak Sagar Dam,6.63,1962.0,1,0,Stable,Stable,-7.0559454438042275,11.312973849708332,10.514736586801074,-0.0970266040688575,0.2298567173580998,-0.0405618035078704,-0.3734299140446656,1970,1.823956925
3840,Deoha,99,1,209.0,Nanak Sagar Dam,15.17,1962.0,1,0,Stable,Stable,-6.707647602882602,17.31472645439394,16.153315620430106,-0.0978090766823161,0.2261060646956731,-0.0474716260607448,-0.2848735311211179,1970,3.4918947583333337
3841,Ladhiya,99,0,0.0,,,,0,0,Drying,Moderate Drying,-16.408369693529004,14.504448365295454,12.124504855510752,-0.2339593114241001,0.0037059386960418,-0.1021853102619048,-0.7670437388366906,2022,3.144006
3842,Gaula,99,2,252.24,Dhora Dam,8.02,1960.0,2,0,Stable,Stable,-0.0828845665483359,21.32323477636364,21.305561105645165,-0.0508607198748043,0.5305931142576203,-0.0307267257077991,-0.1453444270021223,1997,5.043568633333334
3843,Khaimua,99,0,0.0,,,,0,0,Drying,Severe Drying,-36.79817945427376,3.81902122441856,2.4136909408602154,-0.3348982785602504,3.233493130805343e-05,-0.0348598936715618,-1.0975815489048524,2021,0.8068737166666667
3844,Khaimua,99,0,0.0,,,,0,0,Stable,Stable,-14.908869379749737,10.387967337784092,8.839238856182796,-0.1330203442879499,0.0993603128712026,-0.035817812310606,-0.3716869323464193,1987,3.141126666666666
3845,Katna,99,0,0.0,,,,0,0,Drying,Moderate Drying,-26.46463419946122,15.60746430712121,11.477005970430108,-0.230829420970266,0.0041928710163099,-0.0999686241240221,-0.7311327896607416,2022,4.378493
3846,Deoha,99,1,209.0,Nanak Sagar Dam,111.34,1962.0,1,0,Drying,Moderate Drying,-16.593583319618222,65.61135496895834,54.724080115053766,-0.1643192488262911,0.0416638200835364,-0.2734282992816089,-0.4532941338499801,1987,18.858453375
3847,Sharda,99,5,427.12,Sarda Sagar Dam,5.62,1962.0,1,4,Drying,Mild Drying,-6.736325261372292,302.0647744373106,281.7167087311828,-0.1964006259780907,0.014871849830208,-1.4942154052247036,-0.5139045983858115,1991,78.48893508333333
3848,Baur,99,0,0.0,,,,0,0,Stable,Stable,22.78762142658475,8.569266039443182,10.521997943548389,0.1025039123630672,0.2045175818967932,0.0429839113715277,0.4587242290221387,1977,1.3908366583333336
3849,Bhakra,99,2,131.69,Haripura Dam,22.43,1975.0,2,0,Stable,Stable,-1.4472356768630543,20.70206315157197,20.4024555077957,-0.0649452269170579,0.4224917781104891,-0.0413725309634809,-0.2027016306800431,1974,5.1793507750000005
3850,Baur,99,0,0.0,,,,0,0,Drying,Moderate Drying,-17.226209226858636,27.649726605113635,22.886726849462363,-0.2339593114241001,0.0037059386960418,-0.196837924417489,-0.777770621878604,2022,6.6959543
3851,Baur,99,2,252.24,Dhora Dam,41.05,1960.0,2,0,Stable,Stable,6.488110041763277,29.9891995636553,31.93493183198925,0.0054773082942097,0.9496102610505924,0.0056027137883771,0.0183017541533998,1997,8.670094508333333
3852,Baur,99,4,383.93,Dhora Dam,47.38,1960.0,4,0,Stable,Stable,3.226328703416869,51.49862115723485,53.160135953494624,-0.0203442879499217,0.8041935186327291,-0.0256645434276981,-0.0495121444910305,1974,14.728039625
3853,Gaula,99,4,383.93,Dhora Dam,56.58,1960.0,4,0,Stable,Stable,-3.971367291975387,79.67913156912878,76.51478059946237,-0.0735524256651017,0.3633220419285234,-0.2292111016414183,-0.2952055716813656,1974,21.946916916666662
3855,Dabka,99,0,0.0,,,,0,0,Drying,Severe Drying,-31.83425675980357,7.624626473060606,5.197383304650538,-0.3395931142410016,2.501090717843546e-05,-0.0776405298761887,-1.1931041965017664,1997,1.3094471691666667
3856,Baur,99,0,0.0,,,,0,0,Drying,Moderate Drying,-21.68618687150317,13.421902224791666,10.511203426612903,-0.2511737089201878,0.0018328536014384,-0.1098776477284946,-0.9125574902079556,1997,2.9856228333333337
3857,Kosi,99,0,0.0,,,,0,0,Drying,Moderate Drying,-21.32737957178151,38.890499790814395,30.596175283064515,-0.2683881064162754,0.0008686025351922,-0.3391970926026569,-0.971282262966116,1997,9.30887095
3858,Kosi,99,0,0.0,,,,0,0,Drying,Moderate Drying,-22.788990562754776,52.680089876893945,40.67482916639785,-0.2902973395931142,0.0003155547649595,-0.461910251686508,-0.9832859752600048,1997,12.560878325
3859,Ramganga,99,5,472.13,Tumaria Dam,88.35,1961.0,5,0,Drying,Moderate Drying,-28.77982385461829,225.71824353011365,160.7569306344086,-0.3677621283255086,5.001828726980406e-06,-2.122066470794753,-1.0844404424818923,1997,57.387984749999994
3860,Gaula,99,1,70.72,Baigul Dam,29.0,1968.0,1,0,Stable,Stable,6.535197661550499,12.882374203030304,13.724262820698923,0.0242566510172143,0.7668207233743265,0.0119121979166664,0.0904680146002172,1970,3.134666316666667
3861,Gaula,99,5,454.65,Baigul Dam,60.67,1968.0,5,0,Stable,Stable,-2.654543269277353,93.0231604588068,90.55382041397849,-0.0594679186228482,0.4629192952859549,-0.1918535677083334,-0.2103454864602167,1974,26.248956124999996
3862,Ramganga,99,0,0.0,,,,0,0,Stable,Stable,-7.270981895101658,4.370981163092803,4.053167914086021,0.001564945226917,0.9883642704729187,0.000238880676282,0.0056587190082327,2006,1.04409119
3863,Ramganga,99,10,926.78,Baigul Dam,62.64,1968.0,10,0,Drying,Moderate Drying,-21.170747178657333,319.2396931371212,251.6542648091398,-0.2699530516431925,0.0008098700573617,-2.3658081667361412,-0.8233910324560639,1997,85.20076625
3864,Ramganga,99,0,0.0,,,,0,0,Drying,Severe Drying,-45.36856196520699,3.057786779054924,1.670512889435484,-0.3145539906103286,9.477964913395807e-05,-0.0243426808369755,-1.0005765640265292,2005,0.6145641683333333
3865,Ramganga,99,0,0.0,,,,0,0,Drying,Severe Drying,-33.780776589532934,25.626732196041665,16.969823045698924,-0.3028169014084507,0.0001714521556526,-0.2137325027678144,-0.988205045913436,2021,5.254112016666666
3866,Ramganga,99,10,926.78,Baigul Dam,104.43,1968.0,10,0,Drying,Moderate Drying,-21.73275011441152,338.1208722475379,264.63790799731186,-0.2621283255086072,0.001145257675077,-2.4025925662140835,-0.7914892494793706,1997,90.918033
3867,Bahalla,99,0,0.0,,,,0,0,Drying,Severe Drying,-35.70991986232704,7.020189178346591,4.513285248575269,-0.3928012519561815,1.0835143919862844e-06,-0.0783509950034506,-1.3346036362110878,2006,1.4385154458333334
3869,Gangan,99,0,0.0,,,,0,0,Drying,Moderate Drying,-12.429205432933813,25.73751767776515,22.538548732258064,-0.2003129890453834,0.0129880329076426,-0.1452002166972167,-0.599723300444186,1987,7.119437566666666
3870,Ganga,1,0,0.0,,,,0,0,Drying,Moderate Drying,-18.425669541642435,24.19971822689394,19.74075811639785,-0.2222222222222222,0.0058454508313798,-0.1404896667074663,-0.6351930550815503,2007,6.4645991249999994
3872,Kosi,99,0,0.0,,,,0,0,Drying,Moderate Drying,-24.314931346972372,62.938426040378786,47.6349909577957,-0.3153364632237871,9.104183740804572e-05,-0.5623310097960373,-1.0093688844293782,1997,15.464421425
3873,Ramganga,99,5,472.13,Tumaria Dam,56.3,1961.0,5,0,Drying,Severe Drying,-35.59603400671392,124.37225339602271,80.10066378225807,-0.4107981220657277,3.406450872489586e-07,-1.333413295865633,-1.2799567795016953,1997,26.678377416666667
3874,Ramganga,99,5,472.13,Tumaria Dam,65.24,1961.0,5,0,Drying,Severe Drying,-31.56898200119111,151.07722637746213,103.38368397446236,-0.3865414710485133,1.6021709046132315e-06,-1.5085047493386243,-1.16713669369699,1997,37.25490033333333
3875,Ganga,1,9,4072.31,Koteshwar Hep Dam,197.84,2011.0,1,8,Stable,Stable,0.2235603338605367,477.64608263749994,478.7139098145161,-0.0492957746478873,0.5434157270143498,-0.4391520187991015,-0.0924287683906256,1997,154.13319616666666
3876,Ganga,1,9,4072.31,Srinagar Dam,261.56,2014.0,1,8,Stable,Stable,-0.7543382921433128,503.08642450227273,499.29145095967743,-0.0555555555555555,0.4930689350662878,-0.6255209142156875,-0.1255314394892073,1997,166.51783166666667
3877,Ganga,1,0,0.0,,,,0,0,Drying,Severe Drying,-48.40103386546628,3.3267767355132576,1.7165824011290325,-0.3794992175273865,2.470510877650156e-06,-0.0339260176800303,-1.3064073817407824,2017,0.2638086158333333
3878,Ganga,1,0,0.0,,,,0,0,Drying,Moderate Drying,-28.2816079635926,34.58455324587121,24.803485480913977,-0.2809076682316119,0.0004911922251926,-0.2731274430555555,-0.9091063291752468,2021,8.73304335
3879,Gangan,99,0,0.0,,,,0,0,Drying,Mild Drying,-7.41637606959973,9.216276257399622,8.532762550537635,-0.1705790297339593,0.0344604300214632,-0.0435796766919726,-0.4912903404320414,1987,2.43085855
3880,Gangan,99,0,0.0,,,,0,0,Drying,Moderate Drying,-14.16693761718348,13.106058402026516,11.249331284139783,-0.2120500782472613,0.0085401277215746,-0.0773941053252688,-0.6328299303877658,1987,3.570042825
3881,Khoh,99,0,0.0,,,,0,0,Drying,Severe Drying,-32.87232852082174,20.26191057731061,13.601348767741936,-0.3630672926447574,6.594417740757308e-06,-0.2035565062645687,-1.1812296467687438,1974,4.6227907833333335
3882,Ramganga,99,3,300.26,Ram Ganga Dam,12.51,1974.0,3,0,Drying,Severe Drying,-35.38153572904796,68.78580664323864,44.448331889247314,-0.3857589984350548,1.6817629808763002e-06,-0.7321126077884106,-1.2708546584934874,2008,10.664739141666669
3883,Ramganga,99,3,300.26,Pili Dam,32.18,1968.0,3,0,Drying,Severe Drying,-34.826782398301084,107.4005366716856,69.99638547043011,-0.4037558685446009,5.388239794346106e-07,-1.14428987345679,-1.2669876242017313,1997,22.59076575
3884,Dhela,99,2,171.87,Tumaria Dam,27.92,1961.0,2,0,Drying,Severe Drying,-41.11298090910553,16.306156520056817,9.60220950295699,-0.4233176838810641,1.4801795722441113e-07,-0.1923892544780701,-1.4496707011244014,2009,2.8031709666666664
3885,Gomti,99,0,0.0,,,,0,0,Drying,Mild Drying,-3.213728446718369,6.962762814905302,6.738998525645162,-0.1838810641627543,0.0226121439825603,-0.0574101472328042,-0.8456050668384045,1977,0.4629963683333333
3886,Kali Rau,99,0,0.0,,,,0,0,Drying,Moderate Drying,-11.815677729988847,7.83265882898106,6.90717710405914,-0.2073552425665101,0.0101229860915421,-0.0653869598461365,-0.8892537192743484,1977,1.4125715275
3887,Kosi,99,0,0.0,,,,0,0,Drying,Moderate Drying,-10.17610308557511,8.192120845642046,7.358482183494624,-0.2034428794992175,0.0116362624122536,-0.0706664610773807,-0.911914339235698,1977,0.7505176791666667
3888,Ramganga,99,0,0.0,,,,0,0,Drying,Moderate Drying,-25.715341655337316,36.1568580957197,26.85899850456989,-0.2942097026604069,0.0002614282568833,-0.3250300482371794,-1.0233472027188075,2008,4.983819058333333
3889,Bino,99,0,0.0,,,,0,0,Drying,Moderate Drying,-29.33621864108232,4.984971629068182,3.5225694527688174,-0.310641627543036,0.0001157443236667,-0.0463773566178451,-1.0785024912150871,2008,0.6483899241666666
3890,Ramganga,99,0,0.0,,,,0,0,Drying,Mild Drying,-6.859670623310567,9.66627976923485,9.003204815537634,-0.1666666666666666,0.0388256459148681,-0.0566159792658729,-0.6100884006378068,1973,1.0800965058333334
3891,Ramganga,99,0,0.0,,,,0,0,Drying,Moderate Drying,-16.945238804331517,16.78796834403409,13.943207017741935,-0.2331768388106416,0.0038225973447996,-0.1301648438811189,-0.8461109557952404,2008,2.6016089250000003
3892,Pindar,99,0,0.0,,,,0,0,Stable,Stable,25.472197494595783,35.089589601458336,44.02767916478495,-0.0046948356807511,0.9573544707267698,-0.00547683578125,-0.0141648698611729,2008,11.142654941666663
3893,Gagas,99,0,0.0,,,,0,0,Drying,Moderate Drying,-20.84314297283788,9.43337282628409,7.46716144094086,-0.2636932707355242,0.001069334664268,-0.0794543640491452,-0.9358832338240368,2008,1.68881262
3894,Mandal,99,0,0.0,,,,0,0,Drying,Severe Drying,-50.96555422154717,7.658489902102272,3.755298078494623,-0.4616588419405321,9.959900681977274e-09,-0.1121758721223958,-1.904323723066084,2009,0.5252719866666666
3895,Ramganga,99,0,0.0,,,,0,0,Drying,Severe Drying,-32.69917448171215,49.03768477248106,33.002766666935486,-0.3466353677621283,1.6910775457512628e-05,-0.4978200856319038,-1.1968457068212162,2008,5.995628183333333
3896,Palain,99,0,0.0,,,,0,0,Drying,Severe Drying,-45.49257030762598,6.08314104580303,3.315763828629032,-0.4491392801251956,2.46323537123061e-08,-0.0809114849137426,-1.6751498272810177,2009,0.8595771624999999
3897,Kali,99,0,0.0,,,,0,0,Drying,Moderate Drying,-21.960845070606247,2.0672282187386366,1.6132474323655914,-0.2777777777777778,0.000567637615072,-0.0164449161325463,-0.8879980112428316,2021,0.3422518675
3899,Kali,99,0,0.0,,,,0,0,Drying,Moderate Drying,-25.0831663778833,14.881760338087124,11.148943632526882,-0.2856025039123631,0.0003943308341316,-0.1149512424074073,-0.8739093013114589,2014,3.400853716666667
3900,Kali,99,0,0.0,,,,0,0,Drying,Severe Drying,-33.15644515866607,45.2538906661553,30.249309225268817,-0.3082942097026604,0.0001303473158864,-0.4167768021604938,-1.0836821635910543,2009,8.863478991666666
3901,Bagad,99,0,0.0,,,,0,0,Drying,Moderate Drying,-13.109870652183474,5.843852819195076,5.077731273494624,-0.2097026604068857,0.0093015553668744,-0.0310927420337301,-0.5682520401616254,2014,1.497399733333333
3902,Ganga,1,0,0.0,,,,0,0,Drying,Severe Drying,-33.0307247271746,2.387961728246212,1.5992006631989246,-0.3145539906103286,9.477964913395807e-05,-0.0199885684108187,-0.9879579202198736,2021,0.5422088833333333
3904,Rihand,99,0,0.0,,,,0,0,Drying,Moderate Drying,-28.8830440590952,3.3808006207424244,2.404322487903226,-0.2543035993740219,0.0016052596612825,-0.0248080880032467,-0.8415402195609706,2007,0.8041500083333334
3905,Ganga,1,0,0.0,,,,0,0,Drying,Severe Drying,-46.13406008814962,5.873914053270833,3.164039014408602,-0.4061032863849765,4.62831504011163e-07,-0.0613751322238186,-1.3220724592966695,2017,0.7712549583333334
3907,Rihand,99,0,0.0,,,,0,0,Drying,Moderate Drying,-29.611901973146477,6.941863454818181,4.886245653467742,-0.2699530516431925,0.0008098700573617,-0.0511112390718006,-0.8479831427806207,2007,1.8920918416666668
3908,Ganga,1,9,4072.31,Srinagar Dam,269.85,2014.0,1,8,Stable,Stable,-1.0218364491088692,507.0712496231061,501.8898107715054,-0.0579029733959311,0.4748541917264841,-0.6553506473544977,-0.1306396988115479,1997,168.63862533333335
3909,Ganga,1,9,4072.31,Srinagar Dam,283.1,2014.0,1,8,Stable,Stable,-1.7556708793809168,517.4916326202651,508.40618272311826,-0.0633802816901408,0.4338263387916083,-0.8018452901785754,-0.1571391545135187,1997,173.43270291666667
3910,Ganga,1,9,4072.31,Srinagar Dam,299.41,2014.0,1,8,Stable,Stable,-2.4286359300226414,525.8014388003787,513.0316361370967,-0.0719874804381846,0.3736762927138684,-0.8558035538194442,-0.165560804142926,1997,177.308119
3911,Ganga,1,0,0.0,,,,0,0,Drying,Moderate Drying,-10.847533794231282,5.97467761342803,5.326572440215053,-0.1729264475743349,0.0320481165907566,-0.028484558665717,-0.5031672982101932,2007,1.324595929166667
3913,Ganga,1,0,0.0,,,,0,0,Drying,Moderate Drying,-12.047877857085586,12.025972346534092,10.577097887096777,-0.1838810641627543,0.0226121439825603,-0.0596361335526315,-0.5266342386712817,2007,2.9046149833333335
3914,Saswa,99,0,0.0,,,,0,0,Drying,Moderate Drying,-14.180480363721117,7.9315441919791665,6.806813125295698,-0.190923317683881,0.0179122373108715,-0.0429718335784313,-0.5825885886468671,1997,1.4609822041666665
3915,Song,99,0,0.0,,,,0,0,Drying,Moderate Drying,-15.804871730399537,11.200175920151516,9.430002482392473,-0.215962441314554,0.0073942322262403,-0.0684311136376761,-0.6627536659066599,1997,1.7252233175
3916,Song,99,0,0.0,,,,0,0,Drying,Moderate Drying,-13.765240280640374,25.24788713534091,21.772454805376345,-0.1932707355242566,0.0165482115872315,-0.1378432464409721,-0.5860983261691732,1997,4.3216408416666665
3917,Ganga,1,9,4072.31,Koteshwar Hep Dam,26.02,2011.0,1,8,Stable,Stable,6.8584359327449125,340.6600240931818,364.0239735940861,0.0406885758998435,0.6165763246166498,0.331969379173344,0.095182762083815,2009,100.49504775
3918,Ganga,1,9,4072.31,Koteshwar Hep Dam,50.3,2011.0,1,8,Stable,Stable,4.681374568518739,377.0916273291666,394.74469887096774,0.0164319248826291,0.8420193729632897,0.1401814080882368,0.0366556705566548,2009,114.86713025
3919,Ganga,1,0,0.0,,,,0,0,Drying,Moderate Drying,-26.399558571944503,5.407373826498106,3.979851005967742,-0.3075117370892019,0.0001355891299605,-0.0487364447625517,-1.028380208163448,1973,0.7071784041666667
3920,Ganga,1,0,0.0,,,,0,0,Drying,Moderate Drying,-25.97916635180695,8.230972955337121,6.0926347988978495,-0.3004694835680751,0.0001925644429383,-0.0706542341809117,-0.975473210857866,1997,1.641882575
3921,Banganga,99,0,0.0,,,,0,0,Drying,Moderate Drying,-16.29006435477319,7.364982678214015,6.165222260215054,-0.1987480438184663,0.0137146275540558,-0.0381404617324561,-0.5613825568898814,1987,1.7608453083333335
3922,Malin,99,0,0.0,,,,0,0,Drying,Moderate Drying,-18.643169229127153,10.630252782367425,8.648436766666668,-0.2895148669796557,0.0003275689414186,-0.0711043270199458,-0.7331411561133776,2012,2.4443301
3923,Banganga,99,0,0.0,,,,0,0,Stable,Stable,-10.263220803717276,37.741115010303034,33.86766104301075,-0.1486697965571205,0.0654148135012158,-0.158188651377765,-0.4423950525055979,1987,10.476145983333334
3924,Ganga,1,9,4072.31,Koteshwar Hep Dam,82.08,2011.0,1,8,Stable,Stable,3.804254470844304,390.3085253998106,405.1568549274194,0.0054773082942097,0.9496102610505924,0.0576072045855383,0.0146082779871245,2009,120.24066683333332
3925,Ganga,1,9,4072.31,Koteshwar Hep Dam,101.6,2011.0,1,8,Stable,Stable,2.5253865670140216,429.18347062897726,440.022012344086,-0.014866979655712,0.8572576562971361,-0.1459357548363089,-0.0338461093008364,1997,135.64222333333333
3926,Solani,99,0,0.0,,,,0,0,Stable,Stable,-7.126511230028759,7.451358432208333,6.920336536747311,-0.1298904538341158,0.1076004272446888,-0.0264905355615941,-0.3702767297029317,1972,1.9883683833333337
3927,Solani,99,0,0.0,,,,0,0,Stable,Stable,-7.336394176019913,25.60216362731061,23.723887986021506,-0.1267605633802817,0.1163725878670813,-0.0942567636172839,-0.3837756790730277,1987,7.559075941666666
3928,Ganga,1,9,4072.31,Koteshwar Hep Dam,113.65,2011.0,1,8,Stable,Stable,1.859409559076507,444.6323756738637,452.8999125698925,-0.0242566510172143,0.7668207233743265,-0.2772991293195097,-0.0622560675749321,1997,140.51660908333335
3929,Ganga,1,0,0.0,,,,0,0,Drying,Moderate Drying,-12.826895175079164,6.1505844182405305,5.361655402258065,-0.2018779342723004,0.0122956999231143,-0.0332623176274875,-0.576043512110942,2012,1.45293395
3930,Gomti,99,0,0.0,,,,0,0,Stable,Stable,-14.616762987059364,7.465606301799243,6.3743763231182795,-0.1455399061032863,0.0713061686235174,-0.0301373773302469,-0.4338155422387392,2007,2.2120625083333336
3931,Gomti,99,0,0.0,,,,0,0,Drying,Severe Drying,-33.91389630935407,375.27506434450754,248.0046681478495,-0.2809076682316119,0.0004911922251926,-2.461037255208336,-0.7742588224137187,2007,122.94457966666666
3932,Gomti,99,0,0.0,,,,0,0,Drying,Severe Drying,-33.533042383836765,383.2010451685606,254.7020762768817,-0.2809076682316119,0.0004911922251926,-2.5187819222830257,-0.774510101328941,2007,125.27364008333332
3933,Ganga,1,553,27367.98,Jirgo Dam,43.64,1958.0,419,94,Drying,Moderate Drying,-10.68684234778274,4886.624631670455,4364.398761155914,-0.1729264475743349,0.0320481165907566,-18.195153530687485,-0.3923158340834485,2007,2160.840840833333
3934,Ganga,1,553,27367.98,Jirgo Dam,62.75,1958.0,419,94,Drying,Moderate Drying,-12.366813224308087,5275.446695708333,4623.042056102151,-0.1924882629107981,0.0169923916291623,-20.79962810882506,-0.4186722997380027,2007,2289.054555
3935,Ganga,1,0,0.0,,,,0,0,Drying,Moderate Drying,-28.205223226648673,4.605632377024621,3.3066034840860214,-0.1846635367762128,0.0220417662070178,-0.0228613616696375,-0.5679659934109434,2015,1.274776095
3936,Ganga,1,0,0.0,,,,0,0,Drying,Moderate Drying,-25.44745428864386,18.874066704223488,14.071097207258063,-0.2347417840375587,0.0035925256892277,-0.1105196216002747,-0.6630632669143796,2015,4.016899925
3937,Ganga,1,553,27367.98,Jirgo Dam,73.11,1958.0,419,94,Drying,Moderate Drying,-12.38537925216274,5281.119334982955,4627.032676586021,-0.1932707355242566,0.0165482115872315,-20.935158248491675,-0.4209798225951071,2007,2292.545255
3938,Ganga,1,553,27367.98,Jirgo Dam,87.67,1958.0,419,94,Drying,Moderate Drying,-12.44398645842421,5302.479678994318,4642.63982577957,-0.1948356807511737,0.0156903461366171,-21.24104916666662,-0.4255266254378943,2007,2300.9637141666667
3939,Karmanasa,99,2,173.5,Chandraprabha Dam,50.34,1968.0,2,0,Stable,Stable,-6.059499558659725,39.765356202973486,37.35577461935484,0.0062597809076682,0.9418708081099778,0.0109205061868686,0.0279984252315609,2015,11.528139
3941,Tamasa,99,0,0.0,,,,0,0,Drying,Moderate Drying,-26.12372033383651,3.4211820836856064,2.527442044032258,-0.2089201877934272,0.0095685063031556,-0.0226144567448205,-0.7471255597181625,2015,0.4669215625
3943,Ganga,1,0,0.0,,,,0,0,Drying,Severe Drying,-33.102412948590285,4.18838234375947,2.8019267244623656,-0.3012519561815336,0.0001852695222248,-0.0353661040109767,-0.9925327501392354,2015,0.7101079416666667
3944,Tamasa,99,0,0.0,,,,0,0,Drying,Severe Drying,-34.19735756292793,7.089935062992424,4.665364618521505,-0.3051643192488263,0.0001525314086863,-0.0590220234856965,-0.9825894891853846,1998,1.448040525
3945,Tamasa,99,0,0.0,,,,0,0,Drying,Moderate Drying,-26.24615078501647,8.950595087462123,6.601408404650537,-0.2003129890453834,0.0129880329076426,-0.0550392081235945,-0.6976712592025665,2015,1.173455325
3946,Gomti,99,0,0.0,,,,0,0,Drying,Severe Drying,-30.368330377013308,9.88416093943182,6.882506290349462,-0.2355242566510172,0.0034822784468204,-0.069721444257703,-0.8192889432520324,2015,1.5327933416666666
3947,Ganga,1,1,0.89,Gointha Dam,5.46,1992.0,0,1,Drying,Severe Drying,-35.78225121767616,11.697033373409091,7.51157150672043,-0.3317683881064163,3.8304393702892625e-05,-0.0920027697172619,-0.93671502735756,2015,2.647915691666667
3949,Varuna,99,0,0.0,,,,0,0,Drying,Severe Drying,-30.864653713567975,11.82907485376894,8.17807186263441,-0.2276995305164319,0.0047371509996336,-0.0851786291428571,-0.8394269442869319,2009,2.4498272166666664
3950,Tamasa,99,0,0.0,,,,0,0,Drying,Moderate Drying,-29.120739150576583,15.116998480719698,10.714816785752689,-0.1917057902973395,0.0174469999202655,-0.0846574984396086,-0.6451517514377357,1973,3.4009460583333335
3952,Tamasa,2,0,0.0,,,,0,0,Drying,Severe Drying,-34.745492302007705,32.989838883049245,21.527356953494625,-0.2112676056338028,0.0087875073390921,-0.2160805616927084,-0.777783234446668,1973,7.173947600000001
3953,Tamasa,2,0,0.0,,,,0,0,Drying,Severe Drying,-32.85651027891818,49.141351025284095,32.99521797446236,-0.2081377151799687,0.0098422674777653,-0.3132011624950864,-0.7490359935999039,1973,11.064171091666664
3954,Tamasa,2,0,0.0,,,,0,0,Drying,Severe Drying,-31.757190111210814,58.828773231988635,40.146407876612905,-0.2128325508607198,0.0082989932510908,-0.3673679989727891,-0.7295006833108895,2015,12.973102091666668
3955,Tamasa,2,0,0.0,,,,0,0,Drying,Severe Drying,-30.93576940141563,69.24771982320075,47.82540490295699,-0.2073552425665101,0.0101229860915421,-0.4411401867784993,-0.7405800492217605,2015,14.618472083333335
3956,Sai,99,0,0.0,,,,0,0,Drying,Severe Drying,-41.39484914257795,130.72340722140152,76.61065000806451,-0.3325508607198748,3.672089660122779e-05,-1.0796528700396826,-1.013975542136179,2015,23.216741666666667
3957,Gomti,99,0,0.0,,,,0,0,Drying,Severe Drying,-30.4774119653031,225.9902197659091,157.11424948655915,-0.2425665101721439,0.0026201255390012,-1.3567549257168456,-0.696454858020783,2017,84.61096983333333
3958,Gomti,99,0,0.0,,,,0,0,Drying,Severe Drying,-30.176009190134153,240.81697253125003,168.1480207688172,-0.2488262910798122,0.0020226113638228,-1.4224177725202454,-0.6842502171997001,2007,90.78598333333332
3959,Ganga,1,554,27368.87,Gointha Dam,27.95,1992.0,419,95,Drying,Moderate Drying,-12.49787685714975,5314.891092087121,4650.642548306451,-0.1971830985915492,0.0144768911150616,-21.50511860974276,-0.4299139455926111,2007,2305.7990083333334
3960,Ganga,1,0,0.0,,,,0,0,Drying,Severe Drying,-32.78891774684879,2.963724070123106,1.9919510225268815,-0.2668231611893584,0.0009312636915865,-0.0215314992093023,-0.8483874766114308,2006,0.7244686766666666
3961,Ganga,1,554,27368.87,Gointha Dam,36.8,1992.0,419,95,Drying,Moderate Drying,-12.509391378723764,5318.202910471591,4652.928094086022,-0.1971830985915492,0.0144768911150616,-21.401824621126927,-0.4276039955260911,2007,2308.113746666667
3962,Karmanasa,2,4,489.53,Kohira Dam,62.57,1962.0,3,1,Stable,Stable,-11.179298453725709,98.4445239532197,87.43911680913978,-0.0359937402190923,0.6582189629917612,-0.0976125815400379,-0.1040612754864855,2010,33.06060791666667
3964,Son,99,8,178.32,Rajban Dam,5.41,1970.0,5,1,Stable,Stable,10.635575144830456,5.519706540454545,6.10675907733871,0.056338028169014,0.4868702767018495,0.0100473188792516,0.1702254837869075,2015,1.380334775
3967,Karmanasa,99,2,316.03,Durgawati Dam,14.66,2014.0,1,1,Stable,Stable,-16.09489688761282,13.628772517310605,11.435235633602147,-0.1298904538341158,0.1076004272446888,-0.042594009775171,-0.337360920109666,2005,4.321113433333333
3969,Karmanasa,99,2,316.03,Kohira Dam,23.78,1962.0,1,1,Stable,Stable,-15.517668095988046,24.026143489848486,20.29784628682796,-0.1173708920187793,0.1460814066032256,-0.071504740269151,-0.3202126621584752,2010,8.242637266666668
3970,Karmanasa,99,2,173.5,Ahraura Dam,21.3,1954.0,2,0,Stable,Stable,-1.097147732646317,7.839670487973485,7.753657720967742,0.0336463223787167,0.6794556908944689,0.0086593230477855,0.1099722760754955,2015,2.115960441666666
3971,Karmanasa,99,2,173.5,Chandraprabha Dam,32.82,1968.0,2,0,Stable,Stable,1.4515710109847355,14.07894441878788,14.283310294623655,0.0461658841940532,0.5695150128741793,0.0223331295386904,0.1557194473651763,2015,3.5807999583333334
3972,Ganga,1,553,27367.98,Jirgo Dam,21.24,1958.0,419,94,Drying,Moderate Drying,-10.549280489114558,4846.367734352273,4335.1108085215055,-0.1721439749608763,0.0328356213281932,-18.08438467261904,-0.3929255986266606,2007,2150.3794725
3973,Belan,99,7,35.66,Lali Dam,8.49,1970.0,5,2,Stable,Stable,22.08727527544889,16.46432443100379,20.10084509032258,0.0735524256651017,0.3632275290855857,0.0625192259176587,0.3391726337087234,2015,4.481288916666666
3974,Sai,99,0,0.0,,,,0,0,Drying,Severe Drying,-46.5579099856226,3.3185276569526514,1.7734905375806451,-0.3262910798122065,5.134498404757437e-05,-0.0287136945628205,-1.097672280504357,2015,0.5311737291666666
3975,Sai,99,0,0.0,,,,0,0,Drying,Severe Drying,-60.374838710805136,4.472039710219697,1.772052948091398,-0.3607198748043818,7.562535996985531e-06,-0.0452785944405864,-1.3764719314103897,2015,0.3656447725
3976,Ganga,1,0,0.0,,,,0,0,Drying,Severe Drying,-48.60523183013547,12.176111446174245,6.257884249865591,-0.2480438184663536,0.0020897650030546,-0.0951292068830128,-0.9809183709231716,2015,1.3719500175
3977,Sai,99,0,0.0,,,,0,0,Drying,Severe Drying,-42.71657512810396,38.332107093200754,21.957943768548382,-0.3435054773082942,2.014174430287063e-05,-0.3516737729166665,-1.1377738000224558,2015,8.437995608333333
3978,Sai,99,0,0.0,,,,0,0,Drying,Severe Drying,-44.244655623071274,46.64210634674242,26.005467018279568,-0.3513302034428795,1.29742670098576e-05,-0.4264289350446429,-1.142695568582835,2015,9.462627458333332
3979,Sai,99,0,0.0,,,,0,0,Drying,Severe Drying,-47.95507329423002,69.12494244346591,35.97602563010752,-0.3568075117370892,9.484845781004836e-06,-0.6160068056891015,-1.1353236456058664,2015,11.897099358333334
3980,Kadhu,99,0,0.0,,,,0,0,Drying,Severe Drying,-42.64818352073503,5.089464917147728,2.91890057905914,-0.2715179968701095,0.0007548407512556,-0.0382798792857142,-0.9305844981895895,2007,0.8275207541666667
3981,Sai,99,0,0.0,,,,0,0,Drying,Severe Drying,-41.06777283529803,5.80171961899053,3.4190825853225806,-0.3004694835680751,0.0001925644429383,-0.046547746114341,-0.986409795371145,2015,0.8470788408333334
3982,Kadhu,99,0,0.0,,,,0,0,Drying,Severe Drying,-43.98300940459394,12.812896211136366,7.177398865591397,-0.2730829420970266,0.0007033006170711,-0.0945933736607142,-0.9187823944690464,2015,1.9700688
3983,Sai,99,0,0.0,,,,0,0,Drying,Severe Drying,-46.74739148896858,79.9995977284091,42.60187258870968,-0.3536776212832551,1.1350394938602903e-05,-0.7025622938596492,-1.1113124042796745,2015,13.739727416666668
3984,Ganga,1,20,5208.1,Nanak Sagar Dam,374.55,1962.0,12,8,Drying,Moderate Drying,-17.44764617121636,1272.8213496117426,1050.743984139785,-0.2425665101721439,0.0026201255390012,-6.574598321180554,-0.5628031256398405,1997,426.9535608333333
3986,Sai,99,0,0.0,,,,0,0,Drying,Severe Drying,-33.9437155777927,7.078724376666666,4.6759423077150535,-0.2527386541471048,0.0017155887229374,-0.0509299909141414,-0.8504969949872161,2015,1.254423825
3987,Sai,99,0,0.0,,,,0,0,Drying,Severe Drying,-38.44015930818264,8.104144224753787,4.988898274193549,-0.2464788732394366,0.002230245756853,-0.0626032054878746,-0.9271714922421956,2005,0.9814558666666668
3988,Sai,99,0,0.0,,,,0,0,Drying,Severe Drying,-33.31281526881924,17.784945258977274,11.860279299193548,-0.2472613458528951,0.0021589580682042,-0.1158961560416666,-0.7670640784276302,2015,2.958525058333333
3989,Sai,99,0,0.0,,,,0,0,Drying,Severe Drying,-45.93449657796806,88.49234430198864,47.843831436827955,-0.3489827856025039,1.4818365223767673e-05,-0.7474416049603174,-1.063197740106419,2015,15.300585
3990,Sai,99,0,0.0,,,,0,0,Drying,Severe Drying,-45.5708660675026,91.86862260284092,50.00329563844086,-0.3513302034428795,1.29742670098576e-05,-0.773140387254902,-1.0569918028290144,2015,16.062612833333333
3991,Sai,99,0,0.0,,,,0,0,Drying,Moderate Drying,-27.27213104265413,4.855516009535984,3.53131332061828,-0.1807511737089202,0.0250238140282939,-0.0271797543055555,-0.6358380508941158,2005,0.8508761133333334
3992,Sai,99,0,0.0,,,,0,0,Drying,Severe Drying,-36.26048117038359,2.9649751750587123,1.88986091,-0.2269170579029734,0.0048828550685269,-0.0198118608369565,-0.7941638882650325,2005,0.3751662074999999
3993,Sai,99,0,0.0,,,,0,0,Drying,Severe Drying,-43.542352082583555,110.21605572708332,62.22539269086021,-0.3427230046948357,2.1036920222039512e-05,-0.9221205976037852,-1.0392596698064225,2015,19.14386383333333
3994,Kadhu,99,0,0.0,,,,0,0,Drying,Severe Drying,-43.167198838955315,18.6684570550947,10.609807077956988,-0.2801251956181533,0.00050934779772,-0.1372418732749117,-0.9112207323933256,2015,2.978491808333333
3995,Ganga,1,0,0.0,,,,0,0,Stable,Stable,-24.95988868150625,3.5234057289545455,2.6439675812096772,-0.1541471048513302,0.0560727120207502,-0.0221731512438725,-0.7015872763883461,2005,0.5436618283333333
3996,Varuna,2,0,0.0,,,,0,0,Drying,Moderate Drying,-28.54368452026285,17.103262175454546,12.221360977419357,-0.1917057902973395,0.0174469999202655,-0.0937380665476697,-0.6284907182543239,1998,4.042426666666667
3997,Varuna,2,0,0.0,,,,0,0,Drying,Moderate Drying,-27.14065121668258,36.115315748030305,26.31338386505376,-0.1940532081377151,0.0161142616026639,-0.2046325774801589,-0.6457957739581491,2009,8.774220891666667
3999,Gomti,99,0,0.0,,,,0,0,Drying,Severe Drying,-35.310656975834384,9.610274257670454,6.216823280107526,-0.1870109546165884,0.0204050771252752,-0.0498566157163742,-0.6159747318795783,2007,2.338055025
4000,Gomti,99,0,0.0,,,,0,0,Drying,Severe Drying,-37.21757685414756,24.61499976435606,15.453893309408604,-0.2245696400625978,0.0053446133501922,-0.1451471913249558,-0.707425207133059,2007,6.157335433333333
4001,Gomti,99,0,0.0,,,,0,0,Drying,Severe Drying,-39.03190856346925,30.542630119867425,18.62125865860215,-0.2331768388106416,0.0038225973447996,-0.1865026874407182,-0.7394542165954795,2007,6.9864216
4002,Gomti,99,0,0.0,,,,0,0,Drying,Moderate Drying,-26.021570671070016,148.20116794886366,109.63689629569892,-0.2214397496087637,0.0060215680573103,-0.8103640396959457,-0.6204466961417904,1987,43.72457666666667
4003,Gomti,99,0,0.0,,,,0,0,Drying,Moderate Drying,-29.08769280399085,187.94084733371213,133.27319100806452,-0.2370892018779342,0.0032709699188853,-1.0647099909867173,-0.6526323962458763,1987,63.470795083333336
4004,Tamasa,99,0,0.0,,,,0,0,Drying,Severe Drying,-38.51436971456759,9.868232408255682,6.067544894247312,-0.2378716744913928,0.0031697569802613,-0.0669065997113997,-0.8208371912627037,1973,1.7935990166666669
4005,Tamasa,2,0,0.0,,,,0,0,Drying,Severe Drying,-40.32216935076761,15.482933642689394,9.239878918817205,-0.2331768388106416,0.0038225973447996,-0.102859116875653,-0.8124855343211517,2015,2.9620953666666665
4006,Sai,99,0,0.0,,,,0,0,Drying,Severe Drying,-34.53546616029299,3.150505436717803,2.0624636977419355,-0.3169014084507042,8.39799529983587e-05,-0.028872599641644,-1.085955992934965,1993,0.7846348983333334
4007,Sai,99,0,0.0,,,,0,0,Drying,Moderate Drying,-29.42405013496634,3.2507904059924244,2.2942762071505376,-0.2879499217527386,0.0003528923704996,-0.026799496857493,-0.950661777545162,1993,0.9034547525
4009,Sai,99,0,0.0,,,,0,0,Drying,Severe Drying,-47.1656363030648,3.642820059496212,1.92466079905914,-0.3333333333333333,3.51996815266542e-05,-0.031155505923913,-1.0871543317194678,2016,0.5592107566666666
4011,Gomti,99,0,0.0,,,,0,0,Drying,Moderate Drying,-28.875737202367525,9.420457512689394,6.700230958064516,-0.2269170579029734,0.0048828550685269,-0.0627084726149425,-0.7676755849823194,2015,2.0945710666666666
4012,Gomti,99,0,0.0,,,,0,0,Stable,Stable,-21.745198923534353,20.926342725018937,16.37586787204301,-0.1400625978090766,0.0826584385801731,-0.0856733527314814,-0.4548401465594128,1966,5.058871183333333
4013,Gomti,99,0,0.0,,,,0,0,Drying,Severe Drying,-30.61380764402059,22.43962879005682,15.57000399623656,-0.1917057902973395,0.0174469999202655,-0.1164208347919937,-0.6017271924129716,1966,5.0251780083333335
4014,Gomti,99,0,0.0,,,,0,0,Drying,Severe Drying,-30.980742369605892,29.39416968464015,20.28763770295699,-0.2230046948356807,0.0056739905461642,-0.1662512483409612,-0.6577619605002685,1966,7.377269683333334
4015,Gomti,99,0,0.0,,,,0,0,Stable,Stable,-16.99705587540525,32.08989460153409,26.63555728575269,-0.1447574334898278,0.0728450690975885,-0.1304788300595238,-0.4417772820743057,1987,9.72797145
4016,Gomti,99,0,0.0,,,,0,0,Drying,Moderate Drying,-28.54683586455,34.9948211164394,25.00490697123656,-0.2128325508607198,0.0082989932510908,-0.1939784373809523,-0.6368112528035577,1966,9.9657529
4017,Gomti,99,0,0.0,,,,0,0,Drying,Moderate Drying,-18.28893552458972,67.63099074329546,55.26200245161291,-0.1690140845070422,0.0361534399785727,-0.2822507339285715,-0.456178006631468,1987,19.854410666666663
4018,Gomti,99,0,0.0,,,,0,0,Drying,Moderate Drying,-21.92564864485263,110.26455278674244,86.08833436290323,-0.1932707355242566,0.0165482115872315,-0.5196632568473192,-0.5241602297903857,1987,32.305687666666664
4019,Gomti,99,0,0.0,,,,0,0,Drying,Moderate Drying,-23.722935031454167,128.70543577689392,98.1727288655914,-0.2034428794992175,0.0116362624122536,-0.6574491347517727,-0.573243460505441,1987,37.45185566666667
4021,Gomti,99,0,0.0,,,,0,0,Drying,Moderate Drying,-29.90944363364516,14.420415080435609,10.107349160215051,-0.1588419405320813,0.0489754799236963,-0.0620625568888889,-0.4969602943024017,1966,2.9047272166666667
4023,Gomti,99,0,0.0,,,,0,0,Stable,Stable,-28.31495892353261,7.346387809829546,5.266261119112903,-0.136150234741784,0.0916316716494531,-0.0295541604761904,-0.4607799862530912,1966,1.4529189416666668
4025,Ghaghara,99,0,0.0,,,,0,0,Drying,Severe Drying,-31.909317946675746,3.887864215498106,2.6472732616397847,-0.230829420970266,0.0041928710163099,-0.026480874265873,-0.7982947880329118,2020,0.5602954175
4029,Ghaghara,99,0,0.0,,,,0,0,Drying,Moderate Drying,-26.31691820327473,32.97470283092803,24.296777259139784,-0.176056338028169,0.0290579142585056,-0.1536398104317852,-0.529307057126364,1966,8.816529733333333
4030,Ghaghara,99,0,0.0,,,,0,0,Stable,Stable,-17.426733563561672,39.246652763143935,32.407243153494626,-0.0352112676056338,0.6652683394768646,-0.0328820442212301,-0.0910103107734248,1966,12.791032025
4031,Ghaghara,99,0,0.0,,,,0,0,Drying,Moderate Drying,-25.90843158438041,38.05690296409091,28.196956296505377,-0.1705790297339593,0.0344604300214632,-0.1707708557643744,-0.5087765327084136,1966,10.587224466666669
4032,Ghaghara,99,5,427.12,Sarda Sagar Dam,186.62,1962.0,1,4,Drying,Moderate Drying,-16.59818472158226,934.6513049988636,779.5161548924731,-0.1737089201877934,0.0312768559508613,-3.0188895249999987,-0.3495637627120352,2014,340.0822591666667
4033,Ghaghara,99,5,427.12,Sarda Sagar Dam,214.63,1962.0,1,4,Drying,Moderate Drying,-16.966921446529366,976.171038876894,810.5448655268817,-0.1854460093896713,0.0214839452766919,-3.181591253156565,-0.3533622190532128,2014,369.4312425
4034,Ghaghara,99,5,427.12,Sarda Sagar Dam,241.51,1962.0,1,4,Drying,Moderate Drying,-17.27079948117181,997.6986733390152,825.3881360403225,-0.1862284820031298,0.0209384563185162,-3.391155252039627,-0.3690453999083959,2014,384.40465
4035,Ganga,1,1,0.56,Vijai Pur Dam,7.41,1983.0,1,0,Stable,Stable,20.88255148358447,5.020803281070076,6.069275111129032,0.0821596244131455,0.3095337840955701,0.0162942492559523,0.2902014886823493,1998,0.84428277
4036,Belan,99,21,726.35,Banjari Kalan Dam,14.46,,17,2,Stable,Stable,18.55538206856724,40.846070537746215,48.4252149860215,0.1181533646322378,0.1433619959564109,0.2437640483302696,0.5436128577637341,2015,11.953454391666666
4037,Ganga,1,543,26851.84,Berbeta Dam,15.07,1979.0,410,94,Drying,Moderate Drying,-10.629399059669542,4813.71755064394,4302.048302580645,-0.1737089201877934,0.0312768559508613,-18.518212209935903,-0.4052706691607665,2007,2141.046
4038,Ganga,1,550,27211.86,Bhonka Dam,14.39,1951.0,416,94,Drying,Moderate Drying,-10.563652950497856,4834.8675263409095,4324.128900241935,-0.1737089201877934,0.0312768559508613,-18.265430633699616,-0.3978414636268709,2007,2146.5012391666664
4039,Ganga,1,3,156.12,Jirgo Dam,6.3,1958.0,3,0,Stable,Stable,8.563559102475649,5.215534039382576,5.662169379354839,0.0461658841940532,0.5695150128741793,0.010057311395202,0.183277776749624,1998,1.3310186358333334
4040,Ganga,1,0,0.0,,,,0,0,Stable,Stable,-19.83218095504383,4.37314532075,3.505855227311828,-0.1118935837245696,0.1659132551678417,-0.0179260430113636,-0.4478670413084764,2005,0.7269378016666667
4041,Varuna,2,0,0.0,,,,0,0,Stable,Stable,-23.941846916934008,5.8125179929223485,4.420893833037635,-0.1478873239436619,0.0668486627705615,-0.0259471039814814,-0.4997146505767448,2007,1.3581374916666666
4042,Ganga,1,20,5208.1,Nanak Sagar Dam,423.61,1962.0,12,8,Drying,Moderate Drying,-17.43181424318068,1283.2349940397728,1059.543853575269,-0.2433489827856025,0.0025374915777234,-6.680020600749565,-0.567076467051043,1997,430.4362708333333
4043,Ganga,1,20,5208.1,Nanak Sagar Dam,438.36,1962.0,12,8,Drying,Moderate Drying,-17.424583397876173,1288.0843208636363,1063.640994139785,-0.2449139280125195,0.002379332161984,-6.650493151999912,-0.5623988711276551,1997,432.1053641666667
4044,Yamuna,2,473,20725.69,Garhwa Dam,40.05,1975.0,355,82,Drying,Mild Drying,-9.92477166106321,3284.84942664394,2958.8356216397847,-0.1885758998435054,0.0193737725524369,-14.445832745840754,-0.4622700457847434,2007,1133.7411616666666
4045,Ganga,1,493,25933.78,Garhwa Dam,56.52,1975.0,367,90,Drying,Moderate Drying,-12.027053725301863,4578.590183395833,4027.920682177419,-0.2050078247261345,0.0110083948201196,-19.69881128472222,-0.4567111506297382,1979,2047.7332
4046,Gomti,99,0,0.0,,,,0,0,Stable,Stable,-8.884003452998712,4.748726518583333,4.326849490698924,-0.0633802816901408,0.4338263387916083,-0.0089096629591049,-0.1967368608359387,1965,1.3937305541666667
4047,Gomti,99,0,0.0,,,,0,0,Stable,Stable,-6.861509654604432,7.354278084706439,6.849663583897849,-0.0477308294209702,0.5563907438061542,-0.009793381764763,-0.1383818660899539,1987,2.129708716666667
4048,Gomti,99,0,0.0,,,,0,0,Stable,Stable,-12.63349599882891,20.969247850549245,18.32009876236559,-0.1009389671361502,0.2115405604429467,-0.0621836611426052,-0.3159378870063717,1987,6.504517133333334
4049,Gomti,99,0,0.0,,,,0,0,Drying,Moderate Drying,-18.643291700334068,3.154543151888258,2.5664324702688175,-0.1971830985915492,0.0144768911150616,-0.0172802512896825,-0.5980070301722705,1966,0.9248841075
4050,Sharda,99,5,427.12,Sarda Sagar Dam,70.04,1962.0,1,4,Drying,Mild Drying,-8.553216143052616,344.01013992973486,314.5862091075269,-0.2065727699530516,0.0104108117543546,-1.609129328022876,-0.4897166023515233,1991,105.67589025
4051,Belan,99,5,270.41,Rexahawa Dam,6.19,1990.0,5,0,Stable,Stable,25.801188664331335,6.501644769632575,8.179146402930106,0.0907668231611893,0.2613656046014818,0.0280228257018716,0.3784786646644923,1998,1.5755535833333332
4053,Belan,99,3,97.16,Adwa Dam,5.95,1978.0,3,0,Stable,Stable,14.97557155156535,4.12968386269697,4.748127624408602,0.1205007824726134,0.1355165602740569,0.0160643071626984,0.3631245786411458,2007,1.146707255833333
4054,Belan,99,5,101.29,Sukhra Dam,5.46,1909.0,3,0,Stable,Stable,14.050944562037628,10.386972693920455,11.846440468817203,0.1314553990610328,0.1033471964027485,0.0471879208333333,0.4255891682414895,2007,2.8843726833333334
4055,Belan,99,15,624.72,Meja Dam,2.56,1987.0,13,2,Stable,Stable,20.981942267668742,26.90268468564394,32.54739045483871,0.082942097026604,0.3049268473261775,0.1194578638762627,0.3988150159598025,2015,8.02550255
4056,Gopat,99,24,202.4,Bharra Dam,10.47,1984.0,14,5,Stable,Stable,21.06836476592245,90.487944703125,109.5522749623656,0.1314553990610328,0.1033471964027485,0.3397737387408086,0.3395493639571551,2015,27.5740275
4057,Son,99,78,6875.14,Bishanda Dam,21.51,1992.0,63,8,Stable,Stable,0.2204012465054006,424.6420531753788,425.57796955376347,0.0312989045383411,0.7009498978605979,0.2591259803921596,0.0607578726524388,2015,162.40138075000002
4058,Son,99,104,7080.48,Kargara Dam,29.04,1978.0,79,13,Stable,Stable,4.327866717848646,526.2848910448863,549.061799685484,0.056338028169014,0.4869560812360789,0.5998622408730158,0.1112589354820934,2015,192.9135575
4059,Gorma,99,0,0.0,,,,0,0,Wetting,Significant Wetting,27.3618570096861,4.987570591117424,6.35226252451613,0.2034428794992175,0.0116198269387239,0.0380055540624999,0.6734034063060285,2015,1.2474348716666668
4060,Belan,99,0,0.0,,,,0,0,Stable,Stable,15.66950274573384,3.827247416729166,4.42695805577957,0.1455399061032863,0.0712504434466685,0.0191265571843434,0.4651240460039188,2015,0.9007748108333334
4061,Belan,99,21,726.35,Gularia Dam,26.14,1966.0,17,2,Stable,Stable,19.188908407173894,47.76925893585228,56.935658279838705,0.1392801251956181,0.0843325414548861,0.2988369887547735,0.568917835238755,2015,13.617430616666669
4062,Naina,99,3,7.37,Mauganj Dam,19.13,1972.0,3,0,Wetting,Significant Wetting,38.07351271203275,12.242905108371213,16.904209141129034,0.2081377151799687,0.0098277784598495,0.1042110766882183,0.7161565135178133,2015,3.0948380416666663
4063,Naina,99,3,7.37,Mauganj Dam,30.61,1972.0,3,0,Wetting,Significant Wetting,35.047031910196274,17.253076035132576,23.299767098655916,0.2230046948356807,0.0056645169450753,0.1441500140851012,0.7126191363277533,2015,4.359456183333333
4064,Lapri,99,0,0.0,,,,0,0,Stable,Stable,38.1004072325819,5.024819979179925,6.939296853951613,0.1165884194053208,0.148717937044555,0.0290839419927537,0.4832062974380203,2015,1.3480308916666666
4065,Belan,99,24,733.72,Mauganj Dam,37.67,1972.0,20,2,Wetting,Significant Wetting,24.321244662272974,66.88257262320076,83.14924674731182,0.1619718309859155,0.0446336712918145,0.4674334611378206,0.6221273427962806,2015,18.484291833333337
4066,Tons,2,24,146.19,Kuari Dam,1.62,1982.0,21,2,Stable,Stable,12.54560016522138,147.04200637992423,165.48930857526884,0.0915492957746478,0.2572588981516399,0.5684969177419343,0.3612981871354442,2007,38.553648583333334
4067,Tons,2,48,879.9,Kuari Dam,6.36,1982.0,41,4,Stable,Stable,16.277706587935484,214.39841136041667,249.29755569086024,0.1118935837245696,0.1658298713607893,0.9240724314779668,0.3965043507018377,2015,57.63809575
4068,Tons,2,49,887.29,Bachara Dam,11.26,1980.0,42,4,Stable,Stable,17.283610976721224,225.5403399253788,264.5218548736559,0.1017214397496087,0.2080075791290077,0.8892911418650817,0.3609966321853965,2015,60.671474916666675
4069,Asrawal,99,1,35.43,Tons Barrage(Mpseb) Dam,2.38,,0,0,Stable,Stable,27.741832298104583,3.611981773617424,4.614011699892473,0.1236306729264475,0.1256225355142,0.0216647710565476,0.5243051058635645,2015,0.7576934166666667
4070,Satna,99,2,13.01,Virhana Dam,14.98,1972.0,2,0,Stable,Stable,29.224826712070858,11.108785463939396,14.3553087655914,0.1298904538341158,0.107531143998677,0.0650602781719925,0.5090711416024372,2015,2.4725216583333336
4071,Tons,99,3,48.44,Tons Barrage(Mpseb) Dam,1.88,,2,0,Stable,Stable,28.69758164743969,14.830396987405305,19.086362271505376,0.1322378716744914,0.1013043068288241,0.0857055685937497,0.5033515110693598,2015,3.25795725
4072,Tons,99,6,18.62,Govindgarh Dam,31.76,1917.0,5,1,Stable,Stable,2.0317714305890258,25.816142653863636,26.340667664784945,0.0399061032863849,0.6233679748593701,0.0362931896529813,0.1382207589602055,2007,5.5147528249999995
4073,Satna,99,10,51.79,Bankuiya Dam,17.22,1971.0,10,0,Stable,Stable,5.515441241694276,57.772270811496206,60.95866646209677,0.0719874804381846,0.3735821695493442,0.1323533329725827,0.2215353772237929,2007,11.336012291666668
4074,Tons,99,15,119.76,Purwa Dam,4.04,1991.0,13,1,Stable,Stable,10.82442997508345,78.13796153428031,86.59595046451612,0.0915492957746478,0.2572588981516399,0.323592975154084,0.3905254069219284,2007,17.330649
4075,Tons,99,21,138.39,Purwa Dam,9.68,1991.0,18,2,Stable,Stable,8.6494223765122,105.10416904573864,114.19507256182796,0.0899843505477308,0.2655174106364968,0.3586212507716039,0.3250219401733449,2007,23.247807750000003
4077,Tons,99,6,18.62,Govindgarh Dam,7.1,1917.0,5,1,Stable,Stable,-7.71197665931093,10.256656842935609,9.465665861182796,-0.0492957746478873,0.5433363227635004,-0.0138076438148148,-0.1390279601023032,2007,1.87288325
4078,Son,99,72,6856.83,Amjhari Dam,14.44,1975.0,58,7,Stable,Stable,-0.137547882512108,404.27901041988633,403.7229332016129,0.0179968701095461,0.826840031012408,0.1740389766260169,0.0429352827363508,2015,157.2210855
4079,Tons,99,1,1.85,Rampur Kalyangarh Dam,20.72,1958.0,1,0,Stable,Stable,24.3541626739651,8.819900536666667,10.967913461048388,0.0876369327073552,0.2782443723190171,0.0303350730113636,0.3041782458658498,2015,1.7767118666666668
4080,Tons,99,22,140.24,Purwa Dam,24.91,1991.0,19,2,Stable,Stable,9.85369891419128,115.59828334251895,126.9889901330645,0.0907668231611893,0.2613656046014818,0.458677933984375,0.3757073437085382,2007,26.912467833333334
4081,Mahana,99,0,0.0,,,,0,0,Stable,Stable,21.46363050239863,16.923991297992423,20.556494256451614,0.1134585289514867,0.159968604734898,0.0816230922619047,0.4330506009606871,2015,3.6945843
4082,Mahana,99,0,0.0,,,,0,0,Stable,Stable,25.397015474772523,3.6537746357916663,4.58172434545699,0.136150234741784,0.0915677789052753,0.0222676544945355,0.5391811527470247,2015,0.8432168233333334
4083,Mahana,99,0,0.0,,,,0,0,Stable,Stable,19.23673825648385,6.539814186647727,7.797861124193549,0.1087636932707355,0.1780757904473242,0.0284353961309524,0.3944753412863755,2015,1.5005048250000002
4084,Tons,99,22,140.24,Purwa Dam,42.32,1991.0,19,2,Stable,Stable,11.615170005488592,134.35946688219695,149.96554737903227,0.0978090766823161,0.2260146313068201,0.5646813412037038,0.3946836361030307,2007,33.14270741666667
4085,Sokar,99,1,4.75,Loni Dam,13.08,1965.0,1,0,Stable,Stable,18.9684423277696,9.015413621761365,10.725497155215054,0.0508607198748043,0.5305510165372758,0.0190320243410852,0.1903288167506948,2015,1.9162451416666668
4086,Tons,99,23,144.99,Loni Dam,13.79,1965.0,20,2,Stable,Stable,12.080852593434702,143.4211606284091,160.7476596317204,0.0923317683881064,0.2531971854937866,0.585667919328704,0.3824802774476645,2007,36.65727425
4087,Tons,2,0,0.0,,,,0,0,Stable,Stable,30.866497774097635,2.506328828318182,3.279944760322581,0.0610328638497652,0.4510643807588315,0.0070207047886473,0.2398819513827746,1966,0.5425500083333333
4089,Yamuna,99,0,0.0,,,,0,0,Stable,Stable,33.55183788945274,3.91984140305303,5.235020236129032,0.0039123630672926,0.9650958376124996,0.0001198275362318,0.0025751201231106,2015,0.7307346008333333
4090,Sasur Khaderi,99,0,0.0,,,,0,0,Stable,Stable,0.6166591226909599,8.081983015435606,8.131821300994623,-0.1197183098591549,0.1381593548578981,-0.0433709504247311,-0.5177092545329356,2007,0.8265566941666668
4091,Yamuna,99,0,0.0,,,,0,0,Stable,Stable,-6.012812186833963,11.344018400227274,10.66192387938172,-0.1408450704225352,0.0808923965089627,-0.0720994983217593,-0.630167573938798,2007,0.9880289208333334
4092,Sasur Khaderi,99,0,0.0,,,,0,0,Stable,Stable,11.572947852832003,15.24948876691288,17.01430414973118,-0.0727699530516431,0.3684765339307223,-0.0493565319327731,-0.2983978110496787,2007,2.924503741666667
4093,Baghain,99,3,17.72,Rasin Dam,21.56,,2,0,Stable,Stable,42.12272590749702,31.34446091820076,44.54760227795699,0.0985915492957746,0.2223992928970508,0.1682798093412163,0.4429139854290911,2007,7.0569496
4094,Yamuna,99,458,20543.74,Kabrai Dam,94.2,1955.0,342,81,Drying,Moderate Drying,-11.078935056534185,3182.1088315776515,2829.5650606989248,-0.1987480438184663,0.0137146275540558,-15.09501269230767,-0.501957048043614,2007,1110.713145833333
4095,Yamuna,99,458,20543.74,Kabrai Dam,105.78,1955.0,342,81,Drying,Moderate Drying,-11.006731805662206,3187.8890191723485,2837.0066245698927,-0.1995305164319248,0.0133469605370395,-14.90838866783218,-0.4946411865080294,2007,1111.785285833333
4096,Yamuna,99,461,20561.46,Rasin Dam,56.53,,344,81,Drying,Moderate Drying,-10.483685068722014,3220.048176287879,2882.468466424731,-0.1971830985915492,0.0144768911150616,-14.86829496969697,-0.4870273486511982,2007,1118.9664441666666
4097,Satna,99,0,0.0,,,,0,0,Stable,Stable,6.810344278541234,5.608283955732954,5.9902274012365595,0.0704225352112676,0.3841175532174614,0.0142729134698276,0.2448182100900199,2007,1.0737530716666666
4098,Satna,99,4,17.55,Gonda Dam,12.9,1979.0,4,0,Stable,Stable,16.86840749178322,7.887044234909091,9.217462995510752,0.0727699530516431,0.3683822061570945,0.0301227353535353,0.3495315212441102,2007,1.4319533
4099,Gudne,99,2,7.41,Amua Dam,6.18,1975.0,2,0,Stable,Stable,-6.071325731040373,11.749742364547348,11.036377233037634,-0.0641627543035993,0.4280462475857827,-0.0189949532360999,-0.165658721234308,2007,2.0131303583333335
4100,Satna,99,6,29.65,Patharhatta Dam,5.97,1918.0,6,0,Stable,Stable,15.90575572232405,21.97584774164773,25.471272401344084,0.0884194053208137,0.2739567074548827,0.0966165910401002,0.4048097131197569,2007,4.3288084499999995
4101,Satna,99,3,20.85,Naktora Dam,11.81,1980.0,3,0,Stable,Stable,-5.247517037515777,23.22697592770833,22.008136408602148,-0.0461658841940532,0.5694389703953568,-0.0265535180654761,-0.1167738689556592,2007,4.274404458333334
4102,Bhandar,99,2,8.04,Mehroi Dam,7.19,1990.0,2,0,Stable,Stable,-8.982575890180078,7.640452771511365,6.9541433029569895,-0.1040688575899843,0.1975774496515974,-0.018173293429418,-0.2472138822611341,1979,2.2290856416666665
4103,Katni,99,14,67.32,Dhangaon Dam,24.89,,12,0,Stable,Stable,-9.260667430850951,94.99701707897728,86.19965925806451,-0.1384976525821596,0.086158341462019,-0.390986764230769,-0.4290975775046082,2007,25.062191125
4104,Son,99,16,75.35,Mehroi Dam,17.14,1990.0,14,0,Stable,Stable,-9.115710952218128,106.71001407007574,96.98263763037636,-0.1424100156494522,0.0776255173837277,-0.4054835467803028,-0.3958164770184965,2007,28.57516075
4105,Son,99,34,224.81,Mungatola Dam,4.37,1994.0,28,3,Stable,Stable,4.6235895133225515,208.89434435530305,218.5527613548387,0.0665101721439749,0.411332624869805,0.3715716396963822,0.1733380834977006,2015,87.34908308333333
4108,Betwa,99,2,94.67,Arjun Dam,14.46,1957.0,2,0,Drying,Mild Drying,-7.184650729300294,11.688630864941288,10.848843562258065,-0.1791862284820031,0.0263110318424979,-0.0696239732905983,-0.6208461812419683,2015,1.8519594166666664
4109,Betwa,99,3,294.67,Maudaha Dam,5.84,2003.0,2,1,Drying,Mild Drying,-6.129937073773559,18.81442981632576,17.6611171077957,-0.1791862284820031,0.0263110318424979,-0.1080904547151771,-0.5961332325271479,2015,2.9743586499999997
4110,Betwa,99,3,294.67,Maudaha Dam,27.76,2003.0,2,1,Drying,Mild Drying,-9.217064561596198,23.672916633958337,21.49096862419355,-0.1964006259780907,0.014871849830208,-0.1465419740132593,-0.6509476962011782,2015,3.72910785
4111,Parwar,99,0,0.0,,,,0,0,Drying,Moderate Drying,-22.706588647996732,3.585593711969697,2.771427697204301,-0.272300469483568,0.0007286474767398,-0.031571344740861,-0.9868468206358924,2012,0.5823559225
4112,Betwa,99,99,4814.88,Keolari Dam,78.7,1966.0,79,12,Drying,Moderate Drying,-10.804665330558056,588.0541999195076,524.516911655914,-0.2018779342723004,0.0122956999231143,-3.1571884603758154,-0.5688901578955903,2007,154.6696775
4113,Betwa,99,102,5109.55,Maudaha Dam,50.25,2003.0,81,13,Drying,Moderate Drying,-10.986589828403504,616.7093730123106,548.9540437661291,-0.2057902973395931,0.010705896503248,-3.2540112066666707,-0.5595107776753102,2007,161.05097958333332
4114,Shyam,99,0,0.0,,,,0,0,Drying,Moderate Drying,-28.83758066669656,2.7706438055227274,1.9716571631182795,-0.2065727699530516,0.0104108117543546,-0.0193648044818376,-0.7996708951059827,1973,0.377228895
4115,Yamuna,99,387,19867.99,Maudaha Dam,69.47,2003.0,279,74,Drying,Moderate Drying,-11.014870359944368,2676.6455289318183,2381.8164939247313,-0.1979655712050078,0.0140912111519222,-12.65723560185185,-0.5004030392053755,2007,1013.8551508333334
4116,Yamuna,99,387,19867.99,Maudaha Dam,83.35,2003.0,279,74,Drying,Moderate Drying,-11.203140078740969,2688.282986151515,2387.1108775,-0.2018779342723004,0.0122956999231143,-12.85380440359478,-0.5063995378083526,2007,1015.4078391666668
4117,Yamuna,99,387,19867.99,Maudaha Dam,84.36,2003.0,279,74,Drying,Moderate Drying,-11.71361051823188,2730.314869248106,2410.4964195430107,-0.1987480438184663,0.0137146275540558,-13.112936576797372,-0.5098097666063357,2007,1023.2714866666666
4118,Sengur,99,0,0.0,,,,0,0,Drying,Severe Drying,-33.21893879513122,1.359151460670455,0.9076557688172044,-0.2754303599374021,0.0006320914766573,-0.0112173458986742,-0.9710763469988128,2007,0.1968058525
4119,Orai,99,0,0.0,,,,0,0,Drying,Severe Drying,-40.883759173667165,2.779886566433712,1.643364437311828,-0.4021909233176838,5.960248015135505e-07,-0.0309955476746031,-1.369758999130946,2012,0.2674263475
4120,Manmaheshwari,99,0,0.0,,,,0,0,Drying,Severe Drying,-51.628798163451904,4.415777493274621,2.1359646439247313,-0.4420970266040688,4.057102631627174e-08,-0.0559271213457792,-1.6498327147452658,2012,0.3537010224999999
4121,Betwa,99,99,4814.88,Barwar Dam,57.27,1923.0,79,12,Drying,Moderate Drying,-10.646001287281608,582.9462278242424,520.885764905914,-0.2010954616588419,0.0126376700520016,-3.172498854950476,-0.5762512389004135,2007,153.64660766666665
4122,Ken,99,71,675.75,Kabrai Dam,63.15,1955.0,63,7,Stable,Stable,-8.967859668994464,433.62006579848486,394.7336268010753,-0.149452269170579,0.0640064196823606,-2.1146762403846155,-0.5114345479283587,2007,82.89429291666667
4123,Yamuna,99,458,20543.74,Kabrai Dam,73.7,1955.0,342,81,Drying,Moderate Drying,-11.31750557921483,3166.532315901515,2808.1598443817206,-0.2034428794992175,0.0116362624122536,-15.373668019841269,-0.5144342665326088,2007,1106.7437791666666
4124,Dehar,99,3,7.26,Nagda Nalla Dam,10.56,1964.0,3,0,Drying,Mild Drying,-3.588269125002764,7.9394645063125,7.654575152741935,-0.1784037558685446,0.0269758267137076,-0.0429931493377976,-0.555534429490769,2007,1.9250255833333336
4125,Sonar,99,2,14.55,Chhewla Dam,11.99,1985.0,2,0,Drying,Mild Drying,-3.5314449835552777,9.122489337515152,8.800333645430108,-0.1862284820031298,0.0209384563185162,-0.0469718874210859,-0.5283891360332215,2022,2.3441012
4126,Sonar,99,5,21.81,Nagda Nalla Dam,25.47,1964.0,5,0,Drying,Mild Drying,-3.810182508549464,18.102348790700756,17.41261626344086,-0.1932707355242566,0.0165482115872315,-0.0992680891945775,-0.5632810383062103,2022,4.9846444
4128,Kurai,99,3,85.05,Saprar Dam,1.36,1952.0,3,0,Drying,Moderate Drying,-13.737536988553966,4.628481682153409,3.99264229905914,-0.2120500782472613,0.0085401277215746,-0.0303297775337382,-0.7032320173786303,2007,0.659602575
4130,Kurai,99,4,132.85,Pahari Dam,7.26,1912.0,4,0,Drying,Moderate Drying,-13.95721444038893,10.482211528617423,9.01918678747312,-0.2120500782472613,0.0085401277215746,-0.0697906960358796,-0.7152782528552234,2007,1.5225985333333334
4131,Dhasan,99,4,17.46,Dharam Sagar Dam,12.86,1972.0,4,0,Drying,Moderate Drying,-20.57688384526576,20.85648059412879,16.564866808064515,-0.2433489827856025,0.0025374915777234,-0.1509316082738095,-0.8032003261027485,2007,2.3918196833333334
4132,Dhasan,99,20,123.69,Dharam Sagar Dam,27.05,1972.0,17,1,Drying,Moderate Drying,-15.88973288778694,126.5363662910038,106.4300756814516,-0.2057902973395931,0.010705896503248,-0.8733094255514708,-0.7493505224757608,2007,17.29951125
4133,Dhasan,99,26,284.75,Keolari Dam,17.24,1966.0,23,1,Drying,Moderate Drying,-15.784068829177343,140.73758202821972,118.5234652123656,-0.2143974960876369,0.0078349202709093,-0.9731651699446392,-0.7502951126302668,2007,19.61650141666667
4134,Lakheri,99,3,163.7,Barwar Dam,16.18,1923.0,2,1,Drying,Moderate Drying,-24.5143140973056,12.10211535839015,9.135364787016128,-0.3270735524256651,4.925350085827063e-05,-0.1245992984006733,-1.1647212569142884,2007,1.5630916416666665
4135,Dhasan,99,29,448.45,Barwar Dam,30.29,1923.0,25,2,Drying,Moderate Drying,-16.52733595031022,153.95259155,128.5083295403226,-0.2363067292644757,0.0033751187308375,-1.146619458085317,-0.8109617750347875,2007,21.38168016666667
4136,Lakheri,99,0,0.0,,,,0,0,Drying,Moderate Drying,-21.382572233370535,4.749832737549243,3.734196321478495,-0.2887323943661972,0.000340010156226,-0.0453066069721177,-1.0625135243471986,2007,0.6036244808333333
4137,Lakheri,99,3,163.7,Barwar Dam,2.53,1923.0,2,1,Drying,Moderate Drying,-27.453009715520597,5.192517280145833,3.767015006747312,-0.3395931142410016,2.501090717843546e-05,-0.0579370779861111,-1.280789411480585,2007,0.5854125308333333
4138,Dhasan,99,0,0.0,,,,0,0,Drying,Severe Drying,-30.989498110134395,2.6274537701571967,1.8132190337096776,-0.3826291079812207,2.039823144395214e-06,-0.0288178848046135,-1.282764786682954,2007,0.3692094966666666
4139,Dhasan,99,29,448.45,Barwar Dam,37.88,1923.0,25,2,Drying,Moderate Drying,-16.797064928567327,156.75269415284092,130.42284233870967,-0.2355242566510172,0.0034822784468204,-1.177266891981792,-0.8188111504485505,2007,21.786958416666668
4140,Urmal,99,4,103.7,Salar Pur Dam,14.29,1960.0,3,1,Drying,Moderate Drying,-13.86439287559513,14.836078411344698,12.779146213064516,-0.1596244131455399,0.047869222228202,-0.0805656092487373,-0.5840167316068704,2015,1.7977289916666666
4141,Dhasan,99,16,106.23,Bhirata Dam,5.74,1986.0,13,1,Drying,Moderate Drying,-15.0133455911527,104.8599522964962,89.11696527150536,-0.1964006259780907,0.014871849830208,-0.696747860484545,-0.7185342048581443,2007,14.725607041666663
4142,Dhasan,99,0,0.0,,,,0,0,Drying,Moderate Drying,-10.961236059735446,5.347256451418561,4.76113104905914,-0.1877934272300469,0.0198835881588574,-0.0302532615246212,-0.5998861126101263,2007,0.9221594508333334
4143,Dhasan,99,3,0.62,Ratona Dam,11.43,1924.0,2,1,Drying,Mild Drying,-8.355055708154437,14.366415431666669,13.16609341908602,-0.1658841940532081,0.0397528841892749,-0.06765796598659,-0.4935954999069326,2007,3.0140148166666667
4144,Bina,99,4,10.52,Ghatera Dam,39.66,1956.0,2,2,Stable,Stable,-4.723386794869035,26.897824777575757,25.627336473924732,-0.0837245696400626,0.3004608457455244,-0.0733286899749373,-0.2811977276241807,2022,7.2030005
4145,Dhasan,99,3,0.62,Bandri Dam,16.42,1974.0,2,1,Drying,Moderate Drying,-11.125716034924888,27.902527177727272,24.79817123736559,-0.2003129890453834,0.0129880329076426,-0.1592304169557824,-0.6056508354585167,2007,4.941430941666667
4146,Dhasan,99,0,0.0,,,,0,0,Drying,Moderate Drying,-17.397953140800464,6.47958464719697,5.35226954655914,-0.2167449139280125,0.0071823373597477,-0.0487271364864554,-0.8219415789551963,2007,0.6327256933333333
4147,Bewas,99,4,101.1,Bhonhari Dam,13.92,1969.0,3,1,Drying,Moderate Drying,-11.654137066519825,24.265217319810606,21.43731563387097,-0.2065727699530516,0.0104108117543546,-0.159493987480346,-0.6995310011976192,2007,4.0004266416666665
4148,Dhasan,99,5,62.32,Bila Dam,11.33,1973.0,4,1,Drying,Moderate Drying,-13.44734646071657,40.5838578116856,35.126405844623655,-0.2003129890453834,0.0129880329076426,-0.2726675202950043,-0.7208664435815706,2007,6.182112658333334
4149,Dhasan,99,0,0.0,,,,0,0,Drying,Moderate Drying,-19.915565054822224,4.624912799589015,3.7038352822580647,-0.2206572769953051,0.0062024516095879,-0.0362809146199815,-0.868839608994791,2007,0.4753460333333333
4150,Kathan,99,3,4.59,Sadwa Dam,4.92,,2,0,Drying,Moderate Drying,-13.324567233257628,6.044827655339015,5.239380530268817,-0.1690140845070422,0.0361534399785727,-0.0381659361378205,-0.6781289592086432,2015,0.8711932058333334
4151,Kathan,99,1,2.6,Dudiyankhera Dam,12.74,1980.0,1,0,Drying,Moderate Drying,-15.34164125597767,9.727564867208333,8.23519676233871,-0.1917057902973395,0.0174469999202655,-0.0659129921047142,-0.7344611773015822,2007,1.0727417566666666
4152,Kathan,99,5,15.14,Sendpa Dam,8.77,1966.0,4,0,Drying,Moderate Drying,-14.712147628496568,21.76573844378788,18.563530871505375,-0.1768388106416275,0.0283490181052474,-0.1424902185047348,-0.7075269203795709,2007,2.8525209749999996
4153,Dhasan,99,8,76.59,Khurera Dam,9.26,1969.0,7,1,Drying,Moderate Drying,-14.976579677772223,59.35244035422348,50.46347483387097,-0.2018779342723004,0.0122956999231143,-0.4009232269084022,-0.7302724015729298,2007,8.051909575
4154,Dhasan,99,3,5.37,Madan Sagar Dam,14.18,1966.0,3,0,Drying,Moderate Drying,-21.40050357656303,3.901681016231061,3.0667016308064516,-0.2316118935837245,0.0040659794202742,-0.029342490982481,-0.838489528153952,2015,0.3933591958333333
4155,Shyamri,99,1,2.32,Bagha Nalla Dam,18.44,1975.0,1,0,Stable,Stable,-15.173194797887374,6.338454611477273,5.376708546102151,-0.1557120500782472,0.0536173590173576,-0.0325666213690476,-0.5561633700978466,2015,0.9507014658333331
4156,Urvashi,99,5,20.8,Harithone Dam,20.3,1981.0,4,0,Stable,Stable,-4.71069672514408,23.969210421666663,22.84009361129032,-0.1056338028169014,0.1909834082106098,-0.0868488694031472,-0.373201437083373,1979,5.113308483333333
4157,Betwa,99,40,2488.26,Rajghat Dam,8.05,2000.0,28,8,Stable,Stable,-2.6840720642114495,282.5149130160985,274.9320091586021,-0.0923317683881064,0.2532906725868418,-0.6869685119843916,-0.2484231849419814,1979,66.21354050000001
4158,Betwa,99,46,2512.93,Jhaloni Dam,13.95,1913.0,33,8,Stable,Stable,-3.317556974987182,316.85240088011363,306.3406419543011,-0.1165884194053208,0.1487979476229255,-0.9094235677380949,-0.2940309366674219,1979,73.52910208333334
4159,Betwa,99,52,3736.57,Dhekwan Dam,8.19,1909.0,38,9,Stable,Stable,-3.663440449124787,327.27324492291666,315.2837844892473,-0.1220657276995305,0.1305725749769009,-0.9551288203854266,-0.2994122142748561,1979,76.16687566666667
4160,Jamni,99,2,226.88,Shahjad Dam,13.37,1992.0,1,1,Drying,Moderate Drying,-20.779450024917143,14.827623043958337,11.746524523655914,-0.2261345852895148,0.0050326014329802,-0.1062770227067183,-0.7964175368178654,2007,2.7393826000000003
4161,Jamni,99,11,491.86,Veer Sagar Dam,10.92,1970.0,9,1,Drying,Moderate Drying,-21.33501388632483,61.27934360458333,48.20538713709677,-0.2433489827856025,0.0025374915777234,-0.4720030504629627,-0.8576303917030805,2007,9.109502966666666
4162,Jamni,99,1,18.46,Rajendra Sagar Dam,8.71,1973.0,1,0,Drying,Moderate Drying,-23.16100568319502,5.234912436602273,4.0224540696505375,-0.2402190923317683,0.0028830064731146,-0.0398782669805641,-0.8565257018923541,2007,0.5157034491666667
4163,Jamni,99,2,104.6,Jamni Dam,16.18,1973.0,2,0,Drying,Moderate Drying,-21.938333640743146,13.420747831041666,10.476459394784946,-0.2449139280125195,0.002379332161984,-0.107844638584117,-0.8973429947382696,2015,1.89286945
4164,Sajnam,99,1,83.5,Sajnam Dam,21.57,1990.0,1,0,Drying,Moderate Drying,-25.704026654690544,14.034017126420457,10.426709623521504,-0.2668231611893584,0.0009312636915865,-0.1163150222522147,-0.9427016927376268,2007,2.140616533333333
4165,Jamni,99,5,127.46,Ragura Dam,10.02,1976.0,4,0,Drying,Moderate Drying,-22.662589283308183,23.89902441566288,18.482886669623657,-0.2402190923317683,0.0028830064731146,-0.1906376015361953,-0.8940607367051,2007,3.0210485916666667
4166,Jamni,99,6,210.96,Deep Sagar Dam,21.2,,5,0,Drying,Moderate Drying,-23.667096522276825,39.79957185208333,30.38016876639785,-0.2480438184663536,0.0020897650030546,-0.3209217160440612,-0.9081104471466018,2007,5.454425875000001
4167,Narain,99,0,0.0,,,,0,0,Drying,Moderate Drying,-11.485345281334707,22.13283703189394,19.590804278225807,-0.1917057902973395,0.0174469999202655,-0.1360137533854166,-0.653174844457508,2007,4.646455691666667
4168,Jamni,99,8,437.84,Shahjad Dam,16.39,1992.0,6,1,Drying,Moderate Drying,-22.860986680136534,54.703814885946976,42.19798305134409,-0.2550860719874804,0.0015525794457502,-0.4341882499198718,-0.8904997262523902,2007,8.208718175
4169,Jamni,99,3,54.02,Nandanwara Dam,7.06,1964.0,3,0,Stable,Stable,-12.326338881419128,4.143980944049242,3.633179809704301,-0.1564945226917058,0.0524237495324275,-0.0232013880144988,-0.5966296704966485,2007,0.5166512733333334
4171,Bina,99,0,0.0,,,,0,0,Stable,Stable,-5.30464024504731,10.05378584821212,9.52046867795699,-0.1001564945226917,0.2151167171899746,-0.0287146976465475,-0.2953517860551856,2022,2.7125907
4172,Bina,99,4,10.52,Padaria Dam,16.27,2004.0,2,2,Stable,Stable,-2.3308920908474966,11.50935687568182,11.24108618655914,-0.0586854460093896,0.468865731616952,-0.0207489351119682,-0.1840145906683405,2022,3.002528
4173,Kevtan,99,2,9.33,Jajone Dam,12.18,1968.0,1,1,Stable,Stable,0.1512769655353484,15.524912404848484,15.54839802123656,-0.0586854460093896,0.468865731616952,-0.0265463544593253,-0.1725921769451895,1979,3.5414169833333333
4174,Bina,99,5,10.52,Bachhlon Dam,17.83,1989.0,3,2,Stable,Stable,-3.908269785355316,51.93619992212122,49.906393112903224,-0.0884194053208137,0.2740512171046538,-0.1295505128728413,-0.256320987652675,2022,14.499145
4175,Betwa,99,29,248.62,Jajone Dam,19.46,1968.0,20,5,Stable,Stable,-0.6782640160610847,156.12124671098485,155.0623324731183,-0.0852895148669796,0.2914753538276562,-0.3476623039021168,-0.225527388322093,1979,32.35313816666667
4176,Betwa,99,29,248.62,Jajone Dam,25.53,1968.0,20,5,Stable,Stable,-0.4556051820425139,165.5307151748106,164.77654865860214,-0.0790297339593114,0.3285143688068808,-0.3221144677953729,-0.1968745480211736,1979,34.560462916666665
4177,Betwa,99,34,259.15,Jajone Dam,38.87,1968.0,23,7,Stable,Stable,-1.2733303395078448,222.01016238617424,219.18323963172045,-0.0586854460093896,0.468865731616952,-0.3847662566666671,-0.1759820223677562,1979,51.46850358333333
4178,Kethan,99,5,57.11,Koncha Dam,11.27,1973.0,5,0,Stable,Stable,0.8704202594064512,17.549927636704545,17.702685762365594,-0.0735524256651017,0.3633220419285234,-0.0427084153850082,-0.2445268156242216,1979,3.960007025
4179,Betwa,99,39,316.26,Mola Dam,28.87,1956.0,28,7,Stable,Stable,-1.164633055027215,242.60548099867424,239.7800173736559,-0.0688575899843505,0.3949258884499005,-0.4674824375000043,-0.1955520687428453,1979,56.05530916666667
4180,Naren,99,0,0.0,,,,0,0,Stable,Stable,3.7747579725532847,4.991085085765151,5.179486467956989,-0.0594679186228482,0.4629192952859549,-0.0089825038733262,-0.1786382631798493,1979,1.200397345
4181,Betwa,99,27,239.3,Naren Dam,23.08,1981.0,19,4,Stable,Stable,-0.7689540348056991,140.4079073466856,139.328235077957,-0.0774647887323943,0.338231370166147,-0.3003092962768441,-0.2166921159575992,1979,28.764516083333337
4182,Betwa,99,0,0.0,,,,0,0,Drying,Mild Drying,-8.764495566247659,3.779615990977272,3.448351715026882,-0.1619718309859155,0.0446757073699612,-0.0199269088734567,-0.5533885565119575,1979,0.8285031108333333
4183,Betwa,99,39,316.26,Mola Dam,37.29,1956.0,28,7,Stable,Stable,-1.2942553064617468,246.80016380511364,243.60593958870967,-0.0719874804381846,0.3736762927138684,-0.4985532916666669,-0.205120431866818,1979,56.97632566666667
4184,Narain,99,0,0.0,,,,0,0,Drying,Mild Drying,-9.553125441524722,16.410876037935605,14.843124463978494,-0.1768388106416275,0.0283490181052474,-0.0887417878737542,-0.5697240407209987,2015,3.4783785083333334
4185,Betwa,99,39,316.26,Mola Dam,39.99,1956.0,28,7,Stable,Stable,-2.17103223738379,270.1518412159091,264.28675765322583,-0.081377151799687,0.3142817897068723,-0.5983570265974969,-0.2257699391231857,1979,63.577986083333336
4186,Sanr,99,0,0.0,,,,0,0,Drying,Moderate Drying,-17.45181739616844,4.242349933157197,3.501982769516129,-0.2214397496087637,0.0060215680573103,-0.0311955810859375,-0.8035460173732026,2007,0.8011822091666666
4187,Betwa,99,0,0.0,,,,0,0,Stable,Stable,-8.83132723501408,4.572854906412879,4.169011125645161,-0.1408450704225352,0.080952200937586,-0.0214567381428571,-0.4925255164526601,1989,0.7886023241666668
4188,Urvashi,99,4,19.8,Keshopur Dam,12.65,1916.0,3,0,Stable,Stable,-2.834933287804766,12.62573138,12.26780031827957,-0.082942097026604,0.3050221061741585,-0.0346233740750718,-0.2800408096044869,1979,2.6550136416666668
4189,Urvashi,99,0,0.0,,,,0,0,Stable,Stable,-3.4013171553768076,3.6396269116060607,3.5158316570698926,-0.0931142410015649,0.2492735902518126,-0.0128501272867508,-0.3615130842430536,1989,0.7746078875000001
4190,Betwa,99,3,19.41,Chikhali Dam,12.44,,2,0,Stable,Stable,-5.684548270574695,11.631176785700758,10.96999692688172,-0.0892018779342723,0.2698087511110099,-0.0307973838333333,-0.2740264423241687,1979,2.569994083333333
4191,Ajmar,99,6,105.12,Kaliasote Dam,4.65,1988.0,5,1,Stable,Stable,-10.358997658940474,13.407240774640153,12.018385016666668,-0.1111111111111111,0.16890433439895,-0.0438577032414767,-0.346183262016674,1979,2.461181308333334
4192,Halali,99,5,37.45,S. Ashok Sagar Dam,5.83,,3,1,Stable,Stable,-0.9189011309269506,21.49930185503788,21.301744527150536,-0.0625978090766823,0.4395589046351571,-0.0412849269181173,-0.1946946604726433,1979,4.216669558333334
4194,Betwa,99,16,155.35,Sudra Dam,8.5,1958.0,12,2,Stable,Stable,-5.3552870170782345,48.94986741753788,46.328461522849466,-0.0899843505477308,0.2656115580434341,-0.1401869332678196,-0.2961709552070119,1979,9.479998483333334
4195,Betwa,99,21,192.8,Jambar Dam,9.63,1964.0,15,3,Stable,Stable,-3.5182377602054524,75.73871146856061,73.07404352258065,-0.0837245696400626,0.3004608457455244,-0.2076222282091752,-0.2811636919418794,1979,14.747288333333332
4196,Betwa,99,2,7.39,Amrabad Dam,24.71,1978.0,1,0,Stable,Stable,0.6912727069266761,20.7769346,20.92055987822581,-0.0633802816901408,0.4338263387916083,-0.0434386839366516,-0.2105376825351478,1979,4.247629441666667
4197,Betwa,99,23,200.19,Jambar Dam,19.31,1964.0,16,3,Stable,Stable,-2.3425449036619344,100.43590832310606,98.08315207123655,-0.082942097026604,0.3050221061741585,-0.26455285421506,-0.2687687956195762,1979,19.77288125
4198,Baen,99,2,17.28,Garethia Dam,14.11,1991.0,1,1,Stable,Stable,2.5199102722381723,18.46183267918561,18.92705429731183,-0.0367762128325508,0.6511998403435748,-0.020515347868217,-0.1109240237831702,1979,4.011583783333333
4199,Sagar,99,2,21.83,Bardha Dam,13.56,1930.0,2,0,Stable,Stable,3.137058079341987,12.608337813238636,13.00386869327957,-0.0508607198748043,0.5305931142576203,-0.025406081984127,-0.2005568028503732,1951,2.8501385545454543
4200,Betwa,99,25,217.47,Banda Bedra Dam,8.55,1957.0,17,4,Stable,Stable,-1.5193762643353947,120.35354795871211,118.52492471774194,-0.081377151799687,0.3142817897068723,-0.296394908149895,-0.2503451341465542,1979,24.132501083333334
4202,Jalkur,99,0,0.0,,,,0,0,Stable,Stable,9.285155646765864,3.903891867356061,4.266374303521506,-0.0672926447574334,0.4058192816973955,-0.007150568276084,-0.1778230872254969,1987,0.6897735908333332
4203,Bhagirathi,99,1,0.6,Maneri Stage I Dam,35.05,1984.0,1,0,Stable,Stable,-1.9772825568687495,81.36762150880682,79.7587537217742,-0.0383411580594679,0.637254471508776,-0.1019565567669179,-0.126978588253202,2009,10.543029758333333
4204,Bhillangana,99,0,0.0,,,,0,0,Stable,Stable,7.770533065597323,22.296142138276515,24.02867123548387,0.068075117370892,0.4003503177080236,0.0386676196601606,0.1691768111587541,2009,3.8893776416666666
4205,Bhagirathi,99,3,3629.5,Koteshwar Hep Dam,2.67,2011.0,1,2,Stable,Stable,0.6181746150104775,108.3577997191288,109.02764013037634,-0.0375586854460093,0.6442115023036941,-0.0906699288799575,-0.0839257129867731,2009,15.846587166666666
4206,Lastar,99,0,0.0,,,,0,0,Stable,Stable,6.996442097213536,3.826907609051136,4.094654984032258,0.054773082942097,0.4992226615640707,0.0057721853024391,0.1475791194116824,2009,0.6337043683333333
4207,Bal Ganga,99,0,0.0,,,,0,0,Stable,Stable,15.006526882630927,6.732181225378788,7.742447810752688,0.0852895148669796,0.2914753538276562,0.01615395216141,0.2273346080257526,2009,1.2263797191666663
4208,Mandakini,99,2,0.12,Phata Bhyung Dam,7.25,2012.0,0,2,Wetting,Significant Wetting,20.882630807244496,6.410135013982955,7.748739843198925,0.1588419405320813,0.0489754799236963,0.0453080163398692,0.6498221024113066,2009,0.7224536358333333
4209,Bhillangana,99,0,0.0,,,,0,0,Stable,Stable,1.4285310798497406,13.288137316325756,13.47796248782258,0.081377151799687,0.3142817897068723,0.0277029238265003,0.2087755604282296,2009,1.9339129141666669
4210,Mandakini,99,2,0.12,Phata Bhyung Dam,21.59,2012.0,0,2,Stable,Stable,21.25982668213386,17.168125558560607,20.81803929688172,0.1541471048513302,0.0560727120207502,0.1142593395077285,0.6116213785715847,2009,2.4841922916666666
4211,Mandakini,99,2,0.12,Phata Bhyung Dam,33.9,2012.0,0,2,Stable,Stable,18.349422729373902,21.532074585776513,25.48308597392473,0.149452269170579,0.0640064196823606,0.1256584318265994,0.5430475955763305,2009,3.2185775500000005
4212,Alaknanda,2,6,442.81,Srinagar Dam,5.01,2014.0,0,6,Stable,Stable,18.584528036245523,178.83755693484846,212.07367284274193,0.1173708920187793,0.1460814066032256,0.6038530200396823,0.3139596864059042,1997,63.692697083333336
4213,Nayar,99,0,0.0,,,,0,0,Drying,Moderate Drying,-26.64568780810845,32.45430334028409,23.80663099193548,-0.3153364632237871,9.104183740804572e-05,-0.2857504504032325,-1.0064474074464789,1973,3.726519158333333
4214,Ganga,1,9,4072.31,Koteshwar Hep Dam,19.85,2011.0,1,8,Stable,Stable,11.77624190395846,289.6384015352273,323.7469203467742,0.0860719874804381,0.2870510439241154,0.6498850469663741,0.2145699932276389,2009,89.63343291666666
4215,Ganga,1,9,4072.31,Koteshwar Hep Dam,19.93,2011.0,1,8,Stable,Stable,7.770318723182658,325.87742009905304,351.19913428763437,0.0485133020344287,0.5498843783585525,0.3509124151984132,0.1047616529745119,2009,96.29048575
4216,Pashchimi Nayar,99,0,0.0,,,,0,0,Drying,Moderate Drying,-16.165617893187413,10.99625320402462,9.218640928494622,-0.230829420970266,0.0041928710163099,-0.0816015186706955,-0.806310820569708,1973,0.953798105
4217,Purvi Nayar,99,0,0.0,,,,0,0,Drying,Severe Drying,-34.1408682290505,18.276220150867424,12.036559911908602,-0.3607198748043818,7.562535996985531e-06,-0.1867541864343836,-1.2131335044330211,1997,2.5602036916666666
4218,Hiyuni,2,0,0.0,,,,0,0,Stable,Stable,3.004742810788345,3.9940516739829546,4.114062654516129,-0.1064162754303599,0.1877052643373906,-0.0117361222158546,-0.2925607925317883,1997,0.7815017425
4219,Ganga,1,9,4072.31,Koteshwar Hep Dam,18.45,2011.0,1,8,Stable,Stable,7.707190819798957,329.981637705303,355.41395219354837,0.0524256651017214,0.5179259057262735,0.3393995106534088,0.1000943218999295,2009,97.577593
4220,Alaknanda,2,3,364.69,Vishnu Gad Pipalkoti Hep Dam,32.03,2019.0,0,3,Stable,Stable,17.66415608475015,107.74256901363636,126.77438457392472,0.1259780907668231,0.1186511412291453,0.3912781706539077,0.3384216038627242,1997,37.561387
4221,Alaknanda,2,3,364.69,Vishnu Gad Pipalkoti Hep Dam,44.89,2019.0,0,3,Stable,Stable,19.529432268072004,147.47931679280302,176.28119007526882,0.0845070422535211,0.295945273327078,0.3899980818798444,0.2448902797494312,2008,54.50003658333333
4222,Madhmaheshwar Ganga,99,0,0.0,,,,0,0,Stable,Stable,18.64260900221543,4.900479242246212,5.814056426612903,0.122848200312989,0.1281167746084108,0.0261224026049956,0.4941774991805896,2009,0.7075770675
4223,Jadh Ganga,99,0,0.0,,,,0,0,Stable,Stable,-1.632653618128637,1.8393424295265153,1.8093123388010752,0.0125195618153364,0.8802134306063019,0.0011924033588235,0.0650040601647818,2009,0.2462365441666666
4224,Jadhang,99,0,0.0,,,,0,0,Stable,Stable,-0.2903317392619704,1.436897184867803,1.43272541627957,-0.0007824726134585,0.996121301281044,-0.0002283263477011,-0.0155277061394503,2009,0.08554829575
4226,Mana,99,0,0.0,,,,0,0,Stable,Stable,-11.142502009854564,6.1144796581268945,5.433173639327957,-0.0704225352112676,0.3842112081012248,-0.0150781542613636,-0.2594711283821401,2009,0.9857119875
4227,Jadh Ganga,99,0,0.0,,,,0,0,Stable,Stable,-1.0827872482141976,3.348111981880682,3.3118590522849463,0.0031298904538341,0.972854241056627,0.0006176469078224,0.0182945788667644,2009,0.3342577483333333
4228,Bhagirathi,99,0,0.0,,,,0,0,Stable,Stable,-7.171829050734764,15.297978160549244,14.200833318655912,0.0046948356807511,0.9573544707267698,0.0023298575396825,0.0157624196748732,2009,1.394308275
4229,Jadh Ganga,99,0,0.0,,,,0,0,Stable,Stable,-6.77129823339428,10.980106796602271,10.236611019059138,-0.0297339593114241,0.7154148441443793,-0.0131412050670731,-0.1229095775916585,2009,1.3925389333333331
4230,Jadh Ganga,99,0,0.0,,,,0,0,Stable,Stable,1.3924848335359763,2.882098910376894,2.922231700591398,0.0406885758998435,0.6165763246166498,0.0041001344956636,0.141211024045877,2009,0.3837750416666667
4231,Jadh Ganga,99,0,0.0,,,,0,0,Stable,Stable,-4.609202196702834,14.867915027897729,14.182622761827956,-0.0078247261345852,0.9264090835829736,-0.0037759634653861,-0.0258457311018239,2009,1.894974175
4232,Yamuna,2,473,20725.69,Kotra Khambha Dam,11.13,1915.0,355,82,Drying,Moderate Drying,-10.077880895232113,3265.00861942803,2935.964939543011,-0.1901408450704225,0.0183883073144981,-14.497306697822822,-0.4671855849496164,2007,1128.7154083333332
4233,Dhauli Ganga,99,0,0.0,,,,0,0,Stable,Stable,-10.556041154908366,16.47014677748106,14.731551305376344,-0.0868544600938967,0.2826722921571671,-0.0418988102272728,-0.2678406174126626,2018,4.3870405
4234,Girthi Ganga,99,0,0.0,,,,0,0,Stable,Stable,28.556027490856508,14.724261499734848,18.92892566142473,0.0500782472613458,0.5369851790476614,0.0196914529255319,0.1195766612367875,2018,3.245604175
4235,Dhauli Ganga,99,0,0.0,,,,0,0,Stable,Stable,15.483895446317032,40.10067532895833,46.30982197016129,0.0461658841940532,0.5695150128741793,0.0613130984848486,0.1437945729451917,2018,11.762277116666668
4236,Rishi Ganga,99,0,0.0,,,,0,0,Stable,Stable,34.95013644427611,16.517225626988637,22.290018520430102,0.0978090766823161,0.2261060646956731,0.0491471882086999,0.259725928437236,1951,5.043666054545454
4237,Dhauli Ganga,99,2,1.69,Lata Tapovan (Ntpc) Dam,3.34,2023.0,0,2,Stable,Stable,22.04791894197566,59.277933886496214,72.34748470026882,0.0633802816901408,0.4338263387916083,0.1242801274981962,0.1920935340610297,1951,21.285068318181818
4238,Alaknanda,99,0,0.0,,,,0,0,Stable,Stable,-6.33872358147393,25.309189008579544,23.704909476612904,-0.0242566510172143,0.7668207233743265,-0.0250496928599953,-0.1018779859202129,2009,5.291291883333333
4239,Birahi Ganga,99,0,0.0,,,,0,0,Wetting,Significant Wetting,56.11183447061918,3.3715809465303033,5.263436866290323,0.3161189358372457,8.744356600076664e-05,0.0431515192484848,1.0319246701463414,1997,1.1703839441666666
4240,Alaknanda,99,3,364.69,Vishnu Gad Pipalkoti Hep Dam,3.97,2019.0,0,3,Stable,Stable,13.77182050177016,91.41566930785984,104.0052711954301,0.0837245696400626,0.3004608457455244,0.2406017117307693,0.2491151158269162,1997,32.318993416666665
4241,Alaknanda,99,3,364.69,Vishnu Gad Pipalkoti Hep Dam,20.79,2019.0,0,3,Stable,Stable,15.604691503839978,98.05821474232955,113.35989664704302,0.1032863849765258,0.2010703716465964,0.3266579626436783,0.3129687201377788,1997,34.386024666666664
4242,Nandakini,3,0,0.0,,,,0,0,Wetting,Significant Wetting,41.79162844278992,6.887066681412878,9.76528399951613,0.2253521126760563,0.0051864876922012,0.0540306267495331,0.6672986331394152,2008,2.225184958333333
4243,Kail Ganga,99,0,0.0,,,,0,0,Stable,Stable,31.763782617437215,6.195342494537878,8.163217616908602,0.0054773082942097,0.9496102610505924,0.0019313105621692,0.0276075357968052,1951,1.826026478181818
4244,Pindar,99,0,0.0,,,,0,0,Stable,Stable,30.05541601297049,18.518426641666668,24.084216807876345,-0.001564945226917,0.9883642704729187,-0.0010730624591503,-0.0051634996644762,1951,3.7037347
4245,Usra,99,0,0.0,,,,0,0,Stable,Stable,39.107097209198,4.30197420454356,5.984351438629033,0.043035993740219,0.5961255811424351,0.0058477013302669,0.1122711059111068,2015,0.7826623916666667
4246,Garara,99,0,0.0,,,,0,0,Stable,Stable,47.40371589426486,7.605087135833334,11.210181035215053,0.0641627543035993,0.4280899237449818,0.0216988250838701,0.2287705259742463,2015,1.537299225
4247,Paisuni,99,4,71.06,Maro Dam,2.65,1975.0,4,0,Stable,Stable,41.8258533573652,9.108345342405304,12.91798850860215,0.0907668231611893,0.2614107010975748,0.035595219027583,0.3217065222825536,2015,2.1592500416666667
4248,Baghain,99,0,0.0,,,,0,0,Stable,Stable,22.47641966885442,8.618052637064395,10.555082315053763,0.1017214397496087,0.2080075791290077,0.0363491738020834,0.3783302173612801,2007,1.5193211583333337
4249,Baghain,99,2,1.49,Bhawanipur Dam,21.86,1981.0,2,0,Stable,Stable,43.58130935198048,9.400141078655304,13.496845641666669,0.1330203442879499,0.0992937105549984,0.0688251287126068,0.6020005832812351,2007,2.05292355
4250,Ken,99,68,626.4,Ghoora Dam,35.84,2000.0,60,7,Stable,Stable,-9.015125898520983,388.8616062331439,353.80524286021506,-0.1486697965571205,0.0654148135012158,-1.8986636770833336,-0.5127203367406727,2007,73.76043541666667
4251,Yamuna,99,461,20561.46,Rasin Dam,60.12,,344,81,Drying,Moderate Drying,-10.458281541870154,3232.770311835227,2894.678091021505,-0.1956181533646322,0.0152762722967985,-14.790243485497696,-0.4824243906307982,2007,1120.1521741666668
4252,Yamuna,99,0,0.0,,,,0,0,Stable,Stable,44.331157421951666,11.962429639564396,17.26551315456989,0.0492957746478873,0.5433363227635004,0.0255864040679825,0.1733722300905622,2015,2.3324120666666666
4253,Paisuni,99,4,71.06,Maro Dam,30.49,1975.0,4,0,Stable,Stable,35.23353502273855,16.05437120757576,21.710893709677418,0.0461658841940532,0.5694389703953568,0.0254619835227271,0.1336897037939582,2007,3.65881445
4254,Yamuna,99,465,20632.52,Ohen (Balmiki) Dam,31.39,1962.0,348,81,Drying,Moderate Drying,-10.219771531845687,3250.708184367424,2918.4932347580643,-0.1924882629107981,0.0169923916291623,-14.682339009740254,-0.4756286533221237,2007,1124.2526641666666
4255,Paisuni,99,0,0.0,,,,0,0,Stable,Stable,28.168594507556826,6.1393404653125,7.868706386424731,0.0062597809076682,0.9418648650720488,0.000452046804617,0.0063711563653888,2007,1.3032583075
4256,Yamuna,2,4,72.97,Bardha Dam,12.4,1930.0,3,1,Stable,Stable,22.636407282371348,4.712110652698863,5.7787632116397845,0.0211267605633802,0.7966408781072201,0.0026342155437352,0.0495099985429513,2010,0.9684108625
4257,Ken,99,0,0.0,,,,0,0,Stable,Stable,0.9402045783301152,3.371340641475379,3.4030381405376344,-0.0133020344287949,0.8725493270758475,-0.0024309322174873,-0.0712282880262015,2007,0.44580731
4258,Ken,99,1,0.0,Virat Sagar Dam,22.0,1550.0,1,0,Drying,Moderate Drying,-20.582513082921444,11.128270885814397,8.837793074838709,-0.2120500782472613,0.0085401277215746,-0.0732055515509259,-0.7271716298082092,2007,1.3863202666666667
4259,Ken,99,68,626.4,Salar Pur Dam,49.55,1960.0,60,7,Stable,Stable,-8.913323112333783,392.3797360746212,357.4056623709677,-0.1463223787167449,0.069794016954328,-1.9419497886904769,-0.5193782628110982,2007,74.24036083333333
4260,Ken,99,69,626.4,Virat Sagar Dam,48.39,1550.0,61,7,Stable,Stable,-8.67417366963014,410.6393713151515,375.0197990913979,-0.1416275430359937,0.0792746695613286,-1.9441570926840088,-0.4959407348598803,2007,77.46807891666667
4261,Shyam,99,0,0.0,,,,0,0,Drying,Moderate Drying,-17.30816048679566,5.157215316767045,4.264596213091398,-0.1768388106416275,0.0283490181052474,-0.0279697778473464,-0.5899964472715725,2015,0.8235595125
4262,Shyam,99,2,49.35,Kabrai Dam,31.29,1955.0,2,0,Drying,Moderate Drying,-10.08282254441166,10.781152370227272,9.694107908494624,-0.1697965571205008,0.0352982734777433,-0.0585846098968407,-0.5733690501297146,2015,1.6131782666666667
4263,Shyam,99,2,49.35,Kabrai Dam,41.52,1955.0,2,0,Drying,Moderate Drying,-11.464986482709715,17.12627903130682,15.162753455376343,-0.1674491392801252,0.0379168470815372,-0.0859123119212962,-0.5317612788601822,2015,2.650058025
4264,Shyam,99,2,49.35,Kabrai Dam,54.32,1955.0,2,0,Drying,Moderate Drying,-14.890150218812328,21.579045992575757,18.365893628494625,-0.1752738654147105,0.0297820147381433,-0.1119757298085016,-0.5580637713297198,2015,3.361800483333333
4265,Shyam,99,0,0.0,,,,0,0,Drying,Mild Drying,-8.75433874499993,3.259804520852273,2.974430190672043,-0.1635367762128325,0.0426480936108946,-0.0176478611259315,-0.5677021905972296,2015,0.4965697125
4266,Shyam,99,2,49.35,Chandrawal Dam,16.77,1973.0,2,0,Drying,Moderate Drying,-11.729711918372695,5.41593531335606,4.780661703413979,-0.1854460093896713,0.0214839452766919,-0.0344043496153846,-0.6762831831254238,2015,0.7686705675000001
4267,Shyamri,99,0,0.0,,,,0,0,Drying,Moderate Drying,-13.12169070661614,10.227036068422349,8.885076027069893,-0.1619718309859155,0.0446757073699612,-0.0608261529671717,-0.6379529724883833,2015,1.621201975
4268,Mirhasan,99,5,6.45,Rampura Dam,12.36,1989.0,5,0,Stable,Stable,-10.601910235711411,18.211895838238636,16.281086989247314,-0.1197183098591549,0.1381593548578981,-0.0708740105138453,-0.4096887039158671,2007,2.8651437166666667
4269,Shyamri,99,1,2.32,Bagha Nalla Dam,32.54,1975.0,1,0,Drying,Moderate Drying,-14.372426558515164,19.685948022405302,16.856599600537635,-0.1619718309859155,0.0446757073699612,-0.1039389282327586,-0.5694764061167493,2015,3.1375873416666664
4270,Ken,99,11,25.18,Chiraha Dam,23.41,1976.0,10,0,Stable,Stable,-4.928983591853109,65.80108772587121,62.55776290860215,-0.1173708920187793,0.1460814066032256,-0.2579476063686797,-0.4027548331822352,2007,11.710758166666666
4271,Sonar,99,39,214.05,Teergarh Dam,46.19,2001.0,36,3,Drying,Mild Drying,-8.142848773737693,212.2935171727273,195.0067771129032,-0.1752738654147105,0.0297820147381433,-1.2026153346674875,-0.5935655049685052,2007,45.745269416666666
4272,Ken,99,50,239.24,Chiraha Dam,30.66,1976.0,46,3,Drying,Mild Drying,-7.383106058950655,278.1934432839015,257.6541263172043,-0.1604068857589984,0.0467840412182611,-1.4503046542623157,-0.5436976019430569,2007,57.47708133333333
4273,Ken,99,55,245.69,Rampura Dam,21.87,1989.0,51,3,Drying,Mild Drying,-7.662923202926359,301.16632855928026,278.08818408870974,-0.1619718309859155,0.0446757073699612,-1.5597863616793308,-0.5406598778908066,2007,61.185609166666666
4274,Ken,99,57,306.48,Gangau Dam,0.62,1915.0,53,3,Drying,Mild Drying,-8.118664358105924,322.43619007045453,296.25867802956986,-0.1635367762128325,0.0426480936108946,-1.660144463716109,-0.5386584204487801,2007,64.68050699999999
4275,Sonar,99,11,127.97,Vindhya Wasini Dam,54.46,1986.0,10,1,Drying,Moderate Drying,-10.124081184030237,111.75914674876894,100.44456000134409,-0.1791862284820031,0.0263110318424979,-0.6657394812424969,-0.6296921756903117,2007,21.138163875
4276,Banne,99,4,178.8,Rangawan Dam,4.13,1988.0,2,2,Stable,Stable,-15.827452576451275,12.405219215454546,10.441789027123656,-0.1564945226917058,0.0524237495324275,-0.069010886158272,-0.6039052351668657,2007,1.8197034
4277,Ken,99,63,519.21,Beniganj Dam,12.83,1974.0,57,5,Drying,Mild Drying,-8.748487401429344,346.29145338977276,315.9961892177419,-0.1596244131455399,0.047869222228202,-1.7818507635561107,-0.5398920036796063,2007,68.10654233333334
4278,Banne,99,3,14.56,Burha Dam,13.53,1969.0,1,2,Stable,Stable,-14.992677353778165,4.616021644068182,3.923956412392473,-0.1580594679186228,0.0501031170657237,-0.0201346702039548,-0.471745202669518,2015,0.5827936983333334
4279,Banne,99,0,0.0,,,,0,0,Stable,Stable,-16.03140798002498,5.795572066140151,4.86646026344086,-0.1572769953051643,0.0512524381857006,-0.0315142125818764,-0.5908401800380833,2015,0.8935510066666666
4280,Khudar,99,0,0.0,,,,0,0,Drying,Moderate Drying,-19.500583480835644,4.996435101501894,4.022101103467742,-0.1854460093896713,0.0214839452766919,-0.0287603943773148,-0.6358043204222238,2015,0.5843524433333334
4281,Ken,99,63,519.21,Beniganj Dam,23.0,1974.0,57,5,Stable,Stable,-8.902834479832208,351.34006486060605,320.06084042473117,-0.1580594679186228,0.0501031170657237,-1.777222414148109,-0.5311331138643864,2007,68.72165058333333
4282,Kutni,99,1,3.5,Ghoora Dam,3.6,2000.0,0,1,Drying,Moderate Drying,-18.131505643654243,9.86287532328788,8.074587527419355,-0.1713615023474178,0.0336396362882374,-0.0591961916071428,-0.6589170435481944,2015,1.0642448775
4283,Ken,99,64,522.7,Ghoora Dam,9.98,2000.0,57,6,Stable,Stable,-9.167072180342318,361.6049411215909,328.45635516129033,-0.1564945226917058,0.0524237495324275,-1.7817103411458426,-0.5180025350559412,2007,69.95598116666666
4285,Bearma,99,5,9.9,Belhara Dam,8.83,1981.0,5,0,Stable,Stable,-5.408712852833409,9.449216351755682,8.938135372446236,-0.1103286384976525,0.1719356894136239,-0.0359720412777777,-0.3943438501318168,2022,1.733063
4286,Bearma,99,5,9.9,Jalheridhana Dam,9.74,1958.0,5,0,Stable,Stable,-5.1955310196981195,16.39032836910985,15.538763774462366,-0.1158059467918622,0.1515528899820817,-0.0654349554166666,-0.4130983733679793,2022,3.1682048
4287,Bearma,99,5,17.48,Tejgarh Dam,4.66,1961.0,5,0,Drying,Mild Drying,-7.000301297870277,43.84214905657197,40.77306652715054,-0.1611893583724569,0.0457196359547174,-0.225940967116013,-0.5372740691885811,2022,10.179754
4288,Bearma,99,2,20.26,Mala Dam,9.7,1929.0,2,0,Stable,Stable,-5.333811763195005,4.983777301660985,4.717952001693549,-0.1259780907668231,0.1186511412291453,-0.02463207598395,-0.5114233521819647,2007,1.1567975933333334
4289,Bearma,99,14,32.47,Jumnera Dam,5.22,1910.0,14,0,Stable,Stable,-6.49517853453774,64.00574462327651,59.84845723763441,-0.1478873239436619,0.0668486627705615,-0.3055151293979416,-0.4965787466125465,2022,14.19635
4290,Bearma,99,21,63.78,Pondi Dam,4.23,1974.0,20,1,Stable,Stable,-6.314387372666684,75.9396948830303,71.14456837849463,-0.1439749608763693,0.074411043509887,-0.3564048639880953,-0.4878422605250294,2022,17.063272
4291,Bearma,99,6,14.39,Kulwa Dam,4.98,1967.0,6,0,Stable,Stable,-3.097112378049319,4.669224687308712,4.524613551559139,-0.1400625978090766,0.0826584385801731,-0.0273407187476808,-0.6000758978413577,2007,0.8740624683333333
4292,Bearma,99,28,86.08,Teergarh Dam,4.8,2001.0,26,2,Stable,Stable,-6.024262718370981,84.48448868818181,79.39492113333333,-0.1439749608763693,0.074411043509887,-0.4057705456452546,-0.4985916890242649,2022,18.978033
4293,Bearma,99,0,0.0,,,,0,0,Stable,Stable,-6.247077955975108,4.411610291439394,4.136013557419354,-0.1369327073552425,0.0897769955648337,-0.0224566324766899,-0.5288719486375271,2007,0.7563025533333333
4294,Bearma,99,28,86.08,Teergarh Dam,27.11,2001.0,26,2,Stable,Stable,-5.876945011037835,98.57614635564394,92.78288044032256,-0.1455399061032863,0.0713061686235174,-0.4880821275545636,-0.5136430815640308,2022,22.383776
4295,Sonar,99,0,0.0,,,,0,0,Drying,Moderate Drying,-15.74135067136896,4.722280452549242,3.978929726827957,-0.2112676056338028,0.0087875073390921,-0.0333999708858401,-0.767989141871528,2007,0.6114503983333334
4296,Kopra,99,2,5.07,Basni Dam,10.8,1979.0,2,0,Drying,Mild Drying,-8.71149432831258,18.703025557727273,17.07371254704301,-0.1838810641627543,0.0226121439825603,-0.1047820229370914,-0.5884877183066193,2007,3.870628325
4297,Sonar,99,9,122.91,Vindhya Wasini Dam,33.21,1986.0,8,1,Drying,Mild Drying,-9.971862153649877,70.96157283602273,63.885382610752686,-0.1987480438184663,0.0137146275540558,-0.4414594430921049,-0.6570322885716812,2007,13.603808658333334
4298,Sonar,99,11,127.97,Jamunia Dam,36.04,1981.0,10,1,Drying,Mild Drying,-9.711326715244162,89.69776816647727,80.9869248435484,-0.1838810641627543,0.0226121439825603,-0.5392596877631584,-0.6342297849145062,2007,17.48089295833333
4299,Ken,99,2,3.27,Katra Dam,8.64,,1,0,Stable,Stable,-3.129122141290317,19.12549033246212,18.52703037983871,-0.0845070422535211,0.295945273327078,-0.0507905213464522,-0.269507245265521,2007,3.0974238083333336
4300,Katni,99,6,27.12,Amadi Dam,12.89,1927.0,6,0,Stable,Stable,-4.0927932284788975,25.362651037897727,24.324610173655916,-0.0970266040688575,0.2298567173580998,-0.0773079006077872,-0.3105308034667983,2007,4.131195891666667
4301,Patne,99,7,14.51,Imalia Dam,15.08,1979.0,7,0,Stable,Stable,-3.59984463118701,24.283249555397727,23.4090903,-0.1572769953051643,0.0512524381857006,-0.1421348649186538,-0.6010827296590322,2007,4.610617183333333
4302,Ken,99,4,10.68,Amua Dam,16.73,1975.0,3,0,Stable,Stable,-5.406398897623078,36.04784797630682,34.098957520698924,-0.0915492957746478,0.2573526206385808,-0.105377481827731,-0.2996364543646878,2007,6.018970433333333
4303,Sonar,99,0,0.0,,,,0,0,Drying,Mild Drying,-4.542075842354578,4.57706220740341,4.369168570591398,-0.1932707355242566,0.0165482115872315,-0.0264686198611111,-0.5957931509808445,2007,0.9598347816666668
4304,Bewas,99,0,0.0,,,,0,0,Drying,Moderate Drying,-15.002637552272748,5.9307042995208334,5.040942229166666,-0.2143974960876369,0.0078349202709093,-0.0418640404137398,-0.7630076014059018,2007,0.835995385
4305,Bewas,99,4,101.1,Vindhya Wasini Dam,25.31,1986.0,3,1,Drying,Moderate Drying,-12.445121445170928,31.32589366373106,27.427348153494624,-0.2050078247261345,0.0110083948201196,-0.2021765518734644,-0.6893894010565136,2007,4.998747325
4306,Sonar,99,5,21.81,Nagda Nalla Dam,46.02,1964.0,5,0,Drying,Mild Drying,-7.304811553430322,35.709207821079545,33.10071748252688,-0.2050078247261345,0.0110083948201196,-0.2164985515189522,-0.6325627818143307,2007,8.048487841666667
4307,Bearma,99,0,0.0,,,,0,0,Drying,Mild Drying,-6.991778087225212,16.164007832083335,15.033856274462366,-0.190923317683881,0.0179122373108715,-0.086750328185544,-0.5595784451285285,2015,3.4565559416666667
4308,Bearma,99,2,7.42,Bansichikhli Dam,5.52,1990.0,2,0,Stable,Stable,-7.0220954937063125,13.779955258939395,12.812313641666666,-0.1564945226917058,0.0524237495324275,-0.0671939283843873,-0.5082514217711136,2022,3.5038464
4326,Rihand,99,1,1.55,Bajiya Dam,26.88,1992.0,0,1,Stable,Stable,6.3188763055103845,28.99262005755682,30.82462785672043,0.043035993740219,0.5961979541459173,0.0454603417635658,0.1513712588777989,2010,5.124573341666667
4327,Rihand,99,1,1.55,Bajiya Dam,41.85,1992.0,0,1,Stable,Stable,-0.6061806828668422,197.3898756401515,196.193336344086,-0.0328638497652582,0.6865925646666557,-0.1238231155036988,-0.0628937578974566,2015,70.41874633333333
4328,Neur,99,0,0.0,,,,0,0,Stable,Stable,27.286954470855175,11.080203705132575,14.10365384543011,0.1345852895148669,0.0953994240486899,0.0518632502046131,0.4128361529009899,2015,3.949940908333333
4329,Gopat,99,0,0.0,,,,0,0,Stable,Stable,23.716187074582955,19.45374718592803,24.06743426155914,0.0899843505477308,0.2655174106364968,0.0610384086016949,0.2807402574143139,2015,6.272591841666666
4330,Gopat,99,3,14.59,Chhotakidhar Dam,1.09,,1,0,Stable,Stable,26.05370935688272,42.27576232867425,53.29016657419355,0.1071987480438184,0.184382389699079,0.1670388139467593,0.3500049729624594,2015,14.009571833333334
4331,Gopat,99,1,4.2,Bamraha Dam,0.19,1975.0,1,0,Stable,Stable,10.227823059180617,4.719613242827651,5.20232693438172,0.0461658841940532,0.5694389703953568,0.004772121155035,0.0964391225902252,2015,1.3996187008333332
4332,Gopat,99,9,42.06,Mahuagaon Dam,5.12,1991.0,5,2,Stable,Stable,20.189473491785137,57.27679985530303,68.84068417903227,0.1048513302034428,0.1942156449756917,0.2449157198183758,0.3887469199044659,2015,18.112998416666667
4333,Gopat,99,1,1.46,Ahilo Dam,8.73,2001.0,0,1,Stable,Stable,15.832919234963557,3.8225427472045457,4.427762853091398,0.136150234741784,0.0915984476642908,0.0206906188302139,0.5005168767420507,2015,1.0958400166666666
4334,Gopat,99,15,54.89,Nibuha Dam,4.51,1975.0,9,4,Stable,Stable,19.437254441741164,69.05015862935606,82.4716136545699,0.1071987480438184,0.184382389699079,0.2639557656249994,0.3484668803458203,2015,21.396863666666665
4335,Gopat,99,8,145.21,Pokharidul Dam,7.77,,4,1,Stable,Stable,27.46570164658802,17.124622768655303,21.82802056639785,0.1416275430359937,0.0792155467343602,0.0951720047348483,0.4874672490943173,2015,4.955148858333334
4336,Mayar,99,7,11.68,Basaura Dam,2.33,1986.0,6,0,Stable,Stable,47.879173912077995,6.314807425903409,9.338285055564516,0.096244131455399,0.2336035282963466,0.0251136905320512,0.3195283212757212,2015,1.8406147
4338,Son,99,0,0.0,,,,0,0,Stable,Stable,33.68862303284399,6.7232789209659085,8.988259012096774,0.068075117370892,0.4002575143911704,0.0232228562990195,0.2924845706408412,2010,1.6646254083333334
4339,Son,99,0,0.0,,,,0,0,Stable,Stable,26.277999956037068,14.72678350971591,18.59668767392473,0.0571205007824726,0.4808394724171594,0.0469152717977407,0.2787394930844054,2015,3.7026514583333334
4340,Rihand,99,14,10829.59,Obra Dam,12.56,1970.0,9,4,Stable,Stable,4.288911020298403,222.09904064867425,231.6246708790323,0.0250391236306729,0.7594077836691946,0.1707432059884558,0.0750875816222138,2010,76.33213875
4341,Son,99,104,7080.48,Kargara Dam,8.38,1978.0,79,13,Stable,Stable,4.926853231069418,541.126117295644,567.7866068897849,0.0688575899843505,0.3949258884499005,0.6895770194713466,0.1239994628869249,2015,196.64632658333335
4342,Son,99,118,17910.07,Kargara Dam,10.0,1978.0,88,17,Stable,Stable,4.747804487910764,763.8523490776515,800.118565188172,0.0500782472613458,0.5369851790476614,1.144639922470552,0.1459661568689024,2015,273.54952583333335
4343,Kanhar,99,0,0.0,,,,0,0,Drying,Mild Drying,-7.847714963465201,42.01664243147727,38.71929609623656,-0.1924882629107981,0.0169923916291623,-0.1812471458705355,-0.4497246749451921,1989,16.180722866666667
4344,Mawai,99,1,7.73,Sehra Dam,14.03,,0,0,Stable,Stable,3.5566999499649103,5.2455816713882575,5.432151272069892,-0.0179968701095461,0.8268225771319824,-0.0015105000275423,-0.0283369479471721,1965,1.4135873283333331
4345,Banas,99,0,0.0,,,,0,0,Stable,Stable,5.08382801672833,18.423634476268937,19.360260367473117,-0.014866979655712,0.8572298396075151,-0.0041498851976495,-0.0220164823375113,1965,5.424557983333333
4346,Banas,99,1,7.73,Sehra Dam,21.98,,0,0,Stable,Stable,4.598021233482026,24.37485435910985,25.49561533817204,-0.0140845070422535,0.864870809885431,-0.0043575109597578,-0.0175109899187594,1965,7.029726516666667
4347,Banas,99,3,4.65,Chitron Dam,13.37,1979.0,3,0,Stable,Stable,0.412176912457103,8.755414414189394,8.791502210994624,-0.0453834115805946,0.5760569374913183,-0.0076487269671861,-0.0871892382312926,2015,2.4164684333333333
4348,Banas,99,4,12.38,Chitron Dam,24.43,1979.0,3,0,Stable,Stable,3.4594636755428314,33.435816187594696,34.592516103225805,-0.0211267605633802,0.7966408781072201,-0.0184346229843305,-0.0542791347355435,1965,9.686777366666666
4349,Son,99,1,1.47,Lakhnoute Dam,16.15,1983.0,1,0,Stable,Stable,1.4880845268675325,9.04672149450947,9.181344357258064,-0.028169014084507,0.7299315899264964,-0.0047257766842105,-0.0518826644487113,2015,2.657945675
4350,Banas,99,0,0.0,,,,0,0,Stable,Stable,0.6439679023643125,4.155486251412879,4.18224624905914,-0.0258215962441314,0.7519696384274834,-0.0019294938188809,-0.046272317092936,2015,1.0639402975
4351,Banas,99,5,14.01,Khadda Dam,6.1,2002.0,3,1,Stable,Stable,3.0268926281889605,38.72665232268939,39.89886650698924,-0.0211267605633802,0.7966408781072201,-0.0133931751802278,-0.0341106788506051,1965,11.0953445
4352,Banas,99,2,2.97,Akhetpur Dam,3.14,1983.0,2,0,Stable,Stable,-1.1402908075664684,4.5735387958295455,4.521387153360215,-0.0125195618153364,0.8801900120830837,-0.000400356636158,-0.0087929391602142,2007,1.3101563633333333
4353,Banas,99,9,29.04,Budwa Dam,10.26,1972.0,6,2,Stable,Stable,1.848537144340341,50.06124140159091,50.986642043817206,-0.0140845070422535,0.864870809885431,-0.0146137371346155,-0.0289378320404448,2015,14.386292491666666
4354,Banas,99,5,144.25,Mahan Dam,1.24,2009.0,4,1,Stable,Stable,-2.2256562518231644,9.102432331484849,8.899843477231183,-0.0242566510172143,0.7667761206136001,-0.0055753638268048,-0.061777034048878,2007,2.0829205416666667
4355,Banas,99,14,173.29,Mahan Dam,10.84,2009.0,10,3,Stable,Stable,1.2154327861711005,59.18315865649621,59.902490170698925,-0.0101721439749608,0.9032513608823464,-0.0132699817564102,-0.0222862294027623,2015,16.752281516666667
4356,Son,99,58,6683.54,Madhwani (Ncfl) Dam,8.46,1974.0,48,4,Stable,Stable,-0.2617632101379683,335.7692889371212,334.89036846774195,0.0078247261345852,0.9264090835829736,0.0675905199016095,0.0200779758245836,2007,132.32556083333333
4357,Son,99,0,0.0,,,,0,0,Stable,Stable,-2.3909272240489208,3.961021710210227,3.8663165637903223,0.0117370892018779,0.8878668327270147,0.0009773243051994,0.0248909376055087,2007,0.7475347541666667
4358,Gopat,99,0,0.0,,,,0,0,Stable,Stable,21.98688912702912,5.311596378933713,6.4794511856451615,0.0743348982785602,0.3581182271134235,0.0131899172184684,0.2237254771671243,2015,1.4460661
4359,Goini,99,0,0.0,,,,0,0,Stable,Stable,22.22552898295399,8.49031130280303,10.377327902150537,0.0899843505477308,0.2655174106364968,0.0263285733872441,0.2793786984806601,2015,2.973643041666667
4360,Son,99,0,0.0,,,,0,0,Stable,Stable,-2.055716411796604,4.339355320621212,4.250150481129032,-0.0500782472613458,0.5369049834288016,-0.0035294320050837,-0.0819375739262949,1979,1.6244821499999995
4361,Son,99,30,220.38,Buchki Dam,19.39,1980.0,25,2,Stable,Stable,5.920417505991673,172.98153937064393,183.2227687096774,0.0751173708920187,0.3531492045378603,0.2905152509496203,0.1625977918428356,2015,74.44501908333334
4362,Son,99,30,220.38,Buchki Dam,22.45,1980.0,25,2,Stable,Stable,5.723032786178873,177.3580885965909,187.50835015591397,0.069640062597809,0.3895461398198647,0.282632819616977,0.1544314683860175,2015,76.50052083333334
4369,Katni,99,8,40.2,Khitoli Dam,10.74,1977.0,6,0,Stable,Stable,-10.412879302560553,16.358467593219697,14.655080106989248,-0.1244131455399061,0.1232391937775123,-0.0519912109395109,-0.3325625642977914,1979,5.130987341666667
4370,Katni,99,8,40.2,Dhangaon Dam,8.61,,6,0,Drying,Moderate Drying,-11.91294794282484,58.37218452092803,51.418336565860216,-0.1619718309859155,0.0446757073699612,-0.2667156307672765,-0.4823405094775269,2007,18.195676375
4371,Ghodchhatra,99,1,0.95,Ratheli Dam,12.08,1976.0,1,0,Stable,Stable,-10.969848214698487,6.904805759147727,6.147359047849462,-0.1447574334898278,0.0727886663680057,-0.0232386838599537,-0.3531074177577666,2007,2.710038275
4372,Johilla,99,13,192.52,Tikara Dam,12.23,1983.0,13,0,Stable,Stable,-0.2825520628236791,30.737909784185604,30.651059186021502,-0.0164319248826291,0.8420193729632897,-0.0060241104890047,-0.0195067186333086,2007,10.569617858333332
4373,Johilla,99,15,194.43,Buchki Dam,2.09,1980.0,15,0,Stable,Stable,-0.5399455783151623,49.425396675094696,49.15852643118279,-0.0117370892018779,0.8878887714688604,-0.0224174907090742,-0.0451954148975226,2007,17.678850666666666
4374,Son,99,3,4.9,Deori Dam,1.51,1978.0,3,0,Stable,Stable,-2.920372326465628,5.015125218092803,4.868664889086022,-0.0328638497652582,0.6865341058523953,-0.0043067132995185,-0.0869017712124363,2007,1.1113747566666667
4375,Son,99,55,6678.64,Chateni Dam,10.1,1988.0,45,4,Stable,Stable,-0.1933633627227418,328.2637323721591,327.6289905806451,0.0109546165884194,0.8955746395901789,0.07136306287929,0.0216755025068085,2007,130.70609141666668
4376,Son,99,0,0.0,,,,0,0,Stable,Stable,15.767458779607082,4.855869504664772,5.621516727204301,0.1322378716744914,0.1013043068288241,0.018335849030797,0.3492381674385019,2015,1.9011599475
4377,Gohirari,99,0,0.0,,,,0,0,Stable,Stable,15.350027813995744,6.0327592042500005,6.958789420053764,0.1283255086071987,0.1118481190825073,0.0235692223827306,0.3623596614703962,2015,2.2801131666666667
4378,Tipan,99,4,3.99,Kantoor Nalla Dam,10.76,1988.0,4,0,Stable,Stable,-6.123891908838135,14.622859891534093,13.727371757795698,-0.0837245696400626,0.3004608457455244,-0.0256734809722221,-0.181035203039551,2015,5.376472058333333
4379,Son,99,1,3.08,Latar Dam,7.51,1976.0,1,0,Stable,Stable,6.9105155784323395,37.962420981439394,40.58581999731183,0.096244131455399,0.2336514116323842,0.0799588309283311,0.2034118246468957,2015,19.405025916666663
4380,Son,99,2,7.91,Sidoli Dam,6.74,1980.0,2,0,Stable,Stable,8.24458850518644,46.098578914204545,49.89921705241935,0.1087636932707355,0.1781202302036497,0.1136321367666022,0.236487815647878,2015,22.452848
4381,Son,99,6,11.89,Sidoli Dam,7.62,1980.0,6,0,Stable,Stable,5.98116731207341,74.40195969431818,78.85206538709677,0.0860719874804381,0.2870510439241154,0.1638040703057716,0.2134335527473127,2015,32.90737425
4382,Son,99,6,11.89,Sidoli Dam,20.17,1980.0,6,0,Stable,Stable,6.715946103764277,80.75789048238637,86.18154688172042,0.0954616588419405,0.2374903017794887,0.1858659160319594,0.222308600711608,2015,35.391790916666665
4383,Son,99,12,21.47,Pongri Dam,6.42,1981.0,9,1,Stable,Stable,7.243826131352053,90.58066846458334,97.1421745967742,0.0993740219092331,0.2187362348479968,0.203935909609304,0.2168231948780192,2015,39.10331358333333
4384,Son,99,5,8.67,Haridi Dam,5.63,,2,1,Stable,Stable,9.104124251528452,6.619106918418561,7.221718636612903,0.0305164319248826,0.7081143589272578,0.0044273669047618,0.0635362865694588,2007,2.4297771666666668
4385,Kunu,99,3,4.49,Kuni Dam,13.29,,1,1,Stable,Stable,11.83503523717933,14.352066222026515,16.050638316666667,0.1126760563380281,0.1628793542302933,0.0484335924953032,0.3184733782876815,2015,5.2204235500000005
4386,Son,99,15,25.95,Silpari Dam,6.65,1988.0,10,2,Stable,Stable,8.165742476570607,108.5005204617424,117.3603935483871,0.0970266040688575,0.2298567173580998,0.2636309469627597,0.233010110980386,2015,45.65318966666666
4387,Son,99,0,0.0,,,,0,0,Stable,Stable,15.128140605619606,9.102946173276516,10.480052669623657,0.0735524256651017,0.3632275290855857,0.0206741771051864,0.2101862407844932,2007,3.452914475
4388,Son,99,15,25.95,Kuni Dam,19.54,,10,2,Stable,Stable,8.525158170583431,123.34031584375,133.85527285752687,0.1009389671361502,0.2115405604429467,0.312425614412568,0.2424598039726859,2015,51.25995366666667
4396,Ghaghara,99,0,0.0,,,,0,0,Stable,Stable,-20.22569578755508,20.690178450492425,16.50544589919355,-0.1181533646322378,0.1434029848368121,-0.068496632885529,-0.3639161072029794,2013,7.557372291666667
4397,Ghaghara,99,14,1058.56,Patkhauli Dam,208.89,,8,4,Drying,Moderate Drying,-19.40681175249272,1861.6851613882577,1500.3914266935485,-0.1940532081377151,0.0161142616026639,-7.259003566849824,-0.4277426498504953,2014,642.5529133333333
4398,Ghaghara,99,0,0.0,,,,0,0,Stable,Stable,-20.629044459177745,28.208434031458335,22.38930363387097,-0.1251956181533646,0.1209645271040109,-0.0969572400902407,-0.3785125247831064,2013,9.960132666666668
4399,Ghaghara,99,14,1058.56,Patkhauli Dam,228.45,,8,4,Drying,Moderate Drying,-19.43036552160764,1894.3082583882576,1526.2372396774194,-0.1979655712050078,0.0140912111519222,-7.300386556800912,-0.4227977184850448,2014,656.6039816666666
4400,Ganga,1,0,0.0,,,,0,0,Stable,Stable,-21.689013057985587,8.825776650454547,6.911552800268817,-0.137715179968701,0.0879526610876704,-0.0314543853302588,-0.3948889177156468,1966,2.800813091666667
4401,Ganga,1,14,1058.56,Patkhauli Dam,240.32,,8,4,Drying,Moderate Drying,-19.440533054555633,1903.894701880682,1533.7674230376344,-0.1979655712050078,0.0140912111519222,-7.32016495767196,-0.4218259978278614,2014,661.3092083333332
4402,Ganga,1,558,27858.39,Gointha Dam,92.68,1992.0,422,96,Drying,Moderate Drying,-12.79035512977996,5561.558300255681,4850.215242903226,-0.2050078247261345,0.0110083948201196,-23.233572658617465,-0.4443974226438313,2007,2489.278836666667
4404,Ganga,1,558,27858.39,Gointha Dam,112.0,1992.0,422,96,Drying,Moderate Drying,-12.768197243504712,5577.446875808711,4865.307457553764,-0.2057902973395931,0.010705896503248,-23.083243609775664,-0.4402156031603695,2007,2523.94213
4405,Ghaghara,99,572,28916.95,Gointha Dam,127.33,1992.0,430,100,Drying,Moderate Drying,-14.46925473338585,7483.300244772727,6400.522469892474,-0.2143974960876369,0.0078349202709093,-30.56311793924465,-0.4378164232706637,2009,3772.5248000000006
4406,Ganga,1,0,0.0,,,,0,0,Stable,Stable,-6.335013834471878,11.482134993560608,10.754740153225804,-0.0125195618153364,0.8802134306063019,-0.0027709635233917,-0.0248968905115726,1983,3.827761283333333
4407,Ganga,1,572,28916.95,Gointha Dam,138.85,1992.0,430,100,Drying,Moderate Drying,-14.457873639456626,7494.969739147727,6411.356484946236,-0.2143974960876369,0.0078349202709093,-30.536857224025997,-0.4367331070310435,2009,3779.947400000001
4409,Ganga,1,0,0.0,,,,0,0,Stable,Stable,-4.060370316172035,7.448089058825758,7.14566906155914,-0.0031298904538341,0.972854241056627,-0.0010171556910569,-0.0139502908638815,1983,2.4727641416666666
4410,Ganga,1,0,0.0,,,,0,0,Stable,Stable,0.9783055362963298,8.062498334579546,8.141374202150537,-0.0344287949921752,0.6723474310081521,-0.0096061762103174,-0.1193348980960368,1973,1.614107165
4411,Son,99,153,19540.32,Dhankai Dam,107.62,1979.0,114,20,Stable,Stable,1.0417391887783507,1087.140574496212,1098.4657438978493,0.0344287949921752,0.6723474310081521,0.9356179320987612,0.0853651575917883,2010,455.92283
4414,Rapti,99,0,0.0,,,,0,0,Drying,Severe Drying,-45.39617164042203,18.742403529109847,10.234069853494624,-0.2926447574334898,0.0002819407928926,-0.180338339039075,-1.2040843126728242,2016,1.5726288916666666
4415,Rapti,99,0,0.0,,,,0,0,Drying,Severe Drying,-43.26772691947626,24.621563393655304,13.968372581182797,-0.2848200312989045,0.0004091250147599,-0.2278339750385803,-1.1441115493964586,2016,2.068889158333333
4416,Rapti,99,8,468.45,Chittaurgarh Dam,157.31,1985.0,7,0,Stable,Stable,-18.026185603763263,506.519430525947,415.21329786021505,-0.1580594679186228,0.0501031170657237,-1.5395138155878656,-0.3316005298147936,2014,122.43282375
4417,Rapti,99,8,468.45,Chittaurgarh Dam,172.96,1985.0,7,0,Drying,Moderate Drying,-19.203195143579435,532.2522271668561,430.042793327957,-0.1658841940532081,0.0397528841892749,-1.807048903230674,-0.3724435326565294,2014,127.37608533333334
4418,Ghaghara,99,6,590.12,Patkhauli Dam,124.21,,1,4,Drying,Moderate Drying,-18.787485300197655,1241.1527521212122,1007.9713612634408,-0.2050078247261345,0.0110083948201196,-4.481619337572152,-0.3948593942259547,2014,495.6742175
4419,Ghaghara,99,14,1058.56,Patkhauli Dam,137.99,,8,4,Drying,Moderate Drying,-18.89901310524126,1778.4972389545455,1442.378812688172,-0.1870109546165884,0.0204050771252752,-6.606439027777791,-0.4065581061601485,2014,624.8926858333333
4420,Ghaghara,99,0,0.0,,,,0,0,Stable,Stable,-5.002909736868917,3.5887116172840905,3.4091716143548387,-0.0665101721439749,0.411332624869805,-0.0081458564087301,-0.2313996234853633,1967,0.8744527966666666
4421,Ghaghara,99,14,1058.56,Patkhauli Dam,159.49,,8,4,Drying,Moderate Drying,-18.86003987083391,1783.7540973768942,1447.3373634139784,-0.1870109546165884,0.0204050771252752,-6.650942444566276,-0.4080030694730224,2014,627.0959825
4422,Ghaghi,99,0,0.0,,,,0,0,Drying,Severe Drying,-31.50784571553964,26.22877073433712,17.964650118279568,-0.2151799687010954,0.0076117177286572,-0.1685944203231292,-0.7480312533776211,2015,3.4167352666666666
4423,Ghaghi,99,0,0.0,,,,0,0,Drying,Severe Drying,-40.496275169986056,28.537151667727272,16.98066820268817,-0.2918622848200313,0.0002927536719805,-0.2406501107651515,-1.028120961818739,2016,2.3652269666666665
4424,Ghaghara,99,0,0.0,,,,0,0,Drying,Severe Drying,-35.1532938111331,57.612583437310604,37.3598627094086,-0.2472613458528951,0.0021589580682042,-0.4190557938126572,-0.8621955986967318,2016,6.348423608333333
4425,Ghaghara,99,14,1058.56,Patkhauli Dam,175.53,,8,4,Drying,Moderate Drying,-19.37985181315438,1842.784542496212,1485.6556289247312,-0.1885758998435054,0.0193737725524369,-7.130934482793116,-0.4244688278955763,2014,637.4511683333334
4428,Rapti,99,0,0.0,,,,0,0,Drying,Severe Drying,-43.606479862450726,12.07304473308712,6.808414912768818,-0.2738654147104851,0.0006787751394352,-0.1071918721210692,-1.1005085459528583,2016,1.1543274666666667
4429,Bansi,99,0,0.0,,,,0,0,Drying,Severe Drying,-34.89665267300564,22.51541171119318,14.65828668844086,-0.2480438184663536,0.0020897650030546,-0.1645158618981481,-0.8679053030446865,2015,3.1150250833333337
4430,Gandak,99,0,0.0,,,,0,0,Drying,Severe Drying,-43.72299384565902,21.066290016420457,11.85547732903226,-0.2934272300469484,0.0002715030076816,-0.1873188947135415,-1.1039499198451708,2015,1.485512
4431,Gandak,99,0,0.0,,,,0,0,Stable,Stable,8.56865536859641,672.407319005303,730.023584844086,0.1557120500782472,0.0536173590173576,2.20622328592995,0.317980007819268,2014,198.53968508333332
4432,Ghaghara,99,0,0.0,,,,0,0,Stable,Stable,-20.167316841173697,7.242387506109848,5.781792270887097,-0.1275430359937402,0.1141285546765966,-0.0255968373579545,-0.3883530489275441,2015,1.3362766558333334
4433,Gandak,99,0,0.0,,,,0,0,Stable,Stable,-12.201583529771916,21.042592900681814,18.47506335107527,-0.0837245696400626,0.3004608457455244,-0.0604298528061222,-0.3053694442162204,2014,3.0055585
4434,Gandak,99,0,0.0,,,,0,0,Stable,Stable,7.493380306987088,706.2364247691288,759.1574059435484,0.1392801251956181,0.0843937096804527,2.0510001683333337,0.2827337416747633,2014,210.56312258333332
4435,Ghaghara,99,14,1058.56,Patkhauli Dam,188.89,,8,4,Drying,Moderate Drying,-19.39024400863339,1853.688979248106,1494.2541630107526,-0.190923317683881,0.0179122373108715,-7.1844722767857165,-0.4251520796168251,2014,640.3577483333333
4436,Ghaghara,99,0,0.0,,,,0,0,Drying,Moderate Drying,-21.594572194033564,4.460873981850378,3.4975673293548386,-0.2128325508607198,0.0082989932510908,-0.0308216322748655,-0.7620583821615371,2010,0.8528917891666667
4437,Tamasa,99,0,0.0,,,,0,0,Drying,Moderate Drying,-18.86483942643351,5.017981426087121,4.071347287607527,-0.1979655712050078,0.0140912111519222,-0.0311271051038182,-0.6745237645540968,2010,1.0090176008333334
4438,Gandak,99,0,0.0,,,,0,0,Stable,Stable,5.913669994077473,740.6829548986742,784.4845005537635,0.1134585289514867,0.1600508953506154,1.727213822082834,0.2285486048214963,2014,225.63937625000003
4439,Rohini,99,0,0.0,,,,0,0,Stable,Stable,-11.660894111912,15.465929816837122,13.66246411747312,-0.0586854460093896,0.468865731616952,-0.0245149838977072,-0.1681168263808296,2014,2.0431982833333335
4440,Rohini,99,0,0.0,,,,0,0,Stable,Stable,-6.703704011045638,20.22206160348485,18.866434448655916,-0.0195618153364632,0.8117251184237138,-0.0074346754689754,-0.0380978862076617,2014,3.2463001166666667
4441,Dande,99,0,0.0,,,,0,0,Stable,Stable,-4.276841047358863,33.54122161977273,32.10671688575268,-0.0070422535211267,0.9341368400799536,-0.0049094592350132,-0.0150112207383388,2014,5.898976533333333
4442,Gandak,99,0,0.0,,,,0,0,Stable,Stable,0.1804429629081403,10.911848732537878,10.931538395698924,0.0555555555555555,0.4930689350662878,0.0166965231316136,0.154127962537144,2014,1.4691571783333333
4443,Rohini,99,0,0.0,,,,0,0,Drying,Severe Drying,-31.34572672171313,7.053994803075757,4.842868869139784,-0.2261345852895148,0.0050326014329802,-0.0450891500356125,-0.7447602289827339,2015,0.6187762108333333
4444,Rohini,99,0,0.0,,,,0,0,Stable,Stable,-10.329371633041488,39.69790446617424,35.59736038333333,-0.041471048513302,0.6097495826361756,-0.0446995956249999,-0.1186288460663146,2014,6.140208358333333
4445,Rohini,99,0,0.0,,,,0,0,Stable,Stable,-17.14351246930409,60.75312579445076,50.337906098387094,-0.1071987480438184,0.1844688401424208,-0.1650774229629632,-0.2953529088655683,2014,10.414553866666669
4446,Danau,99,0,0.0,,,,0,0,Stable,Stable,-4.452928310776291,11.573407183011364,11.058051658037634,-0.0031298904538341,0.972854241056627,-0.0010431518889183,-0.0092390630516585,2014,2.3374363333333332
4447,Rohini,99,0,0.0,,,,0,0,Drying,Severe Drying,-38.91258469030547,10.210494154318182,6.23732696922043,-0.2535211267605634,0.0016595808139703,-0.0763062364435927,-0.904244505249841,2015,1.5289487666666668
4448,Rohini,99,0,0.0,,,,0,0,Stable,Stable,-20.511193816846983,72.09938189242425,57.31093793172043,-0.149452269170579,0.0640064196823606,-0.2369470101960779,-0.3629120951903801,2014,13.099434725
4449,Rapti,99,8,468.45,Chittaurgarh Dam,100.42,1985.0,7,0,Stable,Stable,-17.070057781988545,398.1131736606061,330.1550248790322,-0.1525821596244131,0.0586209915547202,-1.2048504553921564,-0.3287198427172724,2014,98.09024133333332
4450,Aami,99,0,0.0,,,,0,0,Stable,Stable,-20.624122045695337,29.028617683598487,23.041720144354837,-0.1463223787167449,0.069794016954328,-0.1255867943300858,-0.4776759852390158,2015,5.170927266666667
4451,Rapti,99,8,468.45,Chittaurgarh Dam,131.59,1985.0,7,0,Stable,Stable,-17.70471469694625,472.9594142147727,389.22329929569895,-0.1486697965571205,0.0654148135012158,-1.5132644422161183,-0.348568645381501,2014,112.12611666666668
4453,Aami,99,0,0.0,,,,0,0,Stable,Stable,-23.28013301704396,7.083262643498105,5.434269678145162,-0.1517996870109546,0.0599307645519324,-0.0357771772817459,-0.5650248538936359,2015,1.03108329
4456,Rapti,99,4,21.96,Khairman Dam,37.5,1958.0,3,0,Stable,Stable,-14.182822075716858,182.98824470965909,157.03534754301077,-0.1025039123630672,0.2045175818967932,-0.4355300639249211,-0.255151454811034,2014,46.0367225
4457,Rapti,99,4,446.49,Chittaurgarh Dam,58.56,1985.0,4,0,Drying,Moderate Drying,-23.724859325116583,103.32467436590908,78.81104072446236,-0.2057902973395931,0.010705896503248,-0.4809678453302374,-0.5215716228696364,2014,27.764972333333333
4458,Rapti,99,4,21.96,Khairman Dam,98.4,1958.0,3,0,Stable,Stable,-15.286515142082752,193.66061288939392,164.05665397580646,-0.1118935837245696,0.1659132551678417,-0.5010803269969282,-0.2787911291260156,2014,48.26134558333334
4459,Rapti,99,8,468.45,Chittaurgarh Dam,72.63,1985.0,7,0,Stable,Stable,-18.43671946876071,301.1223237090909,245.60524562903228,-0.1502347417840375,0.0626231601579987,-0.9087667637566132,-0.3299075295178752,2014,77.07551666666667
4460,Rapti,99,0,0.0,,,,0,0,Stable,Stable,-11.954044360704328,85.48238473418562,75.26378254247312,-0.0751173708920187,0.3531492045378603,-0.152618585260617,-0.1894296053073854,2014,17.00832875
4461,Manorama,99,1,163.0,Patkhauli Dam,49.29,,0,0,Stable,Stable,-28.21454387527605,72.38219793816288,51.959890943010755,-0.1463223787167449,0.069794016954328,-0.3043960618820039,-0.4816588193565819,2015,16.953390000000002
4462,Ghaghara,99,1,163.0,Patkhauli Dam,73.0,,0,0,Stable,Stable,-23.90258751301915,96.21187063929924,73.21474406182796,-0.1267605633802817,0.1163725878670813,-0.3580115339506172,-0.4173411195485111,2015,21.856737
4463,Ghaghara,99,5,427.12,Sarda Sagar Dam,374.27,1962.0,1,4,Drying,Moderate Drying,-18.204665284760974,1115.8262805890151,912.6938410483872,-0.1971830985915492,0.0144768911150616,-3.959542232638889,-0.3869699439768546,2014,449.8268325
4464,Ghaghara,99,0,0.0,,,,0,0,Drying,Severe Drying,-31.23457918483179,6.453946215149621,4.438083274032258,-0.2081377151799687,0.0098422674777653,-0.0420059272095959,-0.7568343170948283,2016,1.3130910808333331
4465,Ghaghara,99,6,590.12,Patkhauli Dam,109.82,,1,4,Drying,Moderate Drying,-18.72780337238588,1232.9202519147727,1002.0213713978494,-0.1987480438184663,0.0137146275540558,-4.407700927337398,-0.3908350357700444,2014,492.96833
4490,Gandak,99,0,0.0,,,,0,0,Wetting,Mild Wetting,12.240085915092967,313.0602568532197,351.3791012580645,0.1752738654147105,0.0297820147381433,1.2133036367736263,0.369252760970799,2014,82.60028166666666
4491,Gandak,99,0,0.0,,,,0,0,Wetting,Mild Wetting,11.53214978678098,501.6807086926136,559.5352794704302,0.1830985915492957,0.0231953061378926,1.9795400228435664,0.3773088002357767,2014,177.35460708333335
4493,Gandak,99,0,0.0,,,,0,0,Wetting,Mild Wetting,13.570418296866729,241.33110781060608,274.0807486209677,0.189358372456964,0.0188754161116084,1.0620668187974465,0.4166465257398408,2014,70.36853741666667
4507,Gandak,99,0,0.0,,,,0,0,Wetting,Mild Wetting,12.236122310217414,97.26448061808712,109.16588143091396,0.162754303599374,0.0436519583160017,0.3585580159313727,0.3509660862569225,2014,15.052392725
4508,Gandak,99,0,0.0,,,,0,0,Wetting,Mild Wetting,10.958596428446356,168.16719618049245,186.59596053494624,0.1666666666666666,0.0388256459148681,0.6893643642307696,0.3921330911547187,2014,28.685819166666665
4525,Gandak,99,0,0.0,,,,0,0,Stable,Stable,6.2157480188612215,8.58427259584091,9.117849349650538,0.054773082942097,0.4992226615640707,0.0111962482242063,0.1282064935181942,2014,0.7398856716666667
4535,Ganga,1,0,0.0,,,,0,0,Stable,Stable,-3.7473755230104473,3.265090509157197,3.142735306612903,-0.0782472613458529,0.3333500217009937,-0.0067807947157244,-0.2123829312111279,1973,0.5528019316666667
4536,Adari,99,0,0.0,,,,0,0,Stable,Stable,-4.985151484837312,3.3516913645416664,3.1846044727150535,-0.0406885758998435,0.6165763246166498,-0.0038352988448327,-0.1170408307847446,1966,0.8347623025
4537,Dharmauti,99,0,0.0,,,,0,0,Stable,Stable,-11.795544597245586,3.5297084904015152,3.113360151263441,-0.0657276995305164,0.4168901819911785,-0.0068613662162698,-0.2054331811612949,2005,0.9491317016666666
4538,Punpun,99,0,0.0,,,,0,0,Stable,Stable,-17.84755555272259,3.711094478274621,3.0487548296505373,-0.0985915492957746,0.2223992928970508,-0.0094334983333333,-0.2757460335003249,2010,0.9942230441666666
4539,Madad,99,0,0.0,,,,0,0,Stable,Stable,-14.228545345453211,3.723259482350379,3.1934938185752686,-0.0782472613458529,0.3333500217009937,-0.0079566739948361,-0.2279942218597204,2010,1.0779061458333332
4540,Punpun,99,0,0.0,,,,0,0,Stable,Stable,-17.352763288798144,4.975896547892045,4.11244099844086,-0.0586854460093896,0.468865731616952,-0.0083894554371584,-0.1826261396442163,2010,1.5182256458333334
4541,Sorhur,99,0,0.0,,,,0,0,Stable,Stable,-7.130925030171532,5.738375904477272,5.32917662077957,-0.1017214397496087,0.2080075791290077,-0.0169650199767441,-0.3070639350780481,1966,1.84909985
4542,Ganga,1,0,0.0,,,,0,0,Stable,Stable,3.4987031241052886,5.060349207804924,5.237395803629032,-0.0219092331768388,0.7891853811696212,-0.0032160816483516,-0.0628692510485738,2010,1.3956680166666666
4543,Batane,99,3,1383.86,North Koel Dam,6.64,,2,0,Stable,Stable,-10.793677927408558,6.1888742509412875,5.520867096962366,-0.122848200312989,0.1281167746084108,-0.0214230975231481,-0.3648001974678609,2005,1.5802412833333337
4544,Dharmauti,99,0,0.0,,,,0,0,Stable,Stable,-3.133126082131852,6.243303408333333,6.047692840860215,-0.0367762128325508,0.6511998403435748,-0.0067924190421502,-0.110631231342818,2010,1.7824843
4545,Ganga,1,0,0.0,,,,0,0,Stable,Stable,0.1441993983086368,6.876090119715909,6.886005400295699,-0.0892018779342723,0.2698087511110099,-0.016751525490196,-0.244342367704512,2015,1.3107966333333334
4547,Punpun,2,0,0.0,,,,0,0,Stable,Stable,-10.549557287062605,8.15952390067235,7.298730252419355,-0.0876369327073552,0.2783390390292886,-0.0207468114258488,-0.2670997168209004,2005,1.9154445
4548,Dardha,99,0,0.0,,,,0,0,Stable,Stable,-19.563508889620557,10.231437975776515,8.229809697849463,-0.0758998435054773,0.3481310090480654,-0.0183099889635604,-0.1956297386444497,2010,2.7513801499999997
4549,Madad,99,0,0.0,,,,0,0,Stable,Stable,-10.216028859218865,9.934317974583331,8.919425183333333,-0.0602503912363067,0.4570151459561868,-0.0147549133333332,-0.1555606945512342,2010,2.9284419916666664
4550,Morhar,99,0,0.0,,,,0,0,Stable,Stable,-9.56583363424199,11.762810754829546,10.637599847311828,-0.109546165884194,0.1750075721504624,-0.0369033252469873,-0.3292213420739719,2010,3.8455915
4551,Dharmauti,99,0,0.0,,,,0,0,Stable,Stable,-6.87989068895998,11.067045630303031,10.30564498844086,-0.056338028169014,0.4869560812360789,-0.0198729767992423,-0.1855880091632746,2010,3.1663381833333335
4552,Ganga,1,0,0.0,,,,0,0,Stable,Stable,0.6596957293144727,13.216127743352274,13.303313973655914,-0.0477308294209702,0.5563907438061542,-0.0222916114583334,-0.1688419033360974,2010,3.6731473
4553,Punpun,2,3,1383.86,North Koel Dam,32.27,,2,0,Stable,Stable,-10.558497876610309,14.881660536780302,13.310380725,-0.0985915492957746,0.2223992928970508,-0.0440024601269687,-0.3108628370149813,2005,3.6487152333333337
4554,Madad,99,0,0.0,,,,0,0,Stable,Stable,-11.72029166463118,15.489448384034093,13.674039856182794,-0.0579029733959311,0.4748541917264841,-0.0260651585302653,-0.1774336779788164,2010,4.501951933333333
4555,Mohana,99,1,12.34,Buksa Dam,29.88,1982.0,1,0,Stable,Stable,-3.546737783797836,24.183605896136363,23.325876808333337,-0.0312989045383411,0.7009498978605979,-0.0180551118097643,-0.0760574780965686,2010,6.2415455
4556,Lilajan,99,3,9.44,Sudhari Nala Dam,19.65,,2,0,Stable,Stable,-11.307563364194518,22.952515392670456,20.357145170967744,-0.0923317683881064,0.2532906725868418,-0.0474789408701351,-0.2183907920036589,2010,6.076474091666667
4557,Punpun,2,3,1383.86,North Koel Dam,40.58,,2,0,Stable,Stable,-9.418034004153355,20.932763525852273,18.961308738978495,-0.081377151799687,0.3142817897068723,-0.0481818894101731,-0.2405643292972105,2005,5.3628551
4558,Morhar,99,0,0.0,,,,0,0,Stable,Stable,-11.557749271995975,28.91485975643939,25.57295276344086,-0.1087636932707355,0.1781202302036497,-0.0750693401010102,-0.2745395005023985,2010,9.04923205
4559,Dardha,99,0,0.0,,,,0,0,Stable,Stable,-13.849690994373834,43.25958611407197,37.26826711182795,-0.0852895148669796,0.2914753538276562,-0.0932027936988304,-0.2299021182202688,2010,13.101484833333332
4560,Punpun,2,3,1383.86,North Koel Dam,64.23,,2,0,Stable,Stable,-10.57847007774879,42.717653570795456,38.19877936989247,-0.0712050078247261,0.3789212200049066,-0.0772813140514183,-0.1899262382444035,2010,12.605183025
4561,Phalgu,99,4,21.78,Satgharwa (N.F) Dam,52.5,1976.0,3,0,Stable,Stable,-8.324494187769432,57.50239868443182,52.715614848118285,-0.0571205007824726,0.4808844025592613,-0.07578472408999,-0.1371035510977239,2010,15.492132666666668
4562,Punpun,2,3,1383.86,North Koel Dam,107.53,,2,0,Stable,Stable,-12.515854246010294,60.33810999905303,52.78628009677419,-0.0837245696400626,0.3004608457455244,-0.1167175583333333,-0.2048741359227038,2010,17.80272875
4563,Tamasa,2,0,0.0,,,,0,0,Drying,Moderate Drying,-29.509400923660024,96.34436859384468,67.91372259811827,-0.2261345852895148,0.0050326014329802,-0.6151972865196083,-0.735992433362071,2015,22.00378075
4564,Ganga,1,0,0.0,,,,0,0,Drying,Moderate Drying,-29.37859571967168,113.2990470217803,80.01337804301075,-0.2386541471048513,0.0030714064521351,-0.7434180718005953,-0.7557709884031112,2015,25.655128083333334
4565,Koel,99,8,335.56,Dhankai Dam,27.54,1979.0,5,0,Stable,Stable,-10.592342802691146,173.53201858768938,155.1509123064516,-0.137715179968701,0.0879526610876704,-0.5419517404214562,-0.3292695876860856,2010,59.200978416666665
4566,Son,99,145,19204.76,Chatania Ghat Dam,23.2,1984.0,109,20,Stable,Stable,3.755113814390683,882.8882420340909,916.041700376344,0.0406885758998435,0.6165763246166498,1.018264478511537,0.1128530765126917,2015,333.1143183333333
4567,Ganga,1,558,27858.39,Gointha Dam,42.81,1992.0,422,96,Drying,Moderate Drying,-12.487225142259604,5417.7762845,4741.246362150538,-0.1979655712050078,0.0140912111519222,-21.31788911764704,-0.4180054851644291,2007,2402.636455
4568,Ganga,1,558,27858.39,Gointha Dam,53.13,1992.0,422,96,Drying,Moderate Drying,-12.454743561353771,5433.191406869319,4756.501349946236,-0.1987480438184663,0.0137146275540558,-21.4497052612434,-0.4193309438037641,2007,2420.795356666667
4569,Ganga,1,558,27858.39,Gointha Dam,71.15,1992.0,422,96,Drying,Moderate Drying,-12.800324714792152,5549.092298094697,4838.790465215054,-0.2034428794992175,0.0116362624122536,-23.202239778645847,-0.4448170462704218,2007,2471.7031583333332
4570,Ganga,1,558,27858.39,Gointha Dam,103.38,1992.0,422,96,Drying,Moderate Drying,-12.784981031032508,5565.191834431818,4853.68311405914,-0.2050078247261345,0.0110083948201196,-23.304372632575735,-0.4454496153082837,2007,2496.039075
4571,Gandak,99,0,0.0,,,,0,0,Stable,Stable,-16.45605844563122,8.147404165625,6.806662574327957,-0.0782472613458529,0.3333500217009937,-0.0188687121215336,-0.2499459800031737,2018,2.506429
4572,Gandak,99,0,0.0,,,,0,0,Stable,Stable,-19.10972453641465,20.539538906647728,16.614489600537635,-0.1071987480438184,0.1844688401424208,-0.059451409034553,-0.3162869424083261,1966,6.792176783333333
4573,Gandak,99,0,0.0,,,,0,0,Drying,Moderate Drying,-12.512036261158451,8604.795328655304,7528.160216935484,-0.1877934272300469,0.0198835881588574,-29.337240625000614,-0.3617893608418572,2009,4385.570741666666
4574,Gandak,2,0,0.0,,,,0,0,Stable,Stable,1.3403608562507818,4.763498550657197,4.82734662061828,0.0258215962441314,0.7520168837093886,0.0032683864704545,0.0684407685348293,1992,1.3562369666666667
4575,Baya,99,0,0.0,,,,0,0,Stable,Stable,-1.2349052597194947,23.808115586401517,23.514107914784947,0.0078247261345852,0.9264090835829736,0.0049480483189363,0.0209151899701924,2013,7.967178341666667
4576,Burhi Gandak,99,0,0.0,,,,0,0,Stable,Stable,1.701450854949237,180.42520540757576,183.49505160752688,0.028169014084507,0.729982701029817,0.1276985633223681,0.0706310727171957,1982,84.373368
4577,Gandak,2,0,0.0,,,,0,0,Stable,Stable,5.505573279755514,768.0831172079545,810.3704960752689,0.107981220657277,0.1812739066944027,1.7150173716216233,0.2191811402415538,2014,246.11978958333336
4578,Ganga,1,0,0.0,,,,0,0,Stable,Stable,-20.490302598439047,3.782611994698863,3.007543350860215,-0.0602503912363067,0.4570151459561868,-0.007004430949345,-0.2034826599747061,2010,1.192172925
4587,Sukri,99,0,0.0,,,,0,0,Stable,Stable,-12.232695860574228,8.143216713079545,7.147081779301074,-0.096244131455399,0.2336514116323842,-0.0214480258928571,-0.2798842412389758,1966,2.5333089916666665
4588,Auranga,99,0,0.0,,,,0,0,Stable,Stable,-3.2537604581189914,11.137754374924242,10.77535852715054,-0.0539906103286385,0.5054169484685467,-0.0168618672919588,-0.1544519827178308,2010,3.668300833333334
4589,Auranga,99,1,0.0,Malay Dam,6.66,1985.0,1,0,Stable,Stable,-6.684458469052995,25.14493118768939,23.464128705376343,-0.0704225352112676,0.3842112081012248,-0.0469496563280859,-0.1934075970903706,1966,8.348243833333333
4590,Koel,99,0,0.0,,,,0,0,Stable,Stable,-7.724611963799714,60.11128152083334,55.46791827688172,-0.1447574334898278,0.0728450690975885,-0.214097923745237,-0.3708978317954677,1992,23.73993366666667
4591,Jinjoi,99,0,0.0,,,,0,0,Stable,Stable,-15.529880202434232,3.9797827902632577,3.3617272906182794,-0.1048513302034428,0.1943034957067921,-0.0112126401282051,-0.3034834832907601,1989,1.251437191666667
4592,Maila,99,0,0.0,,,,0,0,Stable,Stable,-10.093327595887995,5.457513508897728,4.906668791854838,-0.082942097026604,0.3050221061741585,-0.0110492169849536,-0.2128456881129952,1989,1.7727706208333334
4593,Amanat,99,2,137.62,Amanat Dam,7.6,,0,0,Stable,Stable,-12.52838539335662,28.20603635977273,24.672275420430108,-0.109546165884194,0.1750075721504624,-0.0748764678819444,-0.2820750362883163,2010,8.992411291666667
4594,Amanat,99,2,137.62,Amanat Dam,46.99,,0,0,Stable,Stable,-12.263732937811117,34.421498965454546,30.200138259139784,-0.1048513302034428,0.1943034957067921,-0.097285204042131,-0.2999611646354856,2010,11.147360575
4595,Amanat,99,2,137.62,Amanat Dam,50.53,,0,0,Stable,Stable,-12.609111063615408,38.433663250378785,33.587519965322585,-0.1032863849765258,0.2010703716465964,-0.1066729124258893,-0.2950289948040636,2010,12.421098041666667
4596,Koel,99,2,3.48,Butan-Duba Dam,8.03,1985.0,2,0,Stable,Stable,-7.472206481287193,88.3688126997159,81.76571254973119,-0.1220657276995305,0.1305725749769009,-0.253393634722222,-0.2981744890566134,2010,34.516833416666664
4597,Tahle,99,2,191.3,Tahlay Dam,3.05,,1,0,Stable,Stable,-12.797746765763463,13.38080758191288,11.668365712365592,-0.1322378716744914,0.1013715826141219,-0.0430112609661606,-0.3424498626008111,2010,3.5309706833333334
4598,Koel,99,4,141.1,Butan-Duba Dam,23.58,1985.0,2,0,Stable,Stable,-9.34611023519892,131.13025087064392,118.87467307258063,-0.1267605633802817,0.1163725878670813,-0.3411295605545249,-0.2726930227744715,2010,48.25005758333333
4599,Danru,99,0,0.0,,,,0,0,Stable,Stable,-11.245251670235271,8.568846935075758,7.605258531989247,-0.137715179968701,0.0879526610876704,-0.0286221826984127,-0.3531123411771135,2010,2.020384566666667
4600,Koel,99,7,333.25,Dhankai Dam,6.48,1979.0,4,0,Stable,Stable,-9.736805364488864,145.51372952575758,131.3453409032258,-0.1236306729264475,0.1256970363380287,-0.411689102272727,-0.2971060303022632,2010,52.04860725
4601,Koel,99,7,333.25,Dhankai Dam,12.51,1979.0,4,0,Stable,Stable,-10.05283357601906,158.00075037670453,142.11719789247311,-0.1291079812206572,0.1097427908383938,-0.4690206822263095,-0.3121937000412627,2010,55.09781433333333
4602,Kanhar,99,7,48.19,Ramchandrapur T. Dam,7.01,1994.0,5,1,Drying,Mild Drying,-7.383686092504925,64.4442403967803,59.685879981182794,-0.1651017214397496,0.0406988466168358,-0.2477379251937985,-0.3996332656834328,2010,22.064888
4603,Banki,99,0,0.0,,,,0,0,Drying,Moderate Drying,-20.91473263900772,5.185420748429924,4.100903862688172,-0.2355242566510172,0.0034822784468204,-0.0329378061342591,-0.704618993003831,2005,1.1531835658333334
4604,Barhki,99,1,2.31,Babhani Khand Dam,22.65,1987.0,1,0,Stable,Stable,-11.456775753081889,7.365972672916667,6.522069701747312,-0.1118935837245696,0.1659132551678417,-0.0205541881235827,-0.2945942400336377,2010,1.897135175
4605,Koel,99,7,333.25,Dhankai Dam,19.82,1979.0,4,0,Stable,Stable,-10.405949568085362,163.32459922613637,146.3291237983871,-0.1330203442879499,0.0993603128712026,-0.5041163224681005,-0.3251652439846469,2010,56.54410008333334
4607,Kanhar,99,0,0.0,,,,0,0,Stable,Stable,-8.10780653519921,8.01049976503788,7.361023941586021,-0.1165884194053208,0.1487979476229255,-0.0272560692103174,-0.354596224987963,2010,1.6949610333333334
4608,Kanhar,99,0,0.0,,,,0,0,Stable,Stable,-8.163625922310667,12.598409734848484,11.569922691935483,-0.1212832550860719,0.1330647393021264,-0.0389317448473748,-0.3223952518869541,2010,2.622371083333334
4610,Kanhar,99,2,2.76,Bakia Dam,15.4,1992.0,1,1,Stable,Stable,4.283676856180641,11.844075729109848,12.351437659946235,0.0446009389671361,0.5827852327137752,0.0175434040954415,0.1439301213163246,2010,2.13742815
4611,Kanhar,99,12,950.1,Rajkhar Dam,8.19,1957.0,9,2,Stable,Stable,-3.0451667605411816,92.61518817414772,89.79490124865592,-0.0187793427230046,0.8192741807890083,-0.0471556907327575,-0.0515391516144055,2010,27.180369
4612,Panda,99,2,5.49,Chatania Ghat Dam,4.53,1984.0,2,0,Stable,Stable,-4.136719676146967,8.526759699450757,8.174031553225808,-0.0086071987480438,0.9186882634841276,-0.0033413995522769,-0.0395357672556177,2010,2.2655295
4613,Son,99,127,18090.38,Kota Dam,3.81,1960.0,94,18,Stable,Stable,4.799180002512977,770.8122493522727,807.8049166801075,0.0539906103286385,0.5054169484685467,1.136176844287471,0.1435256289658012,2015,275.3290416666667
4614,Son,99,143,19199.26,Dhartidolwa Dam,10.2,1958.0,107,20,Stable,Stable,3.924145964107875,870.554937221591,904.716783655914,0.0383411580594679,0.637254471508776,1.0941741787133614,0.1228937393400546,2015,326.650735
4615,Chaupat,99,0,0.0,,,,0,0,Stable,Stable,-4.782271030533001,5.065613479948864,4.823362113978495,-0.0931142410015649,0.2492735902518126,-0.0109999851509254,-0.2230522764399641,2010,1.8571101133333336
4616,Koel,99,0,0.0,,,,0,0,Drying,Mild Drying,-8.566733899358065,29.313646383484848,26.802424301612906,-0.1604068857589984,0.0467840412182611,-0.1001635626963621,-0.3574847547148023,2010,12.314917975
4617,Burha,99,0,0.0,,,,0,0,Drying,Mild Drying,-8.269497436832998,14.420716353939394,13.22819558467742,-0.1815336463223787,0.0244009069998485,-0.0656533914682539,-0.4753147191576651,1979,4.820138133333333
4618,Rihand,99,1,1.55,Bajiya Dam,15.07,1992.0,0,1,Stable,Stable,0.7382940709601947,5.716419534767046,5.758623521263441,0.0422535211267605,0.6029566352766689,0.0072425188176406,0.1256875168808638,2010,1.0522918008333333
4619,Rihand,99,0,0.0,,,,0,0,Stable,Stable,40.862804810174275,4.557814716539772,6.420265647768817,0.0007824726134585,0.9961205372252344,0.0,0.0,2010,0.6161377675
4620,Mayar,99,0,0.0,,,,0,0,Stable,Stable,57.3206663009977,2.4204013651496212,3.807791554811829,0.0798122065727699,0.3236748823939601,0.0084204878946393,0.2677631793882296,2015,0.6683300508333333
4621,Rihand,99,7,11.68,Garra Dam,8.12,1984.0,6,0,Stable,Stable,50.99671563930323,8.78085693342803,13.258805574462365,0.0993740219092331,0.2186455113511485,0.0337201966266511,0.3041676234711789,2015,2.524525025
4622,Rihand,99,10,16.38,Majholi Dam,8.74,1985.0,7,2,Stable,Stable,2.95846083486736,208.86082162405305,215.0398872311828,0.0117370892018779,0.8878887714688604,0.0692933240718322,0.0326548989066468,2015,73.53365325
4624,Kanhar,99,0,0.0,,,,0,0,Drying,Mild Drying,-9.323472205448052,8.734891197905302,7.920496044892473,-0.2245696400625978,0.0053446133501922,-0.0491144769074421,-0.5907830535793531,1979,3.2726004166666667
4644,Bhada,99,0,0.0,,,,0,0,Stable,Stable,-19.049296141704826,72.18436895651516,58.43375474596774,-0.1517996870109546,0.0599307645519324,-0.2603749257557189,-0.3959857295439702,2014,14.23726975
4657,Ghaghara,99,0,0.0,,,,0,0,Drying,Severe Drying,-39.64414832008435,15.866612930416668,9.576429366908602,-0.3943661971830985,9.816794590555844e-07,-0.1709474190104166,-1.315235961608621,2014,2.748656216666667
4658,Ghaghara,99,0,0.0,,,,0,0,Stable,Stable,-24.454507948001808,208.88450582689393,157.80282774731185,-0.1314553990610328,0.1034151436492392,-0.6328816929475505,-0.3387122440960421,2014,35.049451
4659,Ghaghara,99,0,0.0,,,,0,0,Stable,Stable,-18.645340253906443,340.68612532026515,277.1640380564516,-0.0727699530516431,0.3684765339307223,-0.5020006926587295,-0.1602856573630409,2014,68.30782
4715,Tamasa,2,0,0.0,,,,0,0,Drying,Severe Drying,-30.492512233366146,76.70973455643939,53.31900936263441,-0.2143974960876369,0.0078349202709093,-0.4937668569940479,-0.746330280994883,2015,16.42125916666667
4716,Tamasa,2,0,0.0,,,,0,0,Drying,Severe Drying,-30.242833714342215,90.58971632774622,63.19281905645161,-0.2261345852895148,0.0050326014329802,-0.5731154652436806,-0.7321959627276714,2015,20.08077125
4718,Kuthi Yankti,99,0,0.0,,,,0,0,Stable,Stable,-1.8013659079103614,12.759665692670454,12.529817424919354,-0.1158059467918622,0.1515528899820817,-0.044103642887931,-0.3500776564646831,2015,1.8500313916666664
4719,Ghaghara,99,0,0.0,,,,0,0,Stable,Stable,-40.978638605997645,4.183372317426136,2.469083293924731,-0.1564945226917058,0.0524237495324275,-0.0188489024397191,-0.551077788277105,1998,0.6804729275
4720,Manorama,99,0,0.0,,,,0,0,Drying,Severe Drying,-30.88857404136795,19.648875798125,13.57961824892473,-0.1596244131455399,0.047869222228202,-0.0841838091352513,-0.4978523212774614,1999,3.1972354500000004
4721,Ghaghara,99,0,0.0,,,,0,0,Stable,Stable,-35.14167184895244,30.846980274507576,20.006835691129034,-0.1471048513302034,0.0683082895953284,-0.1304446599537037,-0.5012047435443078,2002,7.76980305
4722,Ghaghara,99,5,427.12,Sarda Sagar Dam,284.97,1962.0,1,4,Drying,Moderate Drying,-17.606262181856792,1054.5111424431818,868.8511459677419,-0.1838810641627543,0.0226121439825603,-3.373442041954022,-0.3478827317854284,2014,423.57470916666665
4723,Ghaghara,99,5,427.12,Sarda Sagar Dam,298.18,1962.0,1,4,Drying,Moderate Drying,-17.721387169366142,1059.6547524375,871.8692310994624,-0.1838810641627543,0.0226121439825603,-3.434621906318083,-0.3526600746714079,2014,425.08877666666666
4724,Ghaghara,99,5,427.12,Sarda Sagar Dam,327.33,1962.0,1,4,Drying,Moderate Drying,-18.300408368341277,1101.552923287879,899.9642399327957,-0.1995305164319248,0.0133469605370395,-3.8854427513020866,-0.3848197206632041,2014,443.5917175
4725,Ghaghara,99,0,0.0,,,,0,0,Stable,Stable,-19.145951452044137,7.547457951060606,6.102425315887097,-0.1173708920187793,0.1460814066032256,-0.0267372017792792,-0.3882936935360468,2006,1.5150229916666664
4726,Karmanasa,99,2,316.03,Kohira Dam,31.73,1962.0,1,1,Stable,Stable,-15.711493241286217,30.69697602181818,25.874022708870967,-0.1064162754303599,0.1877052643373906,-0.0892474879629631,-0.3129298355777195,2010,10.844905025
4727,Karmanasa,99,2,316.03,Kohira Dam,42.79,1962.0,1,1,Stable,Stable,-16.19514526789087,39.55370740571969,33.14792703252688,-0.1134585289514867,0.1600508953506154,-0.1101191219449935,-0.3003411281663418,2010,13.780630391666667
4728,Karmanasa,99,4,489.53,Kohira Dam,51.47,1962.0,3,1,Stable,Stable,-11.32662389532623,80.24762315151516,71.1582766922043,-0.028169014084507,0.729982701029817,-0.0702515813725491,-0.0918590205637275,2010,27.774989166666668
4729,Karmanasa,2,0,0.0,,,,0,0,Stable,Stable,-17.456968856355047,5.4300221517916665,4.482104875860215,-0.1189358372456964,0.1407623970401941,-0.0193381001591915,-0.3862118497428942,2005,1.404162701666667
4730,Karmanasa,2,0,0.0,,,,0,0,Stable,Stable,-10.419632989720832,16.596594412007576,14.86729018548387,-0.0821596244131455,0.3096290813784828,-0.0377691579782197,-0.2389460177180825,2010,4.814552541666667
4731,Surai,99,0,0.0,,,,0,0,Stable,Stable,-10.637546326728852,6.910138235445077,6.175069079408603,-0.081377151799687,0.3142817897068723,-0.0146201388806818,-0.2228837645335547,2014,1.43940497
4732,Rapti,99,0,0.0,,,,0,0,Drying,Severe Drying,-34.379708499840994,8.240339890700756,5.40733505688172,-0.245696400625978,0.0023036845355648,-0.0571394491269841,-0.8197716587954287,2016,0.9242866866666668
4733,Banganga,99,0,0.0,,,,0,0,Stable,Stable,-6.042348801347374,11.153982431837122,10.480019908064516,-0.0328638497652582,0.6865925646666557,-0.0116933599604133,-0.1082635658385564,2014,2.1380115666666666
4734,Banganga,99,0,0.0,,,,0,0,Stable,Stable,-5.356230861959306,12.18934217965909,11.536452871962366,-0.0289514866979655,0.7226862070785358,-0.0086067240405701,-0.07280216926026,2014,1.933376025
4735,Banganga,99,0,0.0,,,,0,0,Stable,Stable,-9.176295411196495,27.99200996814394,25.42338044193548,-0.0618153364632237,0.4453347120023703,-0.0544683658311051,-0.2038980291062397,2014,5.034303808333333
4736,Sotwa,99,4,446.49,Chittaurgarh Dam,26.37,1985.0,4,0,Drying,Severe Drying,-31.69291081061169,58.949456909053026,40.26665810752688,-0.2206572769953051,0.0062024516095879,-0.3490179935213414,-0.6896572439262649,2015,15.4527945
4737,Sotwa,99,4,446.49,Chittaurgarh Dam,40.37,1985.0,4,0,Drying,Moderate Drying,-29.01466487669056,73.6068077404356,52.25003914811828,-0.2253521126760563,0.0051864876922012,-0.4204699341666665,-0.6565808491971458,2015,20.976163
4738,Jamwar,99,0,0.0,,,,0,0,Drying,Moderate Drying,-24.010142376750647,18.358135742007576,13.950321212634408,-0.2081377151799687,0.0098422674777653,-0.0905652869219322,-0.5539796905572971,2014,3.920788733333333
4739,Danau,99,0,0.0,,,,0,0,Stable,Stable,-8.763307161666033,25.289780292310606,23.073559164784943,-0.0461658841940532,0.5695150128741793,-0.0243618676325758,-0.1006836239491138,2014,5.133605166666666
4740,Danau,99,0,0.0,,,,0,0,Stable,Stable,-15.328153990344934,43.97590611176137,37.23521150430108,-0.1126760563380281,0.1629621955657656,-0.1146292153273808,-0.2808123115112199,2014,9.138782366666666
4741,Danau,99,0,0.0,,,,0,0,Stable,Stable,-8.150523163662127,11.676077947708333,10.72441650997312,-0.0383411580594679,0.637254471508776,-0.0122898878972154,-0.1097252890643965,2014,2.3090155083333332
4742,Jamwar,99,0,0.0,,,,0,0,Drying,Moderate Drying,-18.172221870563675,8.54959582465909,6.995944302365592,-0.1596244131455399,0.047869222228202,-0.0291733341280972,-0.3725394457587653,2014,1.8076015166666668
4743,Jamwar,99,0,0.0,,,,0,0,Drying,Moderate Drying,-28.144351147289104,8.400126418030302,6.035965342123656,-0.244131455399061,0.0024572477071083,-0.0509368583333333,-0.6950368456251368,2014,1.7885484500000002
4747,Rapti,99,0,0.0,,,,0,0,Stable,Stable,-9.153827256022026,5.3363944909261365,4.847910157526882,-0.0117370892018779,0.8878887714688604,-0.0018496858563899,-0.0364183284962684,2014,0.6848525375
4749,Rapti,99,0,0.0,,,,0,0,Stable,Stable,-10.701661739973858,47.808877034431816,42.69253273252688,-0.0258215962441314,0.7520168837093886,-0.0322084006127452,-0.0712361311650208,2014,5.702114708333333
4750,Rapti,99,4,21.96,Ghoghwa Dam,18.76,,3,0,Stable,Stable,-11.342213737699486,137.34657783020833,121.76843541129033,-0.0516431924882629,0.5242399029172564,-0.2055152092803008,-0.1584404393333519,2014,22.762252416666666
4751,Rapti,99,0,0.0,,,,0,0,Stable,Stable,-15.97953483664443,8.553966970549244,7.187082838575269,-0.1181533646322378,0.1434029848368121,-0.0234061125595238,-0.2950267112298549,2014,2.116484675
4752,Bhada,99,0,0.0,,,,0,0,Stable,Stable,-13.318222119663073,30.327883574753788,26.288748676075265,-0.0555555555555555,0.4930689350662878,-0.0470506641239316,-0.1659580988163902,2014,4.860808966666666
4756,Sotwa,99,1,9.25,Girgitahi Dam,21.37,1966.0,1,0,Stable,Stable,-21.26861874424378,16.255553012462123,12.79822141747312,-0.1322378716744914,0.1013715826141219,-0.047654390879382,-0.3243245315880779,2005,6.123587725
4757,Sarju,99,0,0.0,,,,0,0,Stable,Stable,-29.779822089193512,17.678178016875002,12.413648054838708,-0.1322378716744914,0.1013715826141219,-0.0661618890560875,-0.4318268458615827,2015,4.371789000000001
4759,Sotwa,99,4,446.49,Chittaurgarh Dam,19.32,1985.0,4,0,Drying,Severe Drying,-30.560888090461248,41.31733731465909,28.69039209596774,-0.2003129890453834,0.0129880329076426,-0.2251368848669622,-0.6310754556694183,2015,11.868279166666667
4760,Ghaghara,99,0,0.0,,,,0,0,Stable,Stable,-13.439271992953069,4.787730418873106,4.144294305591398,-0.0665101721439749,0.411332624869805,-0.0098642331081649,-0.2200233612063067,2006,1.0128747558333333
4761,Ghaghara,99,5,427.12,Sarda Sagar Dam,404.64,1962.0,1,4,Drying,Moderate Drying,-18.189608596063376,1123.1172545284091,918.8266218548388,-0.1940532081377151,0.0161142616026639,-3.974309922916668,-0.3858544459460999,2014,452.5967083333333
4762,Ghaghara,99,6,590.12,Patkhauli Dam,94.07,,1,4,Drying,Moderate Drying,-18.654283745310337,1220.0383387878787,992.4489252688172,-0.1995305164319248,0.0133469605370395,-4.3183574500000015,-0.3868226628107422,2014,488.9565758333333
4763,Sarju,99,0,0.0,,,,0,0,Drying,Severe Drying,-39.64060471121602,4.716348280375,2.8467593017473116,-0.1619718309859155,0.0446757073699612,-0.0219827305839172,-0.5658173990990809,1998,0.7100851266666667
4765,Ghaghara,99,0,0.0,,,,0,0,Drying,Severe Drying,-45.81894561447943,4.89307498607197,2.651119619327957,-0.2143974960876369,0.0078349202709093,-0.0299612435096153,-0.7683260665399488,1999,0.6144207549999999
4766,Manorama,99,1,163.0,Patkhauli Dam,18.23,,0,0,Stable,Stable,-20.93492880341769,4.746513866193181,3.7528345676612904,-0.1001564945226917,0.2151167171899746,-0.0159743512347647,-0.3724859796331943,1973,0.7501906616666667
4767,Manorama,99,1,163.0,Patkhauli Dam,30.13,,0,0,Drying,Moderate Drying,-28.652952226260947,50.16246883477272,35.78944060403226,-0.1588419405320813,0.0489754799236963,-0.2267637173726467,-0.5186585810621198,2015,10.98608945
4768,Ghaghara,99,5,427.12,Sarda Sagar Dam,262.63,1962.0,1,4,Drying,Moderate Drying,-17.437987768172064,1007.7909281799242,832.0524693951613,-0.1877934272300469,0.0198835881588574,-3.3799555349157213,-0.3644290055875349,2014,388.98490833333335
4770,Man,99,0,0.0,,,,0,0,Drying,Moderate Drying,-25.04632325012462,12.920207084810608,9.68417025376344,-0.2715179968701095,0.0007548407512556,-0.0759759252957203,-0.6624953366386631,2007,3.51417695
4771,Ghaghara,99,0,0.0,,,,0,0,Stable,Stable,-9.696841821991912,12.950279290511364,11.6945111922043,0.0156494522691705,0.8496314926030792,0.0049966160119047,0.0404404089518103,1966,4.433780325
4772,Babai,99,0,0.0,,,,0,0,Stable,Stable,-18.981188692343967,80.9787007625,65.60798077016129,-0.1463223787167449,0.069794016954328,-0.2720203586568773,-0.3685204224700887,2014,21.874049291666665
4773,Babai,99,0,0.0,,,,0,0,Stable,Stable,-19.72774676797654,100.07915044535984,80.33578907795699,-0.1557120500782472,0.0536173590173576,-0.3511321098484846,-0.3860847264164609,2014,31.137235083333337
4774,Ghaghara,99,0,0.0,,,,0,0,Stable,Stable,-19.05760216365596,3.6069289725416662,2.9195347986290323,-0.0782472613458529,0.3333500217009937,-0.0092426812782051,-0.2813225968072084,1973,0.569778985
4775,Babai,99,0,0.0,,,,0,0,Stable,Stable,-16.70830524237303,4.2183587097367425,3.513542460295699,-0.0352112676056338,0.6652683394768646,-0.0038847062940268,-0.0996612079813226,1977,1.4887934166666668
4776,Ghaghara,99,0,0.0,,,,0,0,Stable,Stable,-21.80643753608159,466.4103819962121,364.7028933844086,-0.1533646322378716,0.0573350791592417,-1.502292600789473,-0.356134924006719,2014,131.813218
4777,Sharda,99,5,427.12,Sarda Sagar Dam,169.61,1962.0,1,4,Drying,Moderate Drying,-16.253653999370364,828.0340133751894,693.448229844086,-0.1658841940532081,0.0397528841892749,-2.773277817708329,-0.3618163939747395,2014,302.1845470833333
4778,Sharda,99,5,427.12,Sarda Sagar Dam,147.59,1962.0,1,4,Drying,Mild Drying,-9.092529095770706,361.6099934185606,328.7304995537634,-0.2057902973395931,0.010705896503248,-1.6861368439886668,-0.4892472569800988,1991,114.3846775
4779,Mohana,99,0,0.0,,,,0,0,Drying,Severe Drying,-37.8120410150764,11.187815242045454,6.957473954032258,-0.3841940532081377,1.8524984579659789e-06,-0.1143204884353741,-1.2311191208534051,2007,2.253850725
4780,Sharda,99,0,0.0,,,,0,0,Stable,Stable,-14.909088179983248,9.148919275814396,7.784898833467742,0.0101721439749608,0.9032703219315256,0.0015016839223057,0.0176008385904383,1966,1.773310625
4781,Mohana,99,0,0.0,,,,0,0,Drying,Severe Drying,-34.63033068208656,12.104024434166666,7.912360746774193,-0.3458528951486698,1.766875336217666e-05,-0.1045435427125506,-1.0206828508304284,2007,2.7365816166666668
4782,Mohana,99,0,0.0,,,,0,0,Drying,Severe Drying,-39.30685818264862,34.886855182727274,21.173928491666665,-0.3951486697965571,9.342814411006372e-07,-0.3742831405009921,-1.3011503772131563,2007,6.748837783333333
4783,Suheli,99,0,0.0,,,,0,0,Drying,Severe Drying,-32.07695900307118,38.51868495924242,26.163062176344084,-0.365414710485133,5.745532577483559e-06,-0.2988062028484285,-0.9060848394655114,2019,13.754247175
4784,Mohana,99,0,0.0,,,,0,0,Drying,Severe Drying,-38.73104678343308,46.3840441394697,28.41901830376344,-0.3904538341158059,1.2555521791135504e-06,-0.4903959755374557,-1.2786832200812848,2007,9.3676848
4785,Mohana,99,0,0.0,,,,0,0,Drying,Severe Drying,-35.871437189544956,64.15414473204545,41.141131,-0.3794992175273865,2.470510877650156e-06,-0.5876514052936309,-1.0906981966767646,2007,16.74656333333333
4786,Suheli,99,0,0.0,,,,0,0,Stable,Stable,-21.25485186611575,408.2690071056818,321.49203443010754,-0.1338028169014084,0.0973810112748194,-1.1105813534722224,-0.299842611729247,2014,92.51189633333333
4787,Surna,99,0,0.0,,,,0,0,Drying,Severe Drying,-41.89084779197008,4.898811968935606,2.8466581034139784,-0.3826291079812207,2.039823144395214e-06,-0.0552043227718254,-1.3920874893677782,2004,0.6134445875
4788,Surna,99,0,0.0,,,,0,0,Drying,Severe Drying,-41.07545222438297,5.366092677962121,3.1619458437096775,-0.3661971830985915,5.486591412084962e-06,-0.0568529672644927,-1.302109187594114,2004,0.6367337425
4789,Surna,99,0,0.0,,,,0,0,Drying,Severe Drying,-41.63228149771281,11.74374508639962,6.854556073655914,-0.3701095461658842,4.350827704779903e-06,-0.1297421442280983,-1.3624202988389538,2004,1.3905203525
4790,Sharda,99,2,7.42,Dhauliganga Dam,57.22,2005.0,0,2,Stable,Stable,-0.9945247421775876,135.03267145397726,133.68973812634408,-0.1126760563380281,0.1629621955657656,-0.4229137228331704,-0.3163440821316052,1991,33.37303358333333
4791,Sharda,99,2,7.42,Dhauliganga Dam,86.85,2005.0,0,2,Drying,Mild Drying,-2.845597054659733,261.63592582556817,254.19082162634407,-0.1619718309859155,0.0446757073699612,-1.1514899427083338,-0.4492701169596641,1991,59.687501999999995
4792,Sharda,99,2,7.42,Dhauliganga Dam,73.02,2005.0,0,2,Stable,Stable,-0.3369378962702896,245.79012191818185,244.96196185215052,-0.1471048513302034,0.0683082895953284,-1.0136148421934863,-0.4163299037395441,1991,52.46786533333333
4793,Mahakali,99,2,7.42,Dhauliganga Dam,94.41,2005.0,0,2,Drying,Mild Drying,-3.638209995715475,276.6860766827652,266.61965618413984,-0.1737089201877934,0.0312768559508613,-1.2366026088339592,-0.4578977502635046,1991,64.12711566666667
4794,Sarju,99,0,0.0,,,,0,0,Drying,Mild Drying,1.627390069920369,102.94404417441288,104.61934532688171,-0.1682316118935837,0.0370262051879124,-0.5348396285714285,-0.5215469404677079,1990,14.87243915
4795,Mahakali,99,0,0.0,,,,0,0,Drying,Severe Drying,-42.4831086713525,7.324233085672349,4.2126711845430105,-0.3841940532081377,1.8524984579659789e-06,-0.084842905080808,-1.4365382903713488,2004,0.7855190216666667
4796,Sharda,99,1,406.26,Sarda Sagar Dam,6.85,1962.0,1,0,Drying,Severe Drying,-37.507555771006935,5.505018704162879,3.4402207434946237,-0.4115805946791862,3.235759389319526e-07,-0.059227062172807,-1.2990194458625033,2004,1.3304881325
4797,Sharda,99,0,0.0,,,,0,0,Drying,Severe Drying,-44.21821569458059,8.343467761856061,4.654135190510752,-0.431924882629108,8.23258075044464e-08,-0.1004345025879915,-1.5038502492995247,2005,1.1821199916666667
4798,Mahakali,99,4,20.86,Tanakpur Dam,4.64,1992.0,0,4,Drying,Mild Drying,-5.78670323105705,292.2157495744318,275.3060913521506,-0.1870109546165884,0.0204050771252752,-1.3965694087301586,-0.4943907318130004,1991,71.9396005
4799,Mohana,99,0,0.0,,,,0,0,Drying,Severe Drying,-41.89640910273816,6.9199679785227275,4.020749884462366,-0.4029733959311424,5.667290556843341e-07,-0.080106357400641,-1.4233970448564013,2007,0.9656210458333332
4800,Mohana,99,0,0.0,,,,0,0,Drying,Severe Drying,-41.95777644757577,9.975440629772727,5.789967550672042,-0.4014084507042254,6.267776151425153e-07,-0.1156612131115984,-1.4259975226341752,2007,1.3745257833333333
4801,Darma Yankti,99,0,0.0,,,,0,0,Stable,Stable,1.358028880341772,10.897339959255682,11.045328983091398,-0.1275430359937402,0.1141285546765966,-0.0411812825502558,-0.3785251262076393,1951,1.3603909127272729
4802,Lassar Yankti,99,0,0.0,,,,0,0,Stable,Stable,6.071322695495067,13.475112015882576,14.293229549946238,-0.1150234741784037,0.1543465124436378,-0.0481054741247354,-0.3503943577859901,1951,1.9932608436363637
4803,Darma Yankti,99,1,6.2,Dhauliganga Dam,13.89,2005.0,0,1,Stable,Stable,4.536065786124662,28.75384688109849,30.058140291666668,-0.1142410015649452,0.1571790903208918,-0.0886447435558541,-0.3041933592326166,1991,4.6809879
4804,Sharda,99,0,0.0,,,,0,0,Stable,Stable,-7.802626304248886,16.284310739867426,15.013706826612903,-0.1134585289514867,0.1600508953506154,-0.047868569596797,-0.3044868364717736,1991,3.879227175
4805,Sharda,99,1,6.2,Dhauliganga Dam,17.49,2005.0,0,1,Stable,Stable,-3.829412158653881,49.97617223340909,48.062378617473115,-0.1306729264475743,0.105491318156919,-0.1747927589506172,-0.3571921550860824,1991,10.581843316666667
4806,Goriganga,99,1,1.22,Bogudiyaar Sirkari Bhyol Dam,26.54,2012.0,0,1,Stable,Stable,14.339739546834432,61.20984277166667,69.98717480215053,-0.0586854460093896,0.468865731616952,-0.1340815459999999,-0.2076854040707278,1951,10.4469837
4807,Mahakali,99,2,7.42,Dhauliganga Dam,37.53,2005.0,0,2,Stable,Stable,4.7895171190315615,115.32028964924244,120.84357466370967,-0.0970266040688575,0.2298567173580998,-0.3446950215972221,-0.2945709498498732,1991,24.532880525
4808,Ramganga,99,0,0.0,,,,0,0,Stable,Stable,6.534559196208294,39.66128214221591,42.2529721017742,-0.0931142410015649,0.2492735902518126,-0.1204788878095801,-0.2985390921471507,1990,4.7901078833333335
4809,Sarju,99,0,0.0,,,,0,0,Stable,Stable,9.57251924828246,19.98756415622159,21.90087758233871,-0.1384976525821596,0.086158341462019,-0.0914602409569597,-0.4439109313945311,1990,1.7352171191666663
4810,Sarju,99,0,0.0,,,,0,0,Drying,Mild Drying,0.9550674177048892,47.478025533314394,47.93147268575269,-0.1964006259780907,0.014871849830208,-0.3145349454680978,-0.667052307047268,1990,5.035295916666667
4811,Panar,99,0,0.0,,,,0,0,Drying,Mild Drying,-9.773714950394137,10.130575255185606,9.140441706908602,-0.1854460093896713,0.0214839452766919,-0.0781864259078033,-0.8150915362847109,1972,1.3299588441666668
4812,Sarju,99,0,0.0,,,,0,0,Drying,Mild Drying,-0.9491387751579028,57.784729351155306,57.23627207876344,-0.1995305164319248,0.0133469605370395,-0.4076398001507173,-0.7162278100267988,1990,8.265082025
4813,Mahakali,99,0,0.0,,,,0,0,Stable,Stable,-29.293455445005772,0.8527377169676136,0.6029413737849463,-0.043035993740219,0.5961979541459173,-0.00161686878125,-0.2113892551126472,2005,0.1035648911666666
4814,Jaulaha,99,0,0.0,,,,0,0,Stable,Stable,0.0716188984543512,7.768949569810606,7.774513605913978,0.1150234741784037,0.1543465124436378,0.0200505377387152,0.2594735207615352,1992,3.242452191666666
4815,Keshaliya,99,0,0.0,,,,0,0,Stable,Stable,0.6465596595267106,10.648467240871213,10.7173159344086,0.1173708920187793,0.1460814066032256,0.0288598501039809,0.2722145941875841,2014,3.7942313166666666
4816,Singhyahi,99,0,0.0,,,,0,0,Stable,Stable,-1.3437497285524465,13.156085541439392,12.979300677688173,0.0876369327073552,0.2783390390292886,0.0245326106566397,0.1887459051788578,1967,4.244836066666667
4817,Parman,99,0,0.0,,,,0,0,Stable,Stable,-4.3016973918511185,25.30491538344697,24.2163744983871,0.0320813771517996,0.6937574902034176,0.0133294845513668,0.0540840540104812,1967,10.335100383333334
4818,Keshaliya,99,0,0.0,,,,0,0,Stable,Stable,-0.4931922264177043,21.317687574204548,21.21255039623656,0.1181533646322378,0.1434029848368121,0.0475603843981481,0.2250397306670849,2014,8.13027195
4820,Bakra,99,0,0.0,,,,0,0,Stable,Stable,-11.31096721391818,24.91200718126894,22.09421821666667,-0.1517996870109546,0.0599307645519324,-0.0497461207553191,-0.2119735437034464,2022,8.300706
4822,Parman,99,0,0.0,,,,0,0,Stable,Stable,-7.688524127897674,60.386669350871216,55.74382570779569,-0.0665101721439749,0.411332624869805,-0.0537101376297313,-0.0927992221077109,2022,23.675411
4823,Keshaliya,99,0,0.0,,,,0,0,Stable,Stable,-1.6091360163723785,47.10633992282197,46.34833484112904,0.0884194053208137,0.2740512171046538,0.0674714605654762,0.1452044332854584,1967,18.855089291666665
4824,Ratua,99,0,0.0,,,,0,0,Stable,Stable,-9.607120836905452,25.61638113066288,23.15538444139785,-0.1134585289514867,0.1600508953506154,-0.0397196428508771,-0.1632596413476552,2022,9.224865
4825,Panar,99,0,0.0,,,,0,0,Stable,Stable,-4.364147463189303,116.7161386317235,111.62247422849462,0.0140845070422535,0.864897167788448,0.032847697842151,0.0289050438179911,1992,50.81731158333333
4826,Kankai,99,0,0.0,,,,0,0,Stable,Stable,-8.417096167760429,141.9224875497159,129.9767352889785,-0.136150234741784,0.0916316716494531,-0.2389156842386415,-0.1763891699433986,2022,46.081024
4827,Mahananda,99,0,0.0,,,,0,0,Stable,Stable,-4.951617697974878,388.9551526912879,369.69558051344086,-0.0970266040688575,0.2298567173580998,-0.4739895833333314,-0.125762356317339,2022,117.53066
4828,Mahananda,99,0,0.0,,,,0,0,Stable,Stable,-4.346548835556467,517.4234051022727,494.9333441129032,-0.0688575899843505,0.3949258884499005,-0.4417637203703701,-0.0878212554673021,2022,177.99982
4829,Mahananda,99,0,0.0,,,,0,0,Stable,Stable,20.69043473246645,7.071294964723485,8.534376634139784,0.0766823161189358,0.3431583802594415,0.020953406285014,0.2732843901695221,1966,1.6593434083333334
4830,Sui,99,0,0.0,,,,0,0,Stable,Stable,-3.4593997111341688,37.59475437422349,36.29420155,-0.0657276995305164,0.4168901819911785,-0.052629839401455,-0.1433176253723632,2022,15.110804
4831,Kalindri,99,0,0.0,,,,0,0,Stable,Stable,-3.413387031989538,536.9255266725379,518.598180373656,-0.0524256651017214,0.5179259057262735,-0.4188451299412397,-0.0798970650979684,2022,191.06253
4832,Ganga,1,0,0.0,,,,0,0,Stable,Stable,19.024888234950215,6.788827066969697,8.08039382892473,0.0344287949921752,0.6723474310081521,0.0083689321720728,0.1144376948642433,1966,2.0502755416666667
4833,Kosi,99,0,0.0,,,,0,0,Stable,Stable,3.489364108352269,46.93331859776515,48.57099297177419,0.0234741784037558,0.7742550657745815,0.0311644312815654,0.0658201259727551,1966,16.74222645
4834,Ganga,1,30,2202.14,Bilashi Dam,81.53,2001.0,23,4,Stable,Stable,-8.599853430393022,11745.553839223485,10735.453424462365,-0.1400625978090766,0.0826584385801731,-26.756780459770088,-0.23751425246833,2014,6212.404391666667
4835,Ganga,1,30,2202.14,Bilashi Dam,87.07,2001.0,23,4,Stable,Stable,-8.549185495575099,11793.351623068182,10785.116116666666,-0.1392801251956181,0.0843937096804527,-26.78508864795925,-0.2367494160552787,2014,6250.533791666666
4836,Ganga,1,30,2202.14,Bilashi Dam,96.04,2001.0,23,4,Stable,Stable,-8.504048074645787,11810.363669867424,10806.004665591396,-0.1392801251956181,0.0843937096804527,-26.608911660289095,-0.2347996193931379,2014,6271.591683333333
4837,Ganga,1,0,0.0,,,,0,0,Stable,Stable,27.24403611215404,6.758068965162879,8.599239714516129,0.0899843505477308,0.2656115580434341,0.0176232374671717,0.2346052629501513,1972,2.218047858333333
4838,Ganga,1,30,2202.14,Bilashi Dam,101.55,2001.0,23,4,Stable,Stable,-8.28252660572188,12347.342849924242,11324.670893279568,-0.1400625978090766,0.0826584385801731,-26.730004715255987,-0.2254384642940411,2014,6628.120925
4839,Marai,99,0,0.0,,,,0,0,Stable,Stable,35.25479439872035,9.313506315056818,12.596963817741935,0.1071987480438184,0.1844688401424208,0.0379121361631944,0.3549688783532913,1972,3.0539588749999997
4840,Balasan,99,0,0.0,,,,0,0,Stable,Stable,4.8574557893887,20.420603902386365,21.41252570887097,0.1330203442879499,0.0993603128712026,0.0334470316815857,0.1621494413882168,2022,4.552257
4841,Mahananda,99,0,0.0,,,,0,0,Stable,Stable,-1.5303368314985388,19.598163618844698,19.29824570268817,0.0101721439749608,0.9032703219315256,0.0022902533688822,0.0118788935414262,2022,5.9894714
4842,Mechi,99,0,0.0,,,,0,0,Stable,Stable,-6.487320493018775,47.36400912225379,44.29135405215054,-0.1087636932707355,0.1781202302036497,-0.059675363187735,-0.1309177120227941,2022,14.336501
4843,Mahananda,99,0,0.0,,,,0,0,Stable,Stable,6.17561623900509,74.71881421727272,79.33316144166666,0.1087636932707355,0.1781202302036497,0.1078203597363946,0.142049684403696,2022,16.955082
4844,Mechi,99,0,0.0,,,,0,0,Stable,Stable,-9.3059916277094,26.212808472007577,23.77344671021505,-0.1424100156494522,0.0776255173837277,-0.0459413811864833,-0.1843739542987539,2022,8.570857
4845,Dahuk,99,0,0.0,,,,0,0,Stable,Stable,-7.732648053057216,35.60514529282197,32.85192471854838,-0.1517996870109546,0.0599307645519324,-0.0640016101762819,-0.1878597875243018,2022,10.339459
4846,Mechi,99,0,0.0,,,,0,0,Stable,Stable,-7.6491804499217375,74.69328353715909,68.9798594954301,-0.1384976525821596,0.086158341462019,-0.1164941499017958,-0.1628837061334281,2022,23.320782
4847,Mahananda,99,0,0.0,,,,0,0,Stable,Stable,2.932846703934231,106.04723471505682,109.15743754301076,0.0633802816901408,0.4338263387916083,0.0754512690104165,0.0709969748891839,2022,25.95236
4848,Mahananda,99,0,0.0,,,,0,0,Stable,Stable,-1.5240870837467846,182.0222050839015,179.24802816666667,-0.0187793427230046,0.8192741807890083,-0.0368084269871799,-0.0205643763003181,2022,49.7904
4850,Kankai,99,0,0.0,,,,0,0,Stable,Stable,-7.225036720465659,84.16934137320075,78.0880755516129,-0.1025039123630672,0.2045175818967932,-0.1018212024305557,-0.1261199686923836,2022,25.315853
4851,Nagar,99,0,0.0,,,,0,0,Stable,Stable,-8.40266235076121,67.80288765776515,62.1056399438172,-0.0970266040688575,0.2298567173580998,-0.0914418556422802,-0.1412534207121294,2022,23.603756
4852,Sudhani,99,0,0.0,,,,0,0,Stable,Stable,-8.037767708962951,22.149042726420458,20.368754122311824,-0.1181533646322378,0.1434029848368121,-0.0476115831166417,-0.2247957658359633,2022,7.5617857
4853,Mahananda,99,0,0.0,,,,0,0,Stable,Stable,-3.1954339177356585,236.8699077022727,229.3008863306451,-0.0845070422535211,0.295945273327078,-0.1909449050741917,-0.0825729196117952,2022,66.44272
4854,Kankai,99,0,0.0,,,,0,0,Stable,Stable,-0.2842980281785464,10.419495515484847,10.389873095188172,0.0821596244131455,0.3096290813784828,0.0138575243898623,0.1345010205858832,2022,2.9439166
4855,Kankai,99,0,0.0,,,,0,0,Drying,Moderate Drying,-11.758678133393534,19.76456606839015,17.44051435994624,-0.1940532081377151,0.0161142616026639,-0.0475297155715812,-0.2557225935994193,2022,6.9847865
4856,Kankai,99,0,0.0,,,,0,0,Stable,Stable,-10.49426415981936,53.17702453270833,47.59648710591397,-0.1564945226917058,0.0524237495324275,-0.1067933312159709,-0.2123163871940536,2022,18.966486
4857,Kosi,99,0,0.0,,,,0,0,Stable,Stable,0.5572126883466505,5.972527382325757,6.005807062715054,-0.0359937402190923,0.6582189629917612,-0.0056644349459876,-0.0951809192176511,1972,1.9550143416666668
4858,Kosi,99,0,0.0,,,,0,0,Stable,Stable,0.0227627442453668,37.31467671632576,37.323170560752686,0.043035993740219,0.5961979541459173,0.0335816870907737,0.0905385418579435,1982,16.4459444
4859,Kosi,99,0,0.0,,,,0,0,Stable,Stable,3.8633481816593216,1463.0785729223485,1519.6023923655912,0.0868544600938967,0.2826722921571671,2.5404697562358263,0.1715186184196042,2014,689.7570133333334
4860,Kosi,99,0,0.0,,,,0,0,Stable,Stable,3.822020597366677,1507.9627350890153,1565.597381424731,0.0931142410015649,0.2492735902518126,2.575584529900329,0.1687510831934406,2014,713.1062775
4861,Kosi,99,0,0.0,,,,0,0,Stable,Stable,-1.3176123157454265,27.871246321666668,27.504011347580644,0.0062597809076682,0.9418708081099778,0.0041220171214484,0.0149647652373058,1972,11.150942575
4862,Kosi,99,0,0.0,,,,0,0,Stable,Stable,3.7379554098639143,1536.5799230170455,1594.016595376344,0.0931142410015649,0.2492735902518126,2.6850891557734213,0.172714685015181,2014,730.851605
4863,Ganga,1,30,2202.14,Bilashi Dam,71.68,2001.0,23,4,Stable,Stable,-8.62604055970489,11729.629850151516,10717.827221774194,-0.1416275430359937,0.0792746695613286,-26.72057936885753,-0.2375438194003461,2014,6200.124891666666
4864,Ganga,1,30,2202.14,Bilashi Dam,59.33,2001.0,23,4,Stable,Stable,-10.492302762515154,10191.757164185608,9122.407145698924,-0.1517996870109546,0.0599307645519324,-27.57616643917623,-0.2845059777117473,2009,5426.727425
4865,Ganga,1,0,0.0,,,,0,0,Stable,Stable,8.083620222161027,9.37907658467803,10.137245516129031,0.043035993740219,0.5961979541459173,0.0128030220932539,0.1325837859459638,1966,2.7264026583333334
4866,Kosi,99,0,0.0,,,,0,0,Stable,Stable,1.3598555377141184,10.993913030700757,11.143414365860217,0.0172143974960876,0.8344219897000891,0.0037749145721583,0.0343493605342961,1972,3.730645391666666
4867,Lohra,99,0,0.0,,,,0,0,Stable,Stable,26.940896134235988,13.53613108998106,17.182886107526883,0.068075117370892,0.4003503177080236,0.0254156980709876,0.1689650116850576,1966,4.392070033333334
4868,Balasan,99,0,0.0,,,,0,0,Wetting,Mild Wetting,13.96090706331077,27.016553443825757,30.788309361827956,0.2143974960876369,0.0078349202709093,0.0888095588815789,0.3133378057390459,2022,5.601433
4872,Bagmati,99,0,0.0,,,,0,0,Stable,Stable,-7.277724951009251,8.103687835189394,7.513923723655914,-0.0211267605633802,0.796680051274133,-0.0047363162379227,-0.0603653031368064,2013,1.9932571166666664
4873,Balan,99,0,0.0,,,,0,0,Stable,Stable,-5.347120676703398,29.996116189583336,28.39218765860215,-0.0078247261345852,0.9264090835829736,-0.0077644433340895,-0.0265198994223964,2013,9.087568425
4875,Kamala,99,0,0.0,,,,0,0,Stable,Stable,-4.445473107049444,72.20398735823863,68.99417851801076,0.0375586854460093,0.6442115023036941,0.0533985771655702,0.0758259138771073,2014,21.4280945
4876,Kosi,99,0,0.0,,,,0,0,Stable,Stable,-10.20501526183904,94.58582346174242,84.93332574193548,-0.0406885758998435,0.6165763246166498,-0.1108729583333334,-0.1230798880078684,1992,25.9737425
4877,Kosi,99,0,0.0,,,,0,0,Stable,Stable,-8.87943692356454,105.39903008238636,96.04018968817203,-0.0312989045383411,0.7009498978605979,-0.0849753213848032,-0.0841163679853526,1992,29.920114583333337
4879,Kosi,99,0,0.0,,,,0,0,Stable,Stable,-8.762620426134431,115.37069004109848,105.26119438978496,-0.0195618153364632,0.8117251184237138,-0.0553709013888903,-0.0500339591715945,1992,33.671701500000005
4880,Bagmati,99,0,0.0,,,,0,0,Stable,Stable,-0.7381779099779441,173.39558193920453,172.11561405645162,0.0054773082942097,0.9496102610505924,0.0260313111010293,0.0151440162081195,2014,45.05363825
4881,Burhi Gandak,99,0,0.0,,,,0,0,Stable,Stable,1.9912216215998104,200.85785790208337,204.85738299731184,0.0336463223787167,0.6794556908944689,0.1414119489795899,0.0701336380801392,1982,92.72032633333332
4882,Bagmati,99,0,0.0,,,,0,0,Stable,Stable,-1.3254253790872703,197.14671803541663,194.5336854005376,-0.001564945226917,0.9883642704729187,-0.0035625540530309,-0.0018264835095051,2014,66.54803891666667
4883,Kosi,99,0,0.0,,,,0,0,Stable,Stable,8.817725343993358,926.3192775301136,1007.9995672311828,0.1220657276995305,0.1305725749769009,2.0759395368579847,0.2167898994370977,1993,446.6273483333334
4884,Kosi,99,0,0.0,,,,0,0,Stable,Stable,7.174264623699303,1044.645905395833,1119.59156702957,0.1306729264475743,0.105491318156919,2.3428000583333324,0.21845651817135,1993,501.1401675
4885,Kosi,99,0,0.0,,,,0,0,Stable,Stable,5.585398210407057,1160.2286924810603,1225.0320851075269,0.1212832550860719,0.1330647393021264,2.377426190536725,0.2009152521096957,2014,556.5577233333333
4886,Kosi,99,0,0.0,,,,0,0,Stable,Stable,4.581297651371846,1357.399627554924,1419.586144811828,0.0978090766823161,0.2261060646956731,2.5110547191134565,0.1821749851187023,2014,623.1748741666667
4888,Kosi,99,0,0.0,,,,0,0,Stable,Stable,-7.943121384416472,11.522655593920454,10.607397073387098,-0.0477308294209702,0.5563907438061542,-0.0165352621279761,-0.1495256612687332,1992,3.534593441666667
4889,Kosi,99,0,0.0,,,,0,0,Stable,Stable,-14.828806374249996,7.956620091306819,6.776748304032258,-0.0665101721439749,0.411332624869805,-0.014061855050505,-0.1895237078332532,1973,1.6560504833333332
4891,Balan,99,0,0.0,,,,0,0,Stable,Stable,-6.496328100083621,15.787181077310606,14.761593996774192,0.0203442879499217,0.8041935186327291,0.0065048365277777,0.0426075593353126,1992,4.7216931833333335
4892,Kosi,99,0,0.0,,,,0,0,Stable,Stable,-10.736481252706076,18.505978924829545,16.519087966935484,-0.0312989045383411,0.7009498978605979,-0.0184862685282221,-0.1053693813065754,1992,5.721005975
4893,Kosi,99,0,0.0,,,,0,0,Stable,Stable,-11.015654186445255,25.49167625439394,22.683601351881723,-0.0399061032863849,0.6234363808595347,-0.0293235359809028,-0.1214178652149449,1992,8.035687000000001
4895,Kosi,99,0,0.0,,,,0,0,Stable,Stable,-9.088970479270644,41.009102286079546,37.28179708548387,-0.0399061032863849,0.6234363808595347,-0.0347290687718966,-0.0886302676163994,1992,13.268842083333332
4896,Kosi,99,0,0.0,,,,0,0,Stable,Stable,4.437526770673024,1371.1977851306815,1432.0450539247313,0.0978090766823161,0.2261060646956731,2.534408823028672,0.1821275653331009,2014,632.978835
4897,Bagmati,99,0,0.0,,,,0,0,Stable,Stable,-11.102279730574432,5.2768535028238635,4.691002465967743,-0.0915492957746478,0.2573526206385808,-0.0129163519517544,-0.2580976777678259,1972,1.7806838008333334
4898,Kosi,99,0,0.0,,,,0,0,Stable,Stable,4.04282939008235,1413.002182380682,1470.1274498924731,0.0931142410015649,0.2492735902518126,2.500275353618425,0.1746566634819876,2014,657.2308783333334
4900,Kosi,99,0,0.0,,,,0,0,Stable,Stable,-3.7655034463841184,31.052812508541667,29.883517783333332,-0.0070422535211267,0.9341368400799536,-0.0068937133928572,-0.0227020293244739,1992,11.428842325
4901,Burhi Gandak,99,0,0.0,,,,0,0,Stable,Stable,0.8144262636666946,251.91250155757575,253.9641431317204,0.014866979655712,0.8572576562971361,0.1122603478070171,0.0445889995085486,1982,116.53895016666668
4902,Kosi,99,0,0.0,,,,0,0,Stable,Stable,4.004088967204202,1425.1917158257577,1482.257660080645,0.0876369327073552,0.2783390390292886,2.589539544270835,0.1793662848955645,2014,668.6337199999999
4904,Kosi,99,0,0.0,,,,0,0,Stable,Stable,9.399587443596284,884.1936409340909,967.3041953844086,0.1267605633802817,0.1163725878670813,1.9235916745799737,0.209927497774274,1993,426.65390916666666
4907,Bagmati,99,0,0.0,,,,0,0,Stable,Stable,4.751247259053423,39.156953974185605,41.01739767661291,0.0774647887323943,0.338231370166147,0.0643320945555555,0.1621749565003212,2014,5.376138475
4910,Bagmati,99,0,0.0,,,,0,0,Stable,Stable,3.024269650649985,56.09759242308712,57.79413488548387,0.0751173708920187,0.3531492045378603,0.0758734895833329,0.1345521922926077,2014,7.296386666666667
4911,Bagmati,99,0,0.0,,,,0,0,Stable,Stable,1.0315112416259102,81.9572567060606,82.80265502231182,0.0610328638497652,0.4511535370128277,0.1101916182079415,0.1348756571212835,2014,11.672945533333332
4913,Bagmati,99,0,0.0,,,,0,0,Stable,Stable,-4.680981993182874,8.268028360606062,7.881003441854839,-0.0062597809076682,0.9418708081099778,-0.0015384649278499,-0.0190924240695157,2014,1.7093345166666667
4914,Lakhandei,99,0,0.0,,,,0,0,Stable,Stable,-5.471002875958606,12.805478983693185,12.104890860215054,-0.0070422535211267,0.9341368400799536,-0.0015329509543969,-0.0123170275139261,1992,3.7568399083333337
4915,Jhim,99,0,0.0,,,,0,0,Stable,Stable,-9.093039630040172,22.110173064924243,20.099686265860218,-0.0219092331768388,0.7891853811696212,-0.0108587774999998,-0.0513538535018707,1992,6.098492866666667
4916,Bagmati,99,0,0.0,,,,0,0,Stable,Stable,0.368376152271281,92.47371451789772,92.81436562930108,0.0539906103286385,0.5054169484685467,0.1091099920289852,0.1186626728214936,2014,14.189568166666668
4917,Burhi Gandak,99,0,0.0,,,,0,0,Stable,Stable,-3.699827925282821,9.800602815625,9.437997375806452,-0.0007824726134585,0.996121301281044,-0.0001159408169934,-0.0012080454565586,2014,3.0932272666666667
4918,Bakalya,99,0,0.0,,,,0,0,Stable,Stable,-3.0872901673508277,27.51738576104167,26.667844216129033,0.0062597809076682,0.9418708081099778,0.0037130984965986,0.0137640337167759,2014,5.242996275
4919,Bagmati,99,0,0.0,,,,0,0,Stable,Stable,-1.0809078891721349,8.76882670876894,8.674043769086023,0.0086071987480438,0.9186882634841276,0.0015108125436124,0.0173548371669888,1992,2.9997985916666665
4921,Bagmati,99,0,0.0,,,,0,0,Stable,Stable,-0.1473879256797398,125.55766306496211,125.37260622983872,0.0367762128325508,0.6511998403435748,0.1105512141975307,0.0887052324682912,2014,22.647266583333337
4922,Burhi Gandak,99,0,0.0,,,,0,0,Stable,Stable,18.01226130686576,5.0500004424299245,5.9596197181182795,0.0485133020344287,0.5498843783585525,0.0078446185933048,0.1442405739766047,2016,1.83087545
4924,Bagmati,99,0,0.0,,,,0,0,Stable,Stable,-5.240701895790632,30.52370495125,28.924048567204306,-0.0250391236306729,0.7594077836691946,-0.0238126124025342,-0.0800423974466738,1992,9.673947833333331
4925,Bagmati,99,0,0.0,,,,0,0,Stable,Stable,0.2537130732351056,140.27231704621212,140.62820625268816,0.028169014084507,0.729982701029817,0.0550867900094691,0.0394737669938702,2014,31.475304249999997
4926,Rato,99,0,0.0,,,,0,0,Stable,Stable,-11.37469906000624,13.761271632500002,12.195968397473118,-0.0406885758998435,0.6165763246166498,-0.0139781190895061,-0.107374320922219,1993,2.5530681583333332
4927,Mahara,99,0,0.0,,,,0,0,Stable,Stable,-9.5961429661755,15.385060801742425,13.908688371774192,-0.0226917057902973,0.7817101679285825,-0.0106709856425193,-0.0727039260452088,1992,4.2817295500000006
4929,Jamuni,99,0,0.0,,,,0,0,Stable,Stable,-12.602680913719404,6.8272731932007575,5.966853737553764,-0.0485133020344287,0.5498843783585525,-0.0079647003902439,-0.1239674883233898,1993,1.171110694166667
4930,Jamuni,99,0,0.0,,,,0,0,Stable,Stable,-10.627939761070715,7.835847980833333,7.00305877766129,-0.0156494522691705,0.8496314926030792,-0.0042511633062435,-0.0571084858822588,1993,1.2552313925
4931,Kamala,99,0,0.0,,,,0,0,Stable,Stable,-12.33187695498361,8.135493074223486,7.132234078629033,-0.0344287949921752,0.6723474310081521,-0.0081459057697403,-0.1061301709172295,1992,2.2735930083333336
4932,Jamuni,99,0,0.0,,,,0,0,Stable,Stable,-11.938309233077348,16.46623651910985,14.500446284408604,-0.0328638497652582,0.6865925646666557,-0.0148236753574226,-0.0953420922450028,1993,2.8859274416666665
4933,Kamala,99,0,0.0,,,,0,0,Stable,Stable,-11.204882386143726,46.58160401375,41.36219007043011,-0.0375586854460093,0.6442115023036941,-0.035611315634602,-0.0807101580389079,1992,11.951694083333336
4934,Kamala,99,0,0.0,,,,0,0,Stable,Stable,-10.798720307919716,73.42220806818182,65.493549175,-0.0336463223787167,0.6794556908944689,-0.0592068828828829,-0.0849605766876629,1992,19.3845075
4935,Kamala,99,0,0.0,,,,0,0,Stable,Stable,-10.97488375533888,86.82435656448862,77.29548436021506,-0.0422535211267605,0.6029566352766689,-0.0939377110112564,-0.1140380932753161,1992,23.410598833333335
4936,Kamala,99,0,0.0,,,,0,0,Stable,Stable,-3.7722188948392894,44.490016617462125,42.81175580430108,0.0524256651017214,0.5179259057262735,0.0559926570636925,0.1288482453596336,2014,8.413258133333333
4937,Kosi,99,0,0.0,,,,0,0,Stable,Stable,-2.977742960209043,5.311612350280303,5.153446187446237,0.001564945226917,0.9883642704729187,0.0002045310049019,0.0039080214692737,1992,1.6165664583333337
4938,Kamala,99,0,0.0,,,,0,0,Stable,Stable,-9.262974077960171,5.2924148004450755,4.802179789381721,-0.0046948356807511,0.9573544707267698,-0.0002425183333333,-0.0047931983525038,1993,0.8411772416666666
4939,Kamala,99,0,0.0,,,,0,0,Stable,Stable,-4.37363791611995,50.420136292045456,48.2149420938172,0.0469483568075117,0.5629344246630752,0.0532488541186298,0.1083684563859989,1993,9.5825357
4940,Kamala,99,0,0.0,,,,0,0,Stable,Stable,-7.77120036127073,7.394214756155303,6.819595512311828,0.0086071987480438,0.9186882634841276,0.0021045542214711,0.0295667917663487,1993,1.4141252416666668
4941,Kamala,99,0,0.0,,,,0,0,Stable,Stable,-4.765620813523775,58.04456558210228,55.27838168360216,0.041471048513302,0.6097495826361756,0.0505158184923834,0.0894226635161988,1993,11.269373533333336
4942,Kamala,99,0,0.0,,,,0,0,Stable,Stable,-7.13115235871748,5.587559958333333,5.189102544569892,0.0172143974960876,0.8344219897000891,0.0025305073331122,0.046912378842636,1993,1.2015000766666668
4946,Iwa,99,0,0.0,,,,0,0,Stable,Stable,0.266817374544344,16.529984876458336,16.57408974811828,0.0625978090766823,0.4395589046351571,0.0153240720238095,0.0933935495926978,2022,6.3843255
4953,Iwa,99,0,0.0,,,,0,0,Stable,Stable,-2.24699332303747,35.285012367632575,34.492160495698926,0.0086071987480438,0.9186882634841276,0.0043880640898268,0.0126705507885741,2022,12.845928
4955,Iwa,99,0,0.0,,,,0,0,Drying,Mild Drying,-8.753726978004881,12.282569505208333,11.20738690483871,-0.176056338028169,0.0290579142585056,-0.0248906472844875,-0.2127249913445996,2022,3.729938
4965,Kosi,99,0,0.0,,,,0,0,Stable,Stable,9.110312196159692,719.6986600253788,785.2654548252688,0.0993740219092331,0.2187362348479968,1.49283060306187,0.2002469363112045,1993,332.49224375
4966,Kosi,99,0,0.0,,,,0,0,Stable,Stable,6.529713138895303,370.4050677528409,394.5914561290322,0.1181533646322378,0.1434029848368121,0.7646012188559332,0.2019170483268308,1993,157.69374891666666
4968,Kamala,99,0,0.0,,,,0,0,Stable,Stable,-1.1472672091962033,17.952871895511365,17.746904483145162,0.0868544600938967,0.2826722921571671,0.0293115979045777,0.1655905184864497,2014,2.3469637
5077,Tangon,99,0,0.0,,,,0,0,Stable,Stable,-6.011928440223255,36.39337825498106,34.205434397311826,-0.0078247261345852,0.9264090835829736,-0.0054981686318973,-0.0156424082971069,1994,13.519739741666667
5078,Tangan,99,0,0.0,,,,0,0,Stable,Stable,-5.092696573149098,75.99182348229166,72.12179049193549,-0.0359937402190923,0.6582189629917612,-0.0537705584340606,-0.0729545756329996,2022,31.251202
5080,Kuliki,99,0,0.0,,,,0,0,Stable,Stable,-3.5329473224915016,26.841165697803028,25.89288145295699,0.0023474178403755,0.9806083394501892,0.0005921618446593,0.0022588254595966,1994,10.710284891666667
5081,Mahananda,3,0,0.0,,,,0,0,Stable,Stable,-2.3062758041169524,191.05237461363637,186.64617992473117,-0.043035993740219,0.5961979541459173,-0.1698759059456164,-0.0905657715768256,2022,77.04765
5082,Punarbhaba,2,0,0.0,,,,0,0,Stable,Stable,-3.209513028653409,269.87050772973487,261.2089786236559,-0.028169014084507,0.729982701029817,-0.1877962528677466,-0.0711556421801453,2022,110.172264
5083,Hooghly,1,0,0.0,,,,0,0,Stable,Stable,-12.82803345521172,8.574268280435607,7.474358276881721,-0.1463223787167449,0.069794016954328,-0.0213890986458333,-0.2654583262980654,1966,4.121390791666666
5084,Padma,1,0,0.0,,,,0,0,Stable,Stable,-7.616124189752403,6.4214332830625,5.932368949462365,-0.069640062597809,0.3895461398198647,-0.0081550206962892,-0.1323636318512754,2022,2.836526
5085,Nagar,99,0,0.0,,,,0,0,Stable,Stable,-6.970344698349332,94.91952596429924,88.30330781854839,-0.0602503912363067,0.4570151459561868,-0.0931574368125297,-0.1021014764775068,2022,35.099922
5086,Nagri,99,0,0.0,,,,0,0,Stable,Stable,-3.896539969200371,156.36005409507578,150.26742209139783,-0.0579029733959311,0.4748541917264841,-0.1549406825396829,-0.1016615305769615,2022,60.710453
5087,Sudhani,99,0,0.0,,,,0,0,Stable,Stable,-2.5649087161765434,9.022375190075758,8.790959502419355,-0.0305164319248826,0.7081692106038104,-0.0051929637820512,-0.0586553847025032,1966,3.4298542333333333
5088,Nagri,4,0,0.0,,,,0,0,Stable,Stable,16.492974484302835,7.5208578402462125,8.76127100483871,0.0594679186228482,0.4629192952859549,0.0141986045577805,0.1774314030490652,1972,2.5353356
5089,Nagri,4,0,0.0,,,,0,0,Stable,Stable,-2.9573227400078066,163.8895590753788,159.0428158763441,-0.0461658841940532,0.5695150128741793,-0.1462281514972423,-0.0911519747950604,2022,64.50045
5090,Burhi Gandak,99,0,0.0,,,,0,0,Stable,Stable,1.9934359851797392,206.51468632594697,210.63142439784943,0.0297339593114241,0.7154148441443793,0.1734669733059891,0.083664062636859,1982,94.89928408333331
5091,Balan,99,0,0.0,,,,0,0,Stable,Stable,-6.5057289149101045,7.550735140075757,7.05950478077957,-0.043035993740219,0.5961979541459173,-0.0109919805741359,-0.1500013618152074,2013,2.2363545666666664
5092,Phalgu,99,0,0.0,,,,0,0,Stable,Stable,-11.34217367469316,5.122963604107954,4.54190817483871,-0.0391236306729264,0.6303292623489334,-0.0049300923023508,-0.1011690885045277,2005,1.2749741083333337
5093,Phalgu,99,4,21.78,Satgharwa (N.F) Dam,92.67,1976.0,3,0,Stable,Stable,-8.567932814094851,63.16893016089015,57.75665866532258,-0.0618153364632237,0.4453347120023703,-0.0794358755498532,-0.130919367653598,2010,17.291438583333335
5094,Ganga,1,3,1383.86,North Koel Dam,150.33,,2,0,Stable,Stable,-12.9193949329785,113.16059035,98.54092677419357,-0.0790297339593114,0.3285143688068808,-0.2217938750992062,-0.2080499415416733,2010,33.806341333333336
5095,Ganga,1,0,0.0,,,,0,0,Drying,Moderate Drying,-11.03277867615836,9385.53097119318,8350.04611155914,-0.1619718309859155,0.0446757073699612,-27.69550175326189,-0.3110579727269243,2014,4850.906108333334
5096,Ganga,1,3,1383.86,North Koel Dam,179.45,,2,0,Drying,Moderate Drying,-11.053753776230812,9502.81845246212,8452.400298924731,-0.162754303599374,0.0436519583160017,-27.523789365452437,-0.3053352448955909,2014,4927.600566666667
5097,Ganga,1,3,1383.86,North Koel Dam,202.48,,2,0,Drying,Moderate Drying,-11.019911868730595,9537.27185528409,8486.272902150537,-0.162754303599374,0.0436519583160017,-27.736839033264054,-0.3065351156581124,2014,4959.322966666667
5098,Ganga,1,21,1742.7,Morway Dam,39.33,1969.0,17,2,Drying,Moderate Drying,-11.069365905118472,9787.411283465908,8704.006915860215,-0.1658841940532081,0.0397528841892749,-28.300194373865708,-0.3048295087552607,2009,5127.409275
5099,Ganga,1,21,1742.7,Morway Dam,45.08,1969.0,17,2,Stable,Stable,-10.768511389572948,10041.970567708331,8960.599823387098,-0.1572769953051643,0.0512524381857006,-27.982972805788975,-0.2933723470850185,2009,5308.333266666667
5100,Ganga,1,6,218.08,Sindhwarni Dam,1.69,,5,0,Stable,Stable,-5.172972552043293,14.58049005693182,13.826245308333334,-0.0446009389671361,0.5827852327137752,-0.0197866785230245,-0.1394829822812749,1966,4.273523808333334
5101,Ganga,1,27,1960.78,Sindhwarni Dam,23.47,,22,2,Stable,Stable,-10.745307372655008,10065.314210416664,8983.765260483871,-0.1564945226917058,0.0524237495324275,-27.73994411764697,-0.290117862339536,2009,5326.246225
5103,Garkhe,2,18,358.84,Morway Dam,15.09,1969.0,15,2,Stable,Stable,-13.108047117061142,246.8785926558712,214.51763040860217,-0.0649452269170579,0.4224917781104891,-0.3726347978219688,-0.1605040101215291,1966,86.76785699999999
5104,Champa,99,0,0.0,,,,0,0,Stable,Stable,15.85002575837546,6.647819456931818,7.701500553225807,0.0790297339593114,0.3285143688068808,0.0145058243675595,0.2054884584200884,1966,2.0721163583333335
5105,Ganga,1,0,0.0,,,,0,0,Stable,Stable,4.34584633845445,6.641472061066288,6.930100231451613,0.0352112676056338,0.6652683394768646,0.0066080559285152,0.0982102013437477,1966,1.9728657416666664
5106,Ganga,1,0,0.0,,,,0,0,Stable,Stable,1.3320417246486238,18.17160842731061,18.413661833602152,0.0187793427230046,0.8192741807890083,0.007747579964539,0.0426438243096758,1966,5.316019291666667
5107,Ganga,1,27,1960.78,Sindhwarni Dam,40.29,,22,2,Stable,Stable,-10.720910716342097,10085.087115416669,9003.873930107526,-0.1557120500782472,0.0536173590173576,-27.42392857744104,-0.2862178712163897,2009,5341.1316916666665
5108,Ganga,1,27,1960.78,Sindhwarni Dam,52.65,,22,2,Stable,Stable,-10.686139581331092,10097.371739469698,9018.352501344089,-0.1557120500782472,0.0536173590173576,-27.248936863425985,-0.2840004394918431,2009,5353.65235
5109,Chandan,99,3,241.36,Bilashi Dam,19.3,2001.0,1,2,Stable,Stable,7.132741630816771,34.534555043863634,36.99781562849463,0.0039123630672926,0.965102707616436,0.0033804148563628,0.0095567992055912,1966,13.430142866666666
5110,Gahra,2,0,0.0,,,,0,0,Stable,Stable,7.0804089815832985,42.832496755132574,45.86521270241936,-0.0782472613458529,0.3333500217009937,-0.0880057046611627,-0.2007950270370808,2010,16.841062291666667
5111,Ganga,1,3,241.36,Bilashi Dam,49.3,2001.0,1,2,Stable,Stable,7.11773537444161,77.46828821609849,82.98227597043011,-0.0383411580594679,0.637254471508776,-0.0795507833710407,-0.1003045905157146,2010,30.539565416666665
5112,Ganga,1,3,241.36,Bilashi Dam,50.95,2001.0,1,2,Stable,Stable,10.09653658548237,91.29629757784092,100.51406166397848,-0.0297339593114241,0.7154148441443793,-0.072234649604104,-0.076304284330038,1966,37.9862675
5113,Harna,99,0,0.0,,,,0,0,Stable,Stable,3.9729681152130776,9.154080958617424,9.517769676344086,-0.0719874804381846,0.3736762927138684,-0.023228346619152,-0.2514180659622728,1951,3.201147636363636
5114,Tribani,99,0,0.0,,,,0,0,Stable,Stable,5.300196278511701,15.466372289450756,16.28612037795699,-0.0821596244131455,0.3096290813784828,-0.0343589637174178,-0.2187513794243502,2010,5.523044733333333
5115,Sunder,99,0,0.0,,,,0,0,Stable,Stable,4.865786922484854,27.297344430227277,28.625575045698923,-0.0860719874804381,0.2870510439241154,-0.0682011318015019,-0.2465052442854675,2010,10.251541066666666
5117,Burhi Gandak,99,0,0.0,,,,0,0,Stable,Stable,3.3619487092123985,11.554297593352272,11.942747152150538,0.0539906103286385,0.5054169484685467,0.0147096009722222,0.1263150279150197,2014,4.339834908333334
5119,Burhi Gandak,99,0,0.0,,,,0,0,Stable,Stable,-0.6695746443426952,14.650945923901514,14.55284690483871,0.0054773082942097,0.9496102610505924,0.002072140376984,0.0142722814528753,2014,5.479568266666667
5120,Burhi Gandak,99,0,0.0,,,,0,0,Stable,Stable,7.508024637159967,19.186319248333337,20.626832824462365,0.0868544600938967,0.2826722921571671,0.041174368890351,0.2090189695580811,1982,8.461671891666667
5121,Dhanauti,99,0,0.0,,,,0,0,Stable,Stable,6.445280673929011,14.614430356458334,15.556371411827955,0.0226917057902973,0.7817101679285825,0.0066387161764704,0.0443424589826932,1982,4.094247625
5123,Burhi Gandak,99,0,0.0,,,,0,0,Stable,Stable,-1.1161113992715697,24.352173840625,24.080376452419355,-0.0007824726134585,0.996121301281044,-0.0004385444551281,-0.0018203168229666,2014,9.717282525
5124,Burhi Gandak,99,0,0.0,,,,0,0,Stable,Stable,5.759209561568642,32.09478482524621,33.94319074166667,0.0766823161189358,0.3431583802594415,0.0531813466517859,0.1625779885465908,1982,14.430785891666666
5125,Burhi Gandak,99,0,0.0,,,,0,0,Stable,Stable,-0.1358501161026644,34.68235539157197,34.63523937150538,0.0133020344287949,0.8725493270758475,0.0092669233665559,0.0268937655288849,2014,14.095858525
5126,Burhi Gandak,99,0,0.0,,,,0,0,Stable,Stable,-0.6046707299872963,48.97704006926136,48.68089024354839,0.0062597809076682,0.9418708081099778,0.0088447704613097,0.0182147090933793,2014,18.692284408333332
5127,Burhi Gandak,99,0,0.0,,,,0,0,Stable,Stable,0.7490448568820828,47.81000119310606,48.16811954811829,0.0211267605633802,0.796680051274133,0.0324676409722224,0.0680945158727137,2014,20.496164633333333
5128,Burhi Gandak,99,0,0.0,,,,0,0,Stable,Stable,2.9358365517293024,88.04967954337121,90.63467421908602,0.0500782472613458,0.5369851790476614,0.1106390998883927,0.1247770889603688,1982,42.740261833333335
5129,Burhi Gandak,99,0,0.0,,,,0,0,Stable,Stable,1.6841230980472257,137.16789938068183,139.47797565725807,0.0250391236306729,0.7594077836691946,0.1085881752932353,0.0790432078773404,1982,66.83146283333333
5130,Jamni,99,0,0.0,,,,0,0,Stable,Stable,-5.8013962363253375,13.027007987632576,12.27125963653226,0.0086071987480438,0.9186882634841276,0.0035016313060995,0.0277038026960483,2014,3.56295635
5131,Burhi Gandak,99,0,0.0,,,,0,0,Stable,Stable,1.1853060107729103,152.23232331761363,154.03674219623656,0.0336463223787167,0.6794556908944689,0.1365091094710059,0.089717001567559,2014,73.12449775
5132,Burhi Gandak,99,0,0.0,,,,0,0,Stable,Stable,0.9498660726393598,162.908993875,164.45641113709675,0.0344287949921752,0.6723474310081521,0.1237937791005279,0.0761010988796454,2014,76.82513708333333
5133,Ganga,1,0,0.0,,,,0,0,Drying,Moderate Drying,-11.035619586157967,9372.891082594697,8338.534478494623,-0.1596244131455399,0.047869222228202,-27.773096436781497,-0.3123589260453986,2014,4840.13115
5134,Kiul,99,4,108.99,Amrity Dam,9.53,1965.0,3,1,Stable,Stable,-5.336781443343134,9.52586842435606,9.017493645967743,-0.0516431924882629,0.5242399029172564,-0.0113331291182973,-0.1226516619232283,2018,3.2046302833333336
5135,Kiul,99,5,189.2,Amrity Dam,14.56,1965.0,3,2,Stable,Stable,-3.719258915161415,20.78885989964015,20.01566837446237,-0.0312989045383411,0.7009498978605979,-0.0149626369747474,-0.0736753394725849,1966,6.940624458333333
5136,Ulai,99,2,24.77,Nagi Dam,14.91,1968.0,2,0,Stable,Stable,-5.02950333837222,5.408354930772727,5.1363415389784945,0.0031298904538341,0.972854241056627,0.0004001666756465,0.0076153603403577,1966,1.4944184058333334
5137,Nakti,99,1,26.68,Anjan Dam,9.28,1989.0,1,0,Stable,Stable,-8.947623518644747,8.668895444242425,7.893235316666667,-0.0305164319248826,0.7081692106038104,-0.0059044849712401,-0.0712597101435724,1966,2.4725371583333335
5138,Kiul,99,7,213.97,Amrity Dam,16.02,1965.0,5,2,Stable,Stable,-4.009202927157057,26.32496023939394,25.269539162903225,-0.0250391236306729,0.7594077836691946,-0.0176650751093202,-0.0687725722409875,1966,8.486614766666667
5139,Kiul,99,10,256.45,Baskund Dam,7.75,1984.0,8,2,Stable,Stable,-5.584118186361926,39.63954515909091,37.42602610887096,-0.0289514866979655,0.7226862070785358,-0.024987845818408,-0.065017508107652,1966,12.540225916666666
5140,Harohar,3,8,102.39,Kailash Ghati Dam,38.92,1980.0,7,0,Stable,Stable,-14.980549008329932,197.86997726666667,168.22796834946237,-0.0594679186228482,0.4629192952859549,-0.3053851493055559,-0.1654159072121366,2010,70.805154
5141,Burhi Gandak,99,0,0.0,,,,0,0,Stable,Stable,-0.3753979238042736,14.399673953939391,14.34561787688172,-0.0039123630672926,0.965102707616436,-0.0010293567129629,-0.0072019640948753,2014,4.176134383333333
5142,Burhi Gandak,99,0,0.0,,,,0,0,Stable,Stable,1.9627427671610005,16.16998133719697,16.487356476344086,0.0312989045383411,0.7009498978605979,0.0180582951136363,0.11143362280895,2014,6.1512851416666665
5144,Paimar,99,0,0.0,,,,0,0,Stable,Stable,-23.050198682284297,3.709693303035985,2.8546016261827956,-0.0978090766823161,0.2261060646956731,-0.0099030585342976,-0.297127410410572,2005,0.9355912225
5145,Tilayia,99,0,0.0,,,,0,0,Stable,Stable,-23.10816185635321,6.418944133806818,4.935644133897849,-0.0735524256651017,0.3633220419285234,-0.0128768095036806,-0.2234455745200336,2005,1.5716957916666665
5146,Panchane,99,2,71.34,Job Dam,18.4,1978.0,2,0,Stable,Stable,-21.727708973147237,8.665365859564394,6.782580384139784,-0.069640062597809,0.3895461398198647,-0.0152015853567937,-0.1942123401492098,2010,2.6157297083333333
5147,Paimar,99,0,0.0,,,,0,0,Stable,Stable,-19.37766222802059,9.404022552727271,7.581742826612903,-0.0633802816901408,0.4338263387916083,-0.0160748126724806,-0.1867784797981874,2010,2.9149363833333335
5148,Panchane,99,2,71.34,Job Dam,29.17,1978.0,2,0,Stable,Stable,-22.774272026187845,14.253043696382576,11.00701675295699,-0.0751173708920187,0.3531492045378603,-0.0259612844246031,-0.2026754584679986,2005,4.132878933333333
5149,Paimar,99,0,0.0,,,,0,0,Stable,Stable,-20.619013741720945,14.664792153049245,11.641056643817205,-0.0790297339593114,0.3285143688068808,-0.0285990723537785,-0.2144283942614356,2010,4.32635275
5150,Panchane,99,2,71.34,Job Dam,33.14,1978.0,2,0,Stable,Stable,-22.90422990641015,20.94025156768939,16.14404820564516,-0.068075117370892,0.4003503177080236,-0.0403739706439393,-0.2146268492380731,2005,5.760450083333333
5151,Harohar,99,0,0.0,,,,0,0,Stable,Stable,-24.315757145129453,5.045009420170454,3.818277181612903,-0.1197183098591549,0.1381593548578981,-0.0173250346955128,-0.3840231648563413,2005,1.0986319208333333
5152,Mohana,99,0,0.0,,,,0,0,Stable,Stable,-19.71954308808272,6.742265484943182,5.412721537526882,-0.0782472613458529,0.3333500217009937,-0.0152559134259259,-0.2475263894012169,2005,1.5308174583333332
5153,Phalgu,99,0,0.0,,,,0,0,Stable,Stable,-23.23204202717576,16.08087961683712,12.34496290591398,-0.1314553990610328,0.1034151436492392,-0.0528027946529814,-0.3657758355356456,2005,3.8331909833333335
5154,Phalgu,99,0,0.0,,,,0,0,Stable,Stable,-21.76375702105768,23.386638820625,18.296827572311827,-0.1197183098591549,0.1381593548578981,-0.0721165156249999,-0.3408812334750862,2005,5.559465200000001
5155,Sakri,99,1,5.7,Kolmahadeo Dam,26.16,1966.0,1,0,Stable,Stable,-15.148977169751747,32.26306241835228,27.375538458333335,-0.0845070422535211,0.295945273327078,-0.0669692922972154,-0.2228030605254878,1966,11.250157283333332
5156,Panchane,99,2,71.34,Job Dam,57.7,1978.0,2,0,Stable,Stable,-21.40454904648975,42.19875416848485,33.16630113548387,-0.069640062597809,0.3895461398198647,-0.0912352218013469,-0.238718984920033,2005,12.080908808333334
5157,Harohar,99,2,71.34,Job Dam,74.11,1978.0,2,0,Stable,Stable,-21.076566843283945,50.46963267215909,39.83236680645161,-0.0751173708920187,0.3531492045378603,-0.1100668806423615,-0.2404031605865123,2005,14.874249999999998
5158,Phalgu,99,4,21.78,Satgharwa (N.F) Dam,104.09,1976.0,3,0,Stable,Stable,-11.860871581545087,91.05509743304924,80.25516925806451,-0.0657276995305164,0.4168901819911785,-0.1215480465647858,-0.1410173612952713,2010,26.465620333333337
5159,Panchane,99,0,0.0,,,,0,0,Stable,Stable,-24.400201109258184,5.54732752248106,4.193768450806452,-0.0852895148669796,0.2914753538276562,-0.0124337375079211,-0.2514210446656724,2005,1.4310233583333334
5160,Harohar,99,6,93.12,Job Dam,75.1,1978.0,5,0,Stable,Stable,-15.061786894665197,143.53383194905302,121.9150720591398,-0.0712050078247261,0.3789212200049066,-0.2251119435322229,-0.1681122609626109,2010,44.16601908333333
5161,Harohar,99,7,98.82,Kolmahadeo Dam,62.0,1966.0,6,0,Stable,Stable,-15.095729318222425,176.11408865492425,149.5283825403226,-0.0625978090766823,0.4395589046351571,-0.2921660949410947,-0.1778826493363873,2010,57.561205666666666
5162,Chalki,99,0,0.0,,,,0,0,Stable,Stable,-11.345352463541776,5.542154712649621,4.913377726424731,-0.0594679186228482,0.4629192952859549,-0.0087726030092592,-0.1668774830021997,1966,1.898192925
5163,Kunda,99,0,0.0,,,,0,0,Stable,Stable,-4.951378842028534,7.392579696799243,7.026545069811828,-0.069640062597809,0.3895461398198647,-0.0119174668108974,-0.1654548935240968,2018,2.397563358333333
5165,Harohar,3,1,3.57,Kailash Ghati Dam,16.6,1980.0,1,0,Stable,Stable,-19.516776799987817,5.37460996461553,4.325659333951613,-0.0688575899843505,0.3949258884499005,-0.010161002320198,-0.2068977540183566,2005,1.6001174883333331
5167,Harohar,3,1,3.57,Kailash Ghati Dam,22.9,1980.0,1,0,Stable,Stable,-18.514941744102934,9.56812300592803,7.796590605376344,-0.0688575899843505,0.3949258884499005,-0.0169738722076022,-0.1932311596679142,2005,3.0690182666666668
5168,Harohar,3,1,3.57,Kailash Ghati Dam,29.72,1980.0,1,0,Stable,Stable,-14.650016952707878,19.524417543162876,16.664087063172044,-0.0618153364632237,0.4453347120023703,-0.0317035279656862,-0.1739799969549502,1966,7.314135183333334
5169,Garhi,99,0,0.0,,,,0,0,Stable,Stable,-1.8802670073514465,4.673135232293561,4.5852678123118285,-0.0187793427230046,0.8192741807890083,-0.0022437465333781,-0.0485957659493082,2010,1.1539827133333334
5170,Punpun,2,3,1383.86,North Koel Dam,133.41,,2,0,Stable,Stable,-12.887931547152156,65.36356204280303,56.93955090994624,-0.0782472613458529,0.3333500217009937,-0.1273044062937675,-0.2066270354084158,2010,19.337461916666665
5171,Jam,99,0,0.0,,,,0,0,Stable,Stable,-9.262047887051605,4.093791308306818,3.714622396935484,-0.0751173708920187,0.3531492045378603,-0.0070219385190058,-0.1795011528811985,2010,1.0765604991666666
5172,Lilajan,99,1,6.23,Hiroo Dam,18.92,1982.0,1,0,Stable,Stable,-8.39035580827454,6.6795240398560605,6.119088206612903,-0.0751173708920187,0.3531492045378603,-0.0131339322477253,-0.2050221418483528,2010,1.8227499416666664
5173,Gandak,99,0,0.0,,,,0,0,Stable,Stable,3.187323566561415,88.0274141780303,90.83313269516128,0.0461658841940532,0.5695150128741793,0.0783097544316518,0.0885620135599854,2014,9.578591458333332
5174,Gandak,99,0,0.0,,,,0,0,Stable,Stable,2.5500485882515935,107.997532565625,110.75152212016128,0.0539906103286385,0.5054169484685467,0.1026035812661501,0.0948175533002971,2014,12.353346525
5177,Gandak,99,0,0.0,,,,0,0,Stable,Stable,3.6381832954899975,13.539250083125,14.03183281798387,0.0571205007824726,0.4808844025592613,0.014155345282567,0.1039491079942541,2014,1.3971741975
5178,Gandak,99,0,0.0,,,,0,0,Wetting,Mild Wetting,9.723927064849551,622.7999657971591,683.3605802311828,0.1658841940532081,0.0397528841892749,2.1988501321839093,0.3404672808922642,2014,191.14682475
5179,Gandak,99,0,0.0,,,,0,0,Stable,Stable,0.0111018797381062,9.735488371310606,9.736569193521506,0.0594679186228482,0.4629192952859549,0.0136339922556089,0.1412228827361919,2014,1.2266823291666666
5180,Gandak,99,0,0.0,,,,0,0,Wetting,Mild Wetting,9.562369145229232,633.3184128236742,693.8786573225807,0.1651017214397496,0.0406988466168358,2.201170528492651,0.3354090364162301,2014,192.49155716666667
5196,Kosi,99,0,0.0,,,,0,0,Stable,Stable,-1.7225208454976275,12.146241432282196,11.937019891666669,0.0453834115805946,0.5761320910860721,0.0092498233005952,0.0775413879096975,2014,1.6541470691666669
5274,Sunder,99,0,0.0,,,,0,0,Stable,Stable,9.118410034785787,6.818308467935606,7.440029791478495,-0.0594679186228482,0.4629192952859549,-0.0120197573879168,-0.170836710088738,1972,2.40051585
5275,Sunder,99,0,0.0,,,,0,0,Stable,Stable,5.971299663939692,35.0074197855303,37.09781772553763,-0.0837245696400626,0.3004608457455244,-0.0760791658350841,-0.2134135377930287,2010,13.664456141666667
5276,Gahra,2,0,0.0,,,,0,0,Stable,Stable,5.577410085791723,4.3585516534943185,4.6016459530107525,-0.0250391236306729,0.7594077836691946,-0.0027811503648046,-0.0627348336163519,2010,1.61998712
5277,Chilkara,99,1,51.56,Orhni Dam,10.41,2000.0,0,1,Stable,Stable,2.989320283731699,4.472459595704545,4.606155737580646,-0.0109546165884194,0.8955746395901789,-0.0013691400473484,-0.0304100505669357,1965,1.6563841041666667
7668,Mendha,99,0,0.0,,,,0,0,Stable,Stable,-27.716949746413867,2.085290240350379,1.5073113923655914,-0.0907668231611893,0.2614595472698988,-0.0061472299792199,-0.3371410312102978,2007,0.2392195591666666
7669,Mendha,99,0,0.0,,,,0,0,Stable,Stable,-29.114620333115752,2.850832379554924,2.0208233559139783,-0.081377151799687,0.3142817897068723,-0.0075753309739583,-0.3058516756978167,2007,0.3417926
7670,Mendha,99,0,0.0,,,,0,0,Stable,Stable,-10.777201038232253,8.659768092348484,7.726487475591398,-0.0485133020344287,0.5498843783585525,-0.0131961807719618,-0.1601202920721437,2002,1.1047089575
7677,Mendha,99,0,0.0,,,,0,0,Stable,Stable,-21.12954487815387,0.6326591391727272,0.4989811424354838,-0.1134585289514867,0.1600508953506154,-0.002601288869955,-0.4526985371723006,2002,0.063404125
7678,Mendha,99,0,0.0,,,,0,0,Stable,Stable,-14.411438484232802,3.584639506751894,3.0680413893548386,-0.0790297339593114,0.3285143688068808,-0.0090367805695662,-0.2694553941693302,2002,0.4189297633333333
7679,Mendha,99,0,0.0,,,,0,0,Stable,Stable,-8.242370210811366,7.277509355227274,6.6776700920430105,-0.0320813771517996,0.6937574902034176,-0.0072733206648284,-0.103838744676783,2002,0.9572753308333332
7681,Mendha,99,0,0.0,,,,0,0,Stable,Stable,-24.21310079254507,1.259463024496212,0.9545079729301076,-0.082942097026604,0.3050221061741585,-0.0033509150414781,-0.2988615392719756,2007,0.15665383
