seg_id,min_year,min_flow_m3s,river_name,tier,updated_tier,long_term_mean,max_year,max_flow_m3s,min_decade
1429,2022,16109.842,Padma,1,1,27289.293416901408,1984,33149.864708333334,2020
1445,2022,16021.877,Padma,1,1,27195.311758215965,1984,32980.97066666667,2020
1495,2022,8.530096,Padma,1,1,17.1842883149061,1984,29.28176529166667,2020
1496,2012,23.56328016666667,Padma,1,1,57.91545506115023,1959,100.8874945,2010
1497,2022,16057.462,Padma,1,1,27257.541894131453,1984,33090.26616666667,2020
1523,2014,7012.4120416666665,Padma,1,1,12407.399988380283,1971,17433.11061666667,2010
1525,2022,6882.9253,Padma,1,1,14739.192419953051,1974,20651.400058333336,2020
1526,2012,7.41813345,Padma,1,1,15.880005840375587,1984,25.6434292,2010
1527,2022,15918.755,Padma,1,1,27146.66145011737,1984,32894.728083333335,2020
1528,2012,17.2870404,Padma,1,1,42.90477337429577,1959,75.44027014166666,2010
1530,2012,22.148099116666668,Padma,1,1,49.59162863356807,1984,86.06651916666668,2010
1548,2022,21.207924,Punarbhaba,4,4,55.655701695774646,1984,108.19679975000001,2020
1549,2022,35.297493,Punarbhaba,4,4,83.82393540669014,1984,160.91680991666667,2020
1551,2014,6961.537958333333,Padma,1,1,12347.029978286386,1971,17366.863966666668,2010
1552,2022,2.349523,Padma,1,1,5.238577650774649,1984,8.856140816666667,2020
1553,2014,6967.190616666667,Padma,1,1,12354.839418309859,1971,17377.482991666668,2010
1560,1994,4.722216566666667,Tangan,4,4,12.80849325786385,1984,26.092850341666665,1990
1562,2022,7.313533,Punarbhaba,4,4,18.983422844248828,1984,38.5671403,2020
2480,1979,10.063292725,Kevai,5,5,22.73966485938967,1994,39.094886225,1970
2481,2015,8.446695216666667,Son,2,2,14.308983899882628,1961,24.69053895,2010
2807,2010,3.2421887166666665,Mohana,4,4,11.702358607629108,1971,21.338079975,2010
2910,2012,1.3598442708333334,Padma,1,1,7.561889157359155,1962,15.321916058333334,2010
2912,2012,3.4287417916666665,Padma,1,1,18.93275565559859,1962,39.63955563333334,2010
2913,2012,5.447207691666667,Ichamati,4,4,20.5486154814554,1953,40.757976774999996,2010
2914,2012,7.130886733333333,Kalindi,5,5,41.62069646079812,1962,90.98275141666666,2010
2915,2012,25.438560750000004,Ichamati,4,4,71.34025063356808,1984,119.09058816666668,2010
2916,1958,3.013111783333333,Ichamati,4,4,9.292011441314553,1984,16.996612966666664,1950
2918,2012,3.452169083333333,Ichamati,4,4,12.03756822652582,1953,23.042867825000002,2010
2919,1972,22.20445666666667,Mathabanga,5,5,48.91613237723005,1984,87.48308083333335,1970
2920,1958,2.108182975,Padma,1,1,7.704616425352113,1984,13.784360249999999,1950
2921,1972,39.76964725,Padma,1,1,92.3614619665493,1984,158.713447,1970
2922,1958,11.746961858333334,Ichamati,4,4,29.881333957042255,1984,52.01583805833334,1950
2928,1972,4.892732316666667,Padma,1,1,12.138271968309859,1959,21.239006316666668,1970
2929,1972,46.94511574999999,Padma,1,1,110.81585504577464,1984,188.1135984166667,1970
2930,1972,5.841205775,Mathabanga,5,5,13.235049484859154,1984,23.42446825,1970
2931,1972,7.740773291666667,Bhairab,5,5,17.188659837206572,1984,30.6681961,1970
2933,1958,4.685606383333334,Padma,1,1,13.885134783568075,1984,24.696382483333334,1950
2954,2018,4.169355524999999,Gumani,4,4,12.587300281103285,1999,30.17029355,2010
2957,1972,10.679482141666668,Gumani,4,4,34.01820360680751,1999,88.60228283333333,1970
2959,2014,6643.542591666667,Ganga,1,1,11915.043745187793,1971,16857.344950000002,2010
2960,2014,6685.967316666666,Ganga,1,1,11957.178962558684,1971,16915.400841666666,2010
2971,2022,158.36511,Padma,1,1,365.8362425058686,1984,650.5687212500001,2020
2973,2014,6695.2622249999995,Padma,1,1,11970.29781173709,1971,16937.387433333333,2010
2977,1965,4.155901358333334,Chandan,4,4,11.521441636032863,1999,27.862320083333334,1960
2978,1966,3.3216263500000003,Barnar,5,5,10.927676649413145,1984,24.874918891666667,1960
3217,1992,7.6534087416666665,Koel,3,3,17.428241620539907,1971,39.39774383333333,1990
3244,2002,0.5703869733333333,Sota,4,4,2.3032243041431926,1995,8.497632691666666,2000
3245,2002,0.7411553008333334,Sota,4,4,3.3575849691666666,1995,11.492849375,2000
3246,2002,1.4678310333333335,Sota,4,4,6.535281149870892,1995,23.01203669166667,2000
3247,1987,0.5264514883333333,Chalak,5,5,2.3081979403051642,1995,9.903718383333333,1980
3248,2002,2.4540743416666664,Sota,4,4,10.468388803521128,1995,39.102114658333335,2000
3260,2007,0.19998005,Yamuna,1,1,1.156249513697183,1964,4.384218528333333,2000
3261,1987,76.0401055,Yamuna,1,1,245.0203766431925,1959,515.9815074166667,1980
3262,1987,76.57404708333333,Yamuna,1,1,247.5150270023474,1959,518.1134858333334,1980
3263,2002,11.864100791666667,Yamuna,1,1,54.55474567359155,1995,217.50433316666667,2000
3264,1987,91.06260758333333,Yamuna,1,1,306.8312842464789,1978,605.2443803333333,1980
3279,2007,0.36821932916666666,Yamuna,1,1,2.051489032840376,1964,7.732166583333334,2000
3281,2007,0.6975466016666667,Yamuna,1,1,4.020057607805165,1964,14.961508041666667,2000
3284,1974,1.4895136775,Bata,5,5,6.539674414953052,1959,14.68913283,1970
3285,1987,5.728434808333334,Tons,2,2,20.001716998239438,1959,42.79667478333334,1980
3286,2022,10.085888,Giri,4,4,41.75853889401409,1959,80.27544041666667,2020
3287,2022,47.818874,Yamuna,1,1,149.69210931924883,1959,335.3244681666667,2020
3288,1987,53.73470699999999,Yamuna,1,1,170.09387141607982,1959,378.95598341666664,1980
3289,1987,57.95085783333334,Yamuna,1,1,182.625141092723,1959,405.9241784166666,1980
3290,1982,3.2376629416666667,Yamuna,1,1,12.03465976584507,1959,23.104335208333335,1980
3291,1981,2.514249216666667,Yamuna,1,1,11.943506646244131,1959,26.816401058333337,1980
3292,1987,61.9344605,Yamuna,1,1,194.9918380140845,1959,429.68523374999995,1980
3293,1987,68.38836041666667,Yamuna,1,1,215.9370310539906,1959,472.19794275000004,1980
3295,1987,1.6437312225000003,Yamuna,1,1,7.519482629319248,1964,17.23510393333333,1980
3296,1982,0.8658665308333333,Yamuna,1,1,5.926490043368545,1988,13.085779710833334,1980
3297,1987,3.160533975,Yamuna,1,1,13.462395763497653,1964,29.108238341666667,1980
3298,1987,71.89428516666666,Yamuna,1,1,230.6052507370892,1959,500.5593675,1980
3300,1987,73.85829566666666,Yamuna,1,1,237.6567388450704,1959,509.7199944166667,1980
3301,1982,1.0158606666666665,Hindon,3,3,7.0702225384037565,1978,19.88997863333333,1980
3302,1982,4.679176808333334,Hindon,3,3,20.54279970786385,1978,45.778590441666665,1980
3303,2017,0.25748671083333335,Yamuna,1,1,1.5826444804577466,1955,5.355643503333333,2010
3304,1987,74.70548108333334,Yamuna,1,1,240.4550102359155,1959,512.1662838333333,1980
3305,2017,0.18322257833333333,Yamuna,1,1,1.211527486021127,1964,4.489207329166667,2010
3308,2009,0.28023318333333336,Rupin,4,4,3.487688051279343,1959,21.539368300000003,2000
3309,2009,0.8289407291666667,Tons,2,2,7.930373077969483,1959,31.433455433333336,2000
3310,2004,1.8154302108333333,Pabbar,4,4,12.922078144014083,1959,41.429536774999995,2000
3311,2009,1.579447325,Tons,2,2,16.959023804342724,1959,66.86447729166666,2000
3312,2009,4.651191133333334,Tons,2,2,34.265965703521125,1959,115.87585908333334,2000
3316,2022,1.4089956,Shallu,5,5,7.118451696514084,1978,17.2756307625,2020
3317,2009,8.186685291666667,Tons,2,2,42.14621310340375,1959,129.19331158333333,2000
3318,2022,0.96099275,Sainj,5,5,5.434655393568075,1978,11.732848079999998,2020
3319,2009,13.812208708333335,Tons,2,2,58.28451773004695,1959,161.00038941666665,2000
3320,2009,6.9359231333333335,Yamuna,1,1,45.429160624647885,2010,110.86877303333334,2000
3321,1987,1.2339051108333334,Aglad,5,5,6.8623647396948355,1954,15.982256525000002,1980
3322,2009,3.6788289666666665,Yamuna,1,1,32.36593197159624,1971,85.919832825,2000
3323,2009,9.130096400000001,Bhagirathi,3,3,74.53743137523475,1971,166.49294391666666,2000
3324,2009,22.1809145,Yamuna,1,1,107.22823991126761,1959,253.56635550000001,2000
3325,1972,0.9994001766666667,Ashmi,5,5,3.515667688039906,1955,10.0902117025,1970
3326,2022,3.232049,Giri,4,4,14.222239022887324,1968,33.333397041666665,2020
3328,2015,0.6773803666666667,Sarai,5,5,3.2447795998591547,2021,8.849427035833333,2010
3329,2015,0.7389918733333333,Chambal,2,2,3.4061091812558684,2021,9.058794157500001,2010
3330,2017,2.658133558333333,Kadwal,5,5,11.265656251877934,2021,29.265794283333335,2010
3331,2017,3.4115650416666665,Chambal,2,2,14.640147598591549,2021,38.402328016666665,2010
3332,2002,42.71260591666667,Banas,3,3,217.0680951302817,2019,542.7445770833334,2000
3333,1951,236.26304545454548,Chambal,2,2,823.1478288838028,2019,2331.5565991666667,1950
3334,1951,239.88977999999997,Chambal,2,2,837.7891443392018,2019,2353.1659791666666,1950
3335,2002,322.530075,Chambal,2,2,1057.3942189084507,2019,2899.2439325,2000
3336,2002,325.664105,Chambal,2,2,1067.8948604178404,2019,2911.7101375,2000
3337,2002,10.885390208333334,Kuno,4,4,44.29453997582159,2021,120.20402707500001,2000
3338,2002,0.6557689125,Karisil,5,5,4.2007352377934275,1995,12.434468391666668,2000
3339,2002,344.45194583333335,Chambal,2,2,1134.892424870892,2019,3000.458285833334,2000
3340,1979,0.9691589008333333,Parbati,3,3,4.875596491936619,2011,11.032930699166668,1970
3341,2007,1.1520838375,Karai,5,5,5.701916409131455,1971,14.251219538333332,2000
3342,2002,2.1814870166666664,Kuno,4,4,10.298120720915493,1971,24.990775,2000
3343,2002,4.073038483333334,Kuno,4,4,19.044579765845068,1971,47.998912174999994,2000
3344,1979,6.026048408333334,Sindh,3,3,29.422875371126757,2019,61.137690383333336,1970
3345,1979,8.348344016666667,Sindh,3,3,39.29239282323943,2019,78.38893244166667,1970
3346,2002,0.7006421975,Kendar,5,5,3.2234827864553988,2021,8.897643016666667,2000
3347,2002,1.0310989033333333,Manki,5,5,4.394838872476526,2021,12.332141699166668,2000
3348,2002,2.0108095833333333,Kuno,4,4,8.836064239753522,2021,24.852315466666667,2000
3349,2007,2.3170151249999997,Kunwari,4,4,13.247409888497652,1977,45.694535441666666,2000
3350,2007,0.17349280833333333,Kunwari,4,4,1.5618187565680752,1958,4.538227226666667,2000
3351,1980,0.3318888325,Bamni,5,5,1.6063562642840374,1958,5.188776963333333,1980
3352,2007,0.2953819991666667,Parbati,3,3,1.4611272497769954,1958,5.0142300025,2000
3353,2007,0.18996573083333335,Vaisali,4,4,2.010706395181925,1961,5.898144133333333,2000
3354,2016,0.16612889833333333,Sengur,4,4,1.9051279037441315,1960,6.519780975000001,2010
3355,1987,0.32162265416666663,Sesar,5,5,1.7123028148474178,1958,5.1285661475,1980
3356,2007,0.9322503625,Vaisali,4,4,3.9252258325938967,1958,10.722014241666669,2000
3357,2007,0.5146209583333333,Kunwari,4,4,3.473478877652582,1958,10.058653025,2000
3358,2007,0.4339372358333333,Parbati,3,3,2.8093668712676054,1958,8.952337691666667,2000
3359,2007,0.52359807,Gambhir,4,4,2.5327639393427233,1958,10.148454150000001,2000
3360,2007,1.0394087175,Vaisali,4,4,4.296685468861503,1961,11.810572041666667,2000
3361,2007,0.6337655733333333,Jhilmil,5,5,4.307903014694836,1961,10.243302025,2000
3362,2007,1.3423752333333334,Sank,5,5,7.048279792805165,1958,19.236581750000003,2000
3363,2007,1.0176707491666666,Pahuj,4,4,7.230756334577465,1961,16.808186858333332,2000
3364,2007,0.8901039416666667,Parbati,3,3,5.025083359237089,1958,16.497767316666668,2000
3365,2007,0.8832003016666666,Gambhir,4,4,5.414131986161972,1956,14.745392733333333,2000
3366,2007,1.3717492291666666,Asan,4,4,8.335319395516432,1958,22.74442845,2000
3367,2007,0.9568897683333333,Non,4,4,9.44344288907277,1980,36.68273045,2000
3368,2015,1.4298367166666666,Sengur,4,4,7.864733455798122,1960,22.552830325000002,2010
3369,2007,1.938570725,Parbati,3,3,9.930123650704225,1958,32.573668508333334,2000
3370,2007,2.8501096083333333,Vaisali,4,4,14.98000356302817,1961,40.850856900000004,2000
3371,2007,2.262892733333333,Sengur,4,4,11.229022531807512,1967,32.486689524999996,2000
3372,2007,2.93846235,Asan,4,4,17.15321900680751,1958,47.11530135833333,2000
3373,2002,2.075919125,Gambhir,4,4,11.673410516901408,1995,36.552585916666665,2000
3374,2007,3.505041933333333,Vaisali,4,4,19.48690715798122,1961,51.59372783333333,2000
3375,2007,2.820625833333333,Pahuj,4,4,23.708332013849766,1967,58.63991733333334,2000
3376,2007,3.481774458333333,Kunwari,4,4,20.596019183333333,1958,56.819716308333334,2000
3377,2007,3.795668475,Vaisali,4,4,22.612777107394365,1961,60.509140083333335,2000
3378,1987,3.038623466666667,Gambhir,4,4,15.788565976760564,1995,49.631030716666665,1980
3379,2015,5.046887458333333,Sengur,4,4,19.76918098931925,1967,53.795856225,2010
3380,2015,5.476561575000001,Sengur,4,4,22.80271497206573,1967,62.105130124999995,2010
3381,2007,4.126087225,Pahuj,4,4,34.64177576737089,1967,84.26670123333334,2000
3382,1987,5.471343524999999,Gambhir,4,4,24.990867941666668,1958,75.11855016666667,1980
3383,2007,6.483609358333333,Kunwari,4,4,38.28113517546949,1958,105.49274616666666,2000
3384,2007,7.2635664250000005,Kunwari,4,4,46.7638566084507,1958,125.61254425,2000
3385,2007,7.985756666666667,Gambhir,4,4,37.44848891408451,1958,115.8436885,2000
3386,2007,31.443215916666663,Sindh,3,3,129.7121050504695,1961,299.13802016666665,2000
3387,2007,35.45151666666667,Sindh,3,3,154.6217852652582,1961,365.17636308333334,2000
3388,2007,39.582192166666665,Sindh,3,3,189.30881464436618,1961,447.6682226666667,2000
3389,1987,26.3596005,Yamuna,1,1,106.4565149084507,1958,303.7915776666667,1980
3390,2007,46.85314483333334,Sindh,3,3,236.15168220657276,1961,565.2606045,2000
3391,1987,152.43211258333335,Yamuna,1,1,518.8073678075118,1958,1014.2595566666665,1980
3392,2002,643.0128316666667,Yamuna,1,1,1653.9609911737089,2019,3384.5781583333337,2000
3393,2002,740.0832925,Yamuna,1,1,1898.5144007159624,1961,3709.573946666667,2000
3394,2009,0.22648503583333332,Supin,4,4,2.3651299806103285,1959,10.77671135,2000
3395,2009,0.5754475333333333,Tons,2,2,5.172895636995305,1959,18.814029325,2000
3396,2002,0.23052380916666668,Dhund,5,5,1.8461679467018781,1981,8.286079484166667,2000
3397,2002,0.7297614041666667,Dhund,5,5,5.017083405011737,1981,21.02546588333333,2000
3398,2002,1.0503546000000001,Banganga,4,4,5.462733866197183,1995,20.653916191666667,2000
3399,2002,1.2538495458333332,Mashi,4,4,9.44429714346244,1977,35.16404699166667,2000
3400,2002,1.17742268,Dhund,5,5,8.286974962629108,1981,35.256453416666666,2000
3401,1987,0.9766742608333333,Morel,4,4,5.8673620120892025,1981,25.475348274999998,1980
3402,2002,2.9926077,Morel,4,4,19.46903495375587,1981,79.97024276666666,2000
3403,2002,0.2939422366666667,Kareli,4,4,1.742330093532864,1981,6.2921582425,2000
3404,2002,0.3163885083333333,Kareli,4,4,1.9473897937558684,1981,7.598624929166665,2000
3405,2002,0.61628642,Kareli,4,4,3.7210597140962443,1981,13.959680178333334,2000
3406,2002,0.5517444483333334,Dhil,5,5,4.528355328333333,1981,15.218982741666666,2000
3407,2002,1.2428695941666665,Kareli,4,4,7.827602944495306,1995,26.77373814166667,2000
3408,2002,4.245960541666666,Morel,4,4,27.3571037814554,1981,105.76869234166668,2000
3409,2002,0.4955487316666667,Kareli,4,4,3.1992131403638497,1995,11.104428533333333,2000
3410,2002,0.278130995,Morel,4,4,2.0968169946596245,1995,6.7342594775,2000
3411,2002,4.552095958333333,Morel,4,4,29.642119815258216,1981,111.00645066666665,2000
3412,2002,5.233297383333333,Morel,4,4,33.98059839706573,1981,117.82821273333333,2000
3413,2002,0.6655884575000001,Gambhir,4,4,3.794957410492958,2021,11.275891725,2000
3414,2002,35.85881083333333,Banas,3,3,175.11546557511736,1973,488.6592596666667,2000
3415,2002,36.63200475,Banas,3,3,179.44346046948357,1973,494.07467266666663,2000
3417,2002,0.54993467,Mashi,4,4,3.986384493403756,1977,15.983959325,2000
3418,2003,0.14223848483333332,Mashi,4,4,0.9883327814765258,1977,4.091608474166667,2000
3419,2002,0.10266053016666667,Mashi,4,4,1.148460927910798,1977,3.9942181708333333,2000
3420,2003,0.5029298525,Mashi,4,4,3.4632936971478876,1977,17.935372733333335,2000
3421,2003,0.8937587966666668,Mashi,4,4,5.862383619706573,1977,27.192651108333333,2000
3422,2002,1.1089013583333334,Mashi,4,4,7.782115687288732,1977,33.381111383333334,2000
3423,2002,0.08367096283333335,Mashi,4,4,1.2807020915539906,1981,4.413880725833333,2000
3424,2002,2.5070131333333334,Mashi,4,4,19.201223539201877,1977,73.37662570833332,2000
3425,2002,2.592126425,Mashi,4,4,20.493719531338026,1977,76.69763875,2000
3426,2002,0.09122689616666667,Sohadra,5,5,1.14055148460446,1977,3.5346532508333333,2000
3428,2002,0.30610611,Sohadra,5,5,2.894142913028169,1977,10.173824383333333,2000
3429,1987,0.41819710250000003,Dai,4,4,2.240137310539906,2019,9.003963945833334,1980
3430,2002,1.2322807583333333,Dai,4,4,7.070684045164319,1977,25.102472925,2000
3431,2002,0.46106269000000005,Sohadra,5,5,4.964248849788732,1977,15.66312565,2000
3432,2002,29.939652499999998,Banas,3,3,129.93083479929578,1973,419.55279991666663,2000
3433,2002,3.0648363916666668,Mashi,4,4,25.610210358920188,1977,92.67767470833333,2000
3434,2002,33.52391775,Banas,3,3,160.276376778169,1973,465.91613808333335,2000
3435,2002,1.017388765,Galwa,5,5,5.815351964671361,1956,17.069154041666668,2000
3436,2002,34.134144166666665,Banas,3,3,165.123107935446,1973,472.7336391666667,2000
3437,2002,1.0189993616666666,Chakan,5,5,5.161760491279343,1956,13.62642475,2000
3438,1987,0.08659985658333334,Dai,4,4,0.4100538245680751,1977,1.7499169808333335,1980
3439,1987,0.13509587083333333,Dai,4,4,0.8183828912922535,2012,3.3361823533333332,1980
3440,2002,27.867510166666666,Banas,3,3,116.78604259037559,1973,387.96617999999995,2000
3441,2009,0.5898199016666666,Bajyan,5,5,3.100237337758216,2019,9.132594904166668,2000
3442,2002,0.07145046733333334,Mashi,4,4,0.5769486129213616,1977,3.008089988333333,2000
3443,2003,0.08858908708333334,Mashi,4,4,0.6377937743791079,1977,3.951891696666667,2000
3444,2003,0.28527422416666665,Mashi,4,4,1.9520249036150235,1977,10.642599216666666,2000
3445,2003,0.19399604250000002,Mashi,4,4,1.351788822875587,1977,6.644448483333334,2000
3447,2002,0.17825497416666666,Mendha,3,3,1.0323191292476526,1995,3.6407215649999998,2000
3448,2002,0.16770419083333332,Mendha,3,3,1.0444443911161971,1977,3.6731257066666667,2000
3449,2007,0.12670640083333332,Mendha,3,3,1.152357328717136,1977,5.2444761799999995,2000
3450,2002,0.5363520908333334,Mendha,3,3,3.6487851707863848,1977,13.97042015,2000
3451,2007,0.7498828783333332,Sindh,3,3,2.727009916478873,1961,7.623401741666666,2000
3452,2007,2.29788595,Non,4,4,9.094554439788732,1961,26.036661275,2000
3453,2007,4.191628049999999,Parbati,3,3,18.488643460798123,1961,44.930039533333336,2000
3454,2007,26.78492675,Sindh,3,3,109.48894129107981,1961,244.53226725,2000
3455,2007,29.849075666666668,Sindh,3,3,121.60237837793429,1961,279.40178175,2000
3456,2007,0.4975711308333333,Pahuj,4,4,3.317436269377934,1961,8.572642908333334,2000
3457,2007,0.4055985391666667,Betwa,2,2,3.425656869589202,1967,9.1785470225,2000
3458,2007,0.9334340091666666,Ghurari,5,5,5.172470806596245,1985,12.122715216666668,2000
3459,2007,1.5815015333333333,Pahuj,4,4,13.236171317723006,1967,33.467777508333334,2000
3460,2007,3.4568028500000003,Mahuar,4,4,16.96638480399061,1961,42.239004191666666,2000
3461,2007,23.00250558333333,Sindh,3,3,90.82553662382628,1961,197.73286,2000
3462,1979,94.36243766666666,Betwa,2,2,379.6752462840376,2013,733.2199008333333,1970
3463,1979,97.16761441666667,Betwa,2,2,389.2585315680751,2013,749.3006318333333,1970
3464,1979,104.01689791666666,Betwa,2,2,405.8094919119718,2013,775.6124503333334,1970
3465,2007,0.63841663,Sindh,3,3,2.951592356197183,1961,7.1617897274999995,2000
3466,2015,0.7283644758333333,Sindh,3,3,3.0417218778403754,1961,7.3775256975,2010
3467,1979,13.33843125,Sindh,3,3,58.31250865410799,1971,119.37777091666668,1970
3468,1979,14.597362916666667,Sindh,3,3,62.1867328149061,1971,126.372393,1970
3469,1979,17.814353999999998,Sindh,3,3,72.23334192840376,1961,152.51469158333336,1970
3470,2007,0.4159216833333333,Mahuar,4,4,2.801718875340376,1961,6.947798278333333,2000
3471,2007,0.5400517058333333,Bilrai,5,5,2.7293924247417842,1961,6.8504795099999996,2000
3472,2007,2.2230484166666664,Mahuar,4,4,9.955185225539905,1961,24.238322299999997,2000
3473,2007,2.928329858333333,Mahuar,4,4,13.541532497769952,1961,33.583807666666665,2000
3474,2007,0.5450884641666667,Non,4,4,2.2672028666314556,1961,6.5393586558333325,2000
3475,2007,0.614994165,Non,4,4,2.3171199135211267,1961,6.721176213333333,2000
3476,2007,0.7854079708333334,Non,4,4,3.181979663169014,1961,8.804067013333333,2000
3477,2007,1.3978435083333334,Non,4,4,5.698362189471831,1961,16.092301600000003,2000
3478,1979,1.4612956675,Betwa,2,2,5.582449805199531,1971,12.746440774999998,1970
3479,1987,16.386001166666667,Khari,3,3,66.28577077112676,1995,199.6328575,1980
3480,1987,122.83687833333333,Yamuna,1,1,404.7575374483568,1978,814.0608116666667,1980
3481,2017,0.15444321083333332,Sengur,4,4,2.154114635633803,1960,6.617492428333333,2010
3482,2016,1.3353856750000002,Ganga,1,1,12.69219699988263,1961,36.31178655833333,2010
3483,2017,4.2620758,Rihand,3,3,16.957603782629107,2003,46.12070814166666,2010
3484,2007,7.2596192833333335,Sengur,4,4,35.0029101269953,1967,93.8268255,2000
3485,1979,1.6372563916666667,Sindh,3,3,7.333899998075117,1971,17.647195508333333,1970
3486,2007,0.720969565,Indar,5,5,3.6277019907981223,1971,8.825215461666668,2000
3487,1979,11.696301391666665,Sindh,3,3,51.12599699812207,1971,104.30403775,1970
3488,2007,0.9648763225,Aerma,5,5,5.007438008978873,1971,11.4212798175,2000
3489,1987,0.2637907341666667,Kakund,5,5,1.255990811830986,1958,5.181627643333333,1980
3490,1987,0.3633893475,Banganga,4,4,1.6512019290023474,1995,5.652130166666666,1980
3491,2002,3.70293555,Banganga,4,4,18.250977324413146,1995,72.44988645833332,2000
3492,1987,4.208466791666667,Gambhir,4,4,20.56886204037559,1995,61.925483275,1980
3493,2002,4.763974941666667,Banganga,4,4,21.868636437206572,1995,83.12504191666667,2000
3494,1987,9.53855785,Khari,3,3,37.73336680328639,1958,119.4533685,1980
3495,2007,0.9680527225,Khari,3,3,4.342592517347418,1958,13.454836258333335,2000
3496,1987,14.797236750000001,Khari,3,3,61.035332522300465,1995,191.8544105,1980
3497,2020,0.17682613833333335,Yamuna,1,1,0.9551290849882629,1958,3.63467118,2020
3498,2015,0.37945570666666667,Karwan,4,4,1.8590441253286385,1958,5.600316135833334,2010
3502,2015,1.5914731833333333,Karwan,4,4,9.181896192957746,1963,26.312629408333336,2010
3503,2015,2.4669599166666667,Karwan,4,4,12.940078862323944,1958,36.950209533333336,2010
3504,1987,8.620487516666666,Khari,3,3,33.864836388615025,1958,105.90558800000001,1980
3505,1987,110.66902108333333,Yamuna,1,1,372.4566484131455,1978,768.4903920833334,1980
3506,1987,112.97293783333333,Yamuna,1,1,378.6610072593897,1978,775.6545249999999,1980
3508,2002,0.27875550916666664,Gambhir,4,4,1.7135712369835683,1995,6.074566128333334,2000
3509,2002,0.6707631433333333,Gambhir,4,4,4.00477261480047,1995,14.307045641666667,2000
3510,1988,0.296728685,Banganga,4,4,1.4874855679225352,1995,6.316747181666666,1980
3514,1987,7.856200916666666,Khari,3,3,30.640002617723002,1958,96.24694316666667,1980
3515,1987,6.488292,Khari,3,3,25.431598767605635,1967,81.00311975,1980
3516,2002,0.23508183500000002,Sanwan,4,4,1.2583591843075117,1995,5.0250046525,2000
3517,2002,0.24782621083333334,Sanwan,4,4,1.326711966701878,1995,5.210287776666667,2000
3518,1988,0.3365567683333333,Banganga,4,4,1.919768163697183,1995,8.067160046666666,1980
3519,2002,0.47620089666666665,Sanwan,4,4,2.4123374480985915,1995,9.350670874999999,2000
3520,2002,0.6190341291666667,Barah,4,4,3.030924009096244,1995,11.014398899999998,2000
3521,2002,0.7124603158333334,Sanwan,4,4,3.6710523127934276,1995,14.380255166666666,2000
3522,2002,1.1819012083333333,Sanwan,4,4,6.04506612761737,1995,24.076264658333333,2000
3523,2002,1.9705953166666668,Banganga,4,4,10.012877088615022,1995,39.65489485,2000
3524,2002,3.1829496583333334,Banganga,4,4,16.1511086221831,1995,64.06060262499999,2000
3526,1987,0.28395275000000003,Khari,3,3,1.414163373286385,1996,5.662044225,1980
3527,2002,2.497732675,Khari,3,3,9.807220401525822,1967,34.17718006666667,2000
3528,2002,2.17332005,Barah,4,4,9.243617279694837,1995,33.30361941666667,2000
3530,1987,4.175936208333334,Khari,3,3,15.954312822887324,1967,59.27863775,1980
3531,2002,0.532597655,Barah,4,4,2.568377068133803,1996,11.562909191666668,2000
3532,2002,1.0695546941666667,Barah,4,4,5.090688062523474,1995,18.895968749999998,2000
3533,2015,0.46255737750000003,Yamuna,1,1,2.806747745140845,1958,10.329598533333334,2010
3534,1982,14.434167,Hindon,3,3,55.97218607535211,1978,153.50604366666667,1980
3535,1987,108.92634741666666,Yamuna,1,1,368.60150542136154,1978,764.8643766666668,1980
3536,2009,0.13356563291666668,Karwan,4,4,1.2676088839788733,1967,4.2041131675,2000
3537,2007,1.2253466975,Karwan,4,4,5.906119957089201,1967,16.676395408333335,2000
3538,2007,4.247252275,Karwan,4,4,19.640725876995308,1967,55.22602284166667,2000
3539,2007,4.4437440666666665,Karwan,4,4,20.997551384624412,1967,59.704295525,2000
3541,2020,0.2177255325,Karwan,4,4,1.9538128565610329,1952,6.086325892500001,2020
3543,2021,0.5877196441666667,Kali,3,3,3.2473635565258214,1967,9.111378,2020
3544,2009,0.8653157616666666,Kali,3,3,6.199140678697183,1978,18.978325883333333,2000
3545,2009,0.6786707399999999,Kali,3,3,6.258123206384976,1978,21.991176566666667,2000
3547,2009,2.820631483333333,Kali,3,3,10.891063062558684,1978,33.097881124999994,2000
3548,2009,1.0507650316666666,Kali,3,3,10.07387315753521,1978,35.92778405,2000
3549,2009,3.732632583333333,Kali,3,3,17.246211063615025,1978,52.409628983333334,2000
3550,2009,5.625001008333334,Kali,3,3,30.06531688309859,1978,93.89471366666668,2000
3551,2009,0.15745938166666665,Hindon,3,3,1.641614083157277,1978,6.737626763333334,2000
3552,1982,12.52944025,Hindon,3,3,49.60023149647887,1978,128.94487958333335,1980
3553,1987,1.0692773691666666,Kali,3,3,4.2445890664788735,1978,9.458307883333333,1980
3554,1987,1.2828854533333334,Kali,3,3,5.237602326291079,1978,12.276384408333334,1980
3555,2021,3.627093,Solani,4,4,12.987122060093897,2010,25.589482608333338,2020
3556,1987,4.69466105,Kali,3,3,18.32727963579812,1978,49.248183366666666,1980
3558,1987,0.8178964674999999,Kali,3,3,3.1758127157746476,1978,9.256823483333333,1980
3559,1982,10.554087441666667,Hindon,3,3,40.37562031842723,1978,100.61754433333334,1980
3560,1965,1.6692657666666666,Amjar,5,5,8.595326137312206,2019,27.82569509166667,1960
3561,1981,7.910741616666666,Ahu,4,4,33.66686419647887,2019,119.65677549166668,1980
3562,1965,10.131082133333333,Ahu,4,4,42.9681347879108,2019,149.32515669166668,1960
3563,1951,23.250082,Kali Sindh,3,3,91.38667205751173,2019,281.08316025,1950
3564,1951,35.273255363636366,Kali Sindh,3,3,139.28696561032862,2019,442.9271575833333,1950
3565,1965,1.0953754641666666,Kali Sindh,3,3,5.4704292775,2013,14.610276175000001,1960
3566,1965,2.8182939416666666,Ujar,5,5,13.857946674647888,2019,38.031232358333334,1960
3567,1951,26.175163181818185,Parvan,4,4,118.48502397887324,2019,325.93137141666665,1950
3568,1951,36.739408181818185,Kali Sindh,3,3,144.76183748708922,2019,456.8861845833333,1950
3569,1965,39.87660983333333,Kali Sindh,3,3,159.46042651291077,2019,496.3016659166667,1960
3570,1981,0.8073234724999999,Chauli,5,5,3.8359172670187793,2019,14.281117985833333,1980
3571,1951,1.9462650727272726,Ghar Ganga,4,4,9.500829534518779,2019,30.249228024999997,1950
3572,1951,0.913786519090909,Chhapi,4,4,5.421575409929578,2019,25.862787674999996,1950
3573,1951,3.480543809090909,Chhapi,4,4,17.578382018075118,2019,62.77447095833333,1950
3574,1951,20.70533,Kali Sindh,3,3,80.17959448122066,2019,248.35508833333333,1950
3575,1951,67.21864254545454,Kali Sindh,3,3,280.1755469870892,2019,825.9027478333334,1950
3576,1951,1.2447626245454546,Baleti,5,5,5.779907826737089,1973,14.494601941666666,1950
3577,1951,1.9283429363636364,Newaj,4,4,8.59603570769953,1973,22.388580416666667,1950
3578,1951,12.141219063636363,Kali Sindh,3,3,44.31961001596244,1973,130.53669795833335,1950
3579,1951,3.407707372727273,Parbati,3,3,14.86541238039906,1973,37.7577628,1950
3580,1951,3.6208257,Newaj,4,4,16.277654526056338,1973,41.47805181666667,1950
3581,1951,0.8058367672727272,Newaj,4,4,4.107728759037558,1973,9.557158286666667,1950
3582,1951,8.604480163636364,Newaj,4,4,40.03601303204225,1973,99.89638933333333,1950
3583,1951,2.442864518181818,Dudhi,5,5,12.349148350821597,2019,28.89170435833333,1950
3584,1951,13.102058454545455,Newaj,4,4,62.119945697652575,2019,157.96776670833333,1950
3585,1951,1.4050944654545454,Paru,5,5,6.715981351361502,1973,15.254222825,1950
3586,1951,7.990685099999999,Parbati,3,3,35.015956896244134,1973,84.53159404166666,1950
3587,1951,15.227441909090908,Parbati,3,3,66.23892779741784,1973,154.44313459166668,1950
3588,1966,1.5565480216666667,Ghora Pachhar,4,4,7.862034784237089,2019,22.437468683333332,1960
3589,1966,1.3270400541666667,Ghora Pachhar,4,4,7.943160009272301,2019,24.38431445,1960
3590,1966,4.069647166666667,Ghora Pachhar,4,4,22.787690326408452,2019,65.44272955,1960
3591,1951,19.132959272727273,Parvan,4,4,88.02061501056339,2019,230.61382116666667,1950
3592,1980,1.6044006916666669,Londri,5,5,5.650096240985915,1973,16.839179875000003,1980
3593,1951,3.7015810727272727,Kali Sindh,3,3,12.02733139859155,1973,34.547396424999995,1950
3594,1951,3.368582972727273,Lakundar,4,4,13.040260820070424,2019,38.55083705,1950
3595,1951,6.220443236363637,Lakundar,4,4,25.09977030915493,2019,79.06517776666666,1950
3596,1951,18.901040863636364,Kali Sindh,3,3,72.15071639765259,2019,218.27892758333334,1950
3597,2002,0.7654844024999999,Tila,5,5,3.674291362746479,2019,11.666624945,2000
3598,1980,1.0441133508333333,Chhoti Kali Sindh,4,4,4.197951649061033,1973,12.798509213333332,1980
3599,2002,1.1510375033333333,Kanthali,5,5,6.534800150258216,2019,25.15970195,2000
3600,2002,2.0380702416666665,Ahu,4,4,10.891695215798123,2019,43.34408659166667,2000
3601,1981,0.9286351808333334,Ahu,4,4,4.296374192382629,2019,14.53453611,1980
3602,1981,5.892673491666667,Ahu,4,4,24.9181663342723,2019,91.98112966666667,1980
3603,2002,0.5984114991666667,Dudhaliya,5,5,3.027365615633803,2019,10.764621591666668,2000
3604,1981,0.9466260183333333,Ahu,4,4,4.43464394370892,2019,18.726475121666667,1980
3605,1965,6.764533133333333,Chhoti Kali Sindh,4,4,24.422707048943664,1973,78.43955579166666,1960
3606,2003,1.1324910558333334,Ansar,5,5,5.644511616596244,2019,23.691562358333332,2000
3607,2002,67.95821441666666,Chambal,2,2,233.08368164671361,2019,748.8071371666666,2000
3608,2002,70.11258883333333,Chambal,2,2,242.87527049530516,2019,787.8248249166667,2000
3609,1981,0.6745655216666666,Khoki,5,5,2.942470318333333,2019,10.4156904825,1980
3610,1981,1.2973849033333333,Gunjali,4,4,5.929750931819249,2019,20.598043183333335,1980
3611,2003,0.8967662041666666,Gunjali,4,4,4.435701682758216,2019,14.916012575000002,2000
3612,1981,2.059592933333333,Gunjali,4,4,9.368042484741785,2019,32.490075374999996,1980
3613,1981,3.0473684750000003,Gunjali,4,4,14.223345541549296,2019,48.69843340833333,1980
3614,1981,1.9936583083333332,Chambal,2,2,12.04077278814554,2019,38.288685808333334,1980
3615,2002,75.00872825,Chambal,2,2,263.34133208685444,2019,857.02630375,2000
3616,2002,77.99797825,Chambal,2,2,276.92687148004694,2019,900.2112286666667,2000
3617,1981,0.4610468575,Chambal,2,2,2.683272749859155,2019,7.7737676725,1980
3618,2002,79.43687075000001,Chambal,2,2,282.8396060551643,2019,917.5617663333333,2000
3619,1966,0.36803150916666666,Chandloi,5,5,1.973886601431925,1971,6.159689476666667,1960
3620,1981,0.5098566050000001,Thalera,5,5,2.553177236173709,2019,8.740208996666667,1980
3621,1966,0.55484763,Alnia,5,5,3.013210219131455,1971,8.665643638333334,1960
3622,1966,1.1140089675,Chandloi,5,5,6.0478292542723,1971,17.901637708333332,1960
3623,2002,82.66723850000001,Chambal,2,2,294.9961044448357,2019,946.9180260833333,2000
3624,2002,3.34576225,Kural,5,5,14.606431346713615,2019,47.28918384166667,2000
3625,2009,4.018765191666667,Mej,4,4,17.464630498356808,2019,52.87478985833334,2000
3626,2002,8.224326083333333,Mej,4,4,35.74419432206573,2019,109.01883713333332,2000
3627,1951,68.94445572727273,Kali Sindh,3,3,286.5324958450704,2019,836.2130959166666,1950
3628,1965,163.17284375,Chambal,2,2,582.3198031326291,2019,1784.6188021666667,1960
3629,2002,0.47752069083333337,Shipra,4,4,2.547919239612676,2019,9.5404148125,2000
3630,1965,10.001979141666666,Chhoti Kali Sindh,4,4,36.10436032992958,1973,120.07235120833333,1960
3631,1965,17.255441166666667,Shipra,4,4,59.22706986983568,1973,203.42871108333335,1960
3632,1965,18.363695,Shipra,4,4,62.73289476725352,1973,215.953096875,1960
3633,1965,41.149747,Chambal,2,2,136.62855053755868,1973,449.85310775,1960
3634,1965,53.39189183333334,Chambal,2,2,179.36027722769953,1973,588.8824031666667,1960
3635,2002,4.424192266666666,Sau,5,5,23.879800686032866,2019,110.69266056666667,2000
3636,1965,60.48238408333333,Chambal,2,2,204.19953475469484,1973,660.9731508333333,1960
3637,2002,0.66068147,Somli,5,5,3.62882921294601,2019,16.471749151666664,2000
3638,1966,2.0717075416666666,Sau,5,5,12.829675442840376,2019,57.495416733333336,1960
3639,2002,3.9529310333333334,Retam,4,4,17.8791785064554,2019,74.90862305,2000
3640,2002,5.0827847083333335,Idar,5,5,22.52403660739437,2019,92.47013266666666,2000
3641,2003,0.7397138641666667,Retam,4,4,3.257452886561033,2019,12.038852749166665,2000
3642,2003,1.710566391666667,Retam,4,4,8.34144498620892,2019,36.14194584166666,2000
3643,2002,0.5869275375,Retam,4,4,2.7038175522652583,2019,12.3186500825,2000
3644,2003,1.08334013,Idar,5,5,4.620624834483568,2019,17.469581666666667,2000
3645,2003,3.2037121749999997,Retam,4,4,14.575702028990612,2019,60.33831875833334,2000
3646,2002,0.7349916841666667,Maleni,5,5,5.33882069778169,2006,15.902218991666667,2000
3647,2002,0.8717336225,Maleni,5,5,5.571505399448357,2019,17.0960682,2000
3648,2002,2.4507291666666666,Maleni,5,5,16.517707634859153,2019,51.43804983333333,2000
3649,2002,0.6002894175,Pingla,5,5,3.6757916681455396,2019,15.078962396666668,2000
3650,1982,13.279192625,Chambal,2,2,46.68643043169014,1973,149.25576583333333,1980
3651,2002,3.0515258833333334,Chambal,2,2,20.195506212441316,2019,66.51515435833333,2000
3652,2002,20.589695833333334,Chambal,2,2,72.52827869483568,1973,229.24278470833335,2000
3653,2018,2.6271285583333333,Kanh,5,5,9.773649297769953,1973,33.472957558333334,2010
3654,1982,4.121559675,Ashamati,5,5,13.421297388732395,1973,44.542775,1980
3655,1982,4.362775516666667,Gambhir,4,4,17.339935716549295,1973,60.69706280833333,1980
3656,2018,9.25084655,Shipra,4,4,31.83572480410798,1973,107.08884806666667,2010
3657,1992,2.04983715,Chambal,2,2,9.035817877417841,1973,30.855218591666667,1990
3658,1982,5.701423166666667,Chambal,2,2,21.003569672300472,1973,69.97943115833333,1980
3659,1957,1.3458468333333335,Chhoti Kali Sindh,4,4,4.815786290387324,1973,15.139314158333333,1950
3661,2022,30.756865,Padma,1,1,68.36499730633803,1959,117.83742191666666,2020
3664,1992,1.01813013,Baveri,5,5,3.9621147144953053,1973,12.79139088,1990
3665,1985,3.7066138416666665,Chamla,5,5,14.672747782276994,1973,43.77935043333333,1980
3666,1965,10.645878375,Chambal,2,2,37.25965158673709,1973,118.64953558333333,1960
3667,2002,0.5097313375,Chambal,2,2,2.698086343380282,1973,8.013884084166667,2000
3668,1972,3.1859865416666664,Padma,1,1,8.420497608849766,1959,14.969817933333333,1970
3669,1958,8.899243541666666,Padma,1,1,24.302892499295776,1959,41.5827088,1950
3670,1972,13.325719575,Padma,1,1,32.718587849178405,1959,56.524568375,1970
3671,1958,12.82421625,Padma,1,1,38.6340918798122,1984,68.15742120833333,1950
3672,1958,56.16209258333333,Padma,1,1,137.0897731983568,1984,239.67013908333334,1950
3673,1972,2.4933791083333334,Padma,1,1,7.455330853485916,1974,15.09868957,1970
3674,1958,70.34397366666667,Padma,1,1,170.0115383943662,1984,294.21369016666665,1950
3675,1958,73.74913933333333,Padma,1,1,180.0356022664319,1984,314.6599954166667,1950
3677,2022,9.059062,Padma,1,1,19.654104644248825,1984,34.07041601666666,2020
3678,2022,15.900648,Padma,1,1,36.21592758720657,1984,63.09950113333334,2020
3679,2012,41.42452975,Padma,1,1,97.14218842018781,1984,168.36117841666666,2010
3683,2012,3.8881783333333337,Padma,1,1,9.362489949413145,1959,16.73217575,2010
3684,1973,1.8612500625,Padma,1,1,5.306341019284038,1959,10.191572925000001,1970
3685,1972,44.70231616666666,Padma,1,1,104.5436903673709,1984,177.26203483333333,1970
3686,1972,3.6555552666666666,Padma,1,1,8.45149572382629,1984,14.855389841666666,1970
3687,1972,3.9078034,Padma,1,1,8.891644415375588,1984,15.488233375,1970
3688,1958,5.5583167499999995,Padma,1,1,16.934944789553988,1984,29.729137916666662,1950
3689,1987,0.11669884933333334,Nekhadi,5,5,0.6102820342030516,1976,2.2019390275000004,1980
3690,1987,0.49783732416666665,Kothari,4,4,2.203472501431925,1973,10.541759518333334,1980
3691,1987,0.3444412858333334,Khari,3,3,1.729845536830986,1973,7.000566334999999,1980
3692,1987,0.10296785241666667,Khari,3,3,0.5869895858896714,2012,2.070596323333333,1980
3693,1987,0.5418437758333333,Khari,3,3,2.797131117922535,1973,9.88532187,1980
3694,1968,0.2055718875,Khari,3,3,1.0626267950704225,2019,4.214561288333333,1960
3695,2009,0.8784668933333334,Mansi,5,5,4.2455723120070425,2019,16.45500536666667,2000
3696,1987,0.7283000108333333,Khari,3,3,3.7441669694248825,1976,11.775734333333332,1980
3697,1987,1.1868617916666666,Khari,3,3,5.7747080678403755,2019,20.293047333333334,1980
3698,2009,0.603745185,Khari,3,3,2.9396903804812204,2019,11.647711391666668,2000
3699,2009,0.585200955,Sameliya,5,5,2.8318527261267605,2019,12.062151829166666,2000
3700,2009,1.1975609508333334,Khari,3,3,5.814262668309859,2019,23.85798455833333,2000
3701,1987,2.321532133333333,Khari,3,3,10.330665144014084,2019,37.793529766666666,1980
3702,2002,22.560653083333335,Banas,3,3,97.93244689143194,1973,338.2082915416667,2000
3703,1981,0.4619417983333333,Banas,3,3,2.3211312381338027,2019,7.966166603333334,1980
3704,2002,20.700586666666666,Banas,3,3,90.91093870715962,1973,320.611269,2000
3705,2009,3.6328166416666665,Khari,3,3,16.505935836619717,2019,62.749811300000005,2000
3706,2009,0.32286678083333337,Khari,3,3,1.5458495189201877,2019,4.9029699825,2000
3707,2009,3.9694166416666667,Khari,3,3,18.11915208415493,2019,67.81919953333333,2000
3708,2000,0.35591717500000003,Gomti,2,2,1.8465273802230047,1973,10.038274806666667,2000
3709,2002,0.5282576474999999,Chandrabhaga,5,5,2.386459856913145,1973,12.855037691666666,2000
3710,2000,0.6758801916666667,Banas,3,3,5.457597120105634,1973,32.40583066666667,2000
3711,2000,1.4179284166666666,Banas,3,3,9.18749241129108,1973,52.510834958333334,2000
3712,2000,2.598426825,Banas,3,3,13.9221176907277,1973,74.3466165,2000
3713,1981,0.29771954833333336,Banas,3,3,1.4564909621948356,2016,6.147499498333334,1980
3714,2000,4.414711425,Banas,3,3,19.94649554471831,1973,90.01383129166668,2000
3715,1981,0.26184447833333335,Berach,4,4,1.9205415675821595,2019,7.687155665833333,1980
3716,1981,0.5148172533333334,Menali,5,5,2.949417287359155,2019,9.567553566666666,1980
3717,1981,0.6391361108333333,Berach,4,4,3.654309340035211,2019,13.489990086666667,1980
3718,2009,1.8773620333333332,Kothari,4,4,9.10018291842723,1973,32.44347498333333,2000
3719,2000,9.643680558333333,Berach,4,4,45.96265318028169,1973,168.70673886666665,2000
3720,2000,11.323791875,Berach,4,4,52.143380840375585,1973,180.26100108333333,2000
3721,2000,12.25875825,Berach,4,4,55.14020750422535,1973,185.118978875,2000
3722,2000,16.67542225,Banas,3,3,75.0891224988263,1973,275.1380553333333,2000
3723,1981,0.3768313033333333,Unli,5,5,1.969323468321596,2019,6.163212318333333,1980
3724,2002,17.627226916666668,Banas,3,3,78.35306833685445,1973,281.2229300833333,2000
3725,2002,18.22779775,Banas,3,3,80.688094125,1973,285.75647775,2000
3726,2009,0.35836959250000006,Bahmnai,5,5,1.6536532928521128,1973,7.96055515,2000
3727,2009,1.86715515,Mej,4,4,8.42840008564554,2019,27.60425330833333,2000
3728,2000,0.4512188883333333,Jashma,5,5,2.8185792321478873,1973,12.961323501666667,2000
3729,2000,0.5476528566666666,Berach,4,4,4.020283365387324,1973,16.404012930833336,2000
3730,2000,1.73988995,Berach,4,4,9.117711590575118,1973,33.91415936666666,2000
3731,2000,0.9483089100000001,Berach,4,4,9.374983425715962,1973,47.72705878333334,2000
3732,2000,1.6803986666666668,Berach,4,4,13.359789457230047,1973,64.55620581666666,2000
3733,2000,2.305713341666667,Berach,4,4,17.70108264448357,1973,82.03525348333334,2000
3734,2000,4.094132241666666,Berach,4,4,26.993055916197186,1973,116.42156711666667,2000
3735,1981,0.5638860758333334,Berach,4,4,2.551774620692488,2016,10.138061848333335,1980
3736,2000,5.154980283333333,Berach,4,4,31.012749072065727,1973,128.2514377,2000
3737,2003,2.597802025,Gambhiri,4,4,11.604647253051642,2019,33.92216059166666,2000
3738,2003,0.9321071416666666,Gambhiri,4,4,4.181414568380282,2019,13.887001075,2000
3739,2003,1.0418635108333334,Kadmali,5,5,4.472715411983568,1973,14.082572754166668,2000
3740,2000,0.24246932,Khan,5,5,1.4825737864671362,1973,7.842958965,2000
3741,2000,0.39782088416666667,Banas,3,3,3.743662926455399,1973,23.324434189166666,2000
3742,1998,0.3661811666666666,Sukni,5,5,2.2154130844014084,2013,7.221884958333334,1990
3743,1965,1.0650951691666666,Khari,3,3,4.719541152159625,2013,17.735925658333333,1960
3744,1951,46.89955954545455,Parbati,3,3,182.14976469014084,2019,396.8763188333333,1950
3745,1951,48.43153363636364,Parbati,3,3,188.08813557159624,2019,407.0352015,1950
3746,1951,49.60913218181818,Parbati,3,3,192.02135879225352,2019,414.0539230833333,1950
3747,1965,176.58435208333333,Chambal,2,2,627.7995466713614,2019,1912.0547575,1960
3748,1951,1.2697110454545455,Aheli,5,5,4.973562202664319,1971,12.651670675,1950
3749,1999,0.1164500765,Gadela,5,5,1.654685452185446,1973,8.671498623333333,1990
3750,1999,0.23583117583333335,Ahar,5,5,3.4343954939788732,1973,18.019790348333334,1990
3751,1999,0.41289500833333337,Berach,4,4,5.923720584330986,1973,30.697979135833336,1990
3752,2000,0.17001130750000001,Berach,4,4,1.7553999285093895,1973,9.140541864166666,2000
3753,1979,0.8980306583333334,Andheri,4,4,4.689827226866197,2011,11.298519626666668,1970
3754,1979,0.8919496050000001,Retili,5,5,4.896193471338028,2011,11.903519534166668,1970
3755,2002,0.8459801391666667,Andheri,4,4,4.797977040997653,2011,12.605601006666667,2000
3756,2002,1.1186840958333333,Upreni,5,5,5.694859891361502,1971,12.52523595,2000
3757,2002,1.1412274508333333,Garni,5,5,6.0888898849999995,2013,13.983070425000001,2000
3758,1979,1.9277296416666667,Andheri,4,4,10.317613294377933,2011,24.947589558333334,1970
3759,1979,3.2463598583333333,Andheri,4,4,16.938210325938968,2011,41.90033566666666,1970
3760,1951,27.927568363636365,Parbati,3,3,115.62843569366197,2019,255.71617583333332,1950
3761,1951,30.909080636363637,Parbati,3,3,125.8974313169014,2019,278.4769994166667,1950
3762,1951,32.62857327272727,Parbati,3,3,131.99678624413147,2019,292.06102316666664,1950
3763,2002,0.7523802258333333,Bilas,5,5,3.9359082421713616,1971,11.227250118333332,2000
3764,1951,38.74305509090909,Parbati,3,3,151.4009501338028,2019,336.00325433333336,1950
3765,1951,41.07164727272727,Parbati,3,3,160.46578368779342,2019,354.19254716666666,1950
3766,2002,0.5559267691666666,Khul,4,4,2.9175817054225353,1971,8.288593736666668,2000
3767,2017,0.8240260591666666,Bamnidai,5,5,3.2200688427230046,2021,9.754758955,2010
3769,1965,0.9450867458333333,Banganga,4,4,4.052384351525822,2013,14.065012933333334,1960
3770,2002,1.177491265,Khul,4,4,5.896733264683099,1971,17.482835116666667,2000
3771,2002,2.2261931833333333,Khul,4,4,9.63224544847418,1971,28.7176382,2000
3772,2002,2.889212166666667,Khul,4,4,12.914155919953052,1971,37.871284933333335,2000
3773,2002,3.8050139833333336,Khul,4,4,16.235426600704226,1971,47.58918704999999,2000
3774,1951,45.60115154545454,Parbati,3,3,177.12330720774648,2019,388.10632625,1950
3775,1951,1.2071498954545454,Parbati,3,3,6.092525477488263,2019,13.665417683333333,1950
3776,1951,18.341961954545454,Parbati,3,3,81.50647842723005,1973,187.94998383333333,1950
3777,1979,0.6683472441666667,Parbati,3,3,3.479168408673709,2011,8.164595880833334,1970
3778,1951,22.013994545454544,Parbati,3,3,95.96276251995306,1973,217.59930925,1950
3779,1979,1.1516544283333332,Chopani,5,5,5.9902008688262915,2011,14.192356816666667,1970
3780,1951,24.93129840909091,Parbati,3,3,105.983769564554,1973,236.01720708333332,1950
3781,1981,0.34086089,Ghora Pachhar,4,4,1.7900594872535212,2019,6.340889576666666,1980
3782,1981,0.39757138000000003,Manoli,5,5,1.9926133828638497,2019,6.804565249166667,1980
3783,1981,0.4883174741666667,Manoli,5,5,2.7785190594483566,2019,7.818428860000001,1980
3784,2002,1.0612575158333333,Thalera,5,5,5.057574696784037,2019,17.128318958333335,2000
3785,1981,1.248884885,Manoli,5,5,6.445601853215962,2019,20.809756860833335,1980
3786,1998,0.4633487666666667,Machhli,5,5,2.798879198673709,2013,8.396434289166667,1990
3787,1965,174.25992083333333,Chambal,2,2,618.7901758955398,2019,1894.8092858333332,1960
3788,1951,0.9665347309090909,Papras,5,5,3.3554691604694837,1973,8.7477121275,1950
3789,1951,1.2719578945454546,Parbati,3,3,6.052130992593897,1973,15.73993471,1950
3790,1951,1.8625723818181819,Ajnal,5,5,7.4948949306807515,1973,17.8049043,1950
3791,2009,2.7889856749999997,Mej,4,4,12.921749874061033,2019,40.70301036666667,2000
3792,2015,1.8084520666666666,Garra,4,4,6.599826946115024,1960,20.8018867,2010
3793,1987,5.7382097666666665,Khaimua,5,5,16.718070431338028,1960,43.94835316666667,1980
3794,1987,24.932455166666667,Deoha,4,4,78.47645806760563,1960,164.61036066666668,1980
3795,1987,27.780149749999996,Garra,4,4,86.45592862265258,1960,192.30074675,1980
3796,2021,0.6946245000000001,Garra,4,4,3.7866598444600936,1960,14.246123775,2020
3797,1987,30.361181166666668,Garra,4,4,93.93110671889673,1960,216.32050016666668,1980
3798,1987,31.833607583333333,Ganga,1,1,97.76072389319249,1960,230.68493025,1980
3799,1997,114.28807958333334,Ramganga,2,2,361.1442628192488,1958,722.7369574999999,1990
3800,2009,232.7633475,Ganga,1,1,633.5994124976526,1978,1086.0382825,2000
3801,1997,348.06493,Ganga,1,1,994.8738986267606,2010,1759.0072,1990
3802,2007,1.69886655,Ganga,1,1,6.130382831068076,1961,20.235995125,2000
3803,1997,395.8256733333333,Ganga,1,1,1096.9798248356808,2010,1933.0260433333333,1990
3804,1997,403.96642833333334,Ganga,1,1,1111.826754870892,2010,1941.9161641666667,1990
3805,2016,0.15752104666666666,Kali,3,3,2.2761005834448356,2003,8.067138479999999,2010
3806,2016,0.36147239416666666,Ganga,1,1,4.350190401173709,2003,14.887304091666666,2010
3807,2016,1.9913826749999999,Pandu,5,5,13.972437437089201,1961,43.05173691666667,2010
3808,2015,19.929745,Kali,3,3,68.05764480751174,1978,154.99663241666664,2010
3809,2015,20.420827291666665,Kali,3,3,72.31492584859156,1978,159.87025158333333,2010
3810,1997,193.62734133333333,Ganga,1,1,554.3308548251174,2010,968.4785970833333,1990
3811,1997,196.55744333333334,Ganga,1,1,559.2883454812206,2010,974.0739953333333,1990
3812,1997,407.0730541666667,Ganga,1,1,1118.443657089202,2010,1947.6543941666666,1990
3813,2015,7.217677716666667,Sai,3,3,24.888880846713615,1960,73.52778983333333,2010
3814,2007,0.3995979783333334,Ganga,1,1,2.3412719621948357,1980,7.800845533333334,2000
3815,2007,0.7244627591666667,Ganga,1,1,3.7096562994248825,1980,13.185035745,2000
3816,1997,408.20938916666665,Ganga,1,1,1120.9171554812206,2010,1949.5310899999997,1990
3817,1999,0.29355361083333337,Ganga,1,1,1.8865029337206574,1961,5.930730184166666,1990
3818,1997,409.8060991666667,Ganga,1,1,1124.7318741079812,2010,1952.1533141666666,1990
3819,1997,412.6930475,Ganga,1,1,1132.8444325704224,2010,1956.4983391666667,1990
3820,2015,7.256975233333333,Rihand,3,3,32.72971658650235,1960,75.00540008333333,2010
3821,2007,0.26298949416666667,Sengur,4,4,2.0752825848239436,1980,8.148515375,2000
3822,2017,0.12833767583333333,Rihand,3,3,2.067811981995305,1960,5.5609388016666665,2010
3823,2012,0.8056610033333333,Non,4,4,7.076609378215962,1980,24.607303391666665,2010
3824,2007,1.2202064133333332,Yamuna,1,1,7.632671202159624,1980,27.125109308333336,2000
3825,2012,1.91664455,Non,4,4,16.964147567957745,1980,63.04643890833333,2010
3826,2007,7.524118108333333,Sengur,4,4,37.08481261725352,1967,99.84890816666666,2000
3827,1997,420.38535583333334,Ganga,1,1,1154.28955064554,1961,1996.8309308333335,1990
3828,2002,750.9178525000001,Yamuna,1,1,1920.2707666431925,1961,3754.1738125000006,2000
3829,2002,764.1038883333334,Yamuna,1,1,1959.8750790023475,1961,3835.387605,2000
3830,2006,1.9667387333333333,East Bahgul,5,5,8.655079529107981,1960,26.480948458333334,2000
3831,2006,2.1371516583333334,Afsarha,5,5,9.608972902793427,1960,28.69937385,2000
3832,2006,8.0022362,East Bahgul,5,5,25.74605923802817,1960,82.27136108333333,2000
3833,1987,12.656539366666665,Deoha,4,4,42.771029728403754,2010,79.01939810833333,1980
3834,1997,89.68874108333334,Ramganga,2,2,302.9954153438967,2010,605.26076925,1990
3835,1997,101.87060866666667,Ramganga,2,2,329.8221793039906,2010,649.1468248333333,1990
3836,2015,0.7335059691666667,Garra,4,4,3.9643636670187794,1960,12.47017295,2010
3838,1970,1.8958792750000002,Nandhaur,5,5,10.3371790325,2010,21.144301025,1970
3839,1970,1.823956925,Deoha,4,4,10.961827737030518,2010,21.991913458333332,1970
3840,1970,3.4918947583333337,Deoha,4,4,16.805140498122068,2010,31.90953231666667,1970
3841,2022,3.144006,Ladhiya,5,5,13.45960332266432,2003,26.148460208333333,2020
3842,1997,5.043568633333334,Gaula,4,4,21.310120376173707,2021,45.80260581666667,1990
3843,2021,0.8068737166666667,Khaimua,5,5,3.203613933286385,1960,10.29719602,2020
3844,1987,3.1411266666666666,Khaimua,5,5,9.709602242370892,1960,22.070170075000004,1980
3845,2022,4.378493,Katna,5,5,13.798644749061033,1960,34.63810216666667,2020
3846,1987,18.858453375,Deoha,4,4,60.84225650457746,1960,117.62404779166667,1980
3847,1991,78.48893508333333,Sharda,2,2,293.203038471831,2000,618.0178060833333,1990
3848,1977,1.3908366583333336,Baur,4,4,9.42125760488263,2010,21.753913174999997,1970
3849,1974,5.1793507750000005,Bhakra,5,5,20.562102073239437,2010,47.51351720833333,1970
3850,2022,6.6959543,Baur,4,4,25.550173559389673,2010,54.37784293333333,2020
3851,1997,8.670094508333333,Baur,4,4,30.832856528521127,2010,67.14568413333333,1990
3852,1974,14.728039625,Baur,4,4,52.20931247758216,2010,116.353602675,1970
3853,1974,21.946916916666666,Gaula,4,4,78.26306117957746,2010,171.77738591666665,1970
3855,1997,1.3094471691666667,Dabka,5,5,6.560543826842722,2010,14.411119119166665,1990
3856,1997,2.9856228333333337,Baur,4,4,12.142681603286386,2010,26.665551158333333,1990
3857,1997,9.308870950000001,Kosi,2,2,35.25153874495305,1961,67.02839701666666,1990
3858,1997,12.560878325,Kosi,2,2,47.41147224178404,2010,90.55634840833333,1990
3859,1997,57.387984749999994,Ramganga,2,2,197.23441072652582,1958,387.7522305,1990
3860,1970,3.134666316666667,Gaula,4,4,13.250360062676055,2018,32.556319083333335,1970
3861,1974,26.248956124999996,Gaula,4,4,91.91112908802816,2010,200.7890708333333,1970
3862,2006,1.04409119,Ramganga,2,2,4.233813783802817,1960,12.820497941666666,2000
3863,1997,85.20076625,Ramganga,2,2,289.576718399061,2010,581.0165931666667,1990
3864,2005,0.6145641683333333,Ramganga,2,2,2.4517594124178403,1961,9.619183416666667,2000
3865,2021,5.254112016666666,Ramganga,2,2,21.84064980821596,1961,59.74324358333334,2020
3866,1997,90.918033,Ramganga,2,2,305.88500225,2010,608.99989625,1990
3867,2006,1.4385154458333334,Bahalla,5,5,5.920942002394367,1956,13.154527458333334,2000
3869,1987,7.119437566666666,Gangan,4,4,24.334819227816904,1998,50.64376291666667,1980
3870,2007,6.4645991249999994,Ganga,1,1,22.251207913849765,1958,49.69603058333333,2000
3872,1997,15.464421425,Kosi,2,2,56.22302187910798,1956,109.29480258333332,1990
3873,1997,26.678377416666667,Ramganga,2,2,104.9670819730047,1958,212.6511465,1990
3874,1997,37.25490033333333,Ramganga,2,2,130.17149750528168,1958,264.90546491666663,1990
3875,1997,154.13319616666666,Ganga,1,1,478.0579761349765,2010,837.5108056666667,1990
3876,1997,166.51783166666667,Ganga,1,1,501.37332534507044,2010,886.3821784166666,1990
3877,2017,0.2638086158333333,Ganga,1,1,2.622684063873239,1961,9.834776083333333,2010
3878,2021,8.73304335,Ganga,1,1,30.304742157394365,1958,71.74215304166667,2020
3879,1987,2.43085855,Gangan,4,4,8.915503199495305,1998,19.57124895833333,1980
3880,1987,3.570042825,Gangan,4,4,12.29170209084507,1958,25.61112975,1980
3881,1974,4.6227907833333335,Khoh,4,4,17.33937077100939,1958,37.25942490833334,1970
3882,2008,10.664739141666667,Ramganga,2,2,58.11465458333334,1958,116.84817550000001,2000
3883,1997,22.59076575,Ramganga,2,2,91.00373475645539,1958,185.46896775000002,1990
3884,2009,2.8031709666666664,Dhela,5,5,13.369526920657279,1956,29.84048543333333,2000
3885,1977,0.46299636833333335,Gomti,2,2,6.862777992781691,2000,18.595112111666666,1970
3886,1977,1.4125715275000001,Kali Rau,5,5,7.425802423321596,1961,15.162872891666666,1970
3887,1977,0.7505176791666667,Kosi,2,2,7.825473060105634,2000,18.104907816666667,1970
3888,2008,4.983819058333333,Ramganga,2,2,32.075669613732394,1962,69.27838350833333,2000
3889,2008,0.6483899241666666,Bino,5,5,4.343028480269953,1962,10.62810337,2000
3890,1973,1.0800965058333334,Ramganga,2,2,9.371308812488262,1962,19.06170375,1970
3891,2008,2.6016089250000003,Ramganga,2,2,15.535655628755869,1962,34.05266855,2000
3892,2008,11.142654941666665,Pindar,3,3,38.9951818519953,2000,105.65791060833334,2000
3893,2008,1.68881262,Gagas,5,5,8.570340206314555,1958,17.0302236,2000
3894,2009,0.5252719866666666,Mandal,5,5,5.947776428368544,1954,13.508430725000002,2000
3895,2008,5.995628183333333,Ramganga,2,2,42.00411342758216,1962,91.18720981666667,2000
3896,2009,0.8595771624999999,Palain,5,5,4.869444832558685,1958,10.446923759999999,2000
3897,2021,0.3422518675,Kali,3,3,1.8684483195539905,1967,5.63689523,2020
3899,2014,3.400853716666667,Kali,3,3,13.249337973239436,1957,31.381065808333332,2010
3900,2009,8.863478991666666,Kali,3,3,38.70155349190141,1978,106.99380691666666,2000
3901,2014,1.4973997333333333,Bagad,5,5,5.508258199049296,2010,12.827563608333334,2010
3902,2021,0.5422088833333333,Ganga,1,1,2.0429019383450706,1961,5.562773141666667,2020
3904,2007,0.8041500083333334,Rihand,3,3,2.954794269507042,2003,7.825300536666667,2000
3905,2017,0.7712549583333334,Ganga,1,1,4.687925165880282,2003,12.64835985,2010
3907,2007,1.8920918416666668,Rihand,3,3,6.0446694640023475,2003,16.37745895,2000
3908,1997,168.63862533333335,Ganga,1,1,504.75194299882634,2010,889.85288925,1990
3909,1997,173.43270291666667,Ganga,1,1,513.4649279436619,2010,901.3857967499999,1990
3910,1997,177.308119,Ganga,1,1,520.1626059507042,2010,907.4765005833333,1990
3911,2007,1.3245959291666667,Ganga,1,1,5.691639754647888,2010,13.647678458333333,2000
3913,2007,2.9046149833333335,Ganga,1,1,11.392242774413145,2010,26.800681741666665,2000
3914,1997,1.4609822041666665,Saswa,5,5,7.437593150293427,1959,14.174436791666665,1990
3915,1997,1.7252233175,Song,4,4,10.421104558579813,1954,20.557027925,1990
3916,1997,4.3216408416666665,Song,4,4,23.71971186584507,1959,44.29420079166667,1990
3917,2009,100.49504775000001,Ganga,1,1,350.8452396232395,2010,619.6831217499999,2000
3918,2009,114.86713025,Ganga,1,1,384.76812945422535,2010,680.11809225,2000
3919,1973,0.7071784041666667,Ganga,1,1,4.778799204248826,1958,8.747895828333334,1970
3920,1997,1.6418825750000001,Ganga,1,1,7.291632018626761,1958,14.425079883333334,1990
3921,1987,1.7608453083333335,Banganga,4,4,6.839033371913146,1990,13.755005108333334,1980
3922,2012,2.4443301,Malin,5,5,9.759543986854458,1958,20.854558708333332,2010
3923,1987,10.476145983333334,Banganga,4,4,36.04026033568075,1978,70.43187641666667,1980
3924,2009,120.24066683333332,Ganga,1,1,396.7544121467136,2010,698.6065990000001,2000
3925,1997,135.64222333333333,Ganga,1,1,433.8691923744131,2010,767.8920014166666,1990
3926,1972,1.9883683833333334,Solani,4,4,7.217183010892018,2010,13.716993058333335,1970
3927,1987,7.559075941666666,Solani,4,4,24.775044011150236,2010,48.30813765833333,1980
3928,1997,140.51660908333335,Ganga,1,1,448.1906722488263,2010,789.2318548333334,1990
3929,2012,1.45293395,Ganga,1,1,5.804889239143192,1978,13.266010516666666,2010
3930,2007,2.2120625083333336,Gomti,2,2,6.985695233215962,1990,14.55444075,2000
3931,2007,122.94457966666666,Gomti,2,2,319.72867764788737,1980,819.5781785,2000
3932,2007,125.27364008333332,Gomti,2,2,327.11506225352116,1980,830.7193535833334,2000
3933,2007,2160.840840833333,Ganga,1,1,4658.502503016432,1961,8118.934966666667,2000
3934,2007,2289.054555,Ganga,1,1,4990.507281115024,1961,8724.788525,2000
3935,2015,1.274776095,Ganga,1,1,4.0394679031338026,1971,17.230536633333333,2010
3936,2015,4.016899925,Ganga,1,1,16.769727086384975,1971,40.682617975,2010
3937,2007,2292.545255,Ganga,1,1,4995.449173122066,1961,8733.52395,2000
3938,2007,2300.9637141666667,Ganga,1,1,5014.291158779342,1961,8760.134725,2000
3939,2015,11.528139000000001,Karmanasa,3,3,38.767669865140846,1971,90.29384758333333,2010
3941,2015,0.46692156250000005,Tamasa,3,3,3.0313805333802817,1956,8.369517241666667,2010
3943,2015,0.7101079416666667,Ganga,1,1,3.581018623532864,1971,9.746390224999999,2010
3944,1998,1.448040525,Tamasa,3,3,6.0286803031572775,1953,16.267190708333334,1990
3945,2015,1.173455325,Tamasa,3,3,7.925288352030516,1990,26.128483475,2010
3946,2015,1.5327933416666666,Gomti,2,2,8.573238417265259,1991,22.75887475,2010
3947,2015,2.647915691666667,Ganga,1,1,9.8654828814554,1971,34.542601958333336,2010
3949,2009,2.4498272166666664,Varuna,4,4,10.23144413157277,1955,27.71249,2000
3950,1973,3.4009460583333335,Tamasa,3,3,13.196175838497652,1990,34.593304233333335,1970
3952,1973,7.173947600000001,Tamasa,3,3,27.981650245539907,1955,85.55497141666667,1970
3953,1973,11.064171091666665,Tamasa,3,3,42.08962235798122,1955,120.30028191666666,1970
3954,2015,12.973102091666668,Tamasa,3,3,50.670244457746485,1955,140.89929016666667,2010
3955,2015,14.618472083333335,Tamasa,3,3,59.89324267300469,1955,159.88233366666665,2010
3956,2015,23.216741666666667,Sai,3,3,107.09921269835681,1980,350.44007366666665,2010
3957,2017,84.61096983333333,Gomti,2,2,195.94277189436622,1955,444.29520333333335,2010
3958,2007,90.78598333333332,Gomti,2,2,209.11067489788732,1955,476.66632291666673,2000
3959,2007,2305.7990083333334,Ganga,1,1,5024.77615350939,1961,8776.470425,2000
3960,2006,0.7244686766666666,Ganga,1,1,2.5402057462089203,1971,8.863889016666667,2000
3961,2007,2308.113746666667,Ganga,1,1,5027.640909847418,1961,8780.807625,2000
3962,2010,33.06060791666667,Karmanasa,3,3,93.7106961032864,1987,202.81741008333333,2010
3964,2015,1.380334775,Son,2,2,5.7914185120539905,2018,14.872043,2010
3967,2005,4.321113433333333,Karmanasa,3,3,12.674562082746478,1987,28.6240858,2000
3969,2010,8.242637266666668,Karmanasa,3,3,22.40668391619718,1987,50.23300379166667,2010
3970,2015,2.1159604416666666,Karmanasa,3,3,7.814021209859155,1987,18.947266733333336,2010
3971,2015,3.5807999583333334,Karmanasa,3,3,14.19378905516432,1987,33.742770908333334,2010
3972,2007,2150.3794725000002,Ganga,1,1,4623.0334967723,1961,8074.0125499999995,2000
3973,2015,4.481288916666666,Belan,3,3,18.089761138615025,2018,45.46694,2010
3974,2015,0.5311737291666666,Sai,3,3,2.6433009718661973,1980,10.253633726666667,2010
3975,2015,0.3656447725,Sai,3,3,3.2947167283450707,1980,12.964623445833332,2010
3976,2015,1.3719500175,Ganga,1,1,9.606986001232395,1980,33.36841950833333,2010
3977,2015,8.437995608333333,Sai,3,3,31.17908987734742,1980,95.52852671666666,2010
3978,2015,9.462627458333333,Sai,3,3,37.62860100539906,1980,120.91184769166667,2010
3979,2015,11.897099358333334,Sai,3,3,54.64927627453052,1980,187.165226,2010
3980,2007,0.8275207541666667,Kadhu,5,5,4.141441269659625,1955,14.973292466666665,2000
3981,2015,0.8470788408333334,Sai,3,3,4.759915889565728,1955,17.150598225,2010
3982,2015,1.9700688,Kadhu,5,5,10.353573054929576,1980,34.443271025,2010
3983,2015,13.739727416666668,Sai,3,3,63.66804083568075,1980,219.53719850000002,2010
3984,1997,426.9535608333333,Ganga,1,1,1175.6519141431925,1961,2024.3863974999997,1990
3986,2015,1.254423825,Sai,3,3,6.029420651842723,1955,19.745517375000002,2010
3987,2005,0.9814558666666667,Sai,3,3,6.746883204225353,1980,26.684028075,2000
3988,2015,2.958525058333333,Sai,3,3,15.19771105011737,1955,50.04331522499999,2010
3989,2015,15.300585,Sai,3,3,70.74459340962441,1980,247.42167558333335,2010
3990,2015,16.062612833333333,Sai,3,3,73.59102065786385,1980,258.38519049999996,2010
3991,2005,0.8508761133333334,Sai,3,3,4.278555853309859,1980,14.478933508333334,2000
3992,2005,0.37516620749999996,Sai,3,3,2.4967856505399064,1980,9.677146907500001,2000
3993,2015,19.14386383333333,Sai,3,3,89.26384223122066,1980,304.7290945,2010
3994,2015,2.978491808333333,Kadhu,5,5,15.15072081056338,1955,51.10504716666666,2010
3995,2005,0.5436618283333333,Ganga,1,1,3.141702558908451,2021,11.608330341666665,2000
3996,1998,4.042426666666667,Varuna,4,4,14.972192221713614,1955,38.925862125,1990
3997,2009,8.774220891666667,Varuna,4,4,31.832825244600937,1955,76.82629435833333,2000
3999,2007,2.338055025,Gomti,2,2,8.13171816056338,1980,22.317984033333335,2000
4000,2007,6.157335433333333,Gomti,2,2,20.6218797834507,1955,58.035868375,2000
4001,2007,6.9864216,Gomti,2,2,25.345852470657274,1955,74.81364851666667,2000
4002,1987,43.72457666666667,Gomti,2,2,131.3814910528169,1961,282.90851025,1980
4003,1987,63.470795083333336,Gomti,2,2,164.0958122253521,1971,353.03027174999994,1980
4004,1973,1.7935990166666667,Tamasa,3,3,8.207599196302816,1955,25.759062633333333,1970
4005,2015,2.9620953666666665,Tamasa,3,3,12.754661771126761,1955,42.789083783333325,2010
4006,1993,0.7846348983333334,Sai,3,3,2.6754335180516433,1960,8.740096038333332,1990
4007,1993,0.9034547525000001,Sai,3,3,2.8332781097535213,1960,8.650105525833334,1990
4009,2016,0.5592107566666666,Sai,3,3,2.8922887907511736,1980,11.164486794166669,2010
4011,2015,2.0945710666666666,Gomti,2,2,8.232916637441315,1980,24.689618783333334,2010
4012,1966,5.058871183333333,Gomti,2,2,18.94160175774648,1961,43.33437886666667,1960
4013,1966,5.0251780083333335,Gomti,2,2,19.44550776701878,1961,49.05401429166667,1960
4014,1966,7.377269683333334,Gomti,2,2,25.423379677699533,1971,65.61548645833334,1960
4015,1987,9.72797145,Gomti,2,2,29.707297943309857,1960,69.44019191666666,1980
4016,1966,9.9657529,Gomti,2,2,30.63962192382629,1971,76.526330875,1960
4017,1987,19.854410666666666,Gomti,2,2,62.23408108521127,1960,144.1639675,1980
4018,1987,32.305687666666664,Gomti,2,2,99.72064632159625,1961,225.75116283333332,1980
4019,1987,37.45185566666667,Gomti,2,2,115.38702075234741,1961,258.62876808333334,1980
4021,1966,2.9047272166666667,Gomti,2,2,12.541431040140845,1961,31.371262891666664,1960
4023,1966,1.4529189416666668,Gomti,2,2,6.440173275481221,1961,15.992756866666667,1960
4025,2020,0.5602954175,Ghaghara,1,1,3.346268769706573,1971,8.203834025,2020
4029,1966,8.816529733333333,Ghaghara,1,1,29.192939293896714,1971,69.183148,1960
4030,1966,12.791032025,Ghaghara,1,1,36.276223938380284,1981,78.408896125,1960
4031,1966,10.587224466666667,Ghaghara,1,1,33.76024160140845,1971,79.87021533333333,1960
4032,2014,340.0822591666667,Ghaghara,1,1,867.0911922112675,2021,1326.310785,2010
4033,2014,369.4312425,Ghaghara,1,1,904.0418467441315,1983,1384.3478258333332,2010
4034,2014,384.40465,Ghaghara,1,1,922.657431076291,1983,1416.9105925000001,2010
4035,1998,0.84428277,Ganga,1,1,5.492465128978873,2018,15.286339,1990
4036,2015,11.953454391666666,Belan,3,3,44.224511029460096,2022,93.56204,2010
4037,2007,2141.046,Ganga,1,1,4590.164227887324,1961,8035.824733333334,2000
4038,2007,2146.5012391666664,Ganga,1,1,4611.746859941314,1961,8061.882116666667,2000
4039,1998,1.3310186358333334,Ganga,1,1,5.420130295492958,2019,14.261190999999998,1990
4040,2005,0.7269378016666667,Ganga,1,1,3.9965299301877937,1955,11.902783641666668,2000
4041,2007,1.3581374916666666,Varuna,4,4,5.205285282417841,1955,11.748635519166667,2000
4042,1997,430.4362708333333,Ganga,1,1,1185.3689886150235,1961,2036.35761,1990
4043,1997,432.1053641666667,Ganga,1,1,1189.8935582629108,1961,2042.47666,1990
4044,2007,1133.7411616666666,Yamuna,1,1,3142.212830492958,1961,5753.222769166667,2000
4045,1979,2047.7332,Ganga,1,1,4337.680865551643,1961,7802.217958333334,1970
4046,1965,1.3937305541666667,Gomti,2,2,4.5637067642723,1960,9.464447261666667,1960
4047,1987,2.129708716666667,Gomti,2,2,7.132793411220657,1960,14.142685241666667,1980
4048,1987,6.504517133333334,Gomti,2,2,19.810354246478873,1960,43.76151351666667,1980
4049,1966,0.9248841075,Gomti,2,2,2.8980645050000002,1960,7.4352805675,1960
4050,1991,105.67589025,Sharda,2,2,331.19407525704224,2000,656.9098093333333,1990
4051,1998,1.5755535833333332,Belan,3,3,7.250984888908451,2018,19.473719,1990
4053,2007,1.1467072558333333,Belan,3,3,4.401862761995305,1994,9.8998187775,2000
4054,2007,2.8843726833333334,Belan,3,3,11.030430270539906,1994,24.07399976666667,2000
4055,2015,8.02550255,Belan,3,3,29.42581235422535,2018,71.55399,2010
4056,2015,27.5740275,Gopat,4,4,98.89067794307512,2018,189.11946,2010
4057,2015,162.40138075000002,Son,2,2,425.1079083521127,1994,782.0958529999999,2010
4058,2015,192.91355750000002,Son,2,2,536.385633129108,1994,991.9318446666666,2010
4059,2015,1.2474348716666668,Gorma,5,5,5.590268234530517,1994,12.708518816666666,2010
4060,2015,0.9007748108333334,Belan,3,3,4.09249946859155,1994,9.739467195000001,2010
4061,2015,13.617430616666667,Belan,3,3,51.84987333380281,2018,106.18744,2010
4062,2015,3.0948380416666663,Naina,4,4,14.305799058920188,2018,33.956905,2010
4063,2015,4.359456183333333,Naina,4,4,19.927757807042255,2018,44.014477,2010
4064,2015,1.3480308916666666,Lapri,5,5,5.877012640774648,2018,17.253347,2010
4065,2015,18.484291833333334,Belan,3,3,74.10418444776995,2018,156.76825,2010
4066,2007,38.553648583333334,Tons,2,2,155.24700690023474,2018,317.236,2000
4067,2015,57.63809575,Tons,2,2,229.90752634624414,2018,475.7851,2010
4068,2015,60.671474916666675,Tons,2,2,242.86847492605634,2019,515.3235666666667,2010
4069,2015,0.7576934166666667,Asrawal,5,5,4.05433310362676,2018,9.997014,2010
4070,2015,2.4725216583333336,Satna,4,4,12.542016350352114,2018,30.807959,2010
4071,2015,3.25795725,Tons,2,2,16.709264000469485,2018,41.049557,2010
4072,2007,5.5147528249999995,Tons,2,2,26.059372876056337,1971,49.56948065,2000
4073,2007,11.336012291666668,Satna,4,4,59.1907794455399,2003,107.82512166666667,2000
4074,2007,17.330649,Tons,2,2,81.88518053849765,2018,155.99387,2000
4075,2007,23.247807750000003,Tons,2,2,109.14335069424882,2018,200.0897,2000
4077,2007,1.8728832499999999,Tons,2,2,9.91157061685446,1975,19.60552165,2000
4078,2015,157.2210855,Son,2,2,404.0840277265258,1975,750.79583675,2010
4079,2015,1.7767118666666668,Tons,2,2,9.771956915504695,2018,25.239904,2010
4080,2007,26.912467833333334,Tons,2,2,120.6575960504695,2018,229.4461,2000
4081,2015,3.6945843000000003,Mahana,5,5,18.53899802488263,2018,42.87354,2010
4082,2015,0.8432168233333334,Mahana,5,5,4.065503977171362,2018,9.168521,2010
4083,2015,1.5005048250000002,Mahana,5,5,7.098890403638498,2018,15.679188000000002,2010
4084,2007,33.14270741666667,Tons,2,2,141.29261293075118,2018,277.8655,2000
4085,2015,1.9162451416666668,Sokar,5,5,9.782467548403757,2022,26.860611,2010
4086,2007,36.65727425,Tons,2,2,151.12596536384976,2018,304.8819,2000
4087,1966,0.5425500083333333,Tons,2,2,2.852047417910798,2018,8.793352,1960
4089,2015,0.7307346008333333,Yamuna,1,1,4.50775580758216,2018,15.956839,2010
4090,2007,0.8265566941666668,Sasur Khaderi,5,5,8.128388620739438,2021,28.23076125,2000
4091,2007,0.9880289208333334,Yamuna,1,1,11.083304707312205,2018,39.494774,2000
4092,2007,2.924503741666667,Sasur Khaderi,5,5,16.065838614201876,2021,54.02849641666666,2000
4093,2007,7.0569496,Baghain,4,4,37.168999691901405,2019,101.68350825,2000
4094,2007,1110.7131458333333,Yamuna,1,1,3027.617977535211,1961,5669.515320833333,2000
4095,2007,1111.7852858333333,Yamuna,1,1,3034.1443494483565,1961,5673.073483333334,2000
4096,2007,1118.9664441666666,Yamuna,1,1,3072.174189342723,1961,5692.748811666667,2000
4097,2007,1.0737530716666666,Satna,4,4,5.7769352687323945,2016,12.410259969166667,2000
4098,2007,1.4319533,Satna,4,4,8.475937649237089,2018,19.27512,2000
4099,2007,2.0131303583333335,Gudne,5,5,11.436247201056338,2016,26.48349060833333,2000
4100,2007,4.3288084499999995,Satna,4,4,23.520929675586853,2018,49.792328,2000
4101,2007,4.274404458333334,Satna,4,4,22.693799749178403,1980,45.7692494,2000
4102,1979,2.2290856416666665,Bhandar,5,5,7.33984875713615,1975,20.697048213333336,1970
4103,2007,25.062191125000002,Katni,4,4,91.12667587206572,1994,186.05370324999998,2000
4104,2007,28.57516075,Son,2,2,102.43278396185447,1975,213.86653208333334,2000
4105,2015,87.34908308333333,Son,2,2,213.1966733556338,1994,389.02056558333334,2010
4108,2015,1.8519594166666666,Betwa,2,2,11.308174509448358,1999,30.864613666666667,2010
4109,2015,2.9743586499999997,Betwa,2,2,18.289033552934274,1999,51.37210751666667,2010
4110,2015,3.72910785,Betwa,2,2,22.694863278521126,1999,62.45121110833333,2010
4111,2012,0.5823559225,Parwar,5,5,3.2268420561737092,1999,9.323758191666666,2010
4112,2007,154.6696775,Betwa,2,2,560.018260580986,1999,1097.9695525,2000
4113,2007,161.05097958333332,Betwa,2,2,586.805453463615,1999,1166.1821729166666,2000
4114,1973,0.377228895,Shyam,4,4,2.421372212723005,1967,6.043039289166667,1970
4115,2007,1013.8551508333334,Yamuna,1,1,2547.6244885798124,1961,4908.362355833334,2000
4116,2007,1015.4078391666667,Yamuna,1,1,2556.4941109507045,1961,4931.174562499999,2000
4117,2007,1023.2714866666666,Yamuna,1,1,2590.39183915493,1961,5006.827673333333,2000
4118,2007,0.19680585250000002,Sengur,4,4,1.1615634708802818,1967,3.7364657500000003,2000
4119,2012,0.2674263475,Orai,5,5,2.2818598411502347,1980,7.2457762274999995,2010
4120,2012,0.35370102249999996,Manmaheshwari,5,5,3.41749627221831,1980,12.658525486666669,2010
4121,2007,153.64660766666665,Betwa,2,2,555.5588514049296,1999,1086.5736510833333,2000
4122,2007,82.89429291666667,Ken,2,2,416.2960502535211,2013,779.2273974166668,2000
4123,2007,1106.7437791666666,Yamuna,1,1,3009.4409684741786,1961,5655.664238333334,2000
4124,2007,1.9250255833333334,Dehar,5,5,7.810166503462441,1999,19.278228583333334,2000
4125,2022,2.3441012,Sonar,3,3,8.976231531314554,1999,21.810413525,2020
4126,2022,4.9846444,Sonar,3,3,17.78995183673709,1999,43.16500094166667,2020
4128,2007,0.659602575,Kurai,4,4,4.346647330657277,1999,11.806734078333333,2000
4130,2007,1.5225985333333334,Kurai,4,4,9.833552521995305,1999,26.754090825000002,2000
4131,2007,2.3918196833333334,Dhasan,3,3,18.961716659741782,1999,46.82190580833333,2000
4132,2007,17.29951125,Dhasan,3,3,117.63358697183098,1999,267.2305363333333,2000
4133,2007,19.61650141666667,Dhasan,3,3,130.9011785387324,1999,303.58466608333333,2000
4134,2007,1.5630916416666665,Lakheri,5,5,10.794413422969484,1967,27.999748299999997,2000
4135,2007,21.38168016666667,Dhasan,3,3,142.6925970516432,1999,332.0759003333333,2000
4136,2007,0.6036244808333333,Lakheri,5,5,4.301285174823944,1967,10.963381166666666,2000
4137,2007,0.5854125308333333,Lakheri,5,5,4.564843237769953,1967,12.12669917,2000
4138,2007,0.36920949666666664,Dhasan,3,3,2.269470649565728,1967,6.0343606375,2000
4139,2007,21.786958416666668,Dhasan,3,3,145.10352577816903,1999,337.81824616666665,2000
4140,2015,1.7977289916666666,Urmal,5,5,13.916920331760563,1980,33.15756458333333,2010
4141,2007,14.725607041666665,Dhasan,3,3,97.88409075176057,1999,218.33064858333333,2000
4142,2007,0.9221594508333334,Dhasan,3,3,5.088048887100939,2013,12.171102871666667,2000
4143,2007,3.0140148166666667,Dhasan,3,3,13.833526857629108,2013,31.123191258333335,2000
4144,2022,7.2030005,Bina,4,4,26.330321835328636,1961,52.461208416666665,2020
4145,2007,4.941430941666667,Dhasan,3,3,26.52985610246479,2013,60.150203299999994,2000
4146,2007,0.6327256933333333,Dhasan,3,3,5.982872092664319,1999,14.064662778333334,2000
4147,2007,4.0004266416666665,Bewas,5,5,23.012787804460096,1999,51.520326000000004,2000
4148,2007,6.182112658333334,Dhasan,3,3,38.17391395774648,1999,86.1187676,2000
4149,2007,0.4753460333333333,Dhasan,3,3,4.218450151760563,1999,9.352971618333333,2000
4150,2015,0.8711932058333334,Kathan,5,5,5.6860131036267605,2016,11.427621709999999,2010
4151,2007,1.0727417566666666,Kathan,5,5,9.065405722241783,1999,19.327555841666666,2000
4152,2007,2.8525209749999996,Kathan,5,5,20.342510784859154,1999,41.95251110833333,2000
4153,2007,8.051909575,Dhasan,3,3,55.424476233685446,1999,125.67814575,2000
4154,2015,0.39335919583333334,Dhasan,3,3,3.532660628591549,1999,9.167703119166665,2010
4155,2015,0.9507014658333333,Shyamri,5,5,5.910786968051643,1980,14.1166889625,2010
4156,1979,5.113308483333333,Urvashi,5,5,23.46898471866197,1971,59.13336385833333,1970
4157,1979,66.21354050000001,Betwa,2,2,279.15287859859154,2019,535.1724171666667,1970
4158,1979,73.52910208333334,Betwa,2,2,312.19730407629106,2013,601.2048578333333,1970
4159,1979,76.16687566666667,Betwa,2,2,321.9673516619718,2013,620.2537529166667,1970
4160,2007,2.7393826000000003,Jamni,4,4,13.472468126877935,1971,31.433559366666668,2000
4161,2007,9.109502966666666,Jamni,4,4,55.532102210328645,1982,119.70111304166666,2000
4162,2007,0.5157034491666667,Jamni,4,4,4.701262510410798,1982,10.4601266775,2000
4163,2015,1.89286945,Jamni,4,4,12.126727285751173,1982,28.762245266666667,2010
4164,2007,2.140616533333333,Sajnam,5,5,12.4503927875,1982,31.809918416666665,2000
4165,2007,3.0210485916666667,Jamni,4,4,21.517949179577464,1982,49.698963424999995,2000
4166,2007,5.454425875000001,Jamni,4,4,35.661107190492956,1982,84.93217513333335,2000
4167,2007,4.646455691666667,Narain,5,5,21.01359794812207,2013,49.90073883333333,2000
4168,2007,8.208718175,Jamni,4,4,49.20786360903756,1982,113.49556393333334,2000
4169,2007,0.5166512733333334,Jamni,4,4,3.9184999497535213,1999,9.189782450000001,2000
4171,2022,2.7125907,Bina,4,4,9.81640852084507,1961,19.185224091666665,2020
4172,2022,3.002528,Bina,4,4,11.387389015845072,2019,24.162352033333335,2020
4173,1979,3.5414169833333333,Kevtan,5,5,15.531417672065727,2013,32.00495041666667,1970
4174,2022,14.499145,Bina,4,4,51.03015318075117,2013,105.1915935,2020
4175,1979,32.35313816666667,Betwa,2,2,155.6441389870892,2019,307.5142354166667,1970
4176,1979,34.560462916666665,Betwa,2,2,165.18781407042252,2019,326.95849991666665,1970
4177,1979,51.46850358333333,Betwa,2,2,220.74220289906103,2019,431.9572593333333,1970
4178,1979,3.960007025,Kethan,5,5,17.618117094131456,2013,38.183790241666664,1970
4179,1979,56.05530916666667,Betwa,2,2,241.33904607159624,2019,473.14874949999995,1970
4180,1979,1.200397345,Naren,5,5,5.07400180629108,2013,12.369675610833333,1970
4181,1979,28.764516083333334,Betwa,2,2,139.92541767312207,1999,277.4038145,1970
4182,1979,0.8285031108333333,Betwa,2,2,3.6338018607277,2013,8.40948148,1970
4183,1979,56.97632566666667,Betwa,2,2,245.37144111619716,2019,479.54608608333336,1970
4184,2015,3.4783785083333334,Narain,5,5,15.719823625234742,2013,38.194644266666664,2010
4185,1979,63.577986083333336,Betwa,2,2,267.547174778169,2019,515.8303668333333,1970
4186,2007,0.8011822091666666,Sanr,5,5,3.9169138279694833,1982,9.452002216666665,2000
4187,1989,0.7886023241666668,Betwa,2,2,4.394448433215962,1971,12.016827825,1980
4188,1979,2.6550136416666668,Urvashi,5,5,12.467908549295775,1971,29.537527416666666,1970
4189,1989,0.7746078875000001,Urvashi,5,5,3.584500516267606,1971,9.123938169166667,1980
4190,1979,2.569994083333333,Betwa,2,2,11.342599511150235,1999,22.781767616666666,1970
4191,1979,2.4611813083333334,Ajmar,5,5,12.799901353403754,2019,26.112411475,1970
4192,1979,4.216669558333334,Halali,5,5,21.410996184037558,2019,43.36852431666667,1970
4194,1979,9.479998483333334,Betwa,2,2,47.80127288204225,1999,99.29074012500001,1970
4195,1979,14.747288333333332,Betwa,2,2,74.56820151220657,1999,152.99261829166667,1970
4196,1979,4.247629441666667,Betwa,2,2,20.834376456455402,1999,47.34767211666667,1970
4197,1979,19.77288125,Betwa,2,2,99.39557381514085,1999,209.12700908333332,1970
4198,1979,4.011583783333333,Baen,5,5,18.665049263615025,2019,37.53307498333333,1970
4199,1951,2.8501385545454543,Sagar,5,5,12.783119051877934,2013,26.61084505,1950
4200,1979,24.132501083333334,Betwa,2,2,119.54221187558684,1999,244.27298925000002,1970
4202,1987,0.6897735908333332,Jalkur,4,4,4.05893125185446,1995,9.860142708333333,1980
4203,2009,10.543029758333333,Bhagirathi,3,3,80.67234610328639,1971,175.7269804166667,2000
4204,2009,3.8893776416666666,Bhillangana,4,4,23.04278783673709,1957,46.28514125,2000
4205,2009,15.846587166666666,Bhagirathi,3,3,108.6427711379108,1971,221.6668505,2000
4206,2009,0.6337043683333333,Lastar,5,5,3.9418688947652583,2010,8.658051244166666,2000
4207,2009,1.2263797191666665,Bal Ganga,4,4,7.169321464014084,1957,16.264609158333332,2000
4208,2009,0.7224536358333333,Mandakini,3,3,6.998250814119718,2019,22.245721808333332,2000
4209,2009,1.9339129141666669,Bhillangana,4,4,13.368048548673709,1971,26.987491191666667,2000
4210,2009,2.4841922916666666,Mandakini,3,3,18.76775171237089,2019,55.2294855,2000
4211,2009,3.2185775500000005,Mandakini,3,3,23.26083234366197,2019,60.09351316666667,2000
4212,1997,63.692697083333336,Alaknanda,3,3,193.39105609565726,2021,374.11935616666665,1990
4213,1973,3.7265191583333332,Nayar,4,4,28.646044054812208,2010,54.98548334166667,1970
4214,2009,89.63343291666666,Ganga,1,1,304.56187565962443,2021,546.98432325,2000
4215,2009,96.29048575,Ganga,1,1,336.9287536948356,2010,595.8460091666667,2000
4216,1973,0.9537981050000001,Pashchimi Nayar,4,4,10.208162341021128,2010,22.230002900000002,1970
4217,1997,2.5602036916666666,Purvi Nayar,4,4,15.535400159870893,1962,31.9082992,1990
4218,1997,0.7815017425,Hiyuni,5,5,4.043757950715962,1995,9.2473641225,1990
4219,2009,97.577593,Ganga,1,1,341.07852669483566,2010,604.1700791666667,2000
4220,1997,37.561387,Alaknanda,3,3,116.10040710739436,2021,241.53879316666666,1990
4221,2008,54.50003658333333,Alaknanda,3,3,160.10426275,2000,319.15740683333337,2000
4222,2009,0.7075770675,Madhmaheshwar Ganga,4,4,5.302552397723005,2019,22.230840450000002,2000
4223,2009,0.24623654416666665,Jadh Ganga,4,4,1.8276515580798123,2017,5.232702135,2000
4224,2009,0.08554829575,Jadhang,5,5,1.4385270602147886,2021,5.0457842625,2000
4226,2009,0.9857119874999999,Mana,5,5,5.819124316302816,2021,15.783173857500001,2000
4227,2009,0.3342577483333333,Jadh Ganga,4,4,3.337238610539906,2021,10.312080619166666,2000
4228,2009,1.394308275,Bhagirathi,3,3,14.82628099758216,1962,33.849100725,2000
4229,2009,1.3925389333333333,Jadh Ganga,4,4,10.663585850528168,2021,30.788824525,2000
4230,2009,0.3837750416666667,Jadh Ganga,4,4,2.901942178838028,2017,7.079022133333333,2000
4231,2009,1.894974175,Jadh Ganga,4,4,14.579977696948356,2021,39.56419775833333,2000
4232,2007,1128.7154083333332,Yamuna,1,1,3120.9877603873238,1961,5733.662000833334,2000
4233,2018,4.3870405,Dhauli Ganga,4,4,15.714875376760563,1962,32.559505816666665,2010
4234,2018,3.245604175,Girthi Ganga,4,4,16.566640083626762,2000,45.98429934166666,2010
4235,2018,11.762277116666667,Dhauli Ganga,4,4,42.82970759049296,2000,96.03611883333333,2010
4236,1951,5.043666054545454,Rishi Ganga,4,4,19.044445018192487,2000,52.495887225,1950
4237,1951,21.285068318181818,Dhauli Ganga,4,4,65.01142443157278,2000,153.902801,1950
4238,2009,5.291291883333333,Alaknanda,3,3,24.62153532875587,2019,69.701486,2000
4239,1997,1.1703839441666666,Birahi Ganga,4,4,4.199617777617371,2021,11.984745541666667,1990
4240,1997,32.318993416666665,Alaknanda,3,3,96.95571983122066,2021,191.5474749166667,1990
4241,1997,34.386024666666664,Alaknanda,3,3,104.7853403100939,2021,213.8545479583333,1990
4242,2008,2.225184958333333,Nandakini,3,3,8.1458907382277,2021,19.567289433333332,2000
4243,1951,1.826026478181818,Kail Ganga,4,4,7.05570950890845,1968,24.362440699999997,1950
4244,1951,3.7037347,Pindar,3,3,20.954699003908452,2000,65.22299381666666,1950
4245,2015,0.7826623916666667,Usra,5,5,5.051710995610328,2018,17.422035,2010
4246,2015,1.537299225,Garara,5,5,9.20449491056338,2022,31.199036,2010
4247,2015,2.1592500416666667,Paisuni,4,4,10.79170336561033,2022,31.852562,2010
4248,2007,1.5193211583333335,Baghain,4,4,9.472017535446009,2019,20.720191833333335,2000
4249,2007,2.05292355,Baghain,4,4,11.204774101643192,2018,28.74903,2000
4250,2007,73.76043541666667,Ken,2,2,373.2114139471831,2013,708.4951685833333,2000
4251,2007,1120.1521741666668,Yamuna,1,1,3084.7140665727698,1961,5704.465490833333,2000
4252,2015,2.3324120666666666,Yamuna,1,1,14.31853313169014,2018,48.85332,2010
4253,2007,3.65881445,Paisuni,4,4,18.56116306044601,2018,56.069424,2000
4254,2007,1124.2526641666666,Yamuna,1,1,3105.2621680633806,1961,5719.378235,2000
4255,2007,1.3032583075,Paisuni,4,4,6.909338333098592,2022,21.351469,2000
4256,2010,0.9684108625,Yamuna,1,1,5.188992223215962,2018,15.45516,2010
4257,2007,0.44580731,Ken,2,2,3.3862478325586856,1969,6.717122458333333,2000
4258,2007,1.3863202666666667,Ken,2,2,10.118433937605635,1980,24.594394766666667,2000
4259,2007,74.24036083333333,Ken,2,2,376.76696834741784,2013,715.513692,2000
4260,2007,77.46807891666667,Ken,2,2,394.7518327558686,2013,748.266275,2000
4261,2015,0.8235595125,Shyam,4,4,4.764708959154929,1990,11.589861633333333,2010
4262,2015,1.6131782666666667,Shyam,4,4,10.296930526713615,1967,25.617966624999998,2010
4263,2015,2.650058025,Shyam,4,4,16.25692218192488,1967,39.216157775000006,2010
4264,2015,3.361800483333333,Shyam,4,4,20.16393994225352,1967,48.87281195833333,2010
4265,2015,0.4965697125,Shyam,4,4,3.1324689520305165,1999,7.914909008333333,2010
4266,2015,0.7686705675000001,Shyam,4,4,5.132708040950704,1999,12.895072691666668,2010
4267,2015,1.621201975,Shyamri,5,5,9.62944993173709,1980,20.271149383333334,2010
4268,2007,2.8651437166666667,Mirhasan,5,5,17.355327789906102,1980,41.17973106666667,2000
4269,2015,3.1375873416666664,Shyamri,5,5,18.42749681056338,1980,41.969419441666666,2010
4270,2007,11.710758166666666,Ken,2,2,64.34256820610328,2003,139.73648654166666,2000
4271,2007,45.745269416666666,Sonar,3,3,204.55850189788734,2013,430.00079266666665,2000
4272,2007,57.47708133333333,Ken,2,2,268.9957825809859,2013,527.6955219166666,2000
4273,2007,61.185609166666666,Ken,2,2,290.8415646725352,2013,563.5652968333334,2000
4274,2007,64.68050699999999,Ken,2,2,310.7332513568075,2013,599.2361613333334,2000
4275,2007,21.138163875,Sonar,3,3,106.72786683568076,2013,224.77736016666665,2000
4276,2007,1.8197034,Banne,5,5,11.531976915598591,1980,29.157845241666667,2000
4277,2007,68.10654233333334,Ken,2,2,332.7611062464789,2013,637.13351875,2000
4278,2015,0.5827936983333334,Banne,5,5,4.3074026898239435,1980,10.649421918333333,2010
4279,2015,0.8935510066666666,Banne,5,5,5.382722472089203,1980,13.493555636666665,2010
4280,2015,0.5843524433333334,Khudar,5,5,4.564308493298122,1980,12.484506206666666,2010
4281,2007,68.72165058333333,Ken,2,2,337.3733527370892,2013,645.33483925,2000
4282,2015,1.0642448775,Kutni,5,5,9.068178996314554,1980,24.191157310833333,2010
4283,2007,69.95598116666666,Ken,2,2,346.807755971831,2013,661.8553344166667,2000
4285,2022,1.733063,Bearma,3,3,9.217000836643193,2013,19.80909773333333,2020
4286,2022,3.1682048,Bearma,3,3,16.001703474647886,2013,34.032857225,2020
4287,2022,10.179754,Bearma,3,3,42.46830070093897,2013,91.73016735,2020
4288,2007,1.1567975933333334,Bearma,3,3,4.86203389084507,1961,10.757487330833333,2000
4289,2022,14.19635,Bearma,3,3,62.13568717946009,2013,133.45655483333334,2020
4290,2022,17.063272,Bearma,3,3,73.77709135469483,2013,157.87794566666665,2020
4291,2007,0.8740624683333333,Bearma,3,3,4.600119774776995,1961,11.982984459166666,2000
4292,2022,18.978033,Bearma,3,3,82.1827527443662,2013,174.299337,2020
4293,2007,0.7563025533333333,Bearma,3,3,4.286337623638498,2013,9.207070258333333,2000
4294,2022,22.383776,Bearma,3,3,95.95238725774648,2013,201.87470616666667,2020
4295,2007,0.6114503983333334,Sonar,3,3,4.392832890434272,2013,8.676464499166666,2000
4296,2007,3.870628325,Kopra,5,5,17.97555022887324,2013,38.48584200833333,2000
4297,2007,13.603808658333334,Sonar,3,3,67.81995214366198,1999,148.0315475,2000
4298,2007,17.48089295833333,Sonar,3,3,85.82632888943662,2013,182.80830554166667,2000
4299,2007,3.0974238083333336,Ken,2,2,18.860960563849765,2016,41.383382675,2000
4300,2007,4.131195891666667,Katni,4,4,24.90328208732394,2005,50.545022358333334,2000
4301,2007,4.610617183333333,Patne,5,5,23.87486254107981,1961,54.8707851,2000
4302,2007,6.018970433333333,Ken,2,2,35.18679567969484,2016,78.188469125,2000
4303,2007,0.9598347816666667,Sonar,3,3,4.483229234800469,1999,10.8212785925,2000
4304,2007,0.835995385,Bewas,5,5,5.537632675305165,1956,12.086624133333332,2000
4305,2007,4.998747325,Bewas,5,5,29.60037547511737,1999,64.15304829166666,2000
4306,2007,8.048487841666667,Sonar,3,3,34.5456753100939,1999,77.80003510833333,2000
4307,2015,3.4565559416666667,Bearma,3,3,15.659296978521127,1994,33.6362011,2010
4308,2022,3.5038464,Bearma,3,3,13.348480674647888,2013,29.940913800000004,2020
4326,2010,5.124573341666667,Rihand,3,3,29.820620192488263,1994,61.988848725,2010
4327,2015,70.41874633333333,Rihand,3,3,196.89291781807512,1961,394.24439025,2010
4328,2015,3.9499409083333332,Neur,5,5,12.4096261064554,1994,26.320420100000003,2010
4329,2015,6.272591841666666,Gopat,4,4,21.483571059741784,1994,47.32927565,2010
4330,2015,14.009571833333334,Gopat,4,4,47.12244912910798,1994,98.47201533333333,2010
4331,2015,1.3996187008333332,Gopat,4,4,4.930286938122066,2003,10.214227814166668,2010
4332,2015,18.112998416666667,Gopat,4,4,62.36220111103286,1994,124.61424208333334,2010
4333,2015,1.0958400166666666,Gopat,4,4,4.089701788802817,2022,7.4748693,2010
4334,2015,21.396863666666665,Gopat,4,4,74.95774635387323,1994,145.84450583333333,2010
4335,2015,4.955148858333334,Gopat,4,4,19.204178137676056,2018,44.05819,2010
4336,2015,1.8406147,Mayar,5,5,7.653131365539906,2022,23.813026,2010
4338,2010,1.6646254083333334,Son,2,2,7.732637091314554,2018,24.102509,2010
4339,2015,3.7026514583333334,Son,2,2,16.45336201068075,2022,46.279556,2010
4340,2010,76.33213875,Rihand,3,3,226.3860824061033,1961,450.03456566666665,2010
4341,2015,196.64632658333335,Son,2,2,552.9596155140845,1994,1016.5452158333333,2010
4342,2015,273.54952583333335,Son,2,2,780.0093979812207,1994,1449.2312341666666,2010
4343,1989,16.180722866666667,Kanhar,3,3,40.555748752699536,1971,97.658818625,1980
4344,1965,1.4135873283333333,Mawai,5,5,5.325870214342723,2003,11.479097296666666,1960
4345,1965,5.424557983333333,Banas,3,3,18.82830742523474,2003,37.740705733333336,1960
4346,1965,7.029726516666667,Banas,3,3,24.858620041431923,2003,50.68375576666667,1960
4347,2015,2.4164684333333333,Banas,3,3,8.76951364120892,1975,18.494199361666666,2010
4348,1965,9.686777366666666,Banas,3,3,33.933560140258216,2003,69.01419717499999,1960
4349,2015,2.657945675,Son,2,2,9.10381207430751,1975,19.208400775,2010
4350,2015,1.0639402975,Banas,3,3,4.16652360008216,2003,8.426402235,2010
4351,1965,11.095344500000001,Banas,3,3,39.230419955046955,2003,79.612885525,1960
4352,2007,1.3101563633333333,Banas,3,3,4.550386894330986,1975,12.646007724166667,2000
4353,2015,14.386292491666666,Banas,3,3,50.45682059589202,2003,99.74604475833333,2010
4354,2007,2.0829205416666667,Banas,3,3,9.013912445504696,1971,18.993121625,2000
4355,2015,16.752281516666667,Banas,3,3,59.488679753286384,2003,114.80539974999999,2010
4356,2007,132.32556083333333,Son,2,2,335.44129308215963,1975,627.6116104166666,2000
4357,2007,0.7475347541666667,Son,2,2,3.9198720270422536,1971,8.390154050000001,2000
4358,2015,1.4460661000000001,Gopat,4,4,5.82589229991784,1994,13.093015166666667,2010
4359,2015,2.973643041666667,Goini,4,4,9.319970258568075,1994,20.80596585,2010
4360,1979,1.6244821499999997,Son,2,2,4.29963399649061,1975,10.598716873333332,1970
4361,2015,74.44501908333334,Son,2,2,177.54283751525824,1994,325.455332,2010
4362,2015,76.50052083333334,Son,2,2,181.87888123708922,1994,333.8560918333333,2010
4369,1979,5.130987341666667,Katni,4,4,15.609735801760563,1975,34.93594791666667,1970
4370,2007,18.195676375,Katni,4,4,55.31285341431925,1994,119.48636229166668,2000
4371,2007,2.710038275,Ghodchhatra,5,5,6.571642279812206,1994,13.336725591666665,2000
4372,2007,10.569617858333332,Johilla,5,5,30.71416662640845,1994,60.70482311666667,2000
4373,2007,17.678850666666666,Johilla,5,5,49.32539939659625,1994,98.13795804166666,2000
4374,2007,1.1113747566666667,Son,2,2,4.951199801971831,1975,13.388396091666666,2000
4375,2007,130.70609141666668,Son,2,2,328.04232996009387,1994,614.2427700000001,2000
4376,2015,1.9011599475,Son,2,2,5.195009676349765,2018,9.515627,2010
4377,2015,2.2801131666666667,Gohirari,5,5,6.442891360093896,2018,11.281984,2010
4378,2015,5.376472058333333,Tipan,5,5,14.229674593075117,1961,27.495686858333332,2010
4379,2015,19.405025916666666,Son,2,2,39.122067234741785,1994,64.683485,2010
4380,2015,22.452848,Son,2,2,47.780266703051645,1994,79.68383908333332,2010
4381,2015,32.90737425,Son,2,2,76.37956601760564,1994,132.68644475,2010
4382,2015,35.391790916666665,Son,2,2,83.16695238028169,1994,144.39535483333336,2010
4383,2015,39.10331358333333,Son,2,2,93.4972412887324,1994,163.50970891666668,2010
4384,2007,2.4297771666666668,Son,2,2,6.889531686584506,2018,13.076402,2000
4385,2015,5.2204235500000005,Kunu,5,5,15.101299152112675,1994,26.769786041666666,2010
4386,2015,45.65318966666666,Son,2,2,112.43165248239437,1994,197.44802875000002,2010
4387,2007,3.452914475,Son,2,2,9.714317089906103,2018,19.201374,2000
4388,2015,51.25995366666667,Son,2,2,128.00468383098593,1994,226.91825816666665,2010
4396,2013,7.557372291666667,Ghaghara,1,1,18.86617752124413,1953,42.23703260833333,2010
4397,2014,642.5529133333333,Ghaghara,1,1,1704.2366641197182,1955,2830.2493925,2010
4398,2013,9.960132666666667,Ghaghara,1,1,25.672212652112673,1953,58.38571055,2010
4399,2014,656.6039816666666,Ghaghara,1,1,1733.9082224765257,1955,2864.5763225000005,2010
4400,1966,2.800813091666667,Ganga,1,1,7.989350714906104,1953,18.296159666666668,1960
4401,2014,661.3092083333332,Ganga,1,1,1742.5965895187792,1955,2875.0398800000003,2010
4402,2007,2489.278836666667,Ganga,1,1,5250.953184284038,1961,9090.919033333334,2000
4404,2007,2523.94213,Ganga,1,1,5266.497728262911,1961,9123.159808333332,2000
4405,2009,3772.5248000000006,Ghaghara,1,1,7010.836854342723,1961,11095.277541666668,2000
4406,1983,3.827761283333333,Ganga,1,1,11.16774049483568,1987,28.325715666666667,1980
4407,2009,3779.9474000000005,Ganga,1,1,7022.147011502348,1961,11120.974199999999,2000
4409,1983,2.4727641416666666,Ganga,1,1,7.317647200234743,1961,18.764369133333332,1980
4410,1973,1.614107165,Ganga,1,1,8.096250242699531,1961,23.039129908333337,1970
4411,2010,455.92283,Son,2,2,1092.4193470539906,1994,1969.0237841666667,2010
4414,2016,1.5726288916666666,Rapti,2,2,15.033352271361501,2020,38.06948224166667,2010
4415,2016,2.068889158333333,Rapti,2,2,19.97850284706573,2020,52.163915550000006,2010
4416,2014,122.43282375,Rapti,2,2,466.6401345129108,1955,868.9906588333333,2010
4417,2014,127.37608533333334,Rapti,2,2,487.6215896115024,1955,907.3422579166667,2010
4418,2014,495.6742175,Ghaghara,1,1,1139.619913028169,1955,1813.761225,2010
4419,2014,624.8926858333333,Ghaghara,1,1,1632.0201715492958,1955,2726.7418725,2010
4420,1967,0.8744527966666666,Ghaghara,1,1,3.512447381338028,2020,12.290074783333333,1960
4421,2014,627.0959825,Ghaghara,1,1,1637.1507959624412,1955,2731.3742158333334,2010
4422,2015,3.4167352666666666,Ghaghi,5,5,22.62238031584507,2020,52.41699191666666,2010
4423,2016,2.3652269666666665,Ghaghi,5,5,23.49635492300469,1956,48.46704041666666,2010
4424,2016,6.348423608333333,Ghaghara,1,1,48.77833181619719,2020,100.137988,2010
4425,2014,637.4511683333334,Ghaghara,1,1,1687.1489063732392,1955,2810.229,2010
4428,2016,1.1543274666666667,Rapti,2,2,9.778285887734741,1989,22.06284155,2010
4429,2015,3.1150250833333337,Bansi,5,5,19.076305906807512,1986,39.72121606666666,2010
4430,2015,1.485512,Gandak,2,2,17.04631292124413,1956,36.34907329166666,2010
4431,2014,198.53968508333332,Gandak,2,2,697.3861592488263,2021,1373.2560300000002,2010
4432,2015,1.3362766558333334,Ghaghara,1,1,6.607043070692488,2020,17.153702025,2010
4433,2014,3.0055585,Gandak,2,2,19.91161341443662,2020,50.84298745833334,2010
4434,2014,210.56312258333332,Gandak,2,2,729.1502404248826,2021,1419.3182975,2010
4435,2014,640.3577483333333,Ghaghara,1,1,1697.050153157277,1955,2821.5879808333334,2010
4436,2010,0.8528917891666667,Ghaghara,1,1,4.041141517241784,2020,11.254821300000001,2010
4437,2010,1.0090176008333334,Tamasa,3,3,4.605432568462441,1953,14.074364791666667,2010
4438,2014,225.63937625000003,Gandak,2,2,759.6068507523473,2020,1458.5875116666666,2010
4439,2014,2.0431982833333335,Rohini,3,3,14.673715180516432,2020,25.017254875000003,2010
4440,2014,3.2463001166666667,Rohini,3,3,19.624927112441313,2020,34.868348491666666,2010
4441,2014,5.898976533333333,Dande,5,5,32.90361223931925,2020,59.32414456666667,2010
4442,2014,1.4691571783333333,Gandak,2,2,10.915087246009389,2020,18.841350008333333,2010
4443,2015,0.6187762108333333,Rohini,3,3,6.088038133521127,1981,12.179176391666667,2010
4444,2014,6.140208358333333,Rohini,3,3,37.897797367723,2020,65.69280570833332,2010
4445,2014,10.414553866666667,Rohini,3,3,56.19800101326291,1955,91.4829855,2010
4446,2014,2.3374363333333332,Danau,4,4,11.346115455035212,2020,21.037821108333333,2010
4447,2015,1.5289487666666668,Rohini,3,3,8.478071887265259,1956,17.97549575833333,2010
4448,2014,13.099434725,Rohini,3,3,65.63783862276996,1955,109.51235666666668,2010
4449,2014,98.09024133333332,Rapti,2,2,368.4176045575117,1955,690.3222655,2010
4450,2015,5.170927266666667,Aami,5,5,26.42534324882629,1955,57.18935878333334,2010
4451,2014,112.12611666666668,Rapti,2,2,436.37230006103283,1955,804.4930258333334,2010
4453,2015,1.03108329,Aami,5,5,6.365694897816901,1975,17.311640041666667,2010
4456,2014,46.036722499999996,Rapti,2,2,171.62406891197182,1955,293.69153975,2010
4457,2014,27.764972333333333,Rapti,2,2,92.63285654166665,1955,212.57977333333335,2010
4458,2014,48.26134558333334,Rapti,2,2,180.7059877746479,1955,319.20226699999995,2010
4459,2014,77.07551666666667,Rapti,2,2,276.8662540140845,1955,539.1599083333333,2010
4460,2014,17.00832875,Rapti,2,2,81.00803538884978,2020,146.45553758333332,2010
4461,2015,16.953390000000002,Manorama,4,4,63.488129091901406,1955,187.3742725,2010
4462,2015,21.856737,Ghaghara,1,1,86.2018727834507,1955,236.4302173333333,2010
4463,2014,449.82683249999997,Ghaghara,1,1,1027.3709774295774,1983,1582.06836,2010
4464,2016,1.3130910808333331,Ghaghara,1,1,5.575542769049296,1980,13.720135040833332,2010
4465,2014,492.96833,Ghaghara,1,1,1132.3803135680753,1955,1800.5028250000003,2010
4490,2014,82.60028166666666,Gandak,2,2,329.7532961584507,2021,707.5778583333334,2010
4491,2014,177.35460708333335,Gandak,2,2,526.8548858039906,2021,1095.07517,2010
4493,2014,70.36853741666667,Gandak,2,2,255.6173238955399,2021,559.98295,2010
4507,2014,15.052392724999999,Gandak,2,2,102.45096536713616,2021,225.86653941666668,2010
4508,2014,28.685819166666665,Gandak,2,2,176.20826531455398,2021,382.33169775000005,2010
4525,2014,0.7398856716666667,Gandak,2,2,8.811803617323944,2021,15.879257864166666,2010
4535,1973,0.5528019316666667,Ganga,1,1,3.2114200679694838,1953,6.8122710416666665,1970
4536,1966,0.8347623025,Adari,5,5,3.2796381153286385,1971,5.744032316666666,1960
4537,2005,0.9491317016666666,Dharmauti,5,5,3.348402212347418,1987,7.079266825,2000
4538,2010,0.9942230441666666,Punpun,3,3,3.4233508895774647,1987,8.432397158333334,2010
4539,2010,1.0779061458333332,Madad,5,5,3.4929422771361502,1987,7.225661608333333,2010
4540,2010,1.5182256458333334,Punpun,3,3,4.601427743884977,1987,13.638643924999998,2010
4541,1966,1.84909985,Sorhur,5,5,5.557928078720657,1978,11.345205524999999,1960
4542,2010,1.3956680166666666,Ganga,1,1,5.13697661016432,2019,10.304625583333333,2010
4543,2005,1.5802412833333335,Batane,5,5,5.89676744640845,1961,12.034850708333332,2000
4544,2010,1.7824843000000001,Dharmauti,5,5,6.158141905046948,2019,12.66520545,2010
4545,2015,1.3107966333333334,Ganga,1,1,6.879646385575117,2019,15.258256691666666,2010
4547,2005,1.9154444999999998,Punpun,3,3,7.785399777523474,1961,18.254242958333332,2000
4548,2010,2.7513801499999997,Dardha,4,4,9.362189785798122,1987,24.449039600000003,2010
4549,2010,2.9284419916666664,Madad,5,5,9.493770108802817,1987,18.004280108333333,2010
4550,2010,3.8455915,Morhar,4,4,11.267836582042255,1978,23.220120175,2010
4551,2010,3.1663381833333335,Dharmauti,5,5,10.735725271596243,2019,22.09095518333333,2010
4552,2010,3.6731473,Ganga,1,1,13.253154115492956,2019,27.31648505833333,2010
4553,2005,3.6487152333333337,Punpun,3,3,14.197062076525821,1961,31.025053624999998,2000
4554,2010,4.501951933333333,Madad,5,5,14.701202728286386,1987,29.090210833333334,2010
4555,2010,6.2415455,Mohana,4,4,23.807381749765256,1987,43.98291691666666,2010
4556,2010,6.076474091666667,Lilajan,4,4,21.816349767018778,1987,42.54238794166667,2010
4557,2005,5.3628551,Punpun,3,3,20.075132511737092,1961,40.527231799999996,2000
4558,2010,9.04923205,Morhar,4,4,27.452861477699532,1971,52.60396538333333,2010
4559,2010,13.101484833333332,Dardha,4,4,40.64851645762911,1987,84.08568641666666,2010
4560,2010,12.605183025,Punpun,3,3,40.75464166830986,1987,75.2818415,2010
4561,2010,15.492132666666668,Phalgu,3,3,55.41487341115024,1987,112.36082266666666,2010
4562,2010,17.80272875,Punpun,3,3,57.05860237558685,1987,120.08835275,2010
4563,2015,22.00378075,Tamasa,3,3,83.928558657277,1953,214.65441883333335,2010
4564,2015,25.655128083333334,Ganga,1,1,98.75905602347417,1953,251.31225475,2010
4565,2010,59.200978416666665,Koel,3,3,165.44569190962443,1971,370.39389366666666,2010
4566,2015,333.1143183333333,Son,2,2,897.7547210446008,1994,1654.8810799999999,2010
4567,2007,2402.636455,Ganga,1,1,5122.37294387324,1961,8924.294483333333,2000
4568,2007,2420.795356666667,Ganga,1,1,5137.718314612675,1961,8950.058766666667,2000
4569,2007,2471.7031583333332,Ganga,1,1,5238.941987910797,1961,9073.921925,2000
4570,2007,2496.039075,Ganga,1,1,5254.514432077464,1961,9097.988925,2000
4571,2018,2.5064290000000002,Gandak,2,2,7.561803321772301,1987,15.876747516666667,2010
4572,1966,6.792176783333333,Gandak,2,2,18.82619123122066,1953,40.2491355,1960
4573,2009,4385.570741666666,Gandak,2,2,8135.356976525822,1961,12984.364558333335,2000
4574,1992,1.3562369666666667,Gandak,2,2,4.790986071877934,2020,12.238667733333335,1990
4575,2013,7.967178341666667,Baya,5,5,23.685557791666668,2007,53.37361335833334,2010
4576,1982,84.373368,Burhi Gandak,2,2,181.7139431326291,2020,355.30399708333334,1980
4577,2014,246.11978958333336,Gandak,2,2,786.349094399061,2020,1515.1754283333332,2010
4578,2010,1.192172925,Ganga,1,1,3.4454900960446007,2007,9.5841368,2010
4587,1966,2.5333089916666665,Sukri,5,5,7.704470144084507,1961,16.817457049999998,1960
4588,2010,3.6683008333333333,Auranga,4,4,10.974887140375587,1971,22.20621955833333,2010
4589,1966,8.348243833333333,Auranga,4,4,24.4007448528169,1971,51.41053670833333,1960
4590,1992,23.73993366666667,Koel,3,3,58.055102097417844,1971,132.89288566666667,1990
4591,1989,1.2514371916666667,Jinjoi,5,5,3.709376833978873,1978,8.662264483333333,1980
4592,1989,1.7727706208333334,Maila,5,5,5.215582969542253,1971,11.8317632,1980
4593,2010,8.992411291666667,Amanat,4,4,26.654744180751173,1961,56.905685475000006,2010
4594,2010,11.147360575,Amanat,4,4,32.56861189201878,1971,69.71366583333334,2010
4595,2010,12.421098041666667,Amanat,4,4,36.30744751830986,1971,78.25768666666667,2010
4596,2010,34.516833416666664,Koel,3,3,85.44667409859156,1971,191.35534108333331,2010
4597,2010,3.5309706833333334,Tahle,5,5,12.62971646044601,1971,30.391634475,2010
4598,2010,48.25005758333333,Koel,3,3,125.72937177112676,1971,279.32428416666664,2010
4599,2010,2.020384566666667,Danru,5,5,8.145623950704225,1971,18.930345491666667,2010
4600,2010,52.04860725,Koel,3,3,139.27399572887325,1971,312.0445368333333,2010
4601,2010,55.09781433333333,Koel,3,3,151.00797975821595,1971,339.29207241666666,2010
4602,2010,22.064888,Kanhar,3,3,62.34241124061033,1971,143.15821166666666,2010
4603,2005,1.1531835658333334,Banki,5,5,4.709963963180751,1961,10.666374816666666,2000
4604,2010,1.897135175,Barhki,5,5,6.997839303110329,1987,15.087460024999999,2010
4605,2010,56.54410008333334,Koel,3,3,155.84434914788733,1971,349.7987503333333,2010
4607,2010,1.6949610333333334,Kanhar,3,3,7.7258285901056345,1994,17.224608441666668,2010
4608,2010,2.6223710833333334,Kanhar,3,3,12.146521133802816,1994,26.884063291666667,2010
4610,2010,2.13742815,Kanhar,3,3,12.078909326291079,2019,25.81670025,2010
4611,2010,27.180369,Kanhar,3,3,91.40969545539906,1971,191.870102,2010
4612,2010,2.2655295,Panda,5,5,8.3838633221831,1987,17.86370605833333,2010
4613,2015,275.3290416666667,Son,2,2,787.3054448298122,1994,1457.4335816666664,2010
4614,2015,326.650735,Son,2,2,885.8512197183098,1994,1637.7275641666668,2010
4615,2010,1.8571101133333334,Chaupat,5,5,4.957696393579813,1971,10.138344266666666,2010
4616,2010,12.314917975,Koel,3,3,28.201313401995304,1971,62.324041666666666,2010
4617,1979,4.820138133333333,Burha,5,5,13.891104552699531,1971,34.110152899999996,1970
4618,2010,1.0522918008333333,Rihand,3,3,5.738593931431925,1987,11.304400775,2010
4619,2010,0.6161377675,Rihand,3,3,5.392354669835681,2018,21.422642,2010
4620,2015,0.6683300508333333,Mayar,5,5,3.036515853685446,2018,11.564550000000002,2010
4621,2015,2.524525025,Rihand,3,3,10.765129124295774,2018,35.938866,2010
4622,2015,73.53365325,Rihand,3,3,211.6395930680751,1961,420.3951285,2010
4624,1979,3.2726004166666667,Kanhar,3,3,8.373316915305164,1971,20.935011508333336,1970
4644,2014,14.237269750000001,Bhada,5,5,66.15819846525822,1990,132.53026041666666,2010
4657,2014,2.748656216666667,Ghaghara,1,1,13.114006370528168,1968,29.218192000000002,2010
4658,2014,35.049451,Ghaghara,1,1,186.67901133333334,1983,370.0664795833333,2010
4659,2014,68.30782,Ghaghara,1,1,313.08238200469486,2021,607.9699566666667,2010
4715,2015,16.42125916666667,Tamasa,3,3,66.49549422288733,1955,169.24047091666668,2010
4716,2015,20.08077125,Tamasa,3,3,78.62436739612676,1953,198.90534033333333,2010
4718,2015,1.8500313916666666,Kuthi Yankti,4,4,12.66629963975352,2001,28.85004065,2010
4719,1998,0.6804729275,Ghaghara,1,1,3.4358236440258216,1955,10.953649774166665,1990
4720,1999,3.1972354500000004,Manorama,4,4,17.002670001877934,1955,51.207738425,1990
4721,2002,7.76980305,Ghaghara,1,1,26.124770981220657,1955,75.12518494999999,2000
4722,2014,423.57470916666665,Ghaghara,1,1,973.6624490610328,1983,1505.9140375,2010
4723,2014,425.08877666666666,Ghaghara,1,1,977.8802880269953,1983,1512.6886350000002,2010
4724,2014,443.59171749999996,Ghaghara,1,1,1013.7668071537558,1983,1567.1649975,2010
4725,2006,1.5150229916666664,Ghaghara,1,1,6.91826083064554,2020,15.630664333333334,2000
4726,2010,10.844905025000001,Karmanasa,3,3,28.603350043075118,1987,61.934122333333335,2010
4727,2010,13.780630391666667,Karmanasa,3,3,36.7706245185446,1987,80.57495816666668,2010
4728,2010,27.774989166666668,Karmanasa,3,3,76.34757843133802,1987,169.16079858333333,2010
4729,2005,1.4041627016666667,Karmanasa,3,3,5.017293100093897,1987,10.018506608333334,2000
4730,2010,4.814552541666667,Karmanasa,3,3,15.843887973474178,2019,32.140286275,2010
4731,2014,1.43940497,Surai,5,5,6.588389262664319,2020,13.453322774999998,2010
4732,2016,0.9242866866666667,Rapti,2,2,7.006038080938968,1975,22.864030808333336,2010
4733,2014,2.1380115666666666,Banganga,4,4,10.856698848356807,2020,22.028883141666668,2010
4734,2014,1.933376025,Banganga,4,4,11.899440377664318,2020,23.072616166666666,2010
4735,2014,5.034303808333333,Banganga,4,4,26.863708005164316,2020,52.97293295833333,2010
4736,2015,15.452794500000001,Sotwa,4,4,50.809221338967134,1955,140.54929333333334,2010
4737,2015,20.976163,Sotwa,4,4,64.29965579647887,1955,166.02474191666667,2010
4738,2014,3.920788733333333,Jamwar,5,5,16.43451390410798,1975,37.83474425,2010
4739,2014,5.133605166666666,Danau,4,4,24.318232646009392,2020,45.389311666666664,2010
4740,2014,9.138782366666666,Danau,4,4,41.02991298908451,2020,76.14107608333333,2010
4741,2014,2.3090155083333332,Danau,4,4,11.258473935457745,2020,21.318267675,2010
4742,2014,1.8076015166666668,Jamwar,5,5,7.871008048215963,1975,15.555399041666666,2010
4743,2014,1.7885484500000002,Jamwar,5,5,7.3687302109976525,1975,18.83720861666667,2010
4747,2014,0.6848525375,Rapti,2,2,5.120449398122066,1961,11.085434958333336,2010
4749,2014,5.702114708333333,Rapti,2,2,45.55339403251174,1961,94.347346025,2010
4750,2014,22.762252416666666,Rapti,2,2,130.49836768368544,2020,222.63420683333334,2010
4751,2014,2.116484675,Rapti,2,2,7.9558248135563385,1990,14.655636083333333,2010
4752,2014,4.860808966666666,Bhada,5,5,28.551775814436617,1990,56.7637162,2010
4756,2005,6.123587725,Sotwa,4,4,14.74886881185446,1955,33.43495256666667,2000
4757,2015,4.371789000000001,Sarju,3,3,15.385857008685445,1955,40.300278633333335,2010
4759,2015,11.868279166666667,Sotwa,4,4,35.81587645492958,1955,99.44963679166666,2010
4760,2006,1.0128747558333333,Ghaghara,1,1,4.507878285833334,1990,11.743668091666668,2000
4761,2014,452.5967083333333,Ghaghara,1,1,1034.1606343779342,1983,1588.8163775,2010
4762,2014,488.9565758333333,Ghaghara,1,1,1120.9405211384976,1955,1776.2811275000001,2010
4763,1998,0.7100851266666667,Sarju,3,3,3.901484470762911,1955,11.363882733333334,1990
4765,1999,0.6144207549999999,Ghaghara,1,1,3.915603608626761,1955,12.760517875,1990
4766,1973,0.7501906616666667,Manorama,4,4,4.3134021761384975,1955,13.01235885,1970
4767,2015,10.98608945,Manorama,4,4,43.904805255046945,1955,131.30648025,2010
4768,2014,388.98490833333335,Ghaghara,1,1,931.2563820598591,1983,1430.5250433333333,2010
4770,2007,3.51417695,Man,5,5,11.506936119366198,1990,23.256241125,2000
4771,1966,4.433780325,Ghaghara,1,1,12.407280108333334,1981,27.7855028,1960
4772,2014,21.874049291666665,Babai,4,4,74.24779664612676,1990,142.73384983333332,2010
4773,2014,31.137235083333334,Babai,4,4,91.44090167194835,1990,173.21514825,2010
4774,1973,0.569778985,Ghaghara,1,1,3.3072571217957747,1984,8.413382966666665,1970
4775,1977,1.4887934166666668,Babai,4,4,3.9121351531807513,1981,8.217241008333334,1970
4776,2014,131.813218,Ghaghara,1,1,422.1509498873239,2021,747.17500625,2010
4777,2014,302.1845470833333,Sharda,2,2,769.4595283838029,2021,1198.0827633333333,2010
4778,1991,114.38467750000001,Sharda,2,2,347.2942484730047,2000,673.313345,1990
4779,2007,2.253850725,Mohana,4,4,9.338894088732394,1968,23.918967008333336,2000
4780,1966,1.773310625,Sharda,2,2,8.557980945950705,2021,19.303952958333333,1960
4781,2007,2.7365816166666668,Mohana,4,4,10.27495405,1968,25.814228441666668,2000
4782,2007,6.748837783333333,Mohana,4,4,28.897295370539908,1968,73.002300575,2000
4783,2019,13.754247175000001,Suheli,4,4,33.126767575586854,1968,62.21126258333333,2010
4784,2007,9.367684800000001,Mohana,4,4,38.53631532206573,1968,97.21047083333333,2000
4785,2007,16.74656333333333,Mohana,4,4,54.10631065457747,1968,131.51117741666667,2000
4786,2014,92.51189633333333,Suheli,4,4,370.513973516432,2021,662.0399758333333,2010
4787,2004,0.6134445875,Surna,5,5,4.001336335481221,1971,9.7471078525,2000
4788,2004,0.6367337425,Surna,5,5,4.402420087253521,1971,10.875387396666667,2000
4789,2004,1.3905203525,Surna,5,5,9.60581579165493,1971,23.618487008333332,2000
4790,1991,33.37303358333333,Sharda,2,2,134.49879584741782,2000,292.2918910833333,1990
4791,1991,59.687501999999995,Sharda,2,2,258.42192138732395,2000,570.22194525,1990
4792,1991,52.46786533333333,Sharda,2,2,245.46974137089202,2000,555.93935875,1990
4793,1991,64.12711566666667,Mahakali,2,2,272.32169711913144,2000,593.7149978333333,1990
4794,1990,14.87243915,Sarju,3,3,103.66671742887324,2001,262.2445661666667,1990
4795,2004,0.7855190216666667,Mahakali,2,2,5.963142402230047,1971,14.736470310000001,2000
4796,2004,1.3304881325,Sharda,2,2,4.601534112758216,1958,9.250461054999999,2000
4797,2005,1.1821199916666667,Sharda,2,2,6.730206272617371,1958,13.943206941666666,2000
4798,1991,71.9396005,Mahakali,2,2,284.8581986725352,2000,607.6738930833334,1990
4799,2007,0.9656210458333333,Mohana,4,4,5.653549542394367,1968,14.730311591666668,2000
4800,2007,1.3745257833333333,Mohana,4,4,8.147256315669013,1968,21.098929899999998,2000
4801,1951,1.3603909127272729,Darma Yankti,4,4,10.966248303098592,2001,26.53848889166667,1950
4802,1951,1.9932608436363637,Lassar Yankti,4,4,13.837478715798124,2001,34.670995633333334,1950
4803,1991,4.6809879,Darma Yankti,4,4,29.33640620516432,2001,70.02717979166667,1990
4804,1991,3.879227175,Sharda,2,2,15.741169440023475,2000,30.602868125,1990
4805,1991,10.581843316666667,Sharda,2,2,49.16598636913146,2000,102.63105075,1990
4806,1951,10.4469837,Goriganga,3,3,65.06552255058685,2001,164.23698516666667,1950
4807,1991,24.532880525,Mahakali,2,2,117.78024950340375,2000,271.2985600833333,1990
4808,1990,4.7901078833333335,Ramganga,2,2,40.79585508011738,2001,103.85710385833333,1990
4809,1990,1.7352171191666665,Sarju,3,3,20.822864221737092,2000,60.903805825,1990
4810,1990,5.035295916666667,Sarju,3,3,47.66917016009389,2000,127.75468860833332,1990
4811,1972,1.3299588441666668,Panar,5,5,9.694576757558684,2003,23.071130583333332,1970
4812,1990,8.265082025,Sarju,3,3,57.534761477112674,2000,147.31512138333332,1990
4813,2005,0.10356489116666667,Mahakali,2,2,0.7454358924964788,2022,2.2704864,2000
4814,1992,3.2424521916666666,Jaulaha,5,5,7.771127694366197,1984,14.475110191666667,1990
4815,2014,3.7942313166666666,Keshaliya,5,5,10.674332563732394,1984,21.937837058333333,2010
4816,1967,4.244836066666667,Singhyahi,5,5,13.073214387558684,1984,28.434012525,1960
4817,1967,10.335100383333334,Parman,5,5,24.815279339319247,1984,49.55473349166667,1960
4818,2014,8.13027195,Keshaliya,5,5,21.26590260211268,1984,42.323708625,2010
4820,2022,8.300706,Bakra,5,5,23.663452589788733,1987,38.050025975000004,2020
4822,2022,23.675411,Parman,5,5,58.31825588086855,1984,100.70563641666666,2020
4823,1967,18.855089291666665,Keshaliya,5,5,46.75620223755868,1984,89.22898200000002,1960
4824,2022,9.224865,Ratua,5,5,24.524309958685446,1984,40.97334765,2020
4825,1992,50.81731158333333,Panar,5,5,114.42632022828639,1984,202.14268074999998,1990
4826,2022,46.081024,Kankai,4,4,136.59406079460092,1984,213.30983691666668,2020
4827,2022,117.53066,Mahananda,2,2,380.21837844248824,1984,566.7316143333334,2020
4828,2022,177.99982,Mahananda,2,2,507.2085651725352,1984,786.1208454166667,2020
4829,1966,1.6593434083333334,Mahananda,2,2,7.7095109579107985,1999,19.188613625,1960
4830,2022,15.110804,Sui,5,5,37.000525485915496,1998,65.16279619166666,2020
4831,2022,191.06253,Kalindri,5,5,528.5294184330986,1984,815.3343525,2020
4832,1966,2.0502755416666667,Ganga,1,1,7.353452847605634,1999,20.685004933333335,1960
4833,1966,16.74222645,Kosi,2,2,47.635310298943665,1998,90.58972095833333,1960
4834,2014,6212.404391666667,Ganga,1,1,11304.784295774649,1971,16158.3073,2010
4835,2014,6250.533791666666,Ganga,1,1,11353.386415023475,1971,16223.508783333333,2010
4836,2014,6271.591683333333,Ganga,1,1,11372.114455633804,1971,16245.048499999999,2010
4837,1972,2.218047858333333,Ganga,1,1,7.562528728826291,1999,20.597598033333334,1970
4838,2014,6628.120925,Ganga,1,1,11900.703923356807,1971,16839.155208333334,2010
4839,1972,3.0539588749999997,Marai,5,5,10.748698521713616,1999,31.963382749999997,1970
4840,2022,4.552257,Balasan,4,4,20.834749440023476,1998,30.18894335,2020
4841,2022,5.9894714,Mahananda,2,2,19.45147545962441,1984,29.802300666666664,2020
4842,2022,14.336501,Mechi,4,4,45.982861709037564,1984,69.53939310833333,2020
4843,2022,16.955082,Mahananda,2,2,76.66235415845071,1998,118.98896075,2020
4844,2022,8.570857,Mechi,4,4,25.126396564788735,1984,40.133300408333334,2020
4845,2022,10.339459,Dahuk,5,5,34.37232915011737,1984,53.90426391666667,2020
4846,2022,23.320782,Mechi,4,4,72.13677660915492,1984,111.00633583333332,2020
4847,2022,25.95236,Mahananda,2,2,107.3064254149061,1998,162.13015320833333,2020
4848,2022,49.7904,Mahananda,2,2,180.64934644953053,1984,262.11994575,2020
4850,2022,25.315853,Kankai,4,4,81.44488112640845,1984,127.11018820833334,2020
4851,2022,23.603756,Nagar,5,5,65.26366815739436,1984,113.31961883333334,2020
4852,2022,7.5617857,Sudhani,5,5,21.35351345293427,1998,37.409694216666665,2020
4853,2022,66.44272,Mahananda,2,2,233.35645905164318,1984,339.97712558333336,2020
4854,2022,2.9439166,Kankai,4,4,10.39897703048122,1984,18.475471875,2020
4855,2022,6.9847865,Kankai,4,4,18.7342214971831,1984,29.35984578333333,2020
4856,2022,18.966486,Kankai,4,4,50.70071109953052,1987,81.18395158333334,2020
4857,1972,1.9550143416666668,Kosi,2,2,5.987479016561032,1998,11.905216491666666,1970
4858,1982,16.4459444,Kosi,2,2,37.318572760328635,1987,68.87070045833333,1980
4859,2014,689.7570133333334,Kosi,2,2,1487.4387671713616,2020,2791.8992975,2010
4860,2014,713.1062775,Kosi,2,2,1532.8096342488263,2020,2856.8533858333335,2010
4861,1972,11.150942575,Kosi,2,2,27.71531556126761,1998,49.092083075,1970
4862,2014,730.851605,Kosi,2,2,1561.3463109037557,2020,2900.1526733333335,2010
4863,2014,6200.124891666666,Ganga,1,1,11288.112461971832,1961,16143.223533333332,2010
4864,2009,5426.727425,Ganga,1,1,9725.419900938967,1961,14730.310958333333,2000
4865,1966,2.7264026583333334,Ganga,1,1,9.709751566314553,1989,19.481648625,1960
4866,1972,3.7306453916666666,Kosi,2,2,11.056603900586854,1989,21.662760441666666,1970
4867,1966,4.392070033333334,Lohra,5,5,15.131230472065727,1999,45.227019141666666,1960
4868,2022,5.601433,Balasan,4,4,28.636360787793425,1998,46.89951030833333,2020
4872,2013,1.9932571166666666,Bagmati,2,2,7.850698356338028,2020,18.139125233333335,2010
4873,2013,9.087568424999999,Balan,5,5,29.30829176701878,2007,67.18118735833333,2010
4875,2014,21.4280945,Kamala,3,3,70.77895424084507,2020,137.128843875,2010
4876,1992,25.9737425,Kosi,2,2,90.36306185093898,1987,166.86679791666666,1990
4877,1992,29.920114583333334,Kosi,2,2,101.31214572065727,2020,196.66707275,1990
4879,1992,33.671701500000005,Kosi,2,2,110.96261339553992,1987,222.086558,1990
4880,2014,45.05363825,Bagmati,2,2,172.79375081455402,2020,316.77409525,2010
4881,1982,92.72032633333333,Burhi Gandak,2,2,202.56267287323945,2020,409.4798318333333,1980
4882,2014,66.54803891666667,Bagmati,2,2,195.9770276314554,2020,367.88535591666664,2010
4883,1993,446.6273483333334,Kosi,2,2,961.6897440598592,2020,1800.1031958333333,1990
4884,1993,501.1401675,Kosi,2,2,1077.051937423709,2020,2020.3161633333332,1990
4885,2014,556.5577233333333,Kosi,2,2,1188.2125036619718,2020,2241.0297125,2010
4886,2014,623.1748741666667,Kosi,2,2,1384.2124797065726,2020,2608.9584624999998,2010
4888,1992,3.534593441666667,Kosi,2,2,11.123728404342724,1987,23.22067025833333,1990
4889,1973,1.6560504833333332,Kosi,2,2,7.443370287910798,1987,21.158045075,1970
4891,1992,4.7216931833333335,Balan,5,5,15.335545285563379,1987,29.834211824999997,1990
4892,1992,5.721005975,Kosi,2,2,17.641931084624414,1987,36.24631169166667,1990
4893,1992,8.035687000000001,Kosi,2,2,24.270359836150234,1987,53.738204233333335,1990
4895,1992,13.268842083333332,Kosi,2,2,39.38707007664319,1987,85.38463716666666,1990
4896,2014,632.978835,Kosi,2,2,1397.4293823122066,2020,2633.3330516666665,2010
4897,1972,1.7806838008333334,Bagmati,2,2,5.022558594424883,1987,14.204081841666666,1970
4898,2014,657.2308783333334,Kosi,2,2,1437.6142407159625,2020,2706.4067675,2010
4900,1992,11.428842325,Kosi,2,2,30.544672680399064,2004,59.41877829166666,1990
4901,1982,116.53895016666667,Burhi Gandak,2,2,252.78879749530515,2020,505.03001966666665,1980
4902,2014,668.6337199999999,Kosi,2,2,1449.7855183685447,2020,2726.0304116666666,2010
4904,1993,426.65390916666666,Kosi,2,2,920.1982099002348,2020,1727.3433400000001,1990
4907,2014,5.376138475,Bagmati,2,2,39.94799886889671,2021,70.46077841666667,2010
4910,2014,7.296386666666667,Bagmati,2,2,56.80561226960094,2021,99.15261266666666,2010
4911,2014,11.672945533333333,Bagmati,2,2,82.27911772453052,2021,138.63950624999998,2010
4913,2014,1.7093345166666667,Bagmati,2,2,8.096962487992958,1987,13.444190925000001,2010
4914,1992,3.7568399083333333,Lakhandei,5,5,12.4980376592723,2020,23.099165991666666,1990
4915,1992,6.098492866666667,Jhim,5,5,21.229111796126762,2020,39.746651875,1990
4916,2014,14.189568166666668,Bagmati,2,2,92.57366429061034,2021,153.96351658333333,2010
4917,2014,3.0932272666666667,Burhi Gandak,2,2,9.641221449882629,2020,18.600539358333332,2010
4918,2014,5.242996275,Bakalya,5,5,27.137877312676057,1987,44.40674179166667,2010
4919,1992,2.9997985916666665,Bagmati,2,2,8.730070508920187,2020,16.641477383333335,1990
4921,2014,22.647266583333334,Bagmati,2,2,125.42222723767605,2020,208.6157156666667,2010
4922,2016,1.83087545,Burhi Gandak,2,2,5.448057763697183,2020,20.677474141666668,2010
4924,1992,9.673947833333333,Bagmati,2,2,29.830709923474178,2020,60.337376166666665,1990
4925,2014,31.475304249999997,Bagmati,2,2,140.3773129600939,2020,251.00044175000002,2010
4926,1993,2.5530681583333332,Rato,5,5,13.072679229765258,1987,21.553106741666667,1990
4927,1992,4.2817295500000006,Mahara,5,5,14.737848330633803,2020,26.827590583333333,1990
4929,1993,1.1711106941666667,Jamuni,5,5,6.449381644330986,1974,10.855310166666667,1990
4930,1993,1.2552313925,Jamuni,5,5,7.470053865363849,1974,13.421411283333333,1990
4931,1992,2.2735930083333336,Kamala,3,3,7.696582658157277,1974,14.8699366,1990
4932,1993,2.8859274416666665,Jamuni,5,5,15.603176911150236,1974,27.246774900000002,1990
4933,1992,11.951694083333335,Kamala,3,3,44.29067507488263,1987,75.33422308333334,1990
4934,1992,19.3845075,Kamala,3,3,69.94567256232394,1987,123.2180525,1990
4935,1992,23.410598833333335,Kamala,3,3,82.6513684149061,1987,148.75034191666666,1990
4936,2014,8.413258133333333,Kamala,3,3,43.73328893532864,2020,79.71707429166666,2010
4937,1992,1.6165664583333335,Kosi,2,2,5.244361334401408,2020,14.264034191666667,1990
4938,1993,0.8411772416666666,Kamala,3,3,5.077046082511737,1974,9.563094516666666,1990
4939,1993,9.5825357,Kamala,3,3,49.4321225076291,2020,89.58696341666666,1990
4940,1993,1.4141252416666668,Kamala,3,3,7.141783414295775,1974,13.336264041666666,1990
4941,1993,11.269373533333335,Kamala,3,3,56.81025150093897,2020,103.16320691666668,1990
4942,1993,1.2015000766666668,Kamala,3,3,5.412461678028169,1974,9.897294375,1990
4946,2022,6.3843255,Iwa,5,5,16.537555520187794,1999,23.703557783333334,2020
4953,2022,12.845928,Iwa,5,5,34.9129448370892,1999,49.24445723333333,2020
4955,2022,3.729938,Iwa,5,5,11.803079563497652,1973,16.096979333333334,2020
4965,1993,332.49224375,Kosi,2,2,748.1433077276995,2020,1439.0349425000002,1990
4966,1993,157.69374891666666,Kosi,2,2,380.78760551173707,2020,667.182782,1990
4968,2014,2.3469637,Kamala,3,3,17.84911770672535,2020,32.873842024999995,2010
5077,1994,13.519739741666667,Tangon,5,5,35.41306835023474,1984,73.56425180000001,1990
5078,2022,31.251202,Tangan,4,4,74.25595527758216,1984,143.71208866666666,2020
5080,1994,10.710284891666667,Kuliki,5,5,26.409610686502344,1984,50.9887779,1990
5081,2022,77.04765,Mahananda,2,2,189.01590457394366,1999,327.64365475,2020
5082,2022,110.172264,Punarbhaba,4,4,265.92811353051644,1984,459.59167125000005,2020
5083,1966,4.121390791666666,Hooghly,1,1,8.087874045539907,1984,15.146896266666666,1960
5084,2022,2.836526,Padma,1,1,6.204239634471831,1984,10.33168385,2020
5085,2022,35.099922,Nagar,5,5,91.9617335269953,1984,164.71187091666667,2020
5086,2022,60.710453,Nagri,5,5,153.5969928673709,1984,253.98071716666666,2020
5087,1966,3.4298542333333333,Sudhani,5,5,8.914880424061032,1999,14.878371708333333,1960
5088,1972,2.5353356000000002,Nagri,5,5,8.06198499213615,1999,20.20409165,1970
5089,2022,64.50045,Nagri,5,5,161.67007764201878,1999,272.22442041666665,2020
5090,1982,94.89928408333333,Burhi Gandak,2,2,208.27438383098593,2020,420.578157,1980
5091,2013,2.2363545666666664,Balan,5,5,7.337429706279342,2007,18.312323550000002,2010
5092,2005,1.2749741083333335,Phalgu,3,3,4.872802019988263,2007,12.668935683333332,2000
5093,2010,17.291438583333335,Phalgu,3,3,60.812385570422535,1987,125.72420375,2010
5094,2010,33.806341333333336,Ganga,1,1,106.80564330633804,1987,227.9212226666667,2010
5095,2014,4850.906108333334,Ganga,1,1,8933.874664788733,1961,13838.945375000001,2010
5096,2014,4927.600566666667,Ganga,1,1,9044.675292957747,1961,14023.215783333333,2010
5097,2014,4959.322966666667,Ganga,1,1,9078.888254812207,1961,14055.157741666668,2010
5098,2009,5127.409275,Ganga,1,1,9314.934237558686,1961,14424.233941666665,2000
5099,2009,5308.333266666667,Ganga,1,1,9570.365378403756,1961,14607.574775,2000
5100,1966,4.273523808333334,Ganga,1,1,14.2517313407277,1987,33.029430158333334,1960
5101,2009,5326.246225,Ganga,1,1,9593.637620187794,1961,14627.67215,2000
5103,1966,86.76785699999999,Garkhe,5,5,232.80058244131456,1987,501.3886820833333,1960
5104,1966,2.0721163583333335,Champa,5,5,7.107520897652582,1999,16.34074575,1960
5105,1966,1.9728657416666666,Ganga,1,1,6.767206585598592,1987,15.093732566666667,1960
5106,1966,5.316019291666667,Ganga,1,1,18.27629295246479,1987,38.70185128333333,1960
5107,2009,5341.1316916666665,Ganga,1,1,9613.561154812207,1961,14644.813116666666,2000
5108,2009,5353.65235,Ganga,1,1,9626.806766901407,1961,14654.314658333335,2000
5109,1966,13.430142866666666,Chandan,4,4,35.60770511079812,1999,84.78071575,1960
5110,2010,16.841062291666667,Gahra,5,5,44.159399127230046,1999,106.51444008333334,2010
5111,2010,30.539565416666665,Ganga,1,1,79.87625157511738,1999,191.57552508333333,2010
5112,1966,37.9862675,Ganga,1,1,95.32435429929576,1999,237.61005624999999,1960
5113,1951,3.201147636363636,Harna,5,5,9.313799423122067,1999,21.734468616666664,1950
5114,2010,5.523044733333333,Tribani,5,5,15.824084249061034,1999,37.56103576666666,2010
5115,2010,10.251541066666666,Sunder,5,5,27.878317730985913,1999,65.67246504166667,2010
5117,2014,4.339834908333334,Burhi Gandak,2,2,11.719163021361501,2021,22.716113933333332,2010
5119,2014,5.479568266666667,Burhi Gandak,2,2,14.602943202582159,2021,23.914820266666666,2010
5120,1982,8.461671891666667,Burhi Gandak,2,2,19.808960159859154,2020,43.854690425,1980
5121,1982,4.094247625,Dhanauti,5,5,15.022793170187795,2020,38.439265775,1980
5123,2014,9.717282525,Burhi Gandak,2,2,24.225594369835683,2021,39.52837199166667,2010
5124,1982,14.430785891666666,Burhi Gandak,2,2,32.891573821948356,2020,67.97238261666666,1980
5125,2014,14.095858524999999,Burhi Gandak,2,2,34.648594546009384,2021,73.23798291666667,2010
5126,2014,18.692284408333332,Burhi Gandak,2,2,48.831252831690136,2021,80.3881995,2010
5127,2014,20.496164633333333,Burhi Gandak,2,2,47.94836214084508,2021,98.82608866666668,2010
5128,1982,42.740261833333335,Burhi Gandak,2,2,89.1482067564554,2020,181.675867,1980
5129,1982,66.83146283333333,Burhi Gandak,2,2,138.12991473415494,2021,259.80423491666664,1980
5130,2014,3.56295635,Jamni,4,4,12.69517304681925,1987,21.43153034166667,2010
5131,2014,73.12449775,Burhi Gandak,2,2,152.97137724647888,2020,282.5404835,2010
5132,2014,76.82513708333333,Burhi Gandak,2,2,163.5347011138498,2020,304.3088951666667,2010
5133,2014,4840.13115,Ganga,1,1,8921.714961619718,1961,13830.827616666667,2010
5134,2018,3.2046302833333336,Kiul,3,3,9.302518414788732,1984,21.568569666666665,2010
5135,1966,6.940624458333333,Kiul,3,3,20.44852296326291,1984,47.0101127,1960
5136,1966,1.4944184058333334,Ulai,5,5,5.2893203682863845,1984,13.259306675,1960
5137,1966,2.4725371583333335,Nakti,5,5,8.33049367112676,1984,21.412744508333333,1960
5138,1966,8.486614766666667,Kiul,3,3,25.861138388497654,1984,60.57900013333333,1960
5139,1966,12.540225916666666,Kiul,3,3,38.67125150762911,1984,91.49922933333333,1960
5140,2010,70.805154,Harohar,3,3,184.97823055046948,1987,394.9153325,2010
5141,2014,4.176134383333333,Burhi Gandak,2,2,14.370886571361503,2020,33.108890341666665,2010
5142,2014,6.1512851416666665,Burhi Gandak,2,2,16.30202876314554,2021,32.958065850000004,2010
5144,2005,0.9355912224999999,Paimar,5,5,3.337388905246479,1984,8.627777516666667,2000
5145,2005,1.5716957916666665,Tilayia,5,5,5.772961419377934,1984,16.801218591666665,2000
5146,2010,2.6157297083333333,Panchane,4,4,7.845456275352113,1984,21.143555933333335,2010
5147,2010,2.9149363833333335,Paimar,5,5,8.61158471960094,1984,22.544393133333333,2010
5148,2005,4.132878933333333,Panchane,4,4,12.839570320422535,1984,33.91467840833334,2000
5149,2010,4.32635275,Paimar,5,5,13.349435894483568,1984,35.49139186666667,2010
5150,2005,5.760450083333333,Panchane,4,4,18.851728874178402,1984,51.361620375,2000
5151,2005,1.0986319208333333,Harohar,3,3,4.5119621890375585,1971,9.609607658333333,2000
5152,2005,1.5308174583333332,Mohana,4,4,6.16559054455399,1987,16.198458041666665,2000
5153,2005,3.8331909833333335,Phalgu,3,3,14.455470212323943,1987,35.11364469166667,2000
5154,2005,5.559465200000001,Phalgu,3,3,21.174564573122066,1987,52.29168155,2000
5155,1966,11.250157283333332,Sakri,5,5,30.136144343192488,1984,67.08639025000001,1960
5156,2005,12.080908808333334,Panchane,4,4,38.26923809272301,1984,96.49077379166665,2000
5157,2005,14.874249999999998,Harohar,3,3,45.84277183685446,1984,109.33052416666668,2000
5158,2010,26.465620333333334,Phalgu,3,3,86.35776925176056,1987,187.40309975,2010
5159,2005,1.4310233583333334,Panchane,4,4,4.957933060328638,1984,12.6520514,2000
5160,2010,44.16601908333333,Harohar,3,3,134.13102529460096,1987,293.47515908333327,2010
5161,2010,57.561205666666666,Harohar,3,3,164.54987813028168,1987,351.8529450833333,2010
5162,1966,1.898192925,Chalki,5,5,5.268839072793427,1984,12.786158091666666,1960
5163,2018,2.397563358333333,Kunda,5,5,7.232728709002347,1999,17.641176975,2010
5165,2005,1.6001174883333331,Harohar,3,3,4.918846533450704,1971,10.353448841666667,2000
5167,2005,3.0690182666666668,Harohar,3,3,8.798556423239436,1971,18.438512283333335,2000
5168,1966,7.314135183333334,Harohar,3,3,18.281092328755868,1984,38.5541417,1960
5169,2010,1.1539827133333334,Garhi,5,5,4.6339626638380285,1971,8.507760825,2010
5170,2010,19.337461916666665,Punpun,3,3,61.70586950293427,1987,133.8523810833333,2010
5171,2010,1.0765604991666666,Jam,5,5,3.927423647511737,1961,7.5935335083333335,2010
5172,2010,1.8227499416666666,Lilajan,4,4,6.432846996478874,1961,12.953520058333334,2010
5173,2014,9.578591458333333,Gandak,2,2,89.19965830352113,2021,159.31473725,2010
5174,2014,12.353346525,Gandak,2,2,109.13718527957747,2021,190.9747133333333,2010
5177,2014,1.3971741975,Gandak,2,2,13.74557575902582,2021,24.884925541666664,2010
5178,2014,191.14682474999998,Gandak,2,2,649.0847378931925,2021,1304.7054141666667,2010
5179,2014,1.2266823291666666,Gandak,2,2,9.7308103925,2020,16.933281708333332,2010
5180,2014,192.49155716666667,Gandak,2,2,659.5975800974179,2021,1320.420115,2010
5196,2014,1.6541470691666669,Kosi,2,2,12.045958842946009,1975,19.236436808333334,2010
5274,1972,2.40051585,Sunder,5,5,7.0906486962793425,1999,17.463477233333332,1970
5275,2010,13.664456141666667,Sunder,5,5,35.92210976232394,1999,85.61122708333333,2010
5276,2010,1.61998712,Gahra,5,5,4.464959040575117,1999,10.330216983333333,2010
5277,1965,1.6563841041666667,Chilkara,5,5,4.530341681455399,1999,10.774683358333334,1960
7668,2007,0.23921955916666668,Mendha,3,3,1.8329966292370894,1977,11.893755508333333,2000
7669,2007,0.3417926,Mendha,3,3,2.4886309056924887,1977,16.091565741666667,2000
7670,2002,1.1047089575,Mendha,3,3,8.254905293920187,1977,35.694169,2000
7677,2002,0.063404125,Mendha,3,3,0.5745130036126761,1977,2.754949148333333,2000
7678,2002,0.4189297633333333,Mendha,3,3,3.3599517678286386,1977,15.823226516666667,2000
7679,2002,0.9572753308333333,Mendha,3,3,7.017628425516431,1977,29.858279683333333,2000
7681,2007,0.15665383,Mendha,3,3,1.1264363730985916,1977,7.321223908333333,2000
