seg_id,early_mean,late_mean,abs_change_m3s,pct_change,river_name,tier,updated_tier,long_term_mean
3821,2.9780739726022727,0.9133358377688171,-2.0647381348334557,-69.33132466918764,Sengur,4,4,2.0752825848239436
3822,2.839434556123106,1.0758505865860215,-1.7635839695370845,-62.11039327298455,Rihand,3,3,2.067811981995305
3975,4.472039710219697,1.772052948091398,-2.699986762128299,-60.374838710805136,Sai,3,3,3.2947167283450707
3533,3.8118624515132575,1.5143677296774192,-2.2974947218358386,-60.27223571311615,Yamuna,1,1,2.806747745140845
3824,10.256523520757575,4.247096841774193,-6.009426678983382,-58.591263080723756,Yamuna,1,1,7.632671202159624
3481,2.8618404481988637,1.2456582077688172,-1.6161822404300465,-56.4735270775564,Sengur,4,4,2.154114635633803
3367,12.483752546515152,5.540436442715054,-6.943316103800099,-55.61882196822565,Non,4,4,9.44344288907277
3354,2.476587319185606,1.1724380116666666,-1.3041493075189392,-52.65912885105914,Sengur,4,4,1.9051279037441315
3825,22.01730723626894,10.477010731451614,-11.540296504817327,-52.41465898158102,Non,4,4,16.964147567957745
3807,18.07575592195076,8.667624333333332,-9.408131588617426,-52.048343810575695,Pandu,5,5,13.972437437089201
4120,4.415777493274621,2.1359646439247313,-2.27981284934989,-51.628798163451904,Manmaheshwari,5,5,3.41749627221831
3303,2.0364677307784094,0.9960822736021506,-1.0403854571762587,-51.08774577923643,Yamuna,1,1,1.5826444804577466
3796,4.872332525128789,2.3889020857526884,-2.4834304393761,-50.97005236337922,Garra,4,4,3.7866598444600936
3894,7.658489902102272,3.7552980784946235,-3.903191823607649,-50.96555422154717,Mandal,5,5,5.947776428368544
3497,1.2227271720397728,0.6107733167204301,-0.6119538553193427,-50.048274816570206,Yamuna,1,1,0.9551290849882629
3305,1.5476964796022727,0.7761876818817204,-0.7715087977205524,-49.8488436129812,Yamuna,1,1,1.211527486021127
3482,16.202278502443182,8.171068234946237,-8.031210267496945,-49.568400310400165,Ganga,1,1,12.69219699988263
3976,12.176111446174243,6.257884249865591,-5.918227196308652,-48.60523183013547,Ganga,1,1,9.606986001232395
3502,11.660358888011363,5.993234243817204,-5.667124644194159,-48.60163137878056,Karwan,4,4,9.181896192957746
3877,3.3267767355132576,1.7165824011290323,-1.6101943343842253,-48.40103386546628,Ganga,1,1,2.622684063873239
3826,46.99427824335227,24.34252002956989,-22.65175821378238,-48.20109821983841,Sengur,4,4,37.08481261725352
3541,2.472679423939394,1.2858301843817206,-1.1868492395576735,-47.998508341482584,Karwan,4,4,1.9538128565610329
3979,69.12494244346591,35.97602563010752,-33.14891681335839,-47.95507329423002,Sai,3,3,54.64927627453052
3823,8.945987223636363,4.677186592580646,-4.268800631055718,-47.717490807241916,Non,4,4,7.076609378215962
4009,3.642820059496212,1.9246607990591398,-1.7181592604370721,-47.1656363030648,Sai,3,3,2.8922887907511736
3503,16.289507703655303,8.629106316397849,-7.660401387257455,-47.02659851125206,Karwan,4,4,12.940078862323944
3484,44.00670622653409,23.426290970698926,-20.580415255835167,-46.766543148885084,Sengur,4,4,35.0029101269953
3983,79.9995977284091,42.60187258870968,-37.39772513969942,-46.74739148896858,Sai,3,3,63.66804083568075
3974,3.3185276569526514,1.7734905375806451,-1.5450371193720063,-46.5579099856226,Sai,3,3,2.6433009718661973
3905,5.873914053270833,3.164039014408602,-2.709875038862231,-46.13406008814962,Ganga,1,1,4.687925165880282
3817,2.360525473564394,1.2734942178225808,-1.0870312557418131,-46.050392927994785,Ganga,1,1,1.8865029337206574
3815,4.641296832683713,2.5062662592473117,-2.135030573436401,-46.00073320890949,Ganga,1,1,3.7096562994248825
3989,88.49234430198864,47.843831436827955,-40.64851286516068,-45.93449657796806,Sai,3,3,70.74459340962441
4765,4.89307498607197,2.651119619327957,-2.2419553667440133,-45.81894561447943,Ghaghara,1,1,3.915603608626761
3990,91.86862260284092,50.00329563844086,-41.865326964400055,-45.5708660675026,Sai,3,3,73.59102065786385
3896,6.08314104580303,3.315763828629032,-2.767377217173998,-45.49257030762598,Palain,5,5,4.869444832558685
4414,18.742403529109847,10.234069853494624,-8.508333675615223,-45.39617164042203,Rapti,2,2,15.033352271361501
3864,3.0577867790549242,1.670512889435484,-1.3872738896194403,-45.36856196520699,Ramganga,2,2,2.4517594124178403
3820,40.74844917168561,22.380632882258066,-18.36781628942754,-45.076111269997895,Rihand,3,3,32.72971658650235
3538,24.369831684772727,13.554296622580646,-10.815535062192081,-44.3808361177565,Karwan,4,4,19.640725876995308
3498,2.30591279725,1.2827910041129031,-1.0231217931370968,-44.36949195811992,Karwan,4,4,1.8590441253286385
3978,46.64210634674242,26.005467018279568,-20.636639328462856,-44.244655623071274,Sai,3,3,37.62860100539906
4797,8.343467761856061,4.654135190510752,-3.689332571345309,-44.21821569458059,Sharda,2,2,6.730206272617371
3539,26.027665771893936,14.524109215322582,-11.503556556571354,-44.197419228402374,Karwan,4,4,20.997551384624412
3806,5.38760263714394,3.0149781746774194,-2.3726244624665203,-44.0385941997439,Ganga,1,1,4.350190401173709
3982,12.812896211136366,7.177398865591397,-5.635497345544969,-43.98300940459394,Kadhu,5,5,10.353573054929576
3363,8.959174743759469,5.019861527446237,-3.9393132163132325,-43.969599086759295,Pahuj,4,4,7.230756334577465
4430,21.066290016420457,11.85547732903226,-9.210812687388197,-43.72299384565902,Gandak,2,2,17.04631292124413
3279,2.5314602428598487,1.4274418844892474,-1.1040183583706014,-43.61191772553246,Yamuna,1,1,2.051489032840376
4428,12.073044733087121,6.808414912768818,-5.264629820318303,-43.606479862450726,Rapti,2,2,9.778285887734741
3993,110.21605572708333,62.22539269086021,-47.99066303622312,-43.542352082583555,Sai,3,3,89.26384223122066
4415,24.621563393655304,13.968372581182797,-10.653190812472507,-43.26772691947626,Rapti,2,2,19.97850284706573
3994,18.6684570550947,10.609807077956988,-8.05864997713771,-43.167198838955315,Kadhu,5,5,15.15072081056338
3805,2.802527700780303,1.5980703246370969,-1.2044573761432062,-42.977536878863006,Kali,3,3,2.2761005834448356
3281,4.941058987642045,2.82203205483871,-2.1190269328033353,-42.88608855112191,Yamuna,1,1,4.020057607805165
3977,38.332107093200754,21.957943768548386,-16.37416332465237,-42.71657512810396,Sai,3,3,31.17908987734742
3980,5.089464917147728,2.91890057905914,-2.170564338088588,-42.64818352073503,Kadhu,5,5,4.141441269659625
4795,7.324233085672349,4.2126711845430105,-3.1115619011293383,-42.4831086713525,Mahakali,2,2,5.963142402230047
3802,7.515717481289772,4.34450275311828,-3.171214728171492,-42.19443767100303,Ganga,1,1,6.130382831068076
3536,1.5536702707651515,0.8997914497311827,-0.6538788210339688,-42.08607407490307,Karwan,4,4,1.2676088839788733
4800,9.975440629772727,5.789967550672042,-4.185473079100685,-41.95777644757577,Mohana,4,4,8.147256315669013
4799,6.9199679785227275,4.020749884462366,-2.8992180940603616,-41.89640910273816,Mohana,4,4,5.653549542394367
4787,4.898811968935606,2.8466581034139784,-2.0521538655216274,-41.89084779197008,Surna,5,5,4.001336335481221
4789,11.74374508639962,6.854556073655914,-4.8891890127437065,-41.63228149771281,Surna,5,5,9.60581579165493
3956,130.72340722140152,76.61065000806451,-54.112757213337005,-41.39484914257795,Sai,3,3,107.09921269835681
3884,16.306156520056817,9.60220950295699,-6.703947017099827,-41.11298090910553,Dhela,5,5,13.369526920657279
3813,30.333601583617423,17.868398670967743,-12.46520291264968,-41.093712127418094,Sai,3,3,24.888880846713615
4788,5.366092677962121,3.1619458437096775,-2.2041468342524437,-41.07545222438297,Surna,5,5,4.402420087253521
3981,5.80171961899053,3.4190825853225806,-2.3826370336679497,-41.06777283529803,Sai,3,3,4.759915889565728
4719,4.183372317426136,2.469083293924731,-1.7142890235014052,-40.978638605997645,Ghaghara,1,1,3.4358236440258216
4119,2.7798865664337122,1.6433644373118281,-1.136522129121884,-40.883759173667165,Orai,5,5,2.2818598411502347
3814,2.8492331145265153,1.6851176947043012,-1.1641154198222141,-40.85714903028096,Ganga,1,1,2.3412719621948357
3381,42.17114592878788,25.006946811290323,-17.164199117497557,-40.70128695692027,Pahuj,4,4,34.64177576737089
4423,28.537151667727272,16.98066820268817,-11.5564834650391,-40.496275169986056,Ghaghi,5,5,23.49635492300469
4005,15.482933642689394,9.239878918817205,-6.24305472387219,-40.32216935076761,Tamasa,3,3,12.754661771126761
4657,15.866612930416668,9.576429366908602,-6.290183563508066,-39.64414832008435,Ghaghara,1,1,13.114006370528168
4763,4.716348280375,2.8467593017473116,-1.869588978627688,-39.64060471121602,Sarju,3,3,3.901484470762911
3537,7.14001260874053,4.317709309650537,-2.8223032990899926,-39.52798760656301,Karwan,4,4,5.906119957089201
3548,12.167906216590909,7.373490167526882,-4.7944160490640275,-39.40214498470455,Kali,3,3,10.07387315753521
4782,34.886855182727274,21.173928491666665,-13.71292669106061,-39.30685818264862,Mohana,4,4,28.897295370539908
3545,7.547507949575757,4.5932922698387095,-2.9542156797370476,-39.14160408275029,Kali,3,3,6.258123206384976
4001,30.542630119867425,18.62125865860215,-11.921371461265274,-39.03190856346925,Gomti,2,2,25.345852470657274
4447,10.210494154318182,6.23732696922043,-3.9731671850977524,-38.91258469030547,Rohini,3,3,8.478071887265259
4784,46.3840441394697,28.41901830376344,-17.96502583570626,-38.73104678343308,Mohana,4,4,38.53631532206573
4004,9.868232408255682,6.067544894247312,-3.800687514008371,-38.51436971456759,Tamasa,3,3,8.207599196302816
3987,8.104144224753787,4.988898274193549,-3.1152459505602383,-38.440159308182636,Sai,3,3,6.746883204225353
3551,1.971731426407197,1.2142521438172045,-0.7574792825899925,-38.41696046658029,Hindon,3,3,1.641614083157277
4779,11.187815242045454,6.957473954032258,-4.2303412880131965,-37.8120410150764,Mohana,4,4,9.338894088732394
4796,5.505018704162879,3.4402207434946237,-2.064797960668255,-37.507555771006935,Sharda,2,2,4.601534112758216
3260,1.3797260592064393,0.8645785611021506,-0.5151474981042887,-37.336940522858576,Yamuna,1,1,1.156249513697183
3375,28.349182405189396,17.77148013817204,-10.577702267017354,-37.3121951660979,Pahuj,4,4,23.708332013849766
4000,24.61499976435606,15.453893309408603,-9.161106454947458,-37.21757685414756,Gomti,2,2,20.6218797834507
3483,20.24605095746212,12.724001731989247,-7.522049225472873,-37.15316750549054,Rihand,3,3,16.957603782629107
3316,8.487319888176136,5.361243447204301,-3.1260764409718353,-36.83231552668161,Shallu,5,5,7.118451696514084
3843,3.8190212244185604,2.4136909408602154,-1.405330283558345,-36.79817945427376,Khaimua,5,5,3.203613933286385
3380,27.140558571136363,17.230333669623654,-9.91022490151271,-36.51444709782836,Sengur,4,4,22.80271497206573
3992,2.9649751750587123,1.8898609100000001,-1.0751142650587122,-36.26048117038359,Sai,3,3,2.4967856505399064
4785,64.15414473204545,41.141131,-23.01301373204545,-35.871437189544956,Mohana,4,4,54.10631065457747
3947,11.697033373409091,7.51157150672043,-4.185461866688661,-35.78225121767616,Ganga,1,1,9.8654828814554
3867,7.020189178346591,4.513285248575269,-2.5069039297713225,-35.70991986232704,Bahalla,5,5,5.920942002394367
3873,124.37225339602273,80.10066378225807,-44.27158961376466,-35.59603400671392,Ramganga,2,2,104.9670819730047
3544,7.332718774178031,4.735304320134409,-2.597414454043622,-35.42225651951014,Kali,3,3,6.199140678697183
3882,68.78580664323864,44.448331889247314,-24.33747475399133,-35.38153572904796,Ramganga,2,2,58.11465458333334
3999,9.610274257670454,6.216823280107526,-3.393450977562928,-35.310656975834384,Gomti,2,2,8.13171816056338
4424,57.612583437310604,37.3598627094086,-20.252720727902002,-35.1532938111331,Ghaghara,1,1,48.77833181619719
4721,30.846980274507576,20.006835691129034,-10.840144583378542,-35.14167184895244,Ghaghara,1,1,26.124770981220657
3495,5.125798718763258,3.3331650648118276,-1.7926336539514307,-34.97276721751481,Khari,3,3,4.342592517347418
4429,22.51541171119318,14.65828668844086,-7.857125022752321,-34.89665267300564,Bansi,5,5,19.076305906807512
3883,107.40053667168561,69.99638547043011,-37.4041512012555,-34.826782398301084,Ramganga,2,2,91.00373475645539
3952,32.989838883049245,21.527356953494625,-11.46248192955462,-34.745492302007705,Tamasa,3,3,27.981650245539907
4781,12.104024434166666,7.912360746774193,-4.191663687392473,-34.63033068208656,Mohana,4,4,10.27495405
3809,85.19446478873105,55.71618831317205,-29.478276475559007,-34.60116399423428,Kali,3,3,72.31492584859156
3550,35.40394823570075,23.174589768548387,-12.229358467152366,-34.54235777810929,Kali,3,3,30.06531688309859
4006,3.150505436717803,2.0624636977419355,-1.0880417389758676,-34.53546616029299,Sai,3,3,2.6754335180516433
4732,8.240339890700756,5.4073350568817204,-2.833004833819036,-34.379708499840994,Rapti,2,2,7.006038080938968
3944,7.089935062992424,4.665364618521505,-2.424570444470919,-34.19735756292793,Tamasa,3,3,6.0286803031572775
4217,18.276220150867424,12.036559911908602,-6.239660238958821,-34.1408682290505,Purvi Nayar,4,4,15.535400159870893
3986,7.078724376666666,4.6759423077150535,-2.4027820689516126,-33.9437155777927,Sai,3,3,6.029420651842723
3931,375.27506434450754,248.0046681478495,-127.27039619665806,-33.91389630935407,Gomti,2,2,319.72867764788737
3865,25.626732196041665,16.969823045698924,-8.656909150342742,-33.780776589532934,Ramganga,2,2,21.84064980821596
3456,3.8935535034829547,2.5789211145698925,-1.3146323889130622,-33.764333474217466,Pahuj,4,4,3.317436269377934
3808,79.78104838380682,52.94823742069892,-26.832810963107896,-33.63306387504699,Kali,3,3,68.05764480751174
3932,383.2010451685606,254.7020762768817,-128.49896889167889,-33.533042383836765,Gomti,2,2,327.11506225352116
3988,17.784945258977274,11.860279299193548,-5.9246659597837255,-33.31281526881924,Sai,3,3,15.19771105011737
4118,1.3591514606704547,0.9076557688172043,-0.45149569185325034,-33.21893879513122,Sengur,4,4,1.1615634708802818
3900,45.2538906661553,30.249309225268817,-15.004581440886483,-33.15644515866607,Kali,3,3,38.70155349190141
3943,4.18838234375947,2.8019267244623656,-1.386455619297104,-33.102412948590285,Ganga,1,1,3.581018623532864
3310,15.105631314071971,10.105761741397849,-4.999869572674122,-33.09937511857838,Pabbar,4,4,12.922078144014083
3902,2.387961728246212,1.5992006631989246,-0.7887610650472874,-33.0307247271746,Ganga,1,1,2.0429019383450706
3832,30.090117675378785,20.16100891827957,-9.929108757099215,-32.9979060375151,East Bahgul,5,5,25.74605923802817
3530,18.63475183337121,12.492889454032259,-6.141862379338953,-32.95918525912469,Khari,3,3,15.954312822887324
3349,15.472361683390153,10.373468318548387,-5.098893364841766,-32.95484858213673,Kunwari,4,4,13.247409888497652
3379,23.100848052272728,15.488251596505377,-7.612596455767351,-32.95375320655556,Sengur,4,4,19.76918098931925
3881,20.26191057731061,13.601348767741936,-6.660561809568673,-32.87232852082174,Khoh,4,4,17.33937077100939
3953,49.141351025284095,32.99521797446236,-16.14613305082173,-32.85651027891818,Tamasa,3,3,42.08962235798122
3960,2.963724070123106,1.9919510225268817,-0.9717730475962243,-32.78891774684879,Ganga,1,1,2.5402057462089203
3358,3.2769735765189396,2.203889263978495,-1.0730843125404448,-32.746199732265154,Parbati,3,3,2.8093668712676054
3895,49.03768477248106,33.002766666935486,-16.03491810554557,-32.69917448171215,Ramganga,2,2,42.00411342758216
3384,54.520280828882576,36.76976728198925,-17.750513546893323,-32.55763410794803,Kunwari,4,4,46.7638566084507
3371,13.061997771401517,8.86973136048387,-4.192266410917647,-32.09513953597794,Sengur,4,4,11.229022531807512
4783,38.51868495924242,26.163062176344084,-12.355622782898337,-32.07695900307118,Suheli,4,4,33.126767575586854
3350,1.8156371450227273,1.2342732046666667,-0.5813639403560606,-32.01983072167117,Kunwari,4,4,1.5618187565680752
4025,3.887864215498106,2.6472732616397847,-1.2405909538583213,-31.909317946675746,Ghaghara,1,1,3.346268769706573
3368,9.141345949564395,6.2276876366666665,-2.913658312897728,-31.873406049538804,Sengur,4,4,7.864733455798122
3855,7.624626473060606,5.197383304650538,-2.427243168410068,-31.834256759803566,Dabka,5,5,6.560543826842722
3954,58.828773231988635,40.146407876612905,-18.68236535537573,-31.757190111210814,Tamasa,3,3,50.670244457746485
4736,58.949456909053026,40.26665810752688,-18.682798801526147,-31.69291081061169,Sotwa,4,4,50.809221338967134
3362,8.177830661854166,5.593974370107527,-2.5838562917466392,-31.595864460719948,Sank,5,5,7.048279792805165
3451,3.164782846804924,2.165382528763441,-0.999400318041483,-31.57879596859069,Sindh,3,3,2.727009916478873
3874,151.07722637746213,103.38368397446236,-47.69354240299977,-31.56898200119111,Ramganga,2,2,130.17149750528168
3376,23.88841972842803,16.348445010215055,-7.539974718212974,-31.563304747363212,Kunwari,4,4,20.596019183333333
4422,26.22877073433712,17.964650118279568,-8.264120616057554,-31.507845715539638,Ghaghi,5,5,22.62238031584507
3383,44.36689071481061,30.436415776344088,-13.93047493846652,-31.39835745536307,Kunwari,4,4,38.28113517546949
3318,6.302054350700757,4.323800938790322,-1.9782534119104351,-31.390611724738033,Sainj,5,5,5.434655393568075
4443,7.053994803075757,4.842868869139784,-2.211125933935973,-31.34572672171313,Rohini,3,3,6.088038133521127
3356,4.5477844916496215,3.1240441420967744,-1.4237403495528471,-31.30624048186621,Vaisali,4,4,3.9252258325938967
3543,3.7626432885795453,2.5862737332258066,-1.1763695553537388,-31.264445368081546,Kali,3,3,3.2473635565258214
4464,6.453946215149621,4.438083274032258,-2.015862941117363,-31.234579184831794,Ghaghara,1,1,5.575542769049296
3359,2.9314147768693184,2.0158458697580643,-0.915568907111254,-31.23300442965836,Gambhir,4,4,2.5327639393427233
3372,19.86201126723485,13.665725410215053,-6.196285857019795,-31.19666872428691,Asan,4,4,17.15321900680751
3357,4.018690296367424,2.7709946909946237,-1.2476956053728006,-31.04731923484171,Kunwari,4,4,3.473478877652582
3366,9.643527225592804,6.651752215456989,-2.9917750101358145,-31.02365908395001,Asan,4,4,8.335319395516432
4138,2.6274537701571967,1.8132190337096774,-0.8142347364475193,-30.989498110134395,Dhasan,3,3,2.269470649565728
4014,29.39416968464015,20.28763770295699,-9.106531981683162,-30.980742369605892,Gomti,2,2,25.423379677699533
3955,69.24771982320075,47.82540490295699,-21.422314920243764,-30.93576940141563,Tamasa,3,3,59.89324267300469
3360,4.969638089808712,3.4338498969892473,-1.535788192819465,-30.90342123642608,Vaisali,4,4,4.296685468861503
4720,19.648875798124998,13.57961824892473,-6.069257549200268,-30.88857404136795,Manorama,4,4,17.002670001877934
3949,11.82907485376894,8.17807186263441,-3.651002991134531,-30.864653713567975,Varuna,4,4,10.23144413157277
3549,19.926346550795454,13.780401630913978,-6.145944919881476,-30.843310409233705,Kali,3,3,17.246211063615025
3364,5.803134605467803,4.016988481451613,-1.7861461240161898,-30.778988347663955,Parbati,3,3,5.025083359237089
4013,22.43962879005682,15.57000399623656,-6.869624793820259,-30.61380764402059,Gomti,2,2,19.44550776701878
4759,41.31733731465909,28.69039209596774,-12.62694521869135,-30.560888090461248,Sotwa,4,4,35.81587645492958
4715,76.70973455643939,53.31900936263441,-23.390725193804975,-30.492512233366142,Tamasa,3,3,66.49549422288733
3957,225.9902197659091,157.11424948655915,-68.87597027934996,-30.4774119653031,Gomti,2,2,195.94277189436622
3361,4.974202267539773,3.4589367247580642,-1.5152655427817083,-30.46248345528488,Jhilmil,5,5,4.307903014694836
3946,9.884160939431819,6.882506290349462,-3.001654649082357,-30.368330377013308,Gomti,2,2,8.573238417265259
4716,90.58971632774622,63.19281905645161,-27.396897271294606,-30.242833714342215,Tamasa,3,3,78.62436739612676
3958,240.81697253125003,168.1480207688172,-72.66895176243284,-30.176009190134153,Gomti,2,2,209.11067489788732
3374,22.438242468238634,15.704375638709678,-6.7338668295289565,-30.01066968173089,Vaisali,4,4,19.48690715798122
3377,26.033434735151513,18.227816333064517,-7.805618402086996,-29.983052491907642,Vaisali,4,4,22.612777107394365
4021,14.420415080435607,10.107349160215053,-4.313065920220554,-29.90944363364516,Gomti,2,2,12.541431040140845
3370,17.23401233695076,12.08622346155914,-5.147788875391619,-29.86993843769306,Vaisali,4,4,14.98000356302817
4757,17.678178016875002,12.413648054838708,-5.264529962036294,-29.779822089193512,Sarju,3,3,15.385857008685445
3907,6.941863454818181,4.886245653467742,-2.055617801350439,-29.611901973146477,Rihand,3,3,6.0446694640023475
4563,96.34436859384469,67.91372259811827,-28.430645995726422,-29.509400923660024,Tamasa,3,3,83.928558657277
4007,3.2507904059924244,2.2942762071505376,-0.9565141988418868,-29.42405013496634,Sai,3,3,2.8332781097535213
4564,113.2990470217803,80.01337804301075,-33.28566897876955,-29.37859571967168,Ganga,1,1,98.75905602347417
3459,15.19410618251894,10.731825412365591,-4.462280770153349,-29.36849799883111,Pahuj,4,4,13.236171317723006
3889,4.984971629068182,3.5225694527688174,-1.4624021762993649,-29.33621864108232,Bino,5,5,4.343028480269953
4813,0.8527377169676136,0.6029413737849463,-0.2497963431826673,-29.293455445005772,Mahakali,2,2,0.7454358924964788
3792,7.566676438267045,5.355139109247312,-2.211537329019733,-29.227327837560207,Garra,4,4,6.599826946115024
3950,15.116998480719698,10.714816785752689,-4.402181694967009,-29.120739150576586,Tamasa,3,3,13.196175838497652
7669,2.850832379554924,2.0208233559139783,-0.8300090236409456,-29.114620333115752,Mendha,3,3,2.4886309056924887
4003,187.94084733371213,133.27319100806452,-54.66765632564761,-29.08769280399085,Gomti,2,2,164.0958122253521
4737,73.6068077404356,52.25003914811828,-21.356768592317316,-29.01466487669056,Sotwa,4,4,64.29965579647887
3489,1.436851981151515,1.0211958806720431,-0.4156561004794719,-28.92824772015547,Kakund,5,5,1.255990811830986
3352,1.6715927343295456,1.1882091061021505,-0.4833836282273951,-28.917547815333982,Parbati,3,3,1.4611272497769954
3369,11.362098003996213,8.076578385215054,-3.2855196187811586,-28.916487233480947,Parbati,3,3,9.930123650704225
3301,8.087718936443181,5.749668562365591,-2.33805037407759,-28.90865017010369,Hindon,3,3,7.0702225384037565
3904,3.3808006207424244,2.404322487903226,-0.9764781328391985,-28.8830440590952,Rihand,3,3,2.954794269507042
4011,9.420457512689394,6.700230958064516,-2.720226554624878,-28.875737202367525,Gomti,2,2,8.232916637441315
4114,2.7706438055227274,1.9716571631182795,-0.7989866424044478,-28.83758066669656,Shyam,4,4,2.421372212723005
3859,225.71824353011365,160.7569306344086,-64.96131289570505,-28.779823854618286,Ramganga,2,2,197.23441072652582
3365,6.190618565683712,4.410146995967742,-1.7804715697159699,-28.760802346725246,Gambhir,4,4,5.414131986161972
4767,50.162468834772724,35.78944060403226,-14.373028230740466,-28.652952226260947,Manorama,4,4,43.904805255046945
4016,34.9948211164394,25.004906971236558,-9.989914145202839,-28.54683586455,Gomti,2,2,30.63962192382629
3996,17.103262175454546,12.221360977419355,-4.881901198035191,-28.54368452026285,Varuna,4,4,14.972192221713614
3547,12.433141797859848,8.894866153494624,-3.538275644365225,-28.45841945576683,Kali,3,3,10.891063062558684
4023,7.346387809829546,5.266261119112903,-2.080126690716643,-28.31495892353261,Gomti,2,2,6.440173275481221
3878,34.58455324587121,24.803485480913977,-9.781067764957236,-28.2816079635926,Ganga,1,1,30.304742157394365
4461,72.38219793816288,51.959890943010755,-20.42230699515212,-28.21454387527605,Manorama,4,4,63.488129091901406
3935,4.605632377024621,3.3066034840860214,-1.2990288929385998,-28.205223226648673,Ganga,1,1,4.0394679031338026
4743,8.400126418030302,6.035965342123656,-2.3641610759066465,-28.144351147289104,Jamwar,5,5,7.3687302109976525
3385,42.66427691183712,30.703955207795698,-11.960321704041423,-28.0335741509381,Gambhir,4,4,37.44848891408451
3830,9.850440738929924,7.118309640188172,-2.7321310987417524,-27.73613050575593,East Bahgul,5,5,8.655079529107981
3423,1.4565644446723485,1.0527411765430106,-0.4038232681293379,-27.72436671830042,Mashi,4,4,1.2807020915539906
7668,2.085290240350379,1.5073113923655914,-0.5779788479847874,-27.716949746413867,Mendha,3,3,1.8329966292370894
3476,3.617683072787879,2.6211913679569894,-0.9964917048308894,-27.54502494501177,Non,4,4,3.181979663169014
4137,5.192517280145833,3.767015006747312,-1.4255022733985214,-27.453009715520597,Lakheri,5,5,4.564843237769953
3382,28.377307509318182,20.610434713978496,-7.766872795339687,-27.370013144444023,Gambhir,4,4,24.990867941666668
3991,4.855516009535984,3.53131332061828,-1.3242026889177043,-27.27213104265413,Sai,3,3,4.278555853309859
3997,36.115315748030305,26.313383865053762,-9.801931882976543,-27.14065121668258,Varuna,4,4,31.832825244600937
3355,1.9402476327859848,1.416973941451613,-0.5232736913343718,-26.96942815402422,Sesar,5,5,1.7123028148474178
3475,2.6267380721780302,1.9184596180645161,-0.7082784541135141,-26.964182748766653,Non,4,4,2.3171199135211267
3319,66.04733716361741,48.301166029838704,-17.74617113377871,-26.86886693072359,Tons,2,2,58.28451773004695
3836,4.493262815954545,3.28791917827957,-1.2053436376749755,-26.825576135788825,Garra,4,4,3.9643636670187794
4213,32.45430334028409,23.80663099193548,-8.64767234834861,-26.64568780810845,Nayar,4,4,28.646044054812208
3845,15.60746430712121,11.477005970430108,-4.1304583366911025,-26.46463419946122,Katna,5,5,13.798644749061033
3353,2.2737397156912875,1.6731668285349461,-0.6005728871563414,-26.41344050999912,Vaisali,4,4,2.010706395181925
3919,5.407373826498106,3.979851005967742,-1.4275228205303643,-26.399558571944503,Ganga,1,1,4.778799204248826
3492,23.241131173958333,17.112548636827956,-6.128582537130377,-26.369553578344966,Gambhir,4,4,20.56886204037559
3452,10.277985952992424,7.571296573655913,-2.7066893793365105,-26.334822714448848,Non,4,4,9.094554439788732
4029,32.97470283092803,24.296777259139784,-8.677925571788247,-26.31691820327473,Ghaghara,1,1,29.192939293896714
3324,121.19483878494319,89.32411694865591,-31.870721836287274,-26.297094955372618,Yamuna,1,1,107.22823991126761
3945,8.950595087462123,6.601408404650537,-2.3491866828115855,-26.24615078501647,Tamasa,3,3,7.925288352030516
3320,51.327278590776515,37.89773021263441,-13.429548378142108,-26.164543975170723,Yamuna,1,1,45.429160624647885
3941,3.4211820836856064,2.527442044032258,-0.8937400396533484,-26.12372033383651,Tamasa,3,3,3.0313805333802817
4002,148.20116794886366,109.63689629569893,-38.564271653164724,-26.021570671070016,Gomti,2,2,131.3814910528169
3490,1.8627295550492424,1.378187021155914,-0.48454253389332846,-26.012500450207295,Banganga,4,4,1.6512019290023474
3920,8.230972955337121,6.0926347988978495,-2.1383381564392714,-25.97916635180695,Ganga,1,1,7.291632018626761
4031,38.05690296409091,28.196956296505377,-9.859946667585533,-25.90843158438041,Ghaghara,1,1,33.76024160140845
3373,13.15969730530303,9.752896423655914,-3.4068008816471167,-25.88814014950223,Gambhir,4,4,11.673410516901408
3326,16.039070559583333,11.898317058602151,-4.140753500981182,-25.816667403505406,Giri,4,4,14.222239022887324
3477,6.421101775196969,4.768153393252688,-1.652948381944281,-25.742441715052493,Non,4,4,5.698362189471831
3317,47.48099100520834,35.264561450268815,-12.216429554939523,-25.729095573425298,Tons,2,2,42.14621310340375
3888,36.1568580957197,26.85899850456989,-9.297859591149809,-25.715341655337316,Ramganga,2,2,32.075669613732394
4164,14.034017126420455,10.426709623521505,-3.6073075028989496,-25.704026654690544,Sajnam,5,5,12.4503927875
3351,1.8087047137443182,1.344027720483871,-0.4646769932604471,-25.691147356966233,Bamni,5,5,1.6063562642840374
3831,10.814398562992425,8.058217674408603,-2.756180888583822,-25.48621518366867,Afsarha,5,5,9.608972902793427
3378,17.761611461988636,13.23706880483871,-4.524542657149926,-25.473717105189657,Gambhir,4,4,15.788565976760564
3418,1.1112263734450758,0.8283723760698924,-0.28285399737518335,-25.454219242319294,Mashi,4,4,0.9883327814765258
3936,18.874066704223488,14.071097207258065,-4.802969496965423,-25.44745428864386,Ganga,1,1,16.769727086384975
3322,36.40084258861742,27.209103894623656,-9.191738693993766,-25.251444857674894,Yamuna,1,1,32.36593197159624
3899,14.881760338087123,11.148943632526882,-3.732816705560241,-25.0831663778833,Kali,3,3,13.249337973239436
4770,12.920207084810608,9.68417025376344,-3.2360368310471674,-25.04632325012462,Man,5,5,11.506936119366198
3287,168.12751181875,126.0863334327957,-42.04117838595431,-25.005531772382877,Yamuna,1,1,149.69210931924883
3391,582.4138783104166,436.8960689327957,-145.51780937762095,-24.985292211746103,Yamuna,1,1,518.8073678075118
3995,3.5234057289545455,2.6439675812096772,-0.8794381477448683,-24.95988868150625,Ganga,1,1,3.141702558908451
3480,453.8165600441288,341.62230869086017,-112.19425135326861,-24.722379311667016,Yamuna,1,1,404.7575374483568
3515,28.489068586685608,21.483311186290322,-7.005757400395286,-24.59103701154145,Khari,3,3,25.431598767605635
4134,12.10211535839015,9.135364787016128,-2.966750571374023,-24.5143140973056,Lakheri,5,5,10.794413422969484
4658,208.88450582689393,157.80282774731185,-51.081678079582076,-24.454507948001808,Ghaghara,1,1,186.67901133333334
5159,5.54732752248106,4.193768450806452,-1.3535590716746082,-24.400201109258184,Panchane,4,4,4.957933060328638
3295,8.419366104469697,6.365914801290323,-2.053451303179374,-24.389618858470023,Yamuna,1,1,7.519482629319248
3390,264.38356899621215,199.9235337311828,-64.46003526502935,-24.381256183871574,Sindh,3,3,236.15168220657276
3389,119.10739615814393,90.11994146236559,-28.98745469577834,-24.337241540643262,Yamuna,1,1,106.4565149084507
5151,5.045009420170454,3.818277181612903,-1.2267322385575512,-24.315757145129453,Harohar,3,3,4.5119621890375585
3872,62.938426040378786,47.6349909577957,-15.303435082583086,-24.314931346972372,Kosi,2,2,56.22302187910798
7681,1.259463024496212,0.9545079729301075,-0.3049550515661045,-24.213100792545074,Mendha,3,3,1.1264363730985916
3288,190.14189822339014,144.43157120967743,-45.710327013712714,-24.04011290557827,Yamuna,1,1,170.09387141607982
4738,18.358135742007576,13.950321212634408,-4.407814529373168,-24.010142376750647,Jamwar,5,5,16.43451390410798
4041,5.8125179929223485,4.420893833037635,-1.3916241598847137,-23.941846916934008,Varuna,4,4,5.205285282417841
3510,1.660433195125,1.2632211282526882,-0.3972120668723118,-23.92219500540695,Banganga,4,4,1.4874855679225352
4462,96.21187063929924,73.21474406182796,-22.997126577471278,-23.90258751301915,Ghaghara,1,1,86.2018727834507
3799,403.2245044181818,307.23565363978497,-95.98885077839685,-23.805311861415884,Ramganga,2,2,361.1442628192488
4457,103.32467436590909,78.81104072446236,-24.51363364144673,-23.724859325116586,Rapti,2,2,92.63285654166665
4019,128.70543577689392,98.17272886559141,-30.532706911302512,-23.722935031454167,Gomti,2,2,115.38702075234741
4166,39.79957185208333,30.38016876639785,-9.419403085685481,-23.667096522276825,Jamni,4,4,35.661107190492956
3509,4.462505968399621,3.4145087394086024,-1.0479972289910187,-23.484500332598092,Gambhir,4,4,4.00477261480047
3297,15.001693895208334,11.483231733870968,-3.518462161337366,-23.453765860808506,Yamuna,1,1,13.462395763497653
3506,421.7432321719697,323.21736247580645,-98.52586969616323,-23.36157694546913,Yamuna,1,1,378.6610072593897
3474,2.5242773187954546,1.9363882388978495,-0.5878890798976051,-23.289401505938205,Non,4,4,2.2672028666314556
4453,7.083262643498105,5.434269678145162,-1.6489929653529432,-23.280133017043962,Aami,5,5,6.365694897816901
3527,10.914632529772728,8.374066363978494,-2.5405661657942336,-23.27669904473765,Khari,3,3,9.807220401525822
5153,16.08087961683712,12.34496290591398,-3.7359167109231404,-23.232042027175762,Phalgu,3,3,14.455470212323943
3494,41.984177540776514,32.25041808897849,-9.733759451798022,-23.184351872426827,Khari,3,3,37.73336680328639
4162,5.234912436602273,4.0224540696505375,-1.2124583669517355,-23.16100568319502,Jamni,4,4,4.701262510410798
5145,6.418944133806818,4.935644133897849,-1.4832999999089687,-23.108161856353206,Tilayia,5,5,5.772961419377934
5144,3.709693303035985,2.8546016261827956,-0.8550916768531893,-23.050198682284297,Paimar,5,5,3.337388905246479
3505,414.1125241583333,318.8510255752688,-95.26149858306451,-23.003771445135495,Yamuna,1,1,372.4566484131455
3289,203.06038359886364,156.47743093010752,-46.58295266875612,-22.94044354844645,Yamuna,1,1,182.625141092723
3449,1.2799663732878788,0.9865849069274194,-0.29338146636045936,-22.921029214763173,Mendha,3,3,1.152357328717136
3312,38.06994002662879,29.349352867741935,-8.720587158886858,-22.9067530781164,Tons,2,2,34.265965703521125
5150,20.940251567689394,16.14404820564516,-4.796203362044235,-22.90422990641015,Panchane,4,4,18.851728874178402
4168,54.703814885946976,42.19798305134409,-12.505831834602887,-22.860986680136538,Jamni,4,4,49.20786360903756
3514,34.03689293020834,26.257862496774194,-7.779030433434144,-22.854701953509153,Khari,3,3,30.640002617723002
3321,7.630021842960227,5.887158573790322,-1.7428632691699049,-22.842179289145058,Aglad,5,5,6.8623647396948355
3470,3.1127472163125,2.403248461209677,-0.7094987551028229,-22.793330321995338,Mahuar,4,4,2.801718875340376
3858,52.680089876893945,40.67482916639785,-12.005260710496096,-22.788990562754776,Kosi,2,2,47.41147224178404
3504,37.60603832454545,29.038619114247314,-8.567419210298137,-22.782030737617433,Khari,3,3,33.864836388615025
5148,14.253043696382576,11.00701675295699,-3.246026943425587,-22.774272026187845,Panchane,4,4,12.839570320422535
3835,366.3697790619318,283.0275685887097,-83.34221047322211,-22.748112763726013,Ramganga,2,2,329.8221793039906
4111,3.585593711969697,2.771427697204301,-0.8141660147653957,-22.706588647996732,Parwar,5,5,3.2268420561737092
4165,23.89902441566288,18.482886669623657,-5.416137746039222,-22.662589283308186,Jamni,4,4,21.517949179577464
3535,408.9533880278409,316.67327655376346,-92.28011147407744,-22.56494607346184,Yamuna,1,1,368.60150542136154
3508,1.8989058539280304,1.4747144387903226,-0.42419141513770775,-22.338728076499198,Gambhir,4,4,1.7135712369835683
3388,209.75940127159092,163.10676720698925,-46.65263406460167,-22.241021752439632,Sindh,3,3,189.30881464436618
3443,0.7065024168623106,0.5493728486236559,-0.15712956823865476,-22.240485593310794,Mashi,4,4,0.6377937743791079
3264,339.9008870602273,264.31184232526886,-75.58904473495846,-22.23855471185186,Yamuna,1,1,306.8312842464789
3262,273.93329000321967,213.65173079569894,-60.28155920752073,-22.005926773928138,Yamuna,1,1,247.5150270023474
3286,46.21882805630682,36.067162068279565,-10.151665988027254,-21.964351791135478,Giri,4,4,41.75853889401409
3897,2.0672282187386366,1.6132474323655914,-0.4539807863730452,-21.960845070606247,Kali,3,3,1.8684483195539905
3453,20.450662232803033,15.961885594086022,-4.488776638717011,-21.949297228707714,Parbati,3,3,18.488643460798123
4163,13.420747831041666,10.476459394784946,-2.94428843625672,-21.938333640743146,Jamni,4,4,12.126727285751173
4018,110.26455278674243,86.08833436290323,-24.176218423839202,-21.92564864485263,Gomti,2,2,99.72064632159625
3261,270.9625138130682,211.77831049193549,-59.18420332113271,-21.84221075021571,Yamuna,1,1,245.0203766431925
3421,6.478678250797349,5.063652845376343,-1.4150254054210052,-21.841266854807216,Mashi,4,4,5.862383619706573
4776,466.4103819962121,364.7028933844086,-101.70748861180351,-21.80643753608159,Ghaghara,1,1,422.1509498873239
3292,215.61096836553028,168.61822883333332,-46.992739532196964,-21.795152578939806,Yamuna,1,1,194.9918380140845
5154,23.386638820625002,18.296827572311827,-5.089811248313175,-21.763757021057682,Phalgu,3,3,21.174564573122066
4012,20.926342725018937,16.37586787204301,-4.550474852975928,-21.745198923534353,Gomti,2,2,18.94160175774648
3866,338.1208722475379,264.63790799731186,-73.48296425022602,-21.73275011441152,Ramganga,2,2,305.88500225
5146,8.665365859564394,6.782580384139784,-1.88278547542461,-21.727708973147237,Panchane,4,4,7.845456275352113
3479,73.23250003039773,57.32134638575268,-15.911153644645047,-21.72690217873289,Khari,3,3,66.28577077112676
4400,8.825776650454547,6.911552800268817,-1.9142238501857296,-21.689013057985587,Ganga,1,1,7.989350714906104
3856,13.421902224791666,10.511203426612903,-2.910698798178762,-21.68618687150317,Baur,4,4,12.142681603286386
3798,107.99647473664773,84.62015304435484,-23.37632169229289,-21.645448843859647,Ganga,1,1,97.76072389319249
4436,4.460873981850378,3.4975673293548386,-0.9633066524955396,-21.594572194033564,Ghaghara,1,1,4.041141517241784
3834,334.499812575947,262.69198635215054,-71.80782622379644,-21.467224651282198,Ramganga,2,2,302.9954153438967
5156,42.19875416848485,33.16630113548387,-9.032453033000976,-21.40454904648975,Panchane,4,4,38.26923809272301
4154,3.9016810162310605,3.0667016308064516,-0.8349793854246088,-21.40050357656303,Dhasan,3,3,3.532660628591549
4136,4.749832737549243,3.734196321478495,-1.0156364160707478,-21.382572233370535,Lakheri,5,5,4.301285174823944
3304,265.27298995681815,208.67092374462365,-56.6020662121945,-21.337289643174127,Yamuna,1,1,240.4550102359155
4161,61.27934360458333,48.20538713709677,-13.07395646748656,-21.33501388632483,Jamni,4,4,55.532102210328645
3857,38.890499790814395,30.596175283064515,-8.29432450774988,-21.32737957178151,Kosi,2,2,35.25153874495305
3793,18.440289472575756,14.507819973655913,-3.9324694989198434,-21.325421733580587,Khaimua,5,5,16.718070431338028
3422,8.577284787202652,6.751375573494624,-1.8259092137080284,-21.287729847005817,Mashi,4,4,7.782115687288732
4756,16.255553012462123,12.798221417473119,-3.4573315949890038,-21.26861874424378,Sotwa,4,4,14.74886881185446
4786,408.2690071056818,321.49203443010754,-86.77697267557426,-21.25485186611575,Suheli,4,4,370.513973516432
3263,60.10017424816287,47.329356676344084,-12.770817571818789,-21.249218877612762,Yamuna,1,1,54.55474567359155
3863,319.2396931371212,251.6542648091398,-67.58542832798142,-21.170747178657333,Ramganga,2,2,289.576718399061
7677,0.6326591391727272,0.49898114243548386,-0.13367799673724334,-21.12954487815387,Mendha,3,3,0.5745130036126761
5157,50.46963267215909,39.83236680645161,-10.637265865707484,-21.076566843283945,Harohar,3,3,45.84277183685446
3425,22.560367811723484,17.814752151612904,-4.74561566011058,-21.035187456671355,Mashi,4,4,20.493719531338026
3298,254.02123702405302,200.6377047392473,-53.38353228480571,-21.015381591796153,Yamuna,1,1,230.6052507370892
3300,261.6997986340909,206.8751813655914,-54.82461726849948,-20.94943043695473,Yamuna,1,1,237.6567388450704
4766,4.746513866193181,3.7528345676612904,-0.993679298531891,-20.93492880341769,Manorama,4,4,4.3134021761384975
4603,5.185420748429924,4.100903862688172,-1.0845168857417518,-20.91473263900772,Banki,5,5,4.709963963180751
3558,3.4935333219299247,2.763493877553764,-0.7300394443761609,-20.896879379781236,Kali,3,3,3.1758127157746476
3893,9.43337282628409,7.46716144094086,-1.9662113853432306,-20.84314297283788,Gagas,5,5,8.570340206314555
3293,237.6427649102273,188.16939129032258,-49.47337361990472,-20.818379906745296,Yamuna,1,1,215.9370310539906
4160,14.827623043958335,11.746524523655914,-3.0810985203024206,-20.779450024917146,Jamni,4,4,13.472468126877935
4398,28.208434031458335,22.38930363387097,-5.819130397587365,-20.629044459177745,Ghaghara,1,1,25.672212652112673
4450,29.028617683598487,23.041720144354837,-5.98689753924365,-20.624122045695334,Aami,5,5,26.42534324882629
5149,14.664792153049243,11.641056643817205,-3.023735509232038,-20.619013741720945,Paimar,5,5,13.349435894483568
4258,11.128270885814395,8.837793074838709,-2.290477810975686,-20.582513082921444,Ken,2,2,10.118433937605635
4131,20.85648059412879,16.564866808064515,-4.291613786064275,-20.57688384526576,Dhasan,3,3,18.961716659741782
3424,21.090355031022728,16.75237754892473,-4.3379774820979975,-20.568537019491025,Mashi,4,4,19.201223539201877
3496,67.04223086496212,53.28158336827957,-13.760647496682552,-20.525342488079698,Khari,3,3,61.035332522300465
4448,72.09938189242425,57.31093793172043,-14.788443960703816,-20.511193816846983,Rohini,3,3,65.63783862276996
4578,3.7826119946988634,3.007543350860215,-0.7750686438386483,-20.490302598439047,Ganga,1,1,3.4454900960446007
3409,3.513665084441288,2.793821775376344,-0.7198433090649439,-20.48696423152143,Kareli,4,4,3.1992131403638497
3797,103.06776875350378,82.20564090860215,-20.862127844901636,-20.24117539091718,Garra,4,4,93.93110671889673
4396,20.690178450492425,16.50544589919355,-4.184732551298875,-20.22569578755508,Ghaghara,1,1,18.86617752124413
4432,7.242387506109848,5.781792270887097,-1.4605952352227511,-20.167316841173697,Ghaghara,1,1,6.607043070692488
3410,2.297924876157197,1.8372842872580646,-0.4606405888991325,-20.0459376926829,Morel,4,4,2.0968169946596245
4149,4.624912799589015,3.7038352822580647,-0.92107751733095,-19.915565054822224,Dhasan,3,3,4.218450151760563
3534,61.29141067068182,49.09095922849462,-12.200451442187202,-19.90564633556913,Hindon,3,3,55.97218607535211
4040,4.37314532075,3.505855227311828,-0.867290093438172,-19.83218095504383,Ganga,1,1,3.9965299301877937
4773,100.07915044535984,80.33578907795699,-19.743361367402855,-19.72774676797654,Babai,4,4,91.44090167194835
5152,6.742265484943182,5.412721537526882,-1.3295439474163002,-19.71954308808272,Mohana,4,4,6.16559054455399
4548,10.231437975776515,8.229809697849463,-2.0016282779270522,-19.563508889620557,Dardha,4,4,9.362189785798122
5165,5.37460996461553,4.325659333951613,-1.0489506306639171,-19.516776799987817,Harohar,3,3,4.918846533450704
4280,4.996435101501894,4.022101103467742,-0.9743339980341519,-19.500583480835644,Khudar,5,5,4.564308493298122
4401,1903.8947018806819,1533.7674230376344,-370.1272788430474,-19.440533054555633,Ganga,1,1,1742.5965895187792
4399,1894.3082583882576,1526.2372396774194,-368.0710187108382,-19.43036552160764,Ghaghara,1,1,1733.9082224765257
4397,1861.6851613882577,1500.3914266935483,-361.2937346947094,-19.406811752492718,Ghaghara,1,1,1704.2366641197182
4435,1853.6889792481059,1494.2541630107526,-359.4348162373533,-19.39024400863339,Ghaghara,1,1,1697.050153157277
4425,1842.784542496212,1485.6556289247312,-357.1289135714808,-19.37985181315438,Ghaghara,1,1,1687.1489063732392
5147,9.404022552727273,7.581742826612903,-1.8222797261143704,-19.37766222802059,Paimar,5,5,8.61158471960094
4417,532.2522271668561,430.042793327957,-102.20943383889909,-19.203195143579435,Rapti,2,2,487.6215896115024
3445,1.4748948132670454,1.1922694279569892,-0.2826253853100562,-19.162409601537046,Mashi,4,4,1.351788822875587
3795,94.37274981742425,76.30140706317204,-18.071342754252214,-19.148899220604953,Garra,4,4,86.45592862265258
4725,7.547457951060606,6.102425315887097,-1.4450326351735088,-19.145951452044137,Ghaghara,1,1,6.91826083064554
4572,20.539538906647728,16.614489600537635,-3.9250493061100933,-19.109724536414646,Gandak,2,2,18.82619123122066
3399,10.299736946950757,8.334694957876344,-1.9650419890744129,-19.078564813795218,Mashi,4,4,9.44429714346244
4774,3.6069289725416667,2.9195347986290323,-0.6873941739126344,-19.05760216365596,Ghaghara,1,1,3.3072571217957747
4644,72.18436895651516,58.43375474596774,-13.750614210547418,-19.049296141704826,Bhada,5,5,66.15819846525822
4772,80.9787007625,65.60798077016129,-15.370719992338707,-18.981188692343967,Babai,4,4,74.24779664612676
3433,27.912139770113633,22.62908755134409,-5.283052218769544,-18.92743538217112,Mashi,4,4,25.610210358920188
3460,18.50253533753788,15.005714191129032,-3.4968211464088466,-18.899145887939518,Mahuar,4,4,16.96638480399061
4419,1778.4972389545455,1442.378812688172,-336.1184262663735,-18.89901310524126,Ghaghara,1,1,1632.0201715492958
4437,5.017981426087121,4.071347287607527,-0.9466341384795935,-18.86483942643351,Tamasa,3,3,4.605432568462441
4421,1783.7540973768942,1447.3373634139784,-336.4167339629157,-18.86003987083391,Ghaghara,1,1,1637.1507959624412
4418,1241.1527521212122,1007.9713612634408,-233.18139085777136,-18.787485300197655,Ghaghara,1,1,1139.619913028169
4465,1232.9202519147727,1002.0213713978494,-230.89888051692333,-18.727803372385882,Ghaghara,1,1,1132.3803135680753
3420,3.7701716675795454,3.0668423727150538,-0.7033292948644916,-18.655100002807824,Mashi,4,4,3.4632936971478876
4762,1220.0383387878787,992.4489252688172,-227.5894135190615,-18.654283745310334,Ghaghara,1,1,1120.9405211384976
4659,340.68612532026515,277.1640380564516,-63.522087263813546,-18.645340253906443,Ghaghara,1,1,313.08238200469486
4049,3.154543151888258,2.5664324702688175,-0.5881106816194404,-18.643291700334068,Gomti,2,2,2.8980645050000002
3922,10.630252782367425,8.648436766666668,-1.9818160157007565,-18.643169229127153,Malin,5,5,9.759543986854458
5167,9.56812300592803,7.796590605376344,-1.7715324005516857,-18.514941744102938,Harohar,3,3,8.798556423239436
4459,301.1223237090909,245.60524562903228,-55.51707808005861,-18.43671946876071,Rapti,2,2,276.8662540140845
3870,24.19971822689394,19.74075811639785,-4.45896011049609,-18.425669541642435,Ganga,1,1,22.251207913849765
4724,1101.5529232878787,899.9642399327957,-201.58868335508294,-18.300408368341277,Ghaghara,1,1,1013.7668071537558
4017,67.63099074329546,55.26200245161291,-12.368988291682548,-18.288935524589718,Gomti,2,2,62.23408108521127
4463,1115.8262805890151,912.6938410483871,-203.13243954062807,-18.204665284760978,Ghaghara,1,1,1027.3709774295774
4761,1123.1172545284091,918.8266218548387,-204.29063267357049,-18.189608596063376,Ghaghara,1,1,1034.1606343779342
4742,8.54959582465909,6.995944302365592,-1.5536515222934977,-18.172221870563675,Jamwar,5,5,7.871008048215963
4282,9.862875323287879,8.074587527419355,-1.7882877958685235,-18.131505643654243,Kutni,5,5,9.068178996314554
3471,2.9642740229602276,2.4295219747849464,-0.5347520481752812,-18.03989928168851,Bilrai,5,5,2.7293924247417842
4416,506.519430525947,415.21329786021505,-91.30613266573192,-18.026185603763263,Rapti,2,2,466.6401345129108
3466,3.3018552761780304,2.7073334477688173,-0.5945218284092131,-18.00569009485434,Sindh,3,3,3.0417218778403754
3403,1.8904741642670455,1.5514759818817205,-0.338998182385325,-17.931912997962485,Kareli,4,4,1.742330093532864
4538,3.711094478274621,3.0487548296505373,-0.6623396486240836,-17.84755555272259,Punpun,3,3,3.4233508895774647
3338,4.554129063806818,3.7440572192741937,-0.8100718445326245,-17.78763476359367,Karisil,5,5,4.2007352377934275
4723,1059.6547524375,871.8692310994624,-187.7855213380377,-17.721387169366142,Ghaghara,1,1,977.8802880269953
3794,85.07653209244317,70.00907406317205,-15.067458029271123,-17.710475096585974,Deoha,4,4,78.47645806760563
4451,472.9594142147727,389.22329929569895,-83.73611491907377,-17.70471469694625,Rapti,2,2,436.37230006103283
3473,14.682500850643939,12.087365056989247,-2.5951357936546913,-17.675025665269246,Mahuar,4,4,13.541532497769952
4722,1054.5111424431818,868.8511459677419,-185.65999647543993,-17.606262181856792,Ghaghara,1,1,973.6624490610328
3444,2.114757748348485,1.7424766516129033,-0.37228109673558163,-17.603959461849172,Mashi,4,4,1.9520249036150235
3387,167.52882103541668,138.07282854301073,-29.455992492405954,-17.58264178685933,Sindh,3,3,154.6217852652582
3407,8.477178282306818,6.990202115672043,-1.4869761666347756,-17.540933045354546,Kareli,4,4,7.827602944495306
4729,5.4300221517916665,4.482104875860215,-0.9479172759314514,-17.456968856355047,Karmanasa,3,3,5.017293100093897
4186,4.242349933157197,3.501982769516129,-0.7403671636410678,-17.45181739616844,Sanr,5,5,3.9169138279694833
3984,1272.8213496117426,1050.743984139785,-222.0773654719576,-17.44764617121636,Ganga,1,1,1175.6519141431925
4768,1007.7909281799242,832.0524693951613,-175.73845878476288,-17.437987768172064,Ghaghara,1,1,931.2563820598591
4042,1283.2349940397728,1059.543853575269,-223.69114046450386,-17.43181424318068,Ganga,1,1,1185.3689886150235
4030,39.246652763143935,32.407243153494626,-6.839409609649309,-17.426733563561672,Ghaghara,1,1,36.276223938380284
4043,1288.0843208636363,1063.640994139785,-224.44332672385121,-17.424583397876173,Ganga,1,1,1189.8935582629108
4146,6.47958464719697,5.35226954655914,-1.12731510063783,-17.397953140800464,Dhasan,3,3,5.982872092664319
4540,4.975896547892045,4.11244099844086,-0.8634555494511851,-17.352763288798144,Punpun,3,3,4.601427743884977
4261,5.157215316767045,4.264596213091398,-0.8926191036756475,-17.30816048679566,Shyam,4,4,4.764708959154929
4034,997.6986733390152,825.3881360403225,-172.31053729869268,-17.27079948117181,Ghaghara,1,1,922.657431076291
3472,10.771546090219697,8.915920881451612,-1.8556252087680853,-17.227101784886276,Mahuar,4,4,9.955185225539905
3850,27.649726605113635,22.886726849462363,-4.762999755651272,-17.226209226858636,Baur,4,4,25.550173559389673
4445,60.75312579445076,50.337906098387094,-10.415219696063666,-17.14351246930409,Rohini,3,3,56.19800101326291
3827,1247.7716194488635,1034.232670188172,-213.53894926069142,-17.113624475207317,Ganga,1,1,1154.28955064554
4449,398.1131736606061,330.1550248790322,-67.95814878157387,-17.070057781988545,Rapti,2,2,368.4176045575117
4015,32.08989460153409,26.63555728575269,-5.454337315781402,-16.99705587540525,Gomti,2,2,29.707297943309857
3285,21.616297678162876,17.942351980107528,-3.6739456980553484,-16.996183864394254,Tons,2,2,20.001716998239438
4033,976.1710388768939,810.5448655268817,-165.6261733500122,-16.966921446529366,Ghaghara,1,1,904.0418467441315
3891,16.78796834403409,13.943207017741935,-2.844761326292156,-16.945238804331517,Ramganga,2,2,15.535655628755869
3478,6.030932608607954,5.012428303709677,-1.0185043048982774,-16.8880067312403,Betwa,2,2,5.582449805199531
3552,53.527153765624995,44.516374313172044,-9.010779452452951,-16.83403435181276,Hindon,3,3,49.60023149647887
3457,3.7000684774886365,3.0783116056182798,-0.6217568718703568,-16.803928782754976,Betwa,2,2,3.425656869589202
4139,156.75269415284092,130.42284233870967,-26.329851814131246,-16.797064928567327,Dhasan,3,3,145.10352577816903
4775,4.2183587097367425,3.513542460295699,-0.7048162494410435,-16.70830524237303,Babai,4,4,3.9121351531807513
4032,934.6513049988637,779.5161548924731,-155.1351501063906,-16.59818472158226,Ghaghara,1,1,867.0911922112675
3846,65.61135496895834,54.724080115053766,-10.887274853904572,-16.593583319618222,Deoha,4,4,60.84225650457746
4135,153.95259155,128.5083295403226,-25.444262009677402,-16.52733595031022,Dhasan,3,3,142.6925970516432
3819,1220.99180175,1019.7358845698924,-201.25591718010753,-16.48298677285591,Ganga,1,1,1132.8444325704224
4571,8.147404165625,6.806662574327957,-1.3407415912970428,-16.45605844563122,Gandak,2,2,7.561803321772301
3841,14.504448365295454,12.124504855510752,-2.3799435097847024,-16.408369693529004,Ladhiya,5,5,13.45960332266432
3921,7.364982678214015,6.165222260215054,-1.1997604179989612,-16.29006435477319,Banganga,4,4,6.839033371913146
4777,828.0340133751894,693.448229844086,-134.5857835311034,-16.253653999370364,Sharda,2,2,769.4595283838029
3818,1210.6341283787879,1014.5333320161291,-196.1007963626588,-16.198188351526632,Ganga,1,1,1124.7318741079812
4727,39.55370740571969,33.14792703252688,-6.405780373192812,-16.19514526789087,Karmanasa,3,3,36.7706245185446
3308,3.750720368511364,3.144087632392473,-0.606632736118891,-16.173766010705286,Rupin,4,4,3.487688051279343
4216,10.99625320402462,9.218640928494622,-1.7776122755299983,-16.165617893187413,Pashchimi Nayar,4,4,10.208162341021128
3967,13.628772517310605,11.435235633602149,-2.1935368837084557,-16.09489688761282,Karmanasa,3,3,12.674562082746478
3816,1205.8628404166666,1011.9550241666666,-193.90781625,-16.08042057113214,Ganga,1,1,1120.9171554812206
4279,5.795572066140151,4.86646026344086,-0.9291118026992908,-16.03140798002498,Banne,5,5,5.382722472089203
3812,1202.8498378655304,1010.1793395698924,-192.67049829563803,-16.017834664843438,Ganga,1,1,1118.443657089202
3406,4.867972382339015,4.089291837741936,-0.778680544597079,-15.995993474041247,Dhil,5,5,4.528355328333333
4751,8.553966970549244,7.187082838575269,-1.3668841319739746,-15.97953483664443,Rapti,2,2,7.9558248135563385
4132,126.53636629100379,106.43007568145161,-20.106290609552175,-15.88973288778694,Dhasan,3,3,117.63358697183098
3804,1194.733468875,1005.4963544892473,-189.23711438575265,-15.839274559198923,Ganga,1,1,1111.826754870892
4276,12.405219215454546,10.441789027123656,-1.9634301883308893,-15.827452576451275,Banne,5,5,11.531976915598591
3790,8.049502190587122,6.776213205215053,-1.2732889853720684,-15.81823267109635,Ajnal,5,5,7.4948949306807515
3915,11.200175920151516,9.430002482392473,-1.770173437759043,-15.804871730399537,Song,4,4,10.421104558579813
4133,140.73758202821972,118.5234652123656,-22.214116815854126,-15.784068829177345,Dhasan,3,3,130.9011785387324
4295,4.722280452549242,3.978929726827957,-0.7433507257212852,-15.74135067136896,Sonar,3,3,4.392832890434272
4726,30.69697602181818,25.874022708870967,-4.822953312947213,-15.711493241286215,Karmanasa,3,3,28.603350043075118
4591,3.9797827902632577,3.3617272906182794,-0.6180554996449783,-15.529880202434232,Jinjoi,5,5,3.709376833978873
3969,24.026143489848486,20.29784628682796,-3.728297203020528,-15.517668095988046,Karmanasa,3,3,22.40668391619718
3417,4.2738696687462125,3.613285252688172,-0.6605844160580405,-15.456353779076057,Mashi,4,4,3.986384493403756
3325,3.772464066598485,3.189758324327957,-0.5827057422705284,-15.446290063564112,Ashmi,5,5,3.515667688039906
4151,9.727564867208333,8.23519676233871,-1.4923681048696231,-15.34164125597767,Kathan,5,5,9.065405722241783
4740,43.97590611176137,37.23521150430108,-6.740694607460291,-15.328153990344934,Danau,4,4,41.02991298908451
3803,1175.9146657083334,995.7681880913979,-180.1464776169355,-15.319689673945943,Ganga,1,1,1096.9798248356808
3517,1.4215231875378787,1.2041403754032258,-0.21738281213465283,-15.292245250755737,Sanwan,4,4,1.326711966701878
4458,193.66061288939392,164.05665397580646,-29.603958913587462,-15.286515142082752,Rapti,2,2,180.7059877746479
4155,6.338454611477273,5.376708546102151,-0.961746065375122,-15.173194797887374,Shyamri,5,5,5.910786968051643
5155,32.26306241835228,27.375538458333335,-4.887523960018942,-15.148977169751749,Sakri,5,5,30.136144343192488
5161,176.11408865492425,149.5283825403226,-26.585706114601635,-15.095729318222425,Harohar,3,3,164.54987813028168
5160,143.53383194905302,121.91507205913979,-21.618759889913235,-15.061786894665197,Harohar,3,3,134.13102529460096
3441,3.3172123883333335,2.818275650860215,-0.4989367374731186,-15.040843909418754,Bajyan,5,5,3.100237337758216
4141,104.8599522964962,89.11696527150536,-15.742987024990839,-15.013345591152701,Dhasan,3,3,97.88409075176057
3405,3.982195094070076,3.3845808133602153,-0.5976142807098608,-15.007157273629657,Kareli,4,4,3.7210597140962443
4304,5.9307042995208334,5.040942229166666,-0.8897620703541671,-15.002637552272748,Bewas,5,5,5.537632675305165
4278,4.616021644068182,3.923956412392473,-0.6920652316757088,-14.992677353778165,Banne,5,5,4.3074026898239435
5140,197.86997726666667,168.22796834946237,-29.642008917204294,-14.980549008329932,Harohar,3,3,184.97823055046948
4153,59.35244035422348,50.46347483387097,-8.888965520352514,-14.976579677772223,Dhasan,3,3,55.424476233685446
3581,4.393505122535985,3.737132809274194,-0.6563723132617914,-14.939605052353397,Newaj,4,4,4.107728759037558
4780,9.148919275814395,7.784898833467742,-1.3640204423466527,-14.909088179983247,Sharda,2,2,8.557980945950705
3844,10.387967337784092,8.839238856182796,-1.5487284816012963,-14.908869379749737,Khaimua,5,5,9.709602242370892
4264,21.579045992575757,18.365893628494625,-3.2131523640811324,-14.890150218812328,Shyam,4,4,20.16393994225352
4889,7.956620091306819,6.776748304032258,-1.1798717872745614,-14.828806374249995,Kosi,2,2,7.443370287910798
3556,19.591524923257573,16.690764651612902,-2.900760271644671,-14.806199532743408,Kali,3,3,18.32727963579812
3386,138.65134015719698,118.25031134408603,-20.401028813110955,-14.713906688518941,Sindh,3,3,129.7121050504695
4152,21.76573844378788,18.563530871505375,-3.2022075722825036,-14.712147628496567,Kathan,5,5,20.342510784859154
3493,23.364547446041666,19.932810307526882,-3.4317371385147837,-14.687796313795824,Banganga,4,4,21.868636437206572
5168,19.524417543162876,16.664087063172044,-2.8603304799908322,-14.650016952707878,Harohar,3,3,18.281092328755868
3930,7.465606301799243,6.3743763231182795,-1.0912299786809632,-14.616762987059365,Gomti,2,2,6.985695233215962
3801,1062.475374035985,908.2222209946236,-154.25315304136132,-14.51828031132672,Ganga,1,1,994.8738986267606
4405,7483.300244772727,6400.522469892474,-1082.7777748802528,-14.46925473338585,Ghaghara,1,1,7010.836854342723
4407,7494.969739147727,6411.356484946236,-1083.6132542014902,-14.457873639456626,Ganga,1,1,7022.147011502348
7678,3.584639506751894,3.0680413893548386,-0.5165981173970553,-14.411438484232802,Mendha,3,3,3.3599517678286386
4269,19.685948022405306,16.856599600537635,-2.829348421867671,-14.372426558515164,Shyamri,5,5,18.42749681056338
3586,37.350852873125,31.987370821505376,-5.3634820516196235,-14.35973114145086,Parbati,3,3,35.015956896244134
4539,3.723259482350379,3.1934938185752686,-0.5297656637751103,-14.228545345453213,Madad,5,5,3.4929422771361502
4456,182.98824470965909,157.03534754301077,-25.952897166648313,-14.182822075716858,Rapti,2,2,171.62406891197182
3914,7.9315441919791665,6.806813125295698,-1.1247310666834682,-14.180480363721115,Saswa,5,5,7.437593150293427
3880,13.106058402026516,11.249331284139785,-1.8567271178867308,-14.16693761718348,Gangan,4,4,12.29170209084507
4130,10.482211528617423,9.019186787473119,-1.463024741144304,-13.95721444038893,Kurai,4,4,9.833552521995305
3465,3.1438199355530303,2.7058330185483874,-0.4379869170046429,-13.931679484931966,Sindh,3,3,2.951592356197183
4140,14.836078411344698,12.779146213064516,-2.0569321982801814,-13.86439287559513,Urmal,5,5,13.916920331760563
4559,43.25958611407197,37.26826711182795,-5.991319002244019,-13.849690994373834,Dardha,4,4,40.64851645762911
3576,6.149137753551136,5.300355470430107,-0.8487822831210288,-13.80327319274732,Baleti,5,5,5.779907826737089
3916,25.24788713534091,21.772454805376345,-3.4754323299645655,-13.765240280640374,Song,4,4,23.71971186584507
4128,4.628481682153409,3.9926422990591397,-0.6358393830942695,-13.737536988553966,Kurai,4,4,4.346647330657277
3516,1.3379456663541667,1.155273178548387,-0.18267248780577972,-13.653206733241483,Sanwan,4,4,1.2583591843075117
4148,40.583857811685604,35.126405844623655,-5.4574519670619495,-13.44734646071657,Dhasan,3,3,38.17391395774648
4760,4.787730418873106,4.144294305591398,-0.6434361132817079,-13.439271992953067,Ghaghara,1,1,4.507878285833334
4150,6.044827655339015,5.239380530268817,-0.8054471250701978,-13.324567233257628,Kathan,5,5,5.6860131036267605
4752,30.327883574753788,26.288748676075265,-4.0391348986785225,-13.318222119663073,Bhada,5,5,28.551775814436617
3426,1.2096986028090908,1.0506797295725807,-0.1590188732365101,-13.145329991061066,Sohadra,5,5,1.14055148460446
3559,42.82678171037879,37.20550532123656,-5.621276389142231,-13.12561010807859,Hindon,3,3,40.37562031842723
4267,10.227036068422349,8.885076027069893,-1.341960041352456,-13.12169070661614,Shyamri,5,5,9.62944993173709
3455,129.01655738579547,112.09209677688172,-16.924460608913748,-13.11805318003091,Sindh,3,3,121.60237837793429
3901,5.843852819195076,5.077731273494624,-0.766121545700452,-13.109870652183474,Bagad,5,5,5.508258199049296
5103,246.87859265587122,214.51763040860217,-32.36096224726904,-13.108047117061142,Garkhe,5,5,232.80058244131456
3442,0.6120061818861743,0.5319347268817204,-0.0800714550044539,-13.083438921756873,Mashi,4,4,0.5769486129213616
5094,113.16059035,98.54092677419355,-14.619663575806456,-12.919394932978499,Ganga,1,1,106.80564330633804
5170,65.36356204280303,56.93955090994624,-8.424011132856783,-12.887931547152156,Punpun,3,3,61.70586950293427
5083,8.574268280435607,7.474358276881721,-1.0999100035538865,-12.82803345521172,Hooghly,1,1,8.087874045539907
3929,6.1505844182405305,5.361655402258065,-0.7889290159824656,-12.826895175079164,Ganga,1,1,5.804889239143192
4569,5549.092298094697,4838.790465215054,-710.3018328796434,-12.800324714792152,Ganga,1,1,5238.941987910797
4597,13.38080758191288,11.668365712365592,-1.7124418695472876,-12.797746765763463,Tahle,5,5,12.62971646044601
4402,5561.558300255681,4850.215242903226,-711.3430573524556,-12.79035512977996,Ganga,1,1,5250.953184284038
4570,5565.191834431818,4853.68311405914,-711.508720372678,-12.784981031032508,Ganga,1,1,5254.514432077464
4404,5577.446875808711,4865.307457553764,-712.1394182549475,-12.768197243504712,Ganga,1,1,5266.497728262911
3419,1.2154925233541667,1.0614661805107528,-0.15402634284341388,-12.671928447439255,Mashi,4,4,1.148460927910798
4048,20.969247850549245,18.32009876236559,-2.6491490881836555,-12.63349599882891,Gomti,2,2,19.810354246478873
4595,38.433663250378785,33.587519965322585,-4.8461432850562005,-12.609111063615408,Amanat,4,4,36.30744751830986
4929,6.8272731932007575,5.966853737553764,-0.8604194556469933,-12.602680913719405,Jamuni,5,5,6.449381644330986
4593,28.20603635977273,24.672275420430108,-3.533760939342624,-12.52838539335662,Amanat,4,4,26.654744180751173
4562,60.33810999905303,52.78628009677419,-7.55182990227884,-12.515854246010294,Punpun,3,3,57.05860237558685
4573,8604.795328655304,7528.160216935484,-1076.63511171982,-12.512036261158451,Gandak,2,2,8135.356976525822
3961,5318.202910471591,4652.928094086022,-665.2748163855695,-12.509391378723764,Ganga,1,1,5027.640909847418
3959,5314.891092087121,4650.642548306451,-664.2485437806699,-12.49787685714975,Ganga,1,1,5024.77615350939
4567,5417.7762845,4741.246362150538,-676.5299223494621,-12.487225142259604,Ganga,1,1,5122.37294387324
4568,5433.191406869319,4756.501349946236,-676.6900569230829,-12.454743561353773,Ganga,1,1,5137.718314612675
4305,31.32589366373106,27.427348153494624,-3.898545510236435,-12.445121445170928,Bewas,5,5,29.60037547511737
3938,5302.479678994318,4642.63982577957,-659.8398532147485,-12.44398645842421,Ganga,1,1,5014.291158779342
3869,25.73751767776515,22.538548732258064,-3.1989689455070867,-12.429205432933813,Gangan,4,4,24.334819227816904
3579,15.714368551401515,13.761562159408602,-1.9528063919929135,-12.426884259493512,Parbati,3,3,14.86541238039906
3937,5281.119334982955,4627.032676586021,-654.0866583969337,-12.385379252162739,Ganga,1,1,4995.449173122066
3934,5275.446695708333,4623.042056102151,-652.4046396061822,-12.366813224308087,Ganga,1,1,4990.507281115024
4931,8.135493074223486,7.132234078629033,-1.0032589955944538,-12.33187695498361,Kamala,3,3,7.696582658157277
4169,4.143980944049242,3.633179809704301,-0.5108011343449412,-12.326338881419128,Jamni,4,4,3.9184999497535213
4594,34.421498965454546,30.200138259139784,-4.221360706314762,-12.263732937811117,Amanat,4,4,32.56861189201878
3404,2.057478838829545,1.8055214533064516,-0.25195738552309344,-12.245928403639208,Kareli,4,4,1.9473897937558684
4587,8.143216713079545,7.147081779301074,-0.9961349337784702,-12.232695860574228,Sukri,5,5,7.704470144084507
4433,21.042592900681818,18.47506335107527,-2.5675295496065473,-12.201583529771916,Gandak,2,2,19.91161341443662
3491,19.262953014659093,16.939167288978496,-2.3237857256805974,-12.063496826847878,Banganga,4,4,18.250977324413146
3913,12.025972346534092,10.577097887096775,-1.4488744594373166,-12.047877857085586,Ganga,1,1,11.392242774413145
4045,4578.590183395833,4027.920682177419,-550.6695012184141,-12.027053725301865,Ganga,1,1,4337.680865551643
4460,85.48238473418562,75.26378254247312,-10.218602191712492,-11.954044360704327,Rapti,2,2,81.00803538884978
4932,16.46623651910985,14.500446284408604,-1.9657902347012453,-11.938309233077348,Jamuni,5,5,15.603176911150236
4370,58.37218452092803,51.418336565860216,-6.953847955067815,-11.91294794282484,Katni,4,4,55.31285341431925
5158,91.05509743304924,80.25516925806451,-10.799928174984728,-11.860871581545087,Phalgu,3,3,86.35776925176056
3886,7.83265882898106,6.90717710405914,-0.9254817249219203,-11.815677729988847,Kali Rau,5,5,7.425802423321596
4537,3.5297084904015152,3.1133601512634406,-0.4163483391380747,-11.795544597245586,Dharmauti,5,5,3.348402212347418
4855,19.76456606839015,17.44051435994624,-2.3240517084439105,-11.758678133393534,Kankai,4,4,18.7342214971831
4266,5.41593531335606,4.780661703413979,-0.6352736099420815,-11.729711918372697,Shyam,4,4,5.132708040950704
4554,15.489448384034091,13.674039856182794,-1.8154085278512966,-11.72029166463118,Madad,5,5,14.701202728286386
4117,2730.314869248106,2410.4964195430107,-319.8184497050952,-11.713610518231881,Yamuna,1,1,2590.39183915493
3833,45.083908417575756,39.80479411424731,-5.279114303328448,-11.709531157840809,Deoha,4,4,42.771029728403754
3526,1.489529137433712,1.3155889971236558,-0.17394014031005622,-11.67752519495759,Khari,3,3,1.414163373286385
4439,15.465929816837122,13.66246411747312,-1.8034656993640024,-11.660894111912,Rohini,3,3,14.673715180516432
4147,24.265217319810606,21.43731563387097,-2.8279016859396364,-11.654137066519825,Bewas,5,5,23.012787804460096
3585,7.072178809448863,6.254331118252688,-0.8178476911961745,-11.56429600031436,Paru,5,5,6.715981351361502
4558,28.91485975643939,25.57295276344086,-3.3419069929985312,-11.557749271995977,Morhar,4,4,27.452861477699532
3296,6.238821628255682,5.51885384344086,-0.7199677848148216,-11.540124525344348,Yamuna,1,1,5.926490043368545
3532,5.3600432154602276,4.743493565967742,-0.6165496494924856,-11.502699226643212,Barah,4,4,5.090688062523474
3522,6.36304245051894,5.63221777282258,-0.7308246776963596,-11.485459721186633,Sanwan,4,4,6.04506612761737
4167,22.13283703189394,19.590804278225807,-2.5420327536681313,-11.485345281334707,Narain,5,5,21.01359794812207
4263,17.12627903130682,15.162753455376343,-1.9635255759304755,-11.464986482709717,Shyam,4,4,16.25692218192488
4604,7.365972672916667,6.522069701747312,-0.8439029711693546,-11.456775753081889,Barhki,5,5,6.997839303110329
4926,13.761271632500002,12.195968397473118,-1.5653032350268834,-11.374699060006241,Rato,5,5,13.072679229765258
3520,3.1893039397234846,2.8267061236827957,-0.36259781604068886,-11.369183461145017,Barah,4,4,3.030924009096244
5162,5.542154712649621,4.913377726424731,-0.6287769862248904,-11.345352463541776,Chalki,5,5,5.268839072793427
4750,137.34657783020833,121.76843541129033,-15.578142418918006,-11.342213737699486,Rapti,2,2,130.49836768368544
5092,5.122963604107954,4.54190817483871,-0.5810554292692443,-11.342173674693159,Phalgu,3,3,4.872802019988263
3454,115.2145963844697,102.151144922043,-13.063451462426698,-11.338364992256816,Sindh,3,3,109.48894129107981
4728,80.24762315151516,71.1582766922043,-9.08934645931086,-11.32662389532623,Karmanasa,3,3,76.34757843133802
4123,3166.532315901515,2808.1598443817206,-358.37247151979454,-11.31750557921483,Yamuna,1,1,3009.4409684741786
4820,24.91200718126894,22.09421821666667,-2.817788964602272,-11.310967213918179,Bakra,5,5,23.663452589788733
3518,2.0191784320530304,1.7908247759946236,-0.22835365605840674,-11.30923609491137,Banganga,4,4,1.919768163697183
4556,22.952515392670456,20.357145170967744,-2.595370221702712,-11.307563364194518,Lilajan,4,4,21.816349767018778
4599,8.568846935075758,7.605258531989247,-0.9635884030865105,-11.245251670235271,Danru,5,5,8.145623950704225
4933,46.58160401375,41.36219007043011,-5.219413943319893,-11.204882386143726,Kamala,3,3,44.29067507488263
4116,2688.282986151515,2387.1108775000002,-301.1721086515149,-11.203140078740969,Yamuna,1,1,2556.4941109507045
3962,98.4445239532197,87.43911680913978,-11.005407144079925,-11.179298453725709,Karmanasa,3,3,93.7106961032864
4226,6.1144796581268945,5.433173639327957,-0.6813060187989377,-11.142502009854564,Mana,5,5,5.819124316302816
3580,17.10517819375,15.20120082580645,-1.9039773679435488,-11.130999901767971,Newaj,4,4,16.277654526056338
4145,27.902527177727272,24.798171237365594,-3.1043559403616783,-11.125716034924888,Dhasan,3,3,26.52985610246479
4897,5.2768535028238635,4.691002465967743,-0.5858510368561207,-11.102279730574432,Bagmati,2,2,5.022558594424883
4094,3182.1088315776515,2829.5650606989248,-352.5437708787267,-11.078935056534183,Yamuna,1,1,3027.617977535211
5098,9787.411283465908,8704.006915860215,-1083.4043676056936,-11.069365905118472,Ganga,1,1,9314.934237558686
5096,9502.818452462121,8452.400298924731,-1050.41815353739,-11.053753776230812,Ganga,1,1,9044.675292957747
5133,9372.891082594697,8338.534478494623,-1034.356604100074,-11.035619586157969,Ganga,1,1,8921.714961619718
5095,9385.53097119318,8350.04611155914,-1035.4848596340398,-11.03277867615836,Ganga,1,1,8933.874664788733
5097,9537.27185528409,8486.272902150537,-1050.998953133554,-11.019911868730595,Ganga,1,1,9078.888254812207
3217,18.31996137030303,16.301747068010755,-2.018214302292275,-11.016476844562757,Koel,3,3,17.428241620539907
4893,25.49167625439394,22.683601351881723,-2.8080749025122174,-11.015654186445257,Kosi,2,2,24.270359836150234
4115,2676.6455289318183,2381.8164939247313,-294.829035007087,-11.014870359944368,Yamuna,1,1,2547.6244885798124
3829,2058.827958376894,1832.1378875806452,-226.69007079624885,-11.010636895321896,Yamuna,1,1,1959.8750790023475
4095,3187.8890191723485,2837.0066245698927,-350.88239460245586,-11.006731805662206,Yamuna,1,1,3034.1443494483565
4113,616.7093730123106,548.9540437661291,-67.75532924618153,-10.986589828403503,Betwa,2,2,586.805453463615
3458,5.435409063566288,4.838455755349463,-0.5969533082168255,-10.98267492355307,Ghurari,5,5,5.172470806596245
4935,86.82435656448862,77.29548436021506,-9.528872204273569,-10.97488375533888,Kamala,3,3,82.6513684149061
4371,6.904805759147727,6.147359047849462,-0.7574467112982655,-10.969848214698489,Ghodchhatra,5,5,6.571642279812206
4142,5.347256451418561,4.76113104905914,-0.5861254023594213,-10.961236059735446,Dhasan,3,3,5.088048887100939
3911,5.97467761342803,5.326572440215053,-0.6481051732129766,-10.847533794231282,Ganga,1,1,5.691639754647888
4112,588.0541999195076,524.516911655914,-63.53728826359361,-10.804665330558057,Betwa,2,2,560.018260580986
4934,73.42220806818182,65.493549175,-7.928658893181819,-10.798720307919716,Kamala,3,3,69.94567256232394
4543,6.1888742509412875,5.520867096962366,-0.6680071539789214,-10.793677927408558,Batane,5,5,5.89676744640845
7670,8.659768092348484,7.726487475591398,-0.9332806167570862,-10.777201038232253,Mendha,3,3,8.254905293920187
5099,10041.970567708333,8960.599823387098,-1081.3707443212352,-10.768511389572948,Ganga,1,1,9570.365378403756
5101,10065.314210416665,8983.765260483871,-1081.5489499327941,-10.745307372655008,Ganga,1,1,9593.637620187794
4892,18.505978924829545,16.519087966935484,-1.9868909578940617,-10.736481252706076,Kosi,2,2,17.641931084624414
5107,10085.087115416667,9003.873930107526,-1081.2131853091414,-10.720910716342095,Ganga,1,1,9613.561154812207
4749,47.808877034431816,42.69253273252688,-5.116344301904938,-10.701661739973858,Rapti,2,2,45.55339403251174
3933,4886.624631670455,4364.398761155914,-522.2258705145405,-10.68684234778274,Ganga,1,1,4658.502503016432
5108,10097.371739469698,9018.352501344087,-1079.019238125611,-10.686139581331092,Ganga,1,1,9626.806766901407
4121,582.9462278242424,520.885764905914,-62.060462918328426,-10.646001287281608,Betwa,2,2,555.5588514049296
4731,6.910138235445077,6.175069079408603,-0.7350691560364737,-10.637546326728852,Surai,5,5,6.588389262664319
4037,4813.71755064394,4302.048302580645,-511.6692480632946,-10.629399059669542,Ganga,1,1,4590.164227887324
4930,7.835847980833333,7.00305877766129,-0.8327892031720427,-10.627939761070717,Jamuni,5,5,7.470053865363849
4268,18.211895838238636,16.281086989247314,-1.9308088489913224,-10.601910235711411,Mirhasan,5,5,17.355327789906102
4565,173.53201858768938,155.1509123064516,-18.381106281237777,-10.592342802691146,Koel,3,3,165.44569190962443
4560,42.717653570795456,38.19877936989247,-4.518874200902985,-10.57847007774879,Punpun,3,3,40.75464166830986
4038,4834.8675263409095,4324.128900241935,-510.73862609897424,-10.563652950497856,Ganga,1,1,4611.746859941314
4553,14.881660536780302,13.310380725,-1.5712798117803022,-10.558497876610307,Punpun,3,3,14.197062076525821
4233,16.47014677748106,14.731551305376344,-1.7385954721047145,-10.556041154908366,Dhauli Ganga,4,4,15.714875376760563
4547,8.15952390067235,7.298730252419355,-0.8607936482529945,-10.549557287062603,Punpun,3,3,7.785399777523474
3972,4846.367734352273,4335.1108085215055,-511.2569258307676,-10.549280489114558,Ganga,1,1,4623.0334967723
3577,9.00807935684659,8.059617385241935,-0.9484619716046545,-10.52901438844204,Newaj,4,4,8.59603570769953
4856,53.17702453270833,47.59648710591397,-5.580537426794358,-10.494264159819359,Kankai,4,4,50.70071109953052
4864,10191.757164185607,9122.407145698924,-1069.3500184866825,-10.492302762515154,Ganga,1,1,9725.419900938967
4096,3220.048176287879,2882.468466424731,-337.57970986314785,-10.483685068722014,Yamuna,1,1,3072.174189342723
4251,3232.770311835227,2894.678091021505,-338.0922208137217,-10.458281541870154,Yamuna,1,1,3084.7140665727698
4730,16.596594412007576,14.86729018548387,-1.7293042265237055,-10.419632989720833,Karmanasa,3,3,15.843887973474178
4369,16.358467593219697,14.655080106989248,-1.703387486230449,-10.412879302560551,Katni,4,4,15.609735801760563
4605,163.32459922613637,146.3291237983871,-16.995475427749284,-10.405949568085362,Koel,3,3,155.84434914788733
4191,13.407240774640153,12.018385016666667,-1.3888557579734861,-10.358997658940474,Ajmar,5,5,12.799901353403754
4444,39.69790446617424,35.59736038333333,-4.100544082840912,-10.329371633041488,Rohini,3,3,37.897797367723
3923,37.741115010303034,33.86766104301075,-3.873453967292285,-10.263220803717276,Banganga,4,4,36.04026033568075
3524,16.90330380806818,15.17543199704301,-1.727871811025171,-10.222095222594497,Banganga,4,4,16.1511086221831
4254,3250.708184367424,2918.4932347580643,-332.2149496093598,-10.219771531845687,Yamuna,1,1,3105.2621680633806
4549,9.934317974583333,8.919425183333333,-1.0148927912500003,-10.216028859218865,Madad,5,5,9.493770108802817
4876,94.58582346174242,84.93332574193548,-9.652497719806945,-10.20501526183904,Kosi,2,2,90.36306185093898
3887,8.192120845642046,7.358482183494624,-0.8336386621474219,-10.17610308557511,Kosi,2,2,7.825473060105634
4275,111.75914674876894,100.44456000134409,-11.314586747424855,-10.124081184030235,Sonar,3,3,106.72786683568076
4592,5.457513508897728,4.906668791854838,-0.5508447170428896,-10.093327595887995,Maila,5,5,5.215582969542253
4262,10.781152370227272,9.694107908494624,-1.0870444617326473,-10.082822544411659,Shyam,4,4,10.296930526713615
4232,3265.00861942803,2935.964939543011,-329.0436798850192,-10.077880895232111,Yamuna,1,1,3120.9877603873238
3828,2008.3915878333332,1806.469477392473,-201.92211044086025,-10.053921340045804,Yamuna,1,1,1920.2707666431925
4601,158.00075037670453,142.11719789247311,-15.883552484231416,-10.05283357601906,Koel,3,3,151.00797975821595
4297,70.96157283602273,63.885382610752686,-7.0761902252700395,-9.971862153649875,Sonar,3,3,67.81995214366198
4044,3284.8494266439398,2958.8356216397847,-326.0138050041551,-9.92477166106321,Yamuna,1,1,3142.212830492958
3284,6.838020969098485,6.1634479519623655,-0.6745730171361197,-9.865032882826249,Bata,5,5,6.539674414953052
4811,10.130575255185606,9.140441706908602,-0.9901335482770044,-9.773714950394135,Panar,5,5,9.694576757558684
4600,145.51372952575758,131.3453409032258,-14.16838862253178,-9.736805364488864,Koel,3,3,139.27399572887325
4298,89.69776816647727,80.9869248435484,-8.71084332292888,-9.711326715244162,Sonar,3,3,85.82632888943662
4771,12.950279290511364,11.6945111922043,-1.2557680983070636,-9.696841821991912,Ghaghara,1,1,12.407280108333334
4824,25.61638113066288,23.15538444139785,-2.4609966892650306,-9.607120836905453,Ratua,5,5,24.524309958685446
4927,15.385060801742423,13.908688371774193,-1.4763724299682295,-9.596142966175499,Mahara,5,5,14.737848330633803
4550,11.762810754829546,10.637599847311828,-1.1252109075177188,-9.56583363424199,Morhar,4,4,11.267836582042255
4184,16.410876037935605,14.843124463978494,-1.5677515739571106,-9.553125441524722,Narain,5,5,15.719823625234742
3431,5.18092116969697,4.686128307580645,-0.49479286211632534,-9.550287408547186,Sohadra,5,5,4.964248849788732
3412,35.452281453124996,32.0778566311828,-3.374424821942199,-9.518216271649155,Morel,4,4,33.98059839706573
3461,94.75294008295455,85.78534340188172,-8.967596681072834,-9.464188312491263,Sindh,3,3,90.82553662382628
4557,20.932763525852273,18.961308738978495,-1.9714547868737782,-9.418034004153357,Punpun,3,3,20.075132511737092
1525,15380.35927155303,13934.015445698924,-1446.3438258541064,-9.403836414466682,Padma,1,1,14739.192419953051
3393,1979.7193783409093,1793.5992460483872,-186.12013229252216,-9.401339115470945,Yamuna,1,1,1898.5144007159624
4598,131.13025087064392,118.87467307258065,-12.255577798063271,-9.34611023519892,Koel,3,3,125.72937177112676
4624,8.734891197905302,7.920496044892473,-0.8143951530128293,-9.323472205448052,Kanhar,3,3,8.373316915305164
4844,26.212808472007577,23.77344671021505,-2.439361761792526,-9.305991627709401,Mechi,4,4,25.126396564788735
3523,10.43418249344697,9.466696837634409,-0.9674856558125615,-9.2722707928501,Banganga,4,4,10.012877088615022
4938,5.2924148004450755,4.802179789381721,-0.4902350110633549,-9.262974077960171,Kamala,3,3,5.077046082511737
5171,4.093791308306818,3.714622396935484,-0.3791689113713339,-9.262047887051605,Jam,5,5,3.927423647511737
4103,94.99701707897728,86.19965925806451,-8.797357820912765,-9.260667430850953,Katni,4,4,91.12667587206572
4110,23.672916633958334,21.49096862419355,-2.1819480097647848,-9.217064561596198,Betwa,2,2,22.694863278521126
4735,27.99200996814394,25.423380441935482,-2.5686295262084577,-9.176295411196495,Banganga,4,4,26.863708005164316
4283,361.6049411215909,328.45635516129033,-33.14858596030058,-9.167072180342318,Ken,2,2,346.807755971831
4747,5.3363944909261365,4.847910157526882,-0.48848433339925457,-9.153827256022026,Rapti,2,2,5.120449398122066
4104,106.71001407007574,96.98263763037635,-9.727376439699398,-9.115710952218127,Son,2,2,102.43278396185447
4915,22.110173064924243,20.099686265860214,-2.0104867990640294,-9.093039630040172,Jhim,5,5,21.229111796126762
4778,361.6099934185606,328.7304995537634,-32.879493864797155,-9.092529095770706,Sharda,2,2,347.2942484730047
4895,41.009102286079546,37.28179708548387,-3.727305200595673,-9.088970479270644,Kosi,2,2,39.38707007664319
3302,21.386404090757576,19.454152139247313,-1.9322519515102634,-9.034954840048647,Hindon,3,3,20.54279970786385
4250,388.8616062331439,353.80524286021506,-35.05636337292884,-9.015125898520983,Ken,2,2,373.2114139471831
4102,7.640452771511365,6.9541433029569895,-0.6863094685543754,-8.982575890180078,Bhandar,5,5,7.33984875713615
3789,6.297499205655303,5.7322399415860215,-0.5652592640692813,-8.975932280573614,Parbati,3,3,6.052130992593897
4122,433.62006579848486,394.7336268010753,-38.886438997409584,-8.967859668994464,Ken,2,2,416.2960502535211
5137,8.668895444242425,7.893235316666667,-0.7756601275757582,-8.947623518644747,Nakti,5,5,8.33049367112676
4259,392.37973607462123,357.4056623709677,-34.97407370365352,-8.913323112333783,Ken,2,2,376.76696834741784
4281,351.34006486060605,320.06084042473117,-31.27922443587488,-8.902834479832208,Ken,2,2,337.3733527370892
3788,3.489987412168561,3.1796337497580645,-0.31035366241049633,-8.892687157792727,Papras,5,5,3.3554691604694837
4046,4.748726518583333,4.326849490698924,-0.42187702788440884,-8.884003452998712,Gomti,2,2,4.5637067642723
4877,105.39903008238636,96.04018968817205,-9.358840394214312,-8.87943692356454,Kosi,2,2,101.31214572065727
3592,5.876668915556818,5.356476920376344,-0.5201919951804745,-8.851817290632342,Londri,5,5,5.650096240985915
4187,4.572854906412879,4.169011125645161,-0.4038437807677182,-8.83132723501408,Betwa,2,2,4.394448433215962
3800,659.0801421308712,600.9100176801076,-58.17012445076364,-8.825956167135287,Ganga,1,1,633.5994124976526
1527,28241.927314280307,25756.28358091398,-2485.643733366327,-8.801253914811547,Padma,1,1,27146.66145011737
1445,28292.052967670454,25802.86565483871,-2489.187312831742,-8.798185538801851,Padma,1,1,27195.311758215965
1429,28389.549558806822,25892.32163360215,-2497.227925204672,-8.7962928754183,Padma,1,1,27289.293416901408
1497,28356.399783901514,25862.413093548388,-2493.9866903531256,-8.795145749669572,Padma,1,1,27257.541894131453
4182,3.7796159909772724,3.448351715026882,-0.33126427595039054,-8.764495566247659,Betwa,2,2,3.6338018607277
4739,25.289780292310606,23.073559164784946,-2.2162211275256603,-8.763307161666033,Danau,4,4,24.318232646009392
4879,115.37069004109848,105.26119438978495,-10.109495651313537,-8.762620426134431,Kosi,2,2,110.96261339553992
4265,3.259804520852273,2.974430190672043,-0.28537433018022984,-8.75433874499993,Shyam,4,4,3.1324689520305165
4955,12.282569505208333,11.20738690483871,-1.0751826003696223,-8.753726978004881,Iwa,5,5,11.803079563497652
4277,346.29145338977276,315.9961892177419,-30.29526417203084,-8.748487401429344,Ken,2,2,332.7611062464789
3528,9.610568772897727,8.76989055188172,-0.8406782210160078,-8.747434630370279,Barah,4,4,9.243617279694837
4296,18.703025557727273,17.07371254704301,-1.629313010684264,-8.71149432831258,Kopra,5,5,17.97555022887324
4260,410.6393713151515,375.0197990913979,-35.61957222375361,-8.67417366963014,Ken,2,2,394.7518327558686
4863,11729.629850151516,10717.827221774194,-1011.8026283773215,-8.62604055970489,Ganga,1,1,11288.112461971832
4834,11745.553839223485,10735.453424462365,-1010.1004147611202,-8.599853430393022,Ganga,1,1,11304.784295774649
5093,63.16893016089015,57.75665866532258,-5.412271495567566,-8.567932814094851,Phalgu,3,3,60.812385570422535
4616,29.313646383484848,26.802424301612902,-2.5112220818719457,-8.566733899358065,Koel,3,3,28.201313401995304
4050,344.01013992973486,314.5862091075269,-29.42393082220798,-8.553216143052616,Sharda,2,2,331.19407525704224
4835,11793.351623068182,10785.116116666666,-1008.2355064015155,-8.549185495575099,Ganga,1,1,11353.386415023475
3347,4.565872246371212,4.176157663951613,-0.38971458241959933,-8.535380785770567,Manki,5,5,4.394838872476526
4836,11810.363669867424,10806.004665591397,-1004.3590042760261,-8.504048074645787,Ganga,1,1,11372.114455633804
3435,6.038142930839015,5.52651306094086,-0.5116298698981554,-8.473298425664513,Galwa,5,5,5.815351964671361
1549,87.08914056950758,79.75340120295698,-7.335739366550598,-8.423253827721263,Punarbhaba,4,4,83.82393540669014
4826,141.9224875497159,129.9767352889785,-11.945752260737407,-8.417096167760429,Kankai,4,4,136.59406079460092
4851,67.80288765776515,62.1056399438172,-5.697247713947952,-8.40266235076121,Nagar,5,5,65.26366815739436
5172,6.6795240398560605,6.119088206612903,-0.5604358332431572,-8.39035580827454,Lilajan,4,4,6.432846996478874
3587,68.73618314460228,62.98997392446237,-5.74620922013991,-8.359802591964476,Parbati,3,3,66.23892779741784
4143,14.366415431666667,13.166093419086021,-1.2003220125806457,-8.355055708154437,Dhasan,3,3,13.833526857629108
4561,57.50239868443182,52.715614848118285,-4.786783836313532,-8.324494187769432,Phalgu,3,3,55.41487341115024
3411,30.753590629867425,28.204919959408603,-2.5486706704588222,-8.287392197981564,Morel,4,4,29.642119815258216
4838,12347.342849924242,11324.670893279568,-1022.6719566446736,-8.28252660572188,Ganga,1,1,11900.703923356807
4617,14.420716353939394,13.228195584677419,-1.192520769261975,-8.269497436832998,Burha,5,5,13.891104552699531
2959,12360.476447916666,11340.552448924731,-1019.9239989919352,-8.251494214560324,Ganga,1,1,11915.043745187793
7679,7.277509355227274,6.6776700920430105,-0.5998392631842631,-8.242370210811366,Mendha,3,3,7.017628425516431
3673,7.734048855770834,7.097025558064517,-0.6370232977063175,-8.236608141297122,Padma,1,1,7.455330853485916
2973,12414.208037121212,11397.737075537634,-1016.4709615835782,-8.187964617187875,Padma,1,1,11970.29781173709
2960,12400.252140435605,11385.688265860215,-1014.5638745753895,-8.181800362486413,Ganga,1,1,11957.178962558684
3791,13.39534885153409,12.299912604032258,-1.0954362475018318,-8.177735866702553,Mej,4,4,12.921749874061033
4608,12.598409734848484,11.569922691935483,-1.0284870429130013,-8.163625922310667,Kanhar,3,3,12.146521133802816
4741,11.676077947708333,10.72441650997312,-0.9516614377352131,-8.150523163662127,Danau,4,4,11.258473935457745
4271,212.29351717272726,195.00677711290322,-17.28674005982404,-8.142848773737693,Sonar,3,3,204.55850189788734
4274,322.43619007045453,296.25867802956986,-26.177512040884665,-8.118664358105924,Ken,2,2,310.7332513568075
4607,8.01049976503788,7.361023941586021,-0.6494758234518585,-8.10780653519921,Kanhar,3,3,7.7258285901056345
1551,12799.646398352274,11763.756144892473,-1035.8902534598,-8.093116178530936,Padma,1,1,12347.029978286386
1553,12807.739893295455,11771.20543763441,-1036.5344556610453,-8.093031747183172,Padma,1,1,12354.839418309859
1523,12861.499447386364,11822.201578225808,-1039.2978691605567,-8.080689762590291,Padma,1,1,12407.399988380283
3464,420.74269119318177,386.84715745698924,-33.89553373619253,-8.056119439667125,Betwa,2,2,405.8094919119718
4852,22.149042726420454,20.368754122311824,-1.7802886041086303,-8.037767708962951,Sudhani,5,5,21.35351345293427
3582,41.48052081284091,38.15151695241936,-3.329003860421551,-8.02546302502308,Newaj,4,4,40.03601303204225
4888,11.522655593920454,10.607397073387098,-0.9152585205333565,-7.9431213844164725,Kosi,2,2,11.123728404342724
4343,42.01664243147727,38.71929609623656,-3.297346335240711,-7.847714963465201,Kanhar,3,3,40.555748752699536
3396,1.9113865735435607,1.7613990437903224,-0.14998752975323826,-7.847053643113814,Dhund,5,5,1.8461679467018781
3598,4.345995009339015,4.005775671209678,-0.34021933812933725,-7.828341666252428,Chhoti Kali Sindh,4,4,4.197951649061033
3488,5.1879905071306816,4.782125034139785,-0.4058654729908966,-7.823173007603831,Aerma,5,5,5.007438008978873
4804,16.284310739867426,15.013706826612903,-1.2706039132545222,-7.802626304248886,Sharda,2,2,15.741169440023475
4940,7.394214756155303,6.819595512311828,-0.5746192438434745,-7.77120036127073,Kamala,3,3,7.141783414295775
4845,35.60514529282197,32.85192471854838,-2.753220574273591,-7.732648053057216,Dahuk,5,5,34.37232915011737
4590,60.11128152083334,55.46791827688172,-4.643363243951619,-7.724611963799714,Koel,3,3,58.055102097417844
4077,10.256656842935607,9.465665861182796,-0.7909909817528114,-7.71197665931093,Tons,2,2,9.91157061685446
4822,60.386669350871216,55.74382570779569,-4.642843643075523,-7.688524127897674,Parman,5,5,58.31825588086855
3678,37.49200448564394,34.615755421505376,-2.8762490641385625,-7.671633201793483,Padma,1,1,36.21592758720657
4273,301.16632855928026,278.08818408870974,-23.07814447057052,-7.662923202926359,Ken,2,2,290.8415646725352
4846,74.69328353715909,68.9798594954301,-5.7134240417289845,-7.6491804499217375,Mechi,4,4,72.13677660915492
5084,6.4214332830625,5.932368949462365,-0.489064333600135,-7.616124189752403,Padma,1,1,6.204239634471831
3683,9.684729427329547,8.957579846505377,-0.7271495808241699,-7.508207495939027,Padma,1,1,9.362489949413145
4596,88.3688126997159,81.76571254973119,-6.603100149984712,-7.472206481287193,Koel,3,3,85.44667409859156
1495,17.775532533598486,16.448557611290322,-1.326974922308164,-7.46517675237002,Padma,1,1,17.1842883149061
3677,20.325878327821968,18.811515411290323,-1.5143629165316455,-7.450418093169399,Padma,1,1,19.654104644248825
3879,9.216276257399622,8.532762550537635,-0.6835137068619872,-7.41637606959973,Gangan,4,4,8.915503199495305
4602,64.4442403967803,59.685879981182794,-4.758360415597508,-7.383686092504925,Kanhar,3,3,62.34241124061033
4272,278.1934432839015,257.6541263172043,-20.539316966697186,-7.383106058950655,Ken,2,2,268.9957825809859
3927,25.60216362731061,23.723887986021506,-1.878275641289104,-7.336394176019913,Solani,4,4,24.775044011150236
4306,35.709207821079545,33.10071748252688,-2.608490338552663,-7.304811553430322,Sonar,3,3,34.5456753100939
4872,8.103687835189394,7.513923723655914,-0.58976411153348,-7.277724951009251,Bagmati,2,2,7.850698356338028
3862,4.370981163092803,4.053167914086021,-0.31781324900678154,-7.270981895101658,Ramganga,2,2,4.233813783802817
3408,28.251898493939393,26.1995507327957,-2.052347761143693,-7.264459631213681,Morel,4,4,27.3571037814554
4850,84.16934137320075,78.0880755516129,-6.081265821587849,-7.225036720465659,Kankai,4,4,81.44488112640845
3659,4.9716787404166665,4.61346758766129,-0.3582111527553762,-7.20503418379272,Chhoti Kali Sindh,4,4,4.815786290387324
1560,13.233757986458333,12.280839317204302,-0.9529186692540303,-7.2006656781023235,Tangan,4,4,12.80849325786385
1496,59.81659937984848,55.51480910887097,-4.301790270977513,-7.191632950680135,Padma,1,1,57.91545506115023
4108,11.688630864941288,10.848843562258065,-0.8397873026832237,-7.184650729300294,Betwa,2,2,11.308174509448358
4228,15.297978160549244,14.200833318655913,-1.0971448418933303,-7.171829050734764,Bhagirathi,3,3,14.82628099758216
3654,13.853221901628789,12.863170292473118,-0.990051609155671,-7.146724539504171,Ashamati,5,5,13.421297388732395
4942,5.587559958333333,5.189102544569892,-0.3984574137634409,-7.13115235871748,Kamala,3,3,5.412461678028169
4541,5.738375904477272,5.32917662077957,-0.40919928369770187,-7.130925030171532,Sorhur,5,5,5.557928078720657
3926,7.451358432208333,6.920336536747311,-0.5310218954610217,-7.126511230028759,Solani,4,4,7.217183010892018
3521,3.7874128689204545,3.51935053172043,-0.26806233720002437,-7.077716279620487,Sanwan,4,4,3.6710523127934276
3839,11.312973849708333,10.514736586801074,-0.7982372629072589,-7.0559454438042275,Deoha,4,4,10.961827737030518
4308,13.779955258939395,12.812313641666666,-0.9676416172727293,-7.0220954937063125,Bearma,3,3,13.348480674647888
4287,43.84214905657197,40.77306652715054,-3.0690825294214292,-7.000301297870277,Bearma,3,3,42.46830070093897
4307,16.164007832083335,15.033856274462366,-1.1301515576209695,-6.991778087225212,Bearma,3,3,15.659296978521127
3625,18.006787222897728,16.751244955107527,-1.2555422677902008,-6.972605675006991,Mej,4,4,17.464630498356808
5085,94.91952596429924,88.30330781854839,-6.6162181457508495,-6.970344698349332,Nagar,5,5,91.9617335269953
4551,11.067045630303031,10.30564498844086,-0.7614006418621706,-6.87989068895998,Dharmauti,5,5,10.735725271596243
4047,7.354278084706439,6.849663583897849,-0.5046145008085903,-6.861509654604432,Gomti,2,2,7.132793411220657
3890,9.66627976923485,9.003204815537634,-0.6630749536972154,-6.859670623310567,Ramganga,2,2,9.371308812488262
3661,70.49545395719697,65.6951048172043,-4.800349139992676,-6.809444964929688,Padma,1,1,68.36499730633803
3392,1704.2260665000001,1588.771692231183,-115.45437426881722,-6.774592675133056,Yamuna,1,1,1653.9609911737089
4229,10.980106796602273,10.236611019059138,-0.743495777543135,-6.77129823339428,Jadh Ganga,4,4,10.663585850528168
3847,302.0647744373106,281.7167087311828,-20.348065706127784,-6.736325261372292,Sharda,2,2,293.203038471831
1548,57.37974613195075,53.52493957016129,-3.8548065617894665,-6.718061374696455,Punarbhaba,4,4,55.655701695774646
3840,17.31472645439394,16.153315620430106,-1.161410833963835,-6.707647602882602,Deoha,4,4,16.805140498122068
4440,20.22206160348485,18.866434448655916,-1.3556271548289338,-6.703704011045638,Rohini,3,3,19.624927112441313
4589,25.144931187689394,23.464128705376343,-1.6808024823130516,-6.684458469052995,Auranga,4,4,24.4007448528169
1552,5.397827665344697,5.0398009276612905,-0.35802673768340654,-6.632793039726352,Padma,1,1,5.238577650774649
3311,17.449764812727274,16.308830268817204,-1.1409345439100704,-6.538394964944805,Tons,2,2,16.959023804342724
3463,400.78448339905304,374.6489801290322,-26.13550327002082,-6.5210866070376845,Betwa,2,2,389.2585315680751
5091,7.550735140075757,7.05950478077957,-0.4912303592961864,-6.5057289149101045,Balan,5,5,7.337429706279342
4891,15.787181077310606,14.761593996774193,-1.025587080536413,-6.496328100083621,Balan,5,5,15.335545285563379
4289,64.00574462327651,59.84845723763441,-4.1572873856421,-6.49517853453774,Bearma,3,3,62.13568717946009
4842,47.36400912225379,44.29135405215054,-3.0726550701032522,-6.487320493018775,Mechi,4,4,45.982861709037564
3462,390.7574421655303,365.62901651612907,-25.12842564940121,-6.43069662605593,Betwa,2,2,379.6752462840376
4238,25.309189008579544,23.704909476612904,-1.6042795319666396,-6.33872358147393,Alaknanda,3,3,24.62153532875587
4406,11.482134993560607,10.754740153225805,-0.7273948403348012,-6.335013834471878,Ganga,1,1,11.16774049483568
4290,75.9396948830303,71.14456837849463,-4.7951265045356735,-6.314387372666684,Bearma,3,3,73.77709135469483
4293,4.411610291439394,4.136013557419354,-0.2755967340200396,-6.247077955975108,Bearma,3,3,4.286337623638498
3291,12.278750542954544,11.521809602688172,-0.7569409402663716,-6.1646414072700475,Yamuna,1,1,11.943506646244131
3776,83.73822996761365,78.59117452284946,-5.147055444764192,-6.146601673757436,Parbati,3,3,81.50647842723005
4109,18.81442981632576,17.6611171077957,-1.1533127085300592,-6.129937073773559,Betwa,2,2,18.289033552934274
4378,14.622859891534091,13.727371757795698,-0.8954881337383931,-6.123891908838135,Tipan,5,5,14.229674593075117
4099,11.749742364547348,11.036377233037634,-0.7133651315097147,-6.071325731040373,Gudne,5,5,11.436247201056338
3553,4.36099689988447,4.096675979086021,-0.2643209207984487,-6.061020607592062,Kali,3,3,4.2445890664788735
3939,39.765356202973486,37.35577461935484,-2.409581583618646,-6.059499558659725,Karmanasa,3,3,38.767669865140846
3653,10.040079636931818,9.43200478844086,-0.6080748484909577,-6.056474355583711,Kanh,5,5,9.773649297769953
4733,11.153982431837122,10.480019908064515,-0.673962523772607,-6.042348801347374,Banganga,4,4,10.856698848356807
4292,84.48448868818181,79.39492113333333,-5.089567554848486,-6.024262718370981,Bearma,3,3,82.1827527443662
4091,11.344018400227274,10.661923879381721,-0.6820945208455527,-6.012812186833963,Yamuna,1,1,11.083304707312205
5077,36.39337825498106,34.205434397311826,-2.1879438576692323,-6.011928440223255,Tangon,5,5,35.41306835023474
3469,74.18155248068182,69.74209936155914,-4.439453119122675,-5.9845783360745735,Sindh,3,3,72.23334192840376
4294,98.57614635564394,92.78288044032257,-5.793265915321371,-5.876945011037835,Bearma,3,3,95.95238725774648
1562,19.497075750643937,18.352547884946237,-1.1445278656977003,-5.870253982369123,Punarbhaba,4,4,18.983422844248828
3555,13.33304703564394,12.551970590322581,-0.781076445321359,-5.858199129075792,Solani,4,4,12.987122060093897
5130,13.027007987632576,12.271259636532259,-0.7557483511003174,-5.8013962363253375,Jamni,4,4,12.69517304681925
4798,292.2157495744318,275.3060913521506,-16.909658222281223,-5.78670323105705,Mahakali,2,2,284.8581986725352
4190,11.631176785700758,10.96999692688172,-0.6611798588190378,-5.684548270574695,Betwa,2,2,11.342599511150235
5139,39.63954515909091,37.426026108870964,-2.2135190502199436,-5.584118186361926,Kiul,3,3,38.67125150762911
3554,5.366384109494318,5.070078493198925,-0.29630561629539276,-5.521513373803465,Kali,3,3,5.237602326291079
4914,12.805478983693183,12.104890860215054,-0.7005881234781288,-5.471002875958606,Lakhandei,5,5,12.4980376592723
4285,9.449216351755682,8.938135372446236,-0.5110809793094457,-5.408712852833409,Bearma,3,3,9.217000836643193
4302,36.04784797630682,34.098957520698924,-1.948890455607895,-5.406398897623078,Ken,2,2,35.18679567969484
4734,12.18934217965909,11.536452871962366,-0.6528893076967233,-5.356230861959306,Banganga,4,4,11.899440377664318
4194,48.94986741753788,46.328461522849466,-2.621405894688415,-5.3552870170782345,Betwa,2,2,47.80127288204225
3730,9.331645145511363,8.832420488897851,-0.4992246566135119,-5.34980326436486,Berach,4,4,9.117711590575118
4873,29.996116189583336,28.39218765860215,-1.603928530981186,-5.347120676703398,Balan,5,5,29.30829176701878
5134,9.52586842435606,9.017493645967743,-0.5083747783883172,-5.336781443343134,Kiul,3,3,9.302518414788732
4288,4.983777301660985,4.717952001693549,-0.2658252999674362,-5.333811763195005,Bearma,3,3,4.86203389084507
3727,8.62546638277841,8.166497394623656,-0.4589689881547532,-5.321091843464022,Mej,4,4,8.42840008564554
4171,10.05378584821212,9.52046867795699,-0.5333171702551311,-5.30464024504731,Bina,4,4,9.81640852084507
4101,23.22697592770833,22.008136408602148,-1.218839519106183,-5.247517037515777,Satna,4,4,22.693799749178403
3348,9.044432112089016,8.570417666505376,-0.4740144455836397,-5.240953104729042,Kuno,4,4,8.836064239753522
4924,30.52370495125,28.924048567204302,-1.5996563840456979,-5.240701895790632,Bagmati,2,2,29.830709923474178
4286,16.39032836910985,15.538763774462366,-0.851564594647483,-5.1955310196981195,Bearma,3,3,16.001703474647886
5100,14.580490056931819,13.826245308333334,-0.7542447485984844,-5.172972552043293,Ganga,1,1,14.2517313407277
5078,75.99182348229166,72.12179049193549,-3.8700329903561794,-5.092696573149098,Tangan,4,4,74.25595527758216
3778,98.12555370738636,93.12952529032258,-4.996028417063783,-5.091465197701819,Parbati,3,3,95.96276251995306
1526,16.244498937632578,15.419873594354838,-0.8246253432777397,-5.076335973449964,Padma,1,1,15.880005840375587
2481,14.631629942272728,13.892431454301075,-0.7391984879716524,-5.05205838917515,Son,2,2,14.308983899882628
3781,1.8297871403750001,1.7374670236021506,-0.09232011677284957,-5.045401988885401,Ghora Pachhar,4,4,1.7900594872535212
5136,5.408354930772727,5.1363415389784945,-0.2720133917942329,-5.02950333837222,Ulai,5,5,5.2893203682863845
4420,3.5887116172840905,3.4091716143548387,-0.17954000292925176,-5.002909736868917,Ghaghara,1,1,3.512447381338028
4536,3.3516913645416664,3.1846044727150535,-0.16708689182661285,-4.985151484837312,Adari,5,5,3.2796381153286385
3780,108.30611740501895,102.94189899731182,-5.364218407707128,-4.9528304921569895,Parbati,3,3,105.983769564554
4827,388.9551526912879,369.69558051344086,-19.25957217784702,-4.951617697974878,Mahananda,2,2,380.21837844248824
5163,7.392579696799243,7.026545069811828,-0.36603462698741485,-4.951378842028534,Kunda,5,5,7.232728709002347
4270,65.80108772587121,62.55776290860215,-3.2433248172690625,-4.928983591853109,Ken,2,2,64.34256820610328
2971,374.0540550859848,355.7621426747312,-18.291912411253634,-4.890178882581242,Padma,1,1,365.8362425058686
3578,45.27242270013257,43.06643549623656,-2.205987203896015,-4.872695279657643,Kali Sindh,3,3,44.31961001596244
3594,13.32003319348485,12.671935121505376,-0.648098071979474,-4.865589015922831,Lakundar,4,4,13.040260820070424
2912,19.344053311155303,18.403866764166665,-0.9401865469886381,-4.860338895191385,Padma,1,1,18.93275565559859
4615,5.065613479948864,4.823362113978495,-0.24225136597036911,-4.782271030533001,Chaupat,5,5,4.957696393579813
3811,571.2686914140152,544.0003287338709,-27.268362680144264,-4.773298990471383,Ganga,1,1,559.2883454812206
4941,58.04456558210228,55.278381683602156,-2.766183898500124,-4.765620813523775,Kamala,3,3,56.81025150093897
3656,32.506578569090905,30.967480727419353,-1.539097841671552,-4.734727274973852,Shipra,4,4,31.83572480410798
4144,26.897824777575757,25.627336473924732,-1.2704883036510246,-4.723386794869035,Bina,4,4,26.330321835328636
4156,23.969210421666666,22.84009361129032,-1.1291168103763454,-4.71069672514408,Urvashi,5,5,23.46898471866197
4913,8.268028360606062,7.881003441854839,-0.3870249187512229,-4.680981993182874,Bagmati,2,2,8.096962487992958
4231,14.867915027897729,14.182622761827956,-0.6852922660697729,-4.609202196702834,Jadh Ganga,4,4,14.579977696948356
3760,117.96484655596592,112.56786902553763,-5.396977530428288,-4.575072733950284,Parbati,3,3,115.62843569366197
4303,4.57706220740341,4.369168570591398,-0.20789363681201145,-4.542075842354578,Sonar,3,3,4.483229234800469
2931,17.539975856950758,16.752002333064517,-0.7879735238862402,-4.492443606038267,Bhairab,5,5,17.188659837206572
4446,11.573407183011364,11.058051658037634,-0.5153555249737298,-4.452928310776291,Danau,4,4,11.346115455035212
4875,72.20398735823863,68.99417851801076,-3.209808840227879,-4.445473107049444,Kamala,3,3,70.77895424084507
4939,50.420136292045456,48.2149420938172,-2.2051941982282557,-4.37363791611995,Kamala,3,3,49.4321225076291
4825,116.7161386317235,111.62247422849462,-5.093664403228871,-4.364147463189303,Panar,5,5,114.42632022828639
4828,517.4234051022727,494.9333441129032,-22.490060989369454,-4.346548835556467,Mahananda,2,2,507.2085651725352
3810,565.1124704395834,540.587117016129,-24.525353423454362,-4.339906603791074,Ganga,1,1,554.3308548251174
4817,25.30491538344697,24.2163744983871,-1.0885408850598708,-4.3016973918511185,Parman,5,5,24.815279339319247
4441,33.54122161977273,32.10671688575268,-1.4345047340200452,-4.276841047358863,Dande,5,5,32.90361223931925
4612,8.526759699450757,8.174031553225808,-0.3527281462249494,-4.136719676146967,Panda,5,5,8.3838633221831
1528,43.70418428772727,41.89781951478495,-1.8063647729423238,-4.133162081346923,Padma,1,1,42.90477337429577
4300,25.362651037897727,24.324610173655916,-1.038040864241811,-4.0927932284788975,Katni,4,4,24.90328208732394
3761,128.15360261486742,122.9409092782258,-5.212693336641621,-4.0675355435047935,Parbati,3,3,125.8974313169014
4409,7.448089058825758,7.14566906155914,-0.30241999726661817,-4.060370316172035,Ganga,1,1,7.317647200234743
5138,26.32496023939394,25.269539162903225,-1.0554210764907133,-4.009202927157057,Kiul,3,3,25.861138388497654
3853,79.67913156912878,76.51478059946237,-3.1643509696664154,-3.971367291975387,Gaula,4,4,78.26306117957746
3584,63.18937712719698,60.70875499677419,-2.4806221304227876,-3.925694860750759,Newaj,4,4,62.119945697652575
4174,51.93619992212122,49.906393112903224,-2.0298068092179946,-3.9082697853553157,Bina,4,4,51.03015318075117
5086,156.36005409507578,150.26742209139783,-6.092632003677949,-3.896539969200371,Nagri,5,5,153.5969928673709
3687,9.046245764564393,8.697771099462367,-0.3484746651020263,-3.8521467818955117,Padma,1,1,8.891644415375588
4805,49.97617223340909,48.062378617473115,-1.9137936159359725,-3.829412158653881,Sharda,2,2,49.16598636913146
4126,18.102348790700756,17.41261626344086,-0.6897325272598955,-3.8101825085494636,Sonar,3,3,17.78995183673709
4936,44.490016617462125,42.81175580430108,-1.678260813161046,-3.7722188948392894,Kamala,3,3,43.73328893532864
4900,31.052812508541667,29.883517783333332,-1.169294725208335,-3.7655034463841184,Kosi,2,2,30.544672680399064
4535,3.265090509157197,3.142735306612903,-0.122355202544294,-3.7473755230104473,Ganga,1,1,3.2114200679694838
3657,9.189456269659091,8.847578913064517,-0.3418773565945745,-3.720321927243443,Chambal,2,2,9.035817877417841
5135,20.78885989964015,20.01566837446237,-0.7731915251777828,-3.719258915161415,Kiul,3,3,20.44852296326291
3468,63.218930665094696,60.869932383333335,-2.348998281761361,-3.7156564608871534,Sindh,3,3,62.1867328149061
3762,134.14762237660983,129.1762686518817,-4.971353724728118,-3.705882845073019,Parbati,3,3,131.99678624413147
4917,9.800602815625,9.437997375806452,-0.3626054398185481,-3.6998279252828206,Burhi Gandak,2,2,9.641221449882629
3838,10.507682447446971,10.122035919005377,-0.38564652844159397,-3.670138780557588,Nandhaur,5,5,10.3371790325
4159,327.27324492291666,315.2837844892473,-11.989460433669365,-3.6634404491247876,Betwa,2,2,321.9673516619718
4793,276.6860766827652,266.61965618413984,-10.066420498625348,-3.638209995715475,Mahakali,2,2,272.32169711913144
2930,13.451688451117425,12.964895065860215,-0.4867933852572097,-3.618827383835016,Mathabanga,5,5,13.235049484859154
4301,24.283249555397727,23.4090903,-0.8741592553977284,-3.5998446311870094,Patne,5,5,23.87486254107981
3679,98.71508646723484,95.16385748387096,-3.5512289833638846,-3.5974531456674517,Padma,1,1,97.14218842018781
4124,7.9394645063125,7.654575152741935,-0.28488935357056455,-3.588269125002764,Dehar,5,5,7.810166503462441
4555,24.183605896136363,23.325876808333334,-0.8577290878030297,-3.546737783797836,Mohana,4,4,23.807381749765256
5080,26.841165697803028,25.89288145295699,-0.9482842448460396,-3.5329473224915016,Kuliki,5,5,26.409610686502344
4125,9.122489337515152,8.800333645430108,-0.3221556920850439,-3.5314449835552777,Sonar,3,3,8.976231531314554
4195,75.73871146856061,73.07404352258065,-2.664667945979957,-3.5182377602054524,Betwa,2,2,74.56820151220657
3519,2.449370409229167,2.363401704032258,-0.08596870519690913,-3.5098286838520294,Sanwan,4,4,2.4123374480985915
4830,37.594754374223484,36.29420155,-1.3005528242234874,-3.4593997111341688,Sui,5,5,37.000525485915496
4831,536.9255266725379,518.598180373656,-18.327346298881935,-3.413387031989538,Kalindri,5,5,528.5294184330986
4189,3.6396269116060607,3.5158316570698926,-0.12379525453616802,-3.4013171553768076,Urvashi,5,5,3.584500516267606
4158,316.85240088011363,306.3406419543011,-10.511758925812558,-3.317556974987182,Betwa,2,2,312.19730407629106
3593,12.198639277026516,11.801373859408603,-0.3972654176179127,-3.2566371428498235,Kali Sindh,3,3,12.02733139859155
4588,11.137754374924242,10.775358527150539,-0.36239584777370304,-3.2537604581189914,Auranga,4,4,10.974887140375587
3885,6.962762814905302,6.738998525645162,-0.22376428926014036,-3.213728446718369,Gomti,2,2,6.862777992781691
5082,269.87050772973487,261.2089786236559,-8.661529106078945,-3.209513028653409,Punarbhaba,4,4,265.92811353051644
3786,2.837807664721591,2.746965124193548,-0.09084254052804264,-3.2011521308282513,Machhli,5,5,2.798879198673709
4853,236.8699077022727,229.30088633064514,-7.569021371627571,-3.1954339177356585,Mahananda,2,2,233.35645905164318
4544,6.243303408333333,6.047692840860215,-0.19561056747311856,-3.133126082131852,Dharmauti,5,5,6.158141905046948
4299,19.12549033246212,18.52703037983871,-0.5984599526234113,-3.129122141290317,Ken,2,2,18.860960563849765
4291,4.669224687308712,4.524613551559139,-0.14461113574957274,-3.097112378049319,Bearma,3,3,4.600119774776995
4918,27.51738576104167,26.667844216129033,-0.8495415449126362,-3.0872901673508277,Bakalya,5,5,27.137877312676057
2913,20.82325188492424,20.183129773387098,-0.640122111537142,-3.07407370892239,Ichamati,4,4,20.5486154814554
3686,8.567691221496212,8.30614789408602,-0.26154332741019104,-3.0526698575922375,Padma,1,1,8.45149572382629
4611,92.61518817414773,89.79490124865592,-2.820286925491814,-3.0451667605411816,Kanhar,3,3,91.40969545539906
3672,138.96058848219698,134.740112827957,-4.220475654239976,-3.037174568946709,Padma,1,1,137.0897731983568
3626,36.21011919053031,35.114874238978494,-1.0952449515518126,-3.024693030665974,Mej,4,4,35.74419432206573
3779,6.069338948852272,5.8859960568548395,-0.18334289199743292,-3.0208049598565183,Chopani,5,5,5.9902008688262915
1530,50.25851544804924,48.755544153494625,-1.5029712945546123,-2.9904808790227597,Padma,1,1,49.59162863356807
4937,5.311612350280303,5.153446187446237,-0.15816616283406582,-2.977742960209043,Kosi,2,2,5.244361334401408
3428,2.933271620496212,2.8460529000268817,-0.08721872046933044,-2.9734280269133726,Sohadra,5,5,2.894142913028169
3467,59.081316230738636,57.33262162096774,-1.7486946097708937,-2.9598098372444324,Sindh,3,3,58.31250865410799
5089,163.8895590753788,159.0428158763441,-4.846743199034705,-2.9573227400078066,Nagri,5,5,161.67007764201878
4374,5.015125218092803,4.868664889086022,-0.1464603290067812,-2.920372326465628,Son,2,2,4.951199801971831
3323,75.47107114782196,73.30648115376344,-2.1645899940585167,-2.8681055683161394,Bhagirathi,3,3,74.53743137523475
4791,261.63592582556817,254.19082162634407,-7.44510419922409,-2.845597054659733,Sharda,2,2,258.42192138732395
4188,12.625731380000001,12.26780031827957,-0.3579310617204321,-2.834933287804766,Urvashi,5,5,12.467908549295775
3402,19.7091747767803,19.15546213763441,-0.5537126391458926,-2.8094156422938137,Morel,4,4,19.46903495375587
3675,182.30427459128788,177.1855286532258,-5.118745938062091,-2.8078035742924428,Padma,1,1,180.0356022664319
3290,12.185368290189393,11.85141076344086,-0.33395752674853263,-2.7406436867189843,Yamuna,1,1,12.03465976584507
4157,282.5149130160985,274.9320091586021,-7.582903857496376,-2.6840720642114495,Betwa,2,2,279.15287859859154
3596,72.98690779617424,71.03140244489248,-1.955505351281758,-2.6792549654833575,Kali Sindh,3,3,72.15071639765259
3861,93.02316045880681,90.55382041397849,-2.4693400448283285,-2.654543269277353,Gaula,4,4,91.91112908802816
3340,4.931994050899621,4.801823416801075,-0.1301706340985458,-2.639310444318196,Parbati,3,3,4.875596491936619
5087,9.022375190075758,8.790959502419355,-0.23141568765640308,-2.5649087161765434,Sudhani,5,5,8.914880424061032
3729,4.063135713583334,3.9602862116129036,-0.10284950197043008,-2.531283944727648,Berach,4,4,4.020283365387324
2919,49.46630910922349,48.23834675994623,-1.2279623492772558,-2.482421614610195,Mathabanga,5,5,48.91613237723005
3674,171.89387945416667,167.6604285,-4.2334509541666705,-2.462828209828999,Padma,1,1,170.0115383943662
3910,525.8014388003787,513.0316361370967,-12.769802663282007,-2.4286359300226414,Ganga,1,1,520.1626059507042
3605,24.676806670700756,24.08402187983871,-0.5927847908620478,-2.402194087640491,Chhoti Kali Sindh,4,4,24.422707048943664
4357,3.9610217102102268,3.8663165637903223,-0.09470514641990446,-2.3909272240489208,Son,2,2,3.9198720270422536
4197,100.43590832310606,98.08315207123657,-2.3527562518694936,-2.3425449036619344,Betwa,2,2,99.39557381514085
4172,11.509356875681819,11.241086186559139,-0.26827068912268004,-2.3308920908474966,Bina,4,4,11.387389015845072
3764,152.9362317376894,149.3784383736559,-3.5577933640335004,-2.326324719531273,Parbati,3,3,151.4009501338028
5081,191.05237461363635,186.64617992473117,-4.406194688905174,-2.3062758041169524,Mahananda,2,2,189.01590457394366
4953,35.285012367632575,34.492160495698926,-0.7928518719336495,-2.24699332303747,Iwa,5,5,34.9129448370892
2978,11.036607054810606,10.79033232876344,-0.24627472604716516,-2.2314351215378245,Barnar,5,5,10.927676649413145
4354,9.102432331484849,8.899843477231183,-0.20258885425366557,-2.2256562518231644,Banas,3,3,9.013912445504696
3782,2.010917110119318,1.9671285048118279,-0.04378860530749029,-2.1775440214386603,Manoli,5,5,1.9926133828638497
4185,270.1518412159091,264.28675765322583,-5.865083562683253,-2.1710322373837894,Betwa,2,2,267.547174778169
3450,3.681937465982955,3.603398346827957,-0.078539119154998,-2.1330921527215745,Mendha,3,3,3.6487851707863848
2910,7.632378872518939,7.471212527876344,-0.16116634464259505,-2.111613526195468,Padma,1,1,7.561889157359155
4360,4.339355320621212,4.250150481129032,-0.08920483949217939,-2.055716411796604,Son,2,2,4.29963399649061
2914,41.9970846382197,41.14664551155914,-0.8504391266605538,-2.0249956252596792,Kalindi,5,5,41.62069646079812
4203,81.36762150880682,79.7587537217742,-1.6088677870326222,-1.9772825568687498,Bhagirathi,3,3,80.67234610328639
5169,4.673135232293561,4.5852678123118285,-0.0878674199817322,-1.8802670073514465,Garhi,5,5,4.6339626638380285
3777,3.5070964402632576,3.4412757050537635,-0.06582073520949416,-1.876787146593362,Parbati,3,3,3.479168408673709
3784,5.0975416874034085,5.00198818405914,-0.09555350334426826,-1.874501655972556,Thalera,5,5,5.057574696784037
3487,51.545628163390155,50.58657181370968,-0.9590563496804734,-1.860596880574316,Sindh,3,3,51.12599699812207
4718,12.759665692670454,12.529817424919354,-0.2298482677511,-1.8013659079103614,Kuthi Yankti,4,4,12.66629963975352
3909,517.4916326202651,508.40618272311826,-9.085449897146873,-1.7556708793809168,Ganga,1,1,513.4649279436619
5196,12.146241432282197,11.937019891666667,-0.20922154061553044,-1.7225208454976275,Kosi,2,2,12.045958842946009
3785,6.490866739022726,6.381658284139784,-0.10920845488294173,-1.6824941764154029,Manoli,5,5,6.445601853215962
4223,1.8393424295265153,1.8093123388010754,-0.03003009072543983,-1.632653618128637,Jadh Ganga,4,4,1.8276515580798123
3765,161.58860454015152,158.9712485295699,-2.6173560105816307,-1.619765216755288,Parbati,3,3,160.46578368779342
4823,47.10633992282197,46.34833484112904,-0.7580050816929287,-1.6091360163723785,Keshaliya,5,5,46.75620223755868
4841,19.598163618844698,19.29824570268817,-0.2999179161565273,-1.5303368314985388,Mahananda,2,2,19.45147545962441
4848,182.0222050839015,179.24802816666667,-2.7741769172348256,-1.5240870837467846,Mahananda,2,2,180.64934644953053
4200,120.35354795871213,118.52492471774194,-1.8286232409701881,-1.5193762643353947,Betwa,2,2,119.54221187558684
3624,14.697892475738636,14.47599869032258,-0.22189378541605542,-1.5096979773278976,Kural,5,5,14.606431346713615
3346,3.2444137974166667,3.1973959101612905,-0.047017887255376145,-1.4491951456011465,Kendar,5,5,3.2234827864553988
3849,20.70206315157197,20.4024555077957,-0.2996076437762696,-1.4472356768630545,Bhakra,5,5,20.562102073239437
3595,25.245269773617427,24.89746371317204,-0.34780606044538587,-1.3777078381981114,Lakundar,4,4,25.09977030915493
4816,13.156085541439392,12.979300677688173,-0.1767848637512195,-1.3437497285524465,Singhyahi,5,5,13.073214387558684
4882,197.14671803541665,194.53368540053762,-2.6130326348790334,-1.3254253790872705,Bagmati,2,2,195.9770276314554
4861,27.871246321666668,27.504011347580644,-0.3672349740860241,-1.3176123157454263,Kosi,2,2,27.71531556126761
4183,246.80016380511364,243.60593958870967,-3.194224216403967,-1.2942553064617468,Betwa,2,2,245.37144111619716
3671,38.85893907981061,38.35833328817204,-0.50060579163857,-1.2882641767712661,Padma,1,1,38.6340918798122
4177,222.01016238617422,219.18323963172043,-2.82692275445379,-1.2733303395078448,Betwa,2,2,220.74220289906103
4575,23.808115586401517,23.514107914784947,-0.29400767161656916,-1.2349052597194947,Baya,5,5,23.685557791666668
3688,17.02576590373106,16.82334037016129,-0.20242553356976956,-1.1889364314906365,Padma,1,1,16.934944789553988
4179,242.60548099867424,239.7800173736559,-2.8254636250183296,-1.164633055027215,Betwa,2,2,241.33904607159624
4968,17.952871895511365,17.746904483145162,-0.20596741236620275,-1.1472672091962033,Kamala,3,3,17.84911770672535
4352,4.5735387958295455,4.521387153360215,-0.05215164246933046,-1.1402908075664684,Banas,3,3,4.550386894330986
3344,29.56338465810606,29.229938961021507,-0.33344569708455296,-1.1279009522785635,Sindh,3,3,29.422875371126757
5123,24.352173840625,24.080376452419355,-0.2717973882056448,-1.1161113992715697,Burhi Gandak,2,2,24.225594369835683
3485,7.370446443159091,7.289000225483871,-0.08144621767521976,-1.105037778964046,Sindh,3,3,7.333899998075117
3970,7.8396704879734855,7.753657720967742,-0.08601276700574356,-1.097147732646317,Karmanasa,3,3,7.814021209859155
4227,3.348111981880682,3.3118590522849463,-0.03625292959573567,-1.0827872482141976,Jadh Ganga,4,4,3.337238610539906
4919,8.76882670876894,8.674043769086023,-0.09478293968291673,-1.0809078891721349,Bagmati,2,2,8.730070508920187
3908,507.0712496231061,501.8898107715054,-5.181438851600717,-1.0218364491088692,Ganga,1,1,504.75194299882634
3345,39.461258457007574,39.066171000268824,-0.3950874567387501,-1.0012033883034717,Sindh,3,3,39.29239282323943
4790,135.03267145397726,133.68973812634408,-1.342933327633176,-0.9945247421775876,Sharda,2,2,134.49879584741782
4812,57.784729351155306,57.23627207876344,-0.5484572723918646,-0.9491387751579027,Sarju,3,3,57.534761477112674
4192,21.499301855037878,21.301744527150536,-0.19755732788734193,-0.9189011309269506,Halali,5,5,21.410996184037558
3574,80.47128786770834,79.75770156317203,-0.7135863045363067,-0.8867588967998309,Kali Sindh,3,3,80.17959448122066
2933,13.93596749909091,13.824456559946237,-0.11151093914467403,-0.8001664696186199,Padma,1,1,13.885134783568075
3664,3.9779757758844694,3.9462947408333333,-0.031681035051136064,-0.7964109596442189,Baveri,5,5,3.9621147144953053
3531,2.576875146789773,2.556801780913978,-0.020073365875795002,-0.7789809258241346,Barah,4,4,2.568377068133803
3337,44.44594091564394,44.100620718817204,-0.34532019682673365,-0.7769442826784413,Kuno,4,4,44.29453997582159
4181,140.4079073466856,139.328235077957,-1.0796722687285865,-0.7689540348056991,Betwa,2,2,139.92541767312207
3620,2.560743753202652,2.5413722019623655,-0.019371551240286333,-0.756481440833698,Thalera,5,5,2.553177236173709
3876,503.08642450227273,499.29145095967743,-3.794973542595301,-0.7543382921433128,Ganga,1,1,501.37332534507044
4880,173.39558193920453,172.11561405645162,-1.2799678827529135,-0.7381779099779441,Bagmati,2,2,172.79375081455402
3486,3.640726613403409,3.6142661285483872,-0.026460484855021615,-0.7267913157117265,Indar,5,5,3.6277019907981223
4175,156.12124671098485,155.0623324731183,-1.05891423786656,-0.6782640160610847,Betwa,2,2,155.6441389870892
5119,14.650945923901514,14.55284690483871,-0.09809901906280416,-0.6695746443426952,Burhi Gandak,2,2,14.602943202582159
3631,59.395507360738634,59.00518176451613,-0.3903255962225032,-0.6571635020336817,Shipra,4,4,59.22706986983568
4327,197.3898756401515,196.19333634408602,-1.196539296065481,-0.6061806828668422,Rihand,3,3,196.89291781807512
5126,48.97704006926136,48.68089024354839,-0.2961498257129733,-0.6046707299872963,Burhi Gandak,2,2,48.831252831690136
4373,49.425396675094696,49.15852643118279,-0.26687024391190306,-0.5399455783151623,Johilla,5,5,49.32539939659625
4818,21.317687574204548,21.21255039623656,-0.10513717796798971,-0.4931922264177043,Keshaliya,5,5,21.26590260211268
4176,165.5307151748106,164.77654865860214,-0.7541665162084712,-0.45560518204251393,Betwa,2,2,165.18781407042252
3413,3.800936405704545,3.786415672473118,-0.014520733231427219,-0.3820304178105722,Gambhir,4,4,3.794957410492958
5141,14.399673953939393,14.34561787688172,-0.054056077057673235,-0.3753979238042736,Burhi Gandak,2,2,14.370886571361503
4792,245.79012191818182,244.96196185215052,-0.8281600660313018,-0.3369378962702896,Sharda,2,2,245.46974137089202
4224,1.436897184867803,1.43272541627957,-0.0041717685882329825,-0.2903317392619704,Jadhang,5,5,1.4385270602147886
3632,62.8080982675947,62.62880625215054,-0.17929201544416173,-0.28546002886488586,Shipra,4,4,62.73289476725352
4854,10.419495515484849,10.389873095188173,-0.0296224202966755,-0.28429802817854644,Kankai,4,4,10.39897703048122
4372,30.737909784185604,30.651059186021506,-0.0868505981640979,-0.2825520628236791,Johilla,5,5,30.71416662640845
3669,24.334762515814393,24.270870415591396,-0.06389210022299707,-0.26255485411651586,Padma,1,1,24.302892499295776
4356,335.7692889371212,334.89036846774195,-0.8789204693792385,-0.2617632101379683,Son,2,2,335.44129308215963
3630,36.13280810221591,36.05158933360215,-0.0812187686137591,-0.2247784572513704,Chhoti Kali Sindh,4,4,36.10436032992958
4375,328.2637323721591,327.6289905806451,-0.6347417915139886,-0.19336336272274185,Son,2,2,328.04232996009387
3774,177.2286246594697,176.93623006989247,-0.29239458957721354,-0.16498158248365682,Parbati,3,3,177.12330720774648
4921,125.55766306496211,125.37260622983871,-0.18505683512340454,-0.14738792567973988,Bagmati,2,2,125.42222723767605
4078,404.27901041988633,403.7229332016129,-0.5560772182734581,-0.137547882512108,Son,2,2,404.0840277265258
5125,34.68235539157197,34.63523937150538,-0.047116020066589215,-0.13585011610266443,Burhi Gandak,2,2,34.648594546009384
3842,21.323234776363638,21.305561105645165,-0.017673670718473034,-0.08288456654833595,Gaula,4,4,21.310120376173707
5179,9.735488371310606,9.736569193521506,0.001080822210900223,0.011101879738106257,Gandak,2,2,9.7308103925
4858,37.31467671632576,37.323170560752686,0.008493844426922692,0.022762744245366864,Kosi,2,2,37.318572760328635
3670,32.71882826693182,32.731916944086024,0.013088677154200923,0.04000350210410607,Padma,1,1,32.718587849178405
4814,7.768949569810606,7.774513605913978,0.005564036103372416,0.07161889845435125,Jaulaha,5,5,7.771127694366197
3744,182.06346958238638,182.20761705913978,0.14414747675340323,0.07917429953633526,Parbati,3,3,182.14976469014084
2921,92.34719571808712,92.42671180107527,0.0795160829881496,0.08610557404568332,Padma,1,1,92.3614619665493
4545,6.876090119715909,6.886005400295699,0.009915280579789965,0.14419939830863682,Ganga,1,1,6.879646385575117
4173,15.524912404848484,15.54839802123656,0.02348561638807567,0.1512769655353484,Kevtan,5,5,15.531417672065727
4442,10.911848732537878,10.931538395698924,0.0196896631610457,0.1804429629081403,Gandak,2,2,10.915087246009389
2918,12.025613290719697,12.05001262016129,0.024399329441592954,0.2028946786474682,Ichamati,4,4,12.03756822652582
4057,424.6420531753788,425.57796955376347,0.9359163783846611,0.22040124650540066,Son,2,2,425.1079083521127
3875,477.64608263749994,478.7139098145161,1.06782717701617,0.22356033386053673,Ganga,1,1,478.0579761349765
4925,140.27231704621212,140.62820625268816,0.3558892064760357,0.2537130732351056,Bagmati,2,2,140.3773129600939
4946,16.529984876458336,16.57408974811828,0.04410487165994326,0.266817374544344,Iwa,5,5,16.537555520187794
4916,92.47371451789772,92.81436562930108,0.3406511114033606,0.368376152271281,Bagmati,2,2,92.57366429061034
4347,8.755414414189394,8.791502210994624,0.03608779680523,0.41217691245710303,Banas,3,3,8.76951364120892
3745,187.68689295757576,188.5496337392473,0.8627407816715333,0.4596702348663979,Parbati,3,3,188.08813557159624
4857,5.972527382325757,6.005807062715054,0.033279680389297184,0.5572126883466505,Kosi,2,2,5.987479016561032
3746,191.5108680753788,192.62237614784945,1.1115080724706559,0.580389031516042,Parbati,3,3,192.02135879225352
3756,5.680471025005682,5.713852668655914,0.03338164365023211,0.5876562613079911,Upreni,5,5,5.694859891361502
2929,110.54293784526514,111.21860075537634,0.6756629101111997,0.6112221398140996,Padma,1,1,110.81585504577464
4090,8.081983015435606,8.131821300994623,0.04983828555901759,0.6166591226909599,Sasur Khaderi,5,5,8.128388620739438
3684,5.292091629223485,5.324797695510752,0.032706066287267355,0.6180177627057897,Padma,1,1,5.306341019284038
4205,108.35779971912879,109.02764013037634,0.6698404112475487,0.6181746150104775,Bhagirathi,3,3,108.6427711379108
3685,104.28427159905303,104.92999108333333,0.6457194842803062,0.6191916330038113,Padma,1,1,104.5436903673709
4350,4.155486251412879,4.18224624905914,0.026759997646260913,0.6439679023643125,Banas,3,3,4.16652360008216
4815,10.648467240871211,10.717315934408601,0.0688486935373902,0.6465596595267106,Keshaliya,5,5,10.674332563732394
4552,13.216127743352274,13.303313973655914,0.08718623030364014,0.6596957293144727,Ganga,1,1,13.253154115492956
3401,5.849287270810605,5.8896338358064515,0.0403465649958461,0.689768909063254,Morel,4,4,5.8673620120892025
4196,20.7769346,20.920559878225806,0.14362527822580518,0.6912727069266761,Betwa,2,2,20.834376456455402
4618,5.716419534767046,5.758623521263441,0.04220398649639545,0.7382940709601947,Rihand,3,3,5.738593931431925
3400,8.259100846151515,8.320711552903227,0.06161070675171132,0.7459735375482186,Dhund,5,5,8.286974962629108
5127,47.81000119310606,48.168119548118284,0.35811835501222333,0.7490448568820828,Burhi Gandak,2,2,47.94836214084508
3658,20.936396561666665,21.105109793548387,0.16871323188172127,0.8058370091758076,Chambal,2,2,21.003569672300472
4901,251.91250155757575,253.96414313172042,2.051641574144668,0.8144262636666946,Burhi Gandak,2,2,252.78879749530515
3398,5.442336771755682,5.487380795510752,0.04504402375507066,0.8276596183616839,Banganga,4,4,5.462733866197183
4178,17.549927636704545,17.702685762365594,0.15275812566104818,0.8704202594064512,Kethan,5,5,17.618117094131456
3591,87.67033214431818,88.4341014032258,0.7637692589076153,0.8711832614599195,Parvan,4,4,88.02061501056339
4257,3.371340641475379,3.4030381405376344,0.031697499062255385,0.9402045783301151,Ken,2,2,3.3862478325586856
5132,162.908993875,164.45641113709675,1.547417262096758,0.9498660726393598,Burhi Gandak,2,2,163.5347011138498
4810,47.478025533314394,47.93147268575269,0.4534471524382937,0.9550674177048891,Sarju,3,3,47.66917016009389
2920,7.672715292234848,7.747589153763441,0.07487386152859266,0.9758456905649628,Padma,1,1,7.704616425352113
4410,8.062498334579546,8.141374202150537,0.07887586757099108,0.9783055362963298,Ganga,1,1,8.096250242699531
3668,8.385927599704546,8.469725587634409,0.08379798792986293,0.9992691557796816,Padma,1,1,8.420497608849766
4911,81.9572567060606,82.80265502231182,0.8453983162512202,1.0315112416259102,Bagmati,2,2,82.27911772453052
3563,90.95233126458334,91.89737656182795,0.9450452972446186,1.0390556064972658,Kali Sindh,3,3,91.38667205751173
4411,1087.1405744962121,1098.4657438978493,11.32516940163714,1.0417391887783507,Son,2,2,1092.4193470539906
3246,6.503260099626894,6.573958966021506,0.07069886639461131,1.0871296136328217,Sota,4,4,6.535281149870892
2915,70.98950768579546,71.78313748333333,0.793629797537875,1.117953657391929,Ichamati,4,4,71.34025063356808
3597,3.655460992863637,3.6965613655376344,0.041100372673997576,1.1243553892172742,Tila,5,5,3.674291362746479
5131,152.23232331761363,154.03674219623656,1.8044188786229256,1.1853060107729105,Burhi Gandak,2,2,152.97137724647888
4355,59.18315865649621,59.902490170698925,0.7193315142027146,1.2154327861711003,Banas,3,3,59.488679753286384
5106,18.17160842731061,18.413661833602152,0.24205340629154293,1.3320417246486238,Ganga,1,1,18.27629295246479
4574,4.763498550657197,4.82734662061828,0.06384806996108239,1.3403608562507818,Gandak,2,2,4.790986071877934
4801,10.897339959255682,11.045328983091398,0.14798902383571644,1.358028880341772,Darma Yankti,4,4,10.966248303098592
4866,10.993913030700757,11.143414365860215,0.1495013351594583,1.3598555377141184,Kosi,2,2,11.056603900586854
4230,2.882098910376894,2.922231700591398,0.04013279021450389,1.3924848335359765,Jadh Ganga,4,4,2.901942178838028
4209,13.288137316325756,13.47796248782258,0.18982517149682465,1.4285310798497406,Bhillangana,4,4,13.368048548673709
3971,14.078944418787879,14.283310294623657,0.20436587583577825,1.4515710109847357,Karmanasa,3,3,14.19378905516432
4349,9.04672149450947,9.181344357258064,0.13462286274859459,1.4880845268675325,Son,2,2,9.10381207430751
4794,102.94404417441288,104.61934532688171,1.6753011524688333,1.627390069920369,Sarju,3,3,103.66671742887324
5129,137.16789938068183,139.47797565725807,2.3100762765762397,1.6841230980472255,Burhi Gandak,2,2,138.12991473415494
3583,12.255611893996212,12.464055678225806,0.2084437842295941,1.7008027508745336,Dudhi,5,5,12.349148350821597
4576,180.42520540757576,183.49505160752688,3.0698461999511153,1.7014508549492373,Burhi Gandak,2,2,181.7139431326291
2807,11.615904817329545,11.816678431182796,0.20077361385325077,1.7284371472614037,Mohana,4,4,11.702358607629108
4353,50.06124140159091,50.986642043817206,0.9254006422262933,1.848537144340341,Banas,3,3,50.45682059589202
3928,444.6323756738637,452.8999125698925,8.267536896028787,1.859409559076507,Ganga,1,1,448.1906722488263
5142,16.16998133719697,16.487356476344086,0.3173751391471171,1.9627427671610003,Burhi Gandak,2,2,16.30202876314554
4881,200.85785790208334,204.85738299731184,3.999525095228506,1.9912216215998102,Burhi Gandak,2,2,202.56267287323945
5090,206.51468632594697,210.63142439784946,4.116738071902489,1.9934359851797392,Burhi Gandak,2,2,208.27438383098593
4072,25.816142653863636,26.340667664784945,0.5245250109213089,2.0317714305890258,Tons,2,2,26.059372876056337
3332,215.02744935814394,219.58288604301077,4.555436684866834,2.118537283711821,Banas,3,3,217.0680951302817
3247,2.2869228738352274,2.3358403134139785,0.048917439578751054,2.139006966016098,Chalak,5,5,2.3081979403051642
3655,17.158124641401514,17.580529985215055,0.42240534381354067,2.4618386486965025,Gambhir,4,4,17.339935716549295
4198,18.46183267918561,18.92705429731183,0.46522161812622187,2.5199102722381723,Baen,5,5,18.665049263615025
3925,429.18347062897726,440.022012344086,10.83854171510876,2.5253865670140216,Ganga,1,1,433.8691923744131
5174,107.99753256562501,110.75152212016128,2.7539895545362754,2.5500485882515935,Gandak,2,2,109.13718527957747
3339,1121.4680526079546,1151.7217583333334,30.253705725378722,2.697687700958066,Chambal,2,2,1134.892424870892
3634,177.1250079943182,182.2072362204301,5.0822282261119085,2.869288918408933,Chambal,2,2,179.36027722769953
4847,106.04723471505682,109.15743754301076,3.110202827953941,2.932846703934231,Mahananda,2,2,107.3064254149061
2922,29.502949228655304,30.368601228225806,0.8656519995705025,2.9341202225631107,Ichamati,4,4,29.881333957042255
5128,88.04967954337121,90.63467421908602,2.5849946757148103,2.9358365517293024,Burhi Gandak,2,2,89.1482067564554
4622,208.86082162405302,215.0398872311828,6.179065607129786,2.95846083486736,Rihand,3,3,211.6395930680751
5277,4.472459595704545,4.606155737580646,0.13369614187610068,2.989320283731699,Chilkara,5,5,4.530341681455399
4218,3.9940516739829546,4.114062654516129,0.12001098053317438,3.004742810788345,Hiyuni,5,5,4.043757950715962
4910,56.09759242308712,57.79413488548387,1.6965424623967493,3.024269650649985,Bagmati,2,2,56.80561226960094
4351,38.72665232268939,39.89886650698924,1.172214184299854,3.0268926281889605,Banas,3,3,39.230419955046955
4199,12.608337813238636,13.00386869327957,0.3955308800409334,3.137058079341987,Sagar,5,5,12.783119051877934
3633,134.75086377613636,139.03196686827957,4.281103092143212,3.1770505747966657,Chambal,2,2,136.62855053755868
5173,88.0274141780303,90.83313269516128,2.805718517130984,3.187323566561415,Gandak,2,2,89.19965830352113
3567,116.82613667225378,120.57820949059139,3.7520728183376093,3.211672426405526,Parvan,4,4,118.48502397887324
3852,51.498621157234844,53.160135953494624,1.6615147962597803,3.226328703416869,Baur,4,4,52.20931247758216
3571,9.365818077672348,9.669631346236558,0.30381326856421076,3.2438519096210796,Ghar Ganga,4,4,9.500829534518779
3397,4.94487708817803,5.109009851048388,0.1641327628703575,3.319248586840673,Dhund,5,5,5.017083405011737
5117,11.554297593352272,11.942747152150538,0.3884495587982659,3.3619487092123985,Burhi Gandak,2,2,11.719163021361501
3666,36.72771613912879,37.96254942123657,1.234833282107779,3.362129236215204,Chambal,2,2,37.25965158673709
4348,33.435816187594696,34.592516103225805,1.1566999156311084,3.4594636755428314,Banas,3,3,33.933560140258216
4833,46.93331859776515,48.57099297177419,1.6376743740090376,3.489364108352269,Kosi,2,2,47.635310298943665
4542,5.060349207804924,5.237395803629032,0.1770465958241081,3.4987031241052886,Ganga,1,1,5.13697661016432
3342,10.142260137632576,10.498534114301075,0.3562739766684988,3.5127670936634137,Kuno,4,4,10.298120720915493
4344,5.2455816713882575,5.432151272069892,0.18656960068163464,3.5566999499649103,Mawai,5,5,5.325870214342723
5177,13.539250083125001,14.03183281798387,0.4925827348588694,3.6381832954899975,Gandak,2,2,13.74557575902582
3734,26.55239487221591,27.528594143817205,0.9761992716012955,3.676501785617756,Berach,4,4,26.993055916197186
4862,1536.5799230170455,1594.016595376344,57.43667235929843,3.7379554098639147,Kosi,2,2,1561.3463109037557
4566,882.8882420340909,916.0417003763441,33.1534583422532,3.7551138143906835,Son,2,2,897.7547210446008
4180,4.991085085765151,5.179486467956989,0.188401382191838,3.7747579725532847,Naren,5,5,5.07400180629108
3924,390.3085253998106,405.1568549274194,14.848329527608769,3.804254470844304,Ganga,1,1,396.7544121467136
4860,1507.9627350890153,1565.5973814247313,57.63464633571607,3.822020597366677,Kosi,2,2,1532.8096342488263
3336,1050.0710113598484,1090.4099577849463,40.3389464250979,3.841544618288121,Chambal,2,2,1067.8948604178404
4859,1463.0785729223485,1519.6023923655912,56.5238194432427,3.8633481816593216,Kosi,2,2,1487.4387671713616
3728,2.7699522427367422,2.878416658064516,0.10846441532777362,3.9157503748371356,Jashma,5,5,2.8185792321478873
4614,870.554937221591,904.7167836559139,34.16184643432291,3.924145964107875,Son,2,2,885.8512197183098
2977,11.328503807670455,11.773453390053763,0.44494958238330895,3.9276994556159885,Chandan,4,4,11.521441636032863
2916,9.13633091534091,9.495826457526883,0.35949554218597335,3.934791170735077,Ichamati,4,4,9.292011441314553
3335,1039.2422681628789,1080.3378669892475,41.09559882636859,3.954381002902755,Chambal,2,2,1057.3942189084507
5113,9.154080958617424,9.517769676344086,0.3636887177266619,3.9729681152130776,Harna,5,5,9.313799423122067
4902,1425.1917158257577,1482.257660080645,57.06594425488743,4.004088967204202,Kosi,2,2,1449.7855183685447
3757,5.983471997371212,6.225027547284946,0.24155554991373407,4.037046551230781,Garni,5,5,6.0888898849999995
4898,1413.002182380682,1470.1274498924731,57.12526751179121,4.04282939008235,Kosi,2,2,1437.6142407159625
3564,136.81007311950756,142.4146145376344,5.604541418126843,4.096585353938897,Kali Sindh,3,3,139.28696561032862
3333,808.417581107197,841.801474954301,33.383893847104105,4.129535852174566,Chambal,2,2,823.1478288838028
3568,142.1240132337121,148.09441877150536,5.970405537793255,4.200842209525408,Kali Sindh,3,3,144.76183748708922
3575,275.057879942803,286.65743559946236,11.599555656659334,4.217132648252581,Kali Sindh,3,3,280.1755469870892
4610,11.844075729109848,12.351437659946235,0.507361930836387,4.283676856180641,Kanhar,3,3,12.078909326291079
4340,222.09904064867425,231.62467087903227,9.525630230358018,4.288911020298403,Rihand,3,3,226.3860824061033
3627,281.1904556431818,293.3018583252688,12.111402682087032,4.307188398121117,Kali Sindh,3,3,286.5324958450704
4058,526.2848910448863,549.061799685484,22.77690864059764,4.327866717848646,Son,2,2,536.385633129108
5105,6.641472061066288,6.930100231451613,0.2886281703853246,4.34584633845445,Ganga,1,1,6.767206585598592
3334,821.8092387645833,858.0500976344086,36.24085886982539,4.409887010312255,Chambal,2,2,837.7891443392018
4896,1371.1977851306817,1432.0450539247313,60.84726879404957,4.437526770673024,Kosi,2,2,1397.4293823122066
3248,10.265638170416667,10.724824684139785,0.45918651372311814,4.473044014412992,Sota,4,4,10.468388803521128
4803,28.753846881098486,30.058140291666668,1.3042934105681816,4.536065786124662,Darma Yankti,4,4,29.33640620516432
3636,200.18589717064395,209.32347368279568,9.137576512151725,4.564545575537024,Chambal,2,2,204.19953475469484
3650,45.77565247515152,47.87025141666666,2.0945989415151445,4.575792650147717,Chambal,2,2,46.68643043169014
4886,1357.399627554924,1419.586144811828,62.186517256903926,4.581297651371846,Kosi,2,2,1384.2124797065726
4346,24.37485435910985,25.49561533817204,1.1207609790621902,4.598021233482026,Banas,3,3,24.858620041431923
3415,175.85220097727273,183.9649582876344,8.112757310361673,4.613395377070186,Banas,3,3,179.44346046948357
4105,208.89434435530302,218.5527613548387,9.658416999535689,4.6235895133225515,Son,2,2,213.1966733556338
3736,30.381949409734847,31.788229402688174,1.4062799929533263,4.6286693917761985,Berach,4,4,31.012749072065727
3918,377.09162732916667,394.74469887096774,17.65307154180107,4.681374568518739,Ganga,1,1,384.76812945422535
4342,763.8523490776515,800.118565188172,36.26621611052053,4.747804487910764,Son,2,2,780.0093979812207
4907,39.156953974185605,41.01739767661291,1.860443702427304,4.751247259053423,Bagmati,2,2,39.94799886889671
3414,171.499754536553,179.6697368037634,8.1699822672104,4.7638448750485365,Banas,3,3,175.11546557511736
2928,11.892116142651515,12.460860127150537,0.5687439844990223,4.78252968333534,Padma,1,1,12.138271968309859
4807,115.32028964924243,120.84357466370967,5.523285014467248,4.7895171190315615,Mahakali,2,2,117.78024950340375
4613,770.8122493522727,807.8049166801075,36.99266732783474,4.799180002512977,Son,2,2,787.3054448298122
3775,5.965556494136363,6.252768698198925,0.28721220406256176,4.814508157702757,Parbati,3,3,6.092525477488263
4840,20.420603902386365,21.412525708870966,0.9919218064846014,4.8574557893887,Balasan,4,4,20.834749440023476
5115,27.297344430227277,28.625575045698923,1.3282306154716466,4.865786922484854,Sunder,5,5,27.878317730985913
3569,156.0804758943182,163.74858587096776,7.668109976649561,4.912920679356221,Kali Sindh,3,3,159.46042651291077
4341,541.126117295644,567.7866068897849,26.660489594140927,4.926853231069418,Son,2,2,552.9596155140845
3754,4.793329353410985,5.030380485887097,0.23705113247611198,4.945438024354071,Retili,5,5,4.896193471338028
4345,18.423634476268937,19.360260367473117,0.93662589120418,5.08382801672833,Banas,3,3,18.82830742523474
3787,605.0223526592803,636.2646116182796,31.242258958999287,5.163818960023356,Chambal,2,2,618.7901758955398
3343,18.62267025064394,19.58987780107527,0.9672075504313327,5.193710340212292,Kuno,4,4,19.044579765845068
3758,10.089184213308712,10.614737246075268,0.5255530327665561,5.209073614428562,Andheri,4,4,10.317613294377933
3747,613.651226430303,645.7622603279569,32.1110338976539,5.23278248532939,Chambal,2,2,627.7995466713614
5114,15.466372289450756,16.28612037795699,0.819748088506234,5.300196278511701,Tribani,5,5,15.824084249061034
4577,768.0831172079545,810.3704960752689,42.287378867314374,5.505573279755514,Gandak,2,2,786.349094399061
4073,57.772270811496206,60.95866646209677,3.1863956506005664,5.515441241694276,Satna,4,4,59.1907794455399
5276,4.3585516534943185,4.6016459530107525,0.24309429951643402,5.577410085791723,Gahra,5,5,4.464959040575117
3436,161.15074116401516,170.1401691263441,8.989427962328932,5.578272800607054,Banas,3,3,165.123107935446
3753,4.578510465422348,4.834135302903226,0.2556248374808776,5.5831441122914915,Andheri,4,4,4.689827226866197
4885,1160.2286924810605,1225.0320851075269,64.80339262646635,5.585398210407057,Kosi,2,2,1188.2125036619718
3607,227.41682738030303,240.3178860080645,12.901058627761472,5.672868967689616,Chambal,2,2,233.08368164671361
3628,568.0923363566287,600.4169494193549,32.324613062726144,5.690028010241256,Chambal,2,2,582.3198031326291
4362,177.3580885965909,187.50835015591397,10.15026155932307,5.723032786178873,Son,2,2,181.87888123708922
3783,2.709327001443182,2.86529224827957,0.1559652468363879,5.756604749198218,Manoli,5,5,2.7785190594483566
5124,32.09478482524621,33.94319074166667,1.848405916420461,5.759209561568642,Burhi Gandak,2,2,32.891573821948356
3603,2.9524177603522728,3.122494468844086,0.1700767084918131,5.76059088844934,Dudhaliya,5,5,3.027365615633803
3245,3.2743640283238635,3.4637880405376347,0.18942401221377114,5.785062704550193,Sota,4,4,3.3575849691666666
3608,236.8143878282197,250.61259992204302,13.79821209382331,5.8265936543653964,Chambal,2,2,242.87527049530516
4438,740.6829548986742,784.4845005537635,43.801545655089285,5.913669994077473,Gandak,2,2,759.6068507523473
4361,172.98153937064393,183.2227687096774,10.241229339033481,5.920417505991673,Son,2,2,177.54283751525824
5275,35.0074197855303,37.09781772553763,2.0903979400073283,5.971299663939692,Sunder,5,5,35.92210976232394
4381,74.40195969431818,78.85206538709677,4.4501056927785925,5.98116731207341,Son,2,2,76.37956601760564
4802,13.475112015882576,14.293229549946238,0.8181175340636617,6.071322695495067,Lassar Yankti,4,4,13.837478715798124
3341,5.554153747979166,5.8942350981451614,0.3400813501659954,6.123009293535153,Karai,5,5,5.701916409131455
3652,70.62607935482956,74.97114500672042,4.345065651890863,6.15221132417814,Chambal,2,2,72.52827869483568
4843,74.71881421727272,79.33316144166666,4.6143472243939385,6.17561623900509,Mahananda,2,2,76.66235415845071
4525,8.58427259584091,9.117849349650538,0.5335767538096281,6.2157480188612215,Gandak,2,2,8.811803617323944
3665,14.286117696098483,15.174598537634408,0.8884808415359249,6.219190268735975,Chamla,5,5,14.672747782276994
3434,155.9503677820076,165.75080252688173,9.800434744874138,6.284329356999978,Banas,3,3,160.276376778169
3619,1.920465622570076,2.0414694856720432,0.1210038631019672,6.300756529035545,Chandloi,5,5,1.973886601431925
4326,28.99262005755682,30.82462785672043,1.832007799163609,6.3188763055103845,Rihand,3,3,29.820620192488263
3615,256.10193220909093,272.5777642150538,16.475832005962843,6.433310308846625,Chambal,2,2,263.34133208685444
5121,14.614430356458334,15.556371411827957,0.9419410553696235,6.445280673929011,Dhanauti,5,5,15.022793170187795
3851,29.9891995636553,31.93493183198925,1.9457322683339484,6.488110041763277,Baur,4,4,30.832856528521127
4966,370.4050677528409,394.5914561290322,24.186388376191303,6.529713138895303,Kosi,2,2,380.78760551173707
4808,39.66128214221591,42.2529721017742,2.5916899595582876,6.534559196208294,Ramganga,2,2,40.79585508011738
3860,12.882374203030304,13.724262820698925,0.8418886176686211,6.535197661550499,Gaula,4,4,13.250360062676055
4382,80.75789048238637,86.18154688172042,5.42365639933405,6.715946103764277,Son,2,2,83.16695238028169
4097,5.608283955732954,5.9902274012365595,0.38194344550360526,6.810344278541234,Satna,4,4,5.7769352687323945
3917,340.6600240931818,364.02397359408604,23.363949500904255,6.8584359327449125,Ganga,1,1,350.8452396232395
4379,37.962420981439394,40.58581999731183,2.6233990158724367,6.9105155784323395,Son,2,2,39.122067234741785
3618,274.49253057613635,293.4805898951613,18.988059319024956,6.917514031864782,Chambal,2,2,282.8396060551643
3565,5.308637705952652,5.676522229569892,0.36788452361724033,6.929923343699384,Kali Sindh,3,3,5.4704292775
3616,268.727858283144,287.3823739139785,18.65451563083451,6.941787036898593,Chambal,2,2,276.92687148004694
4206,3.826907609051136,4.094654984032258,0.26774737498112167,6.996442097213536,Lastar,5,5,3.9418688947652583
3623,286.12536958560605,306.3056577876344,20.18028820202835,7.052953127244662,Chambal,2,2,294.9961044448357
5110,42.832496755132574,45.865212702419356,3.032715947286782,7.0804089815832985,Gahra,5,5,44.159399127230046
3629,2.4705910832973483,2.645767921290323,0.17517683799297457,7.090482887972567,Shipra,4,4,2.547919239612676
5111,77.46828821609849,82.98227597043011,5.513987754331623,7.11773537444161,Ganga,1,1,79.87625157511738
5109,34.534555043863634,36.99781562849463,2.4632605846309943,7.132741630816771,Chandan,4,4,35.60770511079812
4884,1044.6459053958333,1119.59156702957,74.94566163373656,7.174264623699303,Kosi,2,2,1077.051937423709
3759,16.425438788958335,17.60404553360215,1.1786067446438153,7.175496251802476,Andheri,4,4,16.938210325938968
4383,90.58066846458334,97.1421745967742,6.561506132190857,7.243826131352053,Son,2,2,93.4972412887324
3742,2.146571152683712,2.303595486774194,0.15702433409048178,7.315123651697496,Sukni,5,5,2.2154130844014084
3719,44.485536238390154,47.80819305080645,3.322656812416298,7.4690721824971735,Berach,4,4,45.96265318028169
4434,706.2364247691288,759.1574059435484,52.92098117441958,7.493380306987088,Gandak,2,2,729.1502404248826
5120,19.186319248333334,20.626832824462365,1.4405135761290317,7.508024637159967,Burhi Gandak,2,2,19.808960159859154
3600,10.543261568598485,11.336570955537635,0.7933093869391499,7.524326146871878,Ahu,4,4,10.891695215798123
3622,5.85284791786553,6.2951528416935485,0.44230492382801856,7.557088959682423,Chandloi,5,5,6.0478292542723
4219,329.981637705303,355.41395219354837,25.432314488245368,7.707190819798957,Ganga,1,1,341.07852669483566
4215,325.87742009905304,351.19913428763437,25.321714188581325,7.770318723182658,Ganga,1,1,336.9287536948356
4204,22.296142138276515,24.02867123548387,1.7325290972073546,7.770533065597323,Bhillangana,4,4,23.04278783673709
3743,4.562039935882575,4.921368659516129,0.3593287236335536,7.876492285989549,Khari,3,3,4.719541152159625
3649,3.5496243547651516,3.8353180454301077,0.2856936906649561,8.048561259205638,Pingla,5,5,3.6757916681455396
4865,9.37907658467803,10.137245516129033,0.758168931451003,8.083620222161027,Ganga,1,1,9.709751566314553
4386,108.50052046174241,117.3603935483871,8.859873086644683,8.165742476570607,Son,2,2,112.43165248239437
4380,46.098578914204545,49.89921705241935,3.800638138214808,8.24458850518644,Son,2,2,47.780266703051645
4388,123.34031584375,133.85527285752687,10.514957013776865,8.525158170583431,Son,2,2,128.00468383098593
2954,12.134168334848486,13.16937842204301,1.0352100871945247,8.531364149790747,Gumani,4,4,12.587300281103285
3733,17.05531537604167,18.51086494623656,1.45554957019489,8.534287042499153,Berach,4,4,17.70108264448357
4039,5.215534039382576,5.662169379354839,0.44663533997226246,8.563559102475649,Ganga,1,1,5.420130295492958
4431,672.407319005303,730.023584844086,57.61626583878308,8.56865536859641,Gandak,2,2,697.3861592488263
3606,5.439370388522727,5.906622144919355,0.4672517563966281,8.590180903704344,Ansar,5,5,5.644511616596244
3617,2.585056976723485,2.8073345170967743,0.22227754037328928,8.598554785241996,Chambal,2,2,2.683272749859155
4075,105.10416904573863,114.19507256182796,9.090903516089327,8.6494223765122,Tons,2,2,109.14335069424882
4883,926.3192775301137,1007.9995672311827,81.680289701069,8.817725343993358,Kosi,2,2,961.6897440598592
3437,4.968087834852272,5.410420816774194,0.44233298192192194,8.903485538618197,Chakan,5,5,5.161760491279343
3621,2.898931759909091,3.158463626048387,0.25953186613929624,8.95267248882861,Alnia,5,5,3.013210219131455
3604,4.2672540847064395,4.649487529354839,0.38223344464839926,8.95736314409538,Ahu,4,4,4.43464394370892
3735,2.4531581662954545,2.676074167983871,0.22291600168841663,9.086898869837038,Berach,4,4,2.551774620692488
3739,4.299117647089015,4.689849518494623,0.39073187140560783,9.088652683654217,Kadmali,5,5,4.472715411983568
4384,6.619106918418561,7.221718636612903,0.6026117181943418,9.104124251528452,Son,2,2,6.889531686584506
4965,719.6986600253788,785.2654548252688,65.56679479988998,9.110312196159693,Kosi,2,2,748.1433077276995
5274,6.818308467935606,7.440029791478495,0.6217213235428893,9.118410034785787,Sunder,5,5,7.0906486962793425
3769,3.89644310861553,4.251910844247312,0.3554677356317817,9.122877602031387,Banganga,4,4,4.052384351525822
3651,19.41311960320076,21.188784184677417,1.7756645814766578,9.14672457477619,Chambal,2,2,20.195506212441316
3720,50.09321043693181,54.71954088306452,4.626330446132705,9.235444096675202,Berach,4,4,52.143380840375585
4202,3.903891867356061,4.266374303521506,0.3624824361654446,9.285155646765864,Jalkur,4,4,4.05893125185446
4904,884.1936409340909,967.3041953844086,83.11055445031764,9.399587443596285,Kosi,2,2,920.1982099002348
3648,15.860239275492424,17.35311468360215,1.492875408109727,9.412691587929254,Maleni,5,5,16.517707634859153
3602,23.925937222329544,26.189280636021508,2.2633434136919632,9.459789987159354,Ahu,4,4,24.9181663342723
5180,633.3184128236742,693.8786573225807,60.56024449890651,9.562369145229233,Gandak,2,2,659.5975800974179
4809,19.98756415622159,21.90087758233871,1.9133134261171172,9.57251924828246,Sarju,3,3,20.822864221737092
5178,622.7999657971591,683.3605802311828,60.560614434023705,9.723927064849553,Gandak,2,2,649.0847378931925
4080,115.59828334251895,126.9889901330645,11.39070679054555,9.85369891419128,Tons,2,2,120.6575960504695
3573,16.845699872518942,18.514464063709674,1.668764191190732,9.906173111353201,Chhapi,4,4,17.578382018075118
5112,91.29629757784092,100.51406166397848,9.217764086137564,10.09653658548237,Ganga,1,1,95.32435429929576
3647,5.334130722231061,5.8734828044354845,0.5393520822044238,10.111339790691025,Maleni,5,5,5.571505399448357
3721,52.764885529280306,58.13025227284946,5.3653667435691546,10.168441928281649,Berach,4,4,55.14020750422535
3561,32.22761132212121,35.511679895967745,3.2840685738465325,10.190232658019955,Ahu,4,4,33.66686419647887
4331,4.719613242827651,5.20232693438172,0.4827136915540686,10.227823059180617,Gopat,4,4,4.930286938122066
3562,41.077146325719696,45.39090720564516,4.313760879925468,10.50160798834384,Ahu,4,4,42.9681347879108
3964,5.519706540454545,6.10675907733871,0.5870525368841646,10.635575144830455,Son,2,2,5.7914185120539905
3329,3.254378981755682,3.6006608090591397,0.3462818273034576,10.640488684469208,Chambal,2,2,3.4061091812558684
4074,78.13796153428031,86.59595046451612,8.457988930235814,10.82442997508345,Tons,2,2,81.88518053849765
4508,168.16719618049243,186.59596053494624,18.42876435445382,10.958596428446356,Gandak,2,2,176.20826531455398
3611,4.222336862435606,4.706245749731183,0.483908887295577,11.4606887858881,Gunjali,4,4,4.435701682758216
3709,2.271735072532197,2.533191459784946,0.2614563872527489,11.509105547299388,Chandrabhaga,5,5,2.386459856913145
4491,501.6807086926136,559.5352794704302,57.85457077781655,11.532149786780979,Gandak,2,2,526.8548858039906
4092,15.24948876691288,17.01430414973118,1.764815382818302,11.572947852832005,Sasur Khaderi,5,5,16.065838614201876
3755,4.567732782539773,5.09667638827957,0.5289436057397969,11.580003273433416,Andheri,4,4,4.797977040997653
4084,134.35946688219695,149.96554737903227,15.606080496835318,11.615170005488592,Tons,2,2,141.29261293075118
3560,8.174446729903408,9.13358565860215,0.9591389286987422,11.733380379005487,Amjar,5,5,8.595326137312206
3763,3.74359964661553,4.1829160248924735,0.43931637827694336,11.735132486031603,Bilas,5,5,3.9359082421713616
4214,289.6384015352273,323.7469203467742,34.1085188115469,11.77624190395846,Ganga,1,1,304.56187565962443
4385,14.352066222026517,16.050638316666667,1.6985720946401504,11.83503523717933,Kunu,5,5,15.101299152112675
3601,4.0834321757670455,4.569367043198925,0.4859348674318795,11.900157674116379,Ahu,4,4,4.296374192382629
4086,143.4211606284091,160.7476596317204,17.326499003311312,12.080852593434702,Tons,2,2,151.12596536384976
3732,12.67944388751894,14.219375141290321,1.5399312537713818,12.145100900578292,Berach,4,4,13.359789457230047
4507,97.26448061808712,109.16588143091397,11.90140081282685,12.236122310217414,Gandak,2,2,102.45096536713616
4490,313.0602568532197,351.3791012580645,38.31884440484481,12.240085915092967,Gandak,2,2,329.7532961584507
3766,2.768901631342803,3.108341422096774,0.33943979075397124,12.259005047765346,Khul,4,4,2.9175817054225353
3737,11.005932582954546,12.360039641129033,1.3541070581744865,12.303428609690574,Gambhiri,4,4,11.604647253051642
3646,5.061140755314394,5.693382226370968,0.6322414710565738,12.492074447696316,Maleni,5,5,5.33882069778169
3722,71.15993688910984,80.07015760887097,8.910220719761128,12.52140053699897,Banas,3,3,75.0891224988263
3566,13.13786377248106,14.785635880913977,1.6477721084329175,12.542161625121942,Ujar,5,5,13.857946674647888
3726,1.5672787475416665,1.7638975273118278,0.1966187797701613,12.545233582639014,Bahmnai,5,5,1.6536532928521128
4066,147.04200637992423,165.48930857526884,18.447302195344605,12.54560016522138,Tons,2,2,155.24700690023474
3770,5.587996370753788,6.293753415268816,0.7057570445150283,12.629876572733453,Khul,4,4,5.896733264683099
3702,92.6546126999053,104.63008784677419,11.975475146868888,12.92485586838045,Banas,3,3,97.93244689143194
3667,2.553121863081439,2.883300840456989,0.3301789773755499,12.932362616528103,Chambal,2,2,2.698086343380282
3447,0.9763413885643939,1.103886975857527,0.12754558729313303,13.063625980321827,Mendha,3,3,1.0323191292476526
3432,122.79298647310607,139.0453911532258,16.25240468011974,13.235613162384738,Banas,3,3,129.93083479929578
3724,74.01939108664773,83.84928010887097,9.829889022223242,13.280153859569433,Banas,3,3,78.35306833685445
3244,2.175606765484848,2.4668421292473117,0.2912353637624636,13.386397228708743,Sota,4,4,2.3032243041431926
3725,76.1487460499053,86.44605739784947,10.297311347944174,13.522627596777056,Banas,3,3,80.688094125
3704,85.78694116657196,97.41620390591397,11.62926273934201,13.555982508761497,Banas,3,3,90.91093870715962
3637,3.4245987737462125,3.8892248647849463,0.46462609103873387,13.567314647212624,Somli,5,5,3.62882921294601
4493,241.33110781060606,274.0807486209677,32.749640810361655,13.570418296866729,Gandak,2,2,255.6173238955399
3590,21.501171436969695,24.44101370456989,2.939842267600195,13.672939989424718,Ghora Pachhar,4,4,22.787690326408452
4240,91.41566930785984,104.0052711954301,12.589601887570254,13.77182050177016,Alaknanda,3,3,96.95571983122066
3644,4.356673767861742,4.957389697849463,0.6007159299877207,13.788407440994888,Idar,5,5,4.620624834483568
3718,8.57791828089015,9.768263832258064,1.1903455513679138,13.876858141907933,Kothari,4,4,9.10018291842723
4868,27.016553443825757,30.788309361827956,3.7717559180021993,13.96090706331077,Balasan,4,4,28.636360787793425
3588,7.407338608880681,8.44572504564516,1.0383864367644788,14.018347095940154,Ghora Pachhar,4,4,7.862034784237089
4054,10.386972693920455,11.846440468817205,1.4594677748967495,14.050944562037628,Belan,3,3,11.030430270539906
3748,4.6822845653446965,5.347105166263441,0.6648206009187447,14.198637260095756,Aheli,5,5,4.973562202664319
4806,61.20984277166667,69.98717480215053,8.777332030483862,14.339739546834432,Goriganga,3,3,65.06552255058685
2480,21.367267045606063,24.482826482258062,3.115559436651999,14.580991710367933,Kevai,5,5,22.73966485938967
3772,12.136428089848485,13.913742110215052,1.7773140203665676,14.644457225871935,Khul,4,4,12.914155919953052
3440,109.6698355842803,125.85682461827957,16.186989033999268,14.759745875208965,Banas,3,3,116.78604259037559
3448,0.9806847120075757,1.1258345606478495,0.1451498486402738,14.80086788985781,Mendha,3,3,1.0444443911161971
4053,4.12968386269697,4.748127624408602,0.6184437617116325,14.97557155156535,Belan,3,3,4.401862761995305
3773,15.235616893087121,17.52065295564516,2.2850360625580404,14.997988454243904,Khul,4,4,16.235426600704226
4207,6.732181225378788,7.742447810752688,1.0102665853739001,15.006526882630927,Bal Ganga,4,4,7.169321464014084
3713,1.3663457375227273,1.5722135133064516,0.2058677757837244,15.067033923417942,Banas,3,3,1.4564909621948356
4387,9.102946173276516,10.480052669623657,1.3771064963471407,15.128140605619606,Son,2,2,9.714317089906103
4377,6.0327592042500005,6.958789420053764,0.9260302158037632,15.350027813995743,Gohirari,5,5,6.442891360093896
3771,9.021516797897728,10.417710317204302,1.396193519306573,15.476261371390743,Khul,4,4,9.63224544847418
3731,8.775738439943181,10.134354879865592,1.358616439922411,15.481505621664898,Berach,4,4,9.374983425715962
4235,40.10067532895833,46.30982197016129,6.209146641202956,15.483895446317032,Dhauli Ganga,4,4,42.82970759049296
4241,98.05821474232955,113.35989664704302,15.301681904713462,15.604691503839978,Alaknanda,3,3,104.7853403100939
4060,3.827247416729166,4.42695805577957,0.5997106390504041,15.66950274573384,Belan,3,3,4.09249946859155
3640,21.073896877253787,24.3770365327957,3.303139655541912,15.674080948489275,Idar,5,5,22.52403660739437
4376,4.855869504664772,5.621516727204301,0.7656472225395285,15.767458779607082,Son,2,2,5.195009676349765
4333,3.8225427472045452,4.427762853091398,0.6052201058868527,15.832919234963555,Gopat,4,4,4.089701788802817
5104,6.647819456931818,7.701500553225807,1.0536810962939889,15.85002575837546,Champa,5,5,7.107520897652582
3589,7.427148940721591,8.606211363413978,1.179062422692387,15.875034042037592,Ghora Pachhar,4,4,7.943160009272301
4100,21.97584774164773,25.471272401344084,3.4954246596963543,15.90575572232405,Satna,4,4,23.520929675586853
3703,2.169349302280303,2.5150783324462367,0.3457290301659337,15.93699224935892,Banas,3,3,2.3211312381338027
3698,2.7465936996193183,3.186302544704301,0.43970884508498287,16.00924247171786,Khari,3,3,2.9396903804812204
3430,6.612830046412879,7.678578501935483,1.0657484555226047,16.116374502936434,Dai,4,4,7.070684045164319
3599,6.101451465185606,7.089767012741935,0.9883155475563283,16.198039977791804,Kanthali,5,5,6.534800150258216
3639,16.690179397045455,19.399089541129033,2.7089101440835783,16.23056337287254,Retam,4,4,17.8791785064554
4067,214.39841136041667,249.29755569086024,34.89914433044356,16.277706587935484,Tons,2,2,229.90752634624414
3645,13.601696494848486,15.820643242204302,2.2189467473558153,16.31374989286241,Retam,4,4,14.575702028990612
5088,7.5208578402462125,8.76127100483871,1.2404131645924972,16.492974484302835,Nagri,5,5,8.06198499213615
3394,2.2041278217064395,2.568186562983871,0.36405874127743143,16.51713379288396,Supin,4,4,2.3651299806103285
3767,3.0029583442405303,3.4993786582526885,0.49642031401215814,16.531042295816672,Bamnidai,5,5,3.2200688427230046
4098,7.887044234909091,9.217462995510752,1.3304187606016615,16.86840749178322,Satna,4,4,8.475937649237089
3642,7.7620434296875,9.082846638172043,1.3208032084845431,17.01617905708779,Retam,4,4,8.34144498620892
3641,3.0286909787992427,3.54938266811828,0.5206916893190372,17.19197148087624,Retam,4,4,3.257452886561033
4068,225.5403399253788,264.5218548736559,38.98151494827712,17.283610976721224,Tons,2,2,242.86847492605634
3613,13.21510250964015,15.506805094354839,2.291702584714688,17.34154224715955,Gunjali,4,4,14.223345541549296
4220,107.74256901363636,126.77438457392473,19.03181556028838,17.66415608475015,Alaknanda,3,3,116.10040710739436
3690,2.0443769557253786,2.40709994327957,0.3627229875541915,17.742470953723473,Kothari,4,4,2.203472501431925
3751,5.488711075763257,6.4756955809677414,0.9869845052044841,17.982081614074293,Berach,4,4,5.923720584330986
3635,22.132413157897727,26.11779729327957,3.9853841353818424,18.007002250270656,Sau,5,5,23.879800686032866
4922,5.0500004424299245,5.9596197181182795,0.909619275688355,18.01226130686576,Burhi Gandak,2,2,5.448057763697183
3738,3.8733830967537877,4.573140192607527,0.6997570958537391,18.065785861465468,Gambhiri,4,4,4.181414568380282
3643,2.502723009060606,2.961287230107527,0.45856422104692074,18.322611786713157,Retam,4,4,2.7038175522652583
4211,21.532074585776513,25.48308597392473,3.951011388148217,18.349422729373902,Mandakini,3,3,23.26083234366197
3638,11.874073969829546,14.053364436290323,2.1792904664607775,18.35335093918117,Sau,5,5,12.829675442840376
3570,3.5500058977992426,4.202741481532258,0.6527355837330155,18.386887304544093,Chauli,5,5,3.8359172670187793
3750,3.1747755637310604,3.763646819811828,0.5888712560807674,18.548437338629192,Ahar,5,5,3.4343954939788732
4036,40.846070537746215,48.4252149860215,7.5791444482752865,18.55538206856724,Belan,3,3,44.224511029460096
4212,178.83755693484846,212.07367284274193,33.23611590789346,18.584528036245523,Alaknanda,3,3,193.39105609565726
4222,4.900479242246212,5.814056426612903,0.9135771843666909,18.64260900221543,Madhmaheshwar Ganga,4,4,5.302552397723005
4085,9.015413621761365,10.725497155215054,1.7100835334536892,18.9684423277696,Sokar,5,5,9.782467548403757
4832,6.788827066969697,8.08039382892473,1.2915667619550337,19.024888234950215,Ganga,1,1,7.353452847605634
3614,11.107437055189394,13.227091984946236,2.1196549297568428,19.083204516261834,Chambal,2,2,12.04077278814554
3609,2.7144417290246214,3.2336663362903226,0.5192246072657012,19.12822816249122,Khoki,5,5,2.942470318333333
4061,47.76925893585228,56.935658279838705,9.166399343986427,19.188908407173898,Belan,3,3,51.84987333380281
4083,6.539814186647727,7.797861124193549,1.2580469375458216,19.23673825648385,Mahana,5,5,7.098890403638498
3714,18.39279899977273,21.937338421236557,3.5445394214638277,19.271343211588547,Banas,3,3,19.94649554471831
4334,69.05015862935606,82.4716136545699,13.421455025213831,19.437254441741164,Gopat,4,4,74.95774635387323
3700,5.356136785128788,6.401755219139784,1.0456184340109962,19.52187697883549,Khari,3,3,5.814262668309859
4221,147.47931679280302,176.28119007526882,28.801873282465806,19.529432268072004,Alaknanda,3,3,160.10426275
3752,1.615908773282197,1.9330067197311827,0.3170979464489856,19.623505465899754,Berach,4,4,1.7553999285093895
3689,0.5614825462441287,0.6724258874247312,0.11094334118060245,19.759000867030522,Nekhadi,5,5,0.6102820342030516
2957,31.281054402007577,37.54019650268817,6.259142100680592,20.009370592951907,Gumani,4,4,34.01820360680751
3438,0.37707488390776517,0.4528651740833333,0.07579029017556815,20.099532854091372,Dai,4,4,0.4100538245680751
4332,57.27679985530303,68.84068417903227,11.563884323729233,20.189473491785137,Gopat,4,4,62.36220111103286
4829,7.071294964723485,8.534376634139784,1.4630816694162991,20.69043473246645,Mahananda,2,2,7.7095109579107985
3612,8.583796646685606,10.367848210215055,1.7840515635294487,20.783944878497447,Gunjali,4,4,9.368042484741785
4035,5.020803281070076,6.069275111129032,1.0484718300589568,20.88255148358447,Ganga,1,1,5.492465128978873
4208,6.410135013982955,7.748739843198925,1.3386048292159707,20.882630807244496,Mandakini,3,3,6.998250814119718
3330,10.322515594848486,12.478690588978495,2.1561749941300086,20.8880768870532,Kadwal,5,5,11.265656251877934
3712,12.750344029602271,15.424608376881721,2.6742643472794505,20.97405639464044,Banas,3,3,13.9221176907277
4055,26.90268468564394,32.54739045483871,5.644705769194772,20.981942267668742,Belan,3,3,29.42581235422535
4056,90.48794470312501,109.55227496236559,19.064330259240577,21.06836476592245,Gopat,4,4,98.89067794307512
3572,4.961364158143939,6.012152191854839,1.0507880337108997,21.17941760001754,Chhapi,4,4,5.421575409929578
4210,17.168125558560607,20.818039296881718,3.6499137383211107,21.25982668213386,Mandakini,3,3,18.76775171237089
3331,13.390347311666668,16.247663151344085,2.857315839677417,21.33862380991351,Chambal,2,2,14.640147598591549
4081,16.923991297992423,20.556494256451614,3.6325029584591917,21.46363050239863,Mahana,5,5,18.53899802488263
3693,2.553620012011364,3.1077710930376345,0.5541510810262706,21.700608485981924,Khari,3,3,2.797131117922535
3749,1.5088964089715908,1.8406160416989248,0.33171963272733396,21.984254900137383,Gadela,5,5,1.654685452185446
4358,5.311596378933713,6.4794511856451615,1.167854806711449,21.98688912702912,Gopat,4,4,5.82589229991784
4237,59.277933886496214,72.34748470026882,13.069550813772608,22.04791894197566,Dhauli Ganga,4,4,65.01142443157278
3973,16.46432443100379,20.10084509032258,3.6365206593187906,22.08727527544889,Belan,3,3,18.089761138615025
4359,8.49031130280303,10.377327902150537,1.8870165993475059,22.22552898295399,Goini,4,4,9.319970258568075
3691,1.5752265219469697,1.9270580108064517,0.351831488859482,22.33529488981817,Khari,3,3,1.729845536830986
4248,8.618052637064395,10.555082315053763,1.9370296779893685,22.47641966885442,Baghain,4,4,9.472017535446009
4256,4.712110652698863,5.7787632116397845,1.0666525589409215,22.636407282371348,Yamuna,1,1,5.188992223215962
3848,8.569266039443182,10.521997943548387,1.952731904105205,22.78762142658475,Baur,4,4,9.42125760488263
3610,5.3884300070833335,6.619846766693548,1.2314167596102141,22.85297865967381,Gunjali,4,4,5.929750931819249
3309,7.19189712553788,8.866042922822581,1.6741457972847016,23.278222255709654,Tons,2,2,7.930373077969483
3328,2.943961224710227,3.6318210800806447,0.6878598553704176,23.365112610751975,Sarai,5,5,3.2447795998591547
3699,2.568092879316288,3.1711413705107527,0.6030484911944649,23.48234738904835,Sameliya,5,5,2.8318527261267605
3723,1.7837597488787877,2.2055870185483872,0.4218272696695995,23.648211029245733,Unli,5,5,1.969323468321596
4329,19.45374718592803,24.06743426155914,4.613687075631109,23.716187074582955,Gopat,4,4,21.483571059741784
3696,3.388088875225379,4.199205784435484,0.8111169092101047,23.940248886067028,Khari,3,3,3.7441669694248825
3717,3.3023582523465906,4.103160752876344,0.8008025005297537,24.249413277942185,Berach,4,4,3.654309340035211
4065,66.88257262320076,83.14924674731182,16.266674124111063,24.321244662272978,Belan,3,3,74.10418444776995
4079,8.819900536666667,10.967913461048388,2.148012924381721,24.3541626739651,Tons,2,2,9.771956915504695
3692,0.5301647485340909,0.6597577882473118,0.1295930397132209,24.443918625586956,Khari,3,3,0.5869895858896714
3695,3.8225981672992426,4.790578398763441,0.9679802314641983,25.322573524595697,Mansi,5,5,4.2455723120070425
4082,3.6537746357916667,4.58172434545699,0.9279497096653229,25.397015474772523,Mahana,5,5,4.065503977171362
3711,8.265741304924243,10.369759469946237,2.1040181650219942,25.45468201101992,Banas,3,3,9.18749241129108
3892,35.089589601458336,44.02767916478495,8.938089563326614,25.472197494595783,Pindar,3,3,38.9951818519953
3707,16.287893343920455,20.483906983870966,4.196013639950511,25.76154909263754,Khari,3,3,18.11915208415493
4051,6.501644769632575,8.179146402930106,1.6775016332975312,25.801188664331338,Belan,3,3,7.250984888908451
3705,14.830977552234847,18.66287033091398,3.8318927786791317,25.837088386002666,Khari,3,3,16.505935836619717
3708,1.6580390612973486,2.0882111125537635,0.4301720512564149,25.94462707771327,Gomti,2,2,1.8465273802230047
3706,1.3904975888901514,1.7524386595698924,0.361941070679741,26.029607931116967,Khari,3,3,1.5458495189201877
4330,42.27576232867425,53.29016657419355,11.014404245519302,26.05370935688272,Gopat,4,4,47.12244912910798
4339,14.72678350971591,18.59668767392473,3.8699041642088208,26.277999956037068,Son,2,2,16.45336201068075
4867,13.53613108998106,17.182886107526883,3.646755017545823,26.940896134235988,Lohra,5,5,15.131230472065727
4837,6.758068965162879,8.599239714516129,1.8411707493532496,27.244036112154042,Ganga,1,1,7.562528728826291
4328,11.080203705132575,14.10365384543011,3.023450140297534,27.286954470855175,Neur,5,5,12.4096261064554
4059,4.987570591117424,6.35226252451613,1.3646919333987055,27.3618570096861,Gorma,5,5,5.590268234530517
4335,17.124622768655303,21.82802056639785,4.7033977977425465,27.46570164658802,Gopat,4,4,19.204178137676056
3715,1.7118911986041667,2.186296924784946,0.47440572618077925,27.712376029948505,Berach,4,4,1.9205415675821595
4069,3.611981773617424,4.614011699892473,1.0020299262750494,27.741832298104583,Asrawal,5,5,4.05433310362676
4255,6.1393404653125,7.868706386424731,1.7293659211122305,28.168594507556826,Paisuni,4,4,6.909338333098592
4234,14.724261499734848,18.92892566142473,4.204664161689884,28.556027490856508,Girthi Ganga,4,4,16.566640083626762
4071,14.830396987405303,19.086362271505376,4.255965284100073,28.69758164743969,Tons,2,2,16.709264000469485
4070,11.108785463939395,14.3553087655914,3.2465233016520045,29.224826712070858,Satna,4,4,12.542016350352114
3395,4.577640838217803,5.928957783145162,1.3513169449273583,29.51994253558481,Tons,2,2,5.172895636995305
3701,9.145974152234848,11.85739340188172,2.711419249646873,29.646041028711295,Khari,3,3,10.330665144014084
4244,18.518426641666668,24.084216807876345,5.565790166209677,30.055416012970486,Pindar,3,3,20.954699003908452
4087,2.506328828318182,3.279944760322581,0.7736159320043989,30.866497774097635,Tons,2,2,2.852047417910798
3710,4.802613379272727,6.298662089435483,1.4960487101627562,31.150721326423053,Banas,3,3,5.457597120105634
3741,3.2931524316496215,4.322126977150537,1.0289745455009158,31.245882687108928,Banas,3,3,3.743662926455399
4243,6.195342494537878,8.163217616908602,1.9678751223707236,31.763782617437215,Kail Ganga,4,4,7.05570950890845
3740,1.2995610748314395,1.7178272849462366,0.41826621011479714,32.18519069363852,Khan,5,5,1.4825737864671362
3697,5.049634562395833,6.707823609005376,1.658189046609543,32.837802936432766,Khari,3,3,5.7747080678403755
3716,2.571267963863636,3.431161336827957,0.8598933729643208,33.44238659872029,Menali,5,5,2.949417287359155
4089,3.91984140305303,5.235020236129032,1.3151788330760024,33.55183788945274,Yamuna,1,1,4.50775580758216
4338,6.7232789209659085,8.988259012096774,2.264980091130866,33.68862303284399,Son,2,2,7.732637091314554
4236,16.517225626988637,22.290018520430106,5.772792893441469,34.95013644427611,Rishi Ganga,4,4,19.044445018192487
4063,17.253076035132576,23.299767098655916,6.04669106352334,35.047031910196274,Naina,4,4,19.927757807042255
4253,16.05437120757576,21.710893709677418,5.656522502101659,35.23353502273855,Paisuni,4,4,18.56116306044601
4839,9.313506315056818,12.596963817741935,3.283457502685117,35.25479439872035,Marai,5,5,10.748698521713616
4062,12.242905108371213,16.904209141129034,4.661304032757821,38.07351271203275,Naina,4,4,14.305799058920188
4064,5.024819979179925,6.939296853951613,1.9144768747716885,38.1004072325819,Lapri,5,5,5.877012640774648
3429,1.9218387135094699,2.6554682848655915,0.7336295713561216,38.17331632457547,Dai,4,4,2.240137310539906
4245,4.30197420454356,5.984351438629033,1.6823772340854726,39.107097209198,Usra,5,5,5.051710995610328
4619,4.557814716539772,6.420265647768817,1.862450931229045,40.862804810174275,Rihand,3,3,5.392354669835681
4242,6.887066681412878,9.76528399951613,2.8782173181032524,41.79162844278992,Nandakini,3,3,8.1458907382277
4247,9.108345342405304,12.91798850860215,3.809643166196846,41.825853357365204,Paisuni,4,4,10.79170336561033
4093,31.34446091820076,44.54760227795699,13.20314135975623,42.12272590749702,Baghain,4,4,37.168999691901405
4249,9.400141078655304,13.496845641666667,4.096704563011363,43.58130935198048,Baghain,4,4,11.204774101643192
4252,11.962429639564395,17.26551315456989,5.303083515005497,44.331157421951666,Yamuna,1,1,14.31853313169014
4246,7.605087135833334,11.210181035215053,3.6050938993817185,47.40371589426486,Garara,5,5,9.20449491056338
4336,6.314807425903409,9.338285055564517,3.023477629661109,47.879173912077995,Mayar,5,5,7.653131365539906
4621,8.78085693342803,13.258805574462365,4.4779486410343345,50.99671563930323,Rihand,3,3,10.765129124295774
3694,0.8559081808598485,1.3283167046505377,0.4724085237906892,55.19383204353835,Khari,3,3,1.0626267950704225
4239,3.3715809465303033,5.263436866290323,1.8918559197600193,56.11183447061918,Birahi Ganga,4,4,4.199617777617371
4620,2.4204013651496212,3.8077915548118284,1.3873901896622072,57.3206663009977,Mayar,5,5,3.036515853685446
3439,0.65189938051875,1.0332437930698926,0.3813444125511426,58.49743441199272,Dai,4,4,0.8183828912922535
